dataset,frame,axis,level,unit,obj_id,type,group,distance_m,dist_bin,box_w_px,occluded,truncated,object_points,hits,hit_ratio,mean_shift_px
nuscenes_mini_subset,scene-0103_000,yaw,0.0,deg,0,Pedestrian,pedestrian,37.3,>30m,29.2,2,0.0,1,1,1.0,0.0
nuscenes_mini_subset,scene-0103_000,yaw,0.0,deg,1,Pedestrian,pedestrian,18.6,15-30m,68.6,0,0.0,8,8,1.0,0.0
nuscenes_mini_subset,scene-0103_000,yaw,0.0,deg,2,Pedestrian,pedestrian,31.0,>30m,41.2,0,0.0,5,5,1.0,0.0
nuscenes_mini_subset,scene-0103_000,yaw,0.0,deg,3,Car,vehicle,43.0,>30m,90.9,0,0.0,4,4,1.0,0.0
nuscenes_mini_subset,scene-0103_000,yaw,0.0,deg,4,Pedestrian,pedestrian,20.9,15-30m,62.8,0,0.0,9,9,1.0,0.0
nuscenes_mini_subset,scene-0103_000,yaw,0.0,deg,5,Pedestrian,pedestrian,28.7,15-30m,42.2,0,0.0,5,5,1.0,0.0
nuscenes_mini_subset,scene-0103_000,yaw,0.0,deg,6,Pedestrian,pedestrian,38.7,>30m,24.0,0,0.0,2,2,1.0,0.0
nuscenes_mini_subset,scene-0103_000,yaw,0.0,deg,7,Pedestrian,pedestrian,39.7,>30m,17.0,2,0.0,1,1,1.0,0.0
nuscenes_mini_subset,scene-0103_000,yaw,0.0,deg,8,Pedestrian,pedestrian,32.0,>30m,38.4,0,0.0,4,4,1.0,0.0
nuscenes_mini_subset,scene-0103_000,yaw,0.0,deg,9,Car,vehicle,73.1,>30m,39.2,0,0.0,1,1,1.0,0.0
nuscenes_mini_subset,scene-0103_000,yaw,0.0,deg,10,Pedestrian,pedestrian,53.9,>30m,13.9,0,0.0,1,1,1.0,0.0
nuscenes_mini_subset,scene-0103_000,yaw,0.0,deg,11,Pedestrian,pedestrian,55.4,>30m,20.4,0,0.0,1,1,1.0,0.0
nuscenes_mini_subset,scene-0103_000,yaw,0.0,deg,12,Pedestrian,pedestrian,30.5,>30m,51.3,2,0.0,3,3,1.0,0.0
nuscenes_mini_subset,scene-0103_000,yaw,0.0,deg,13,Pedestrian,pedestrian,37.8,>30m,33.4,0,0.0,3,3,1.0,0.0
nuscenes_mini_subset,scene-0103_000,yaw,0.25,deg,0,Pedestrian,pedestrian,37.3,>30m,29.2,2,0.0,1,1,1.0,5.77
nuscenes_mini_subset,scene-0103_000,yaw,0.25,deg,1,Pedestrian,pedestrian,18.6,15-30m,68.6,0,0.0,8,8,1.0,6.74
nuscenes_mini_subset,scene-0103_000,yaw,0.25,deg,2,Pedestrian,pedestrian,31.0,>30m,41.2,0,0.0,5,5,1.0,6.22
nuscenes_mini_subset,scene-0103_000,yaw,0.25,deg,3,Car,vehicle,43.0,>30m,90.9,0,0.0,4,4,1.0,5.68
nuscenes_mini_subset,scene-0103_000,yaw,0.25,deg,4,Pedestrian,pedestrian,20.9,15-30m,62.8,0,0.0,9,9,1.0,6.91
nuscenes_mini_subset,scene-0103_000,yaw,0.25,deg,5,Pedestrian,pedestrian,28.7,15-30m,42.2,0,0.0,5,4,0.8,6.48
nuscenes_mini_subset,scene-0103_000,yaw,0.25,deg,6,Pedestrian,pedestrian,38.7,>30m,24.0,0,0.0,2,2,1.0,6.29
nuscenes_mini_subset,scene-0103_000,yaw,0.25,deg,7,Pedestrian,pedestrian,39.7,>30m,17.0,2,0.0,1,1,1.0,6.5
nuscenes_mini_subset,scene-0103_000,yaw,0.25,deg,8,Pedestrian,pedestrian,32.0,>30m,38.4,0,0.0,4,4,1.0,5.73
nuscenes_mini_subset,scene-0103_000,yaw,0.25,deg,9,Car,vehicle,73.1,>30m,39.2,0,0.0,1,1,1.0,5.6
nuscenes_mini_subset,scene-0103_000,yaw,0.25,deg,10,Pedestrian,pedestrian,53.9,>30m,13.9,0,0.0,1,1,1.0,5.54
nuscenes_mini_subset,scene-0103_000,yaw,0.25,deg,11,Pedestrian,pedestrian,55.4,>30m,20.4,0,0.0,1,1,1.0,6.09
nuscenes_mini_subset,scene-0103_000,yaw,0.25,deg,12,Pedestrian,pedestrian,30.5,>30m,51.3,2,0.0,3,3,1.0,6.68
nuscenes_mini_subset,scene-0103_000,yaw,0.25,deg,13,Pedestrian,pedestrian,37.8,>30m,33.4,0,0.0,3,3,1.0,5.8
nuscenes_mini_subset,scene-0103_000,yaw,0.5,deg,0,Pedestrian,pedestrian,37.3,>30m,29.2,2,0.0,1,1,1.0,11.55
nuscenes_mini_subset,scene-0103_000,yaw,0.5,deg,1,Pedestrian,pedestrian,18.6,15-30m,68.6,0,0.0,8,8,1.0,13.46
nuscenes_mini_subset,scene-0103_000,yaw,0.5,deg,2,Pedestrian,pedestrian,31.0,>30m,41.2,0,0.0,5,5,1.0,12.43
nuscenes_mini_subset,scene-0103_000,yaw,0.5,deg,3,Car,vehicle,43.0,>30m,90.9,0,0.0,4,4,1.0,11.36
nuscenes_mini_subset,scene-0103_000,yaw,0.5,deg,4,Pedestrian,pedestrian,20.9,15-30m,62.8,0,0.0,9,9,1.0,13.86
nuscenes_mini_subset,scene-0103_000,yaw,0.5,deg,5,Pedestrian,pedestrian,28.7,15-30m,42.2,0,0.0,5,4,0.8,12.94
nuscenes_mini_subset,scene-0103_000,yaw,0.5,deg,6,Pedestrian,pedestrian,38.7,>30m,24.0,0,0.0,2,1,0.5,12.57
nuscenes_mini_subset,scene-0103_000,yaw,0.5,deg,7,Pedestrian,pedestrian,39.7,>30m,17.0,2,0.0,1,0,0.0,13.03
nuscenes_mini_subset,scene-0103_000,yaw,0.5,deg,8,Pedestrian,pedestrian,32.0,>30m,38.4,0,0.0,4,4,1.0,11.46
nuscenes_mini_subset,scene-0103_000,yaw,0.5,deg,9,Car,vehicle,73.1,>30m,39.2,0,0.0,1,1,1.0,11.19
nuscenes_mini_subset,scene-0103_000,yaw,0.5,deg,10,Pedestrian,pedestrian,53.9,>30m,13.9,0,0.0,1,0,0.0,11.09
nuscenes_mini_subset,scene-0103_000,yaw,0.5,deg,11,Pedestrian,pedestrian,55.4,>30m,20.4,0,0.0,1,0,0.0,12.17
nuscenes_mini_subset,scene-0103_000,yaw,0.5,deg,12,Pedestrian,pedestrian,30.5,>30m,51.3,2,0.0,3,2,0.6667,13.39
nuscenes_mini_subset,scene-0103_000,yaw,0.5,deg,13,Pedestrian,pedestrian,37.8,>30m,33.4,0,0.0,3,3,1.0,11.62
nuscenes_mini_subset,scene-0103_000,yaw,1.0,deg,0,Pedestrian,pedestrian,37.3,>30m,29.2,2,0.0,1,0,0.0,23.14
nuscenes_mini_subset,scene-0103_000,yaw,1.0,deg,1,Pedestrian,pedestrian,18.6,15-30m,68.6,0,0.0,8,7,0.875,26.81
nuscenes_mini_subset,scene-0103_000,yaw,1.0,deg,2,Pedestrian,pedestrian,31.0,>30m,41.2,0,0.0,5,1,0.2,24.78
nuscenes_mini_subset,scene-0103_000,yaw,1.0,deg,3,Car,vehicle,43.0,>30m,90.9,0,0.0,4,4,1.0,22.68
nuscenes_mini_subset,scene-0103_000,yaw,1.0,deg,4,Pedestrian,pedestrian,20.9,15-30m,62.8,0,0.0,9,7,0.7778,27.84
nuscenes_mini_subset,scene-0103_000,yaw,1.0,deg,5,Pedestrian,pedestrian,28.7,15-30m,42.2,0,0.0,5,1,0.2,25.78
nuscenes_mini_subset,scene-0103_000,yaw,1.0,deg,6,Pedestrian,pedestrian,38.7,>30m,24.0,0,0.0,2,0,0.0,25.06
nuscenes_mini_subset,scene-0103_000,yaw,1.0,deg,7,Pedestrian,pedestrian,39.7,>30m,17.0,2,0.0,1,0,0.0,26.15
nuscenes_mini_subset,scene-0103_000,yaw,1.0,deg,8,Pedestrian,pedestrian,32.0,>30m,38.4,0,0.0,4,1,0.25,22.96
nuscenes_mini_subset,scene-0103_000,yaw,1.0,deg,9,Car,vehicle,73.1,>30m,39.2,0,0.0,1,1,1.0,22.36
nuscenes_mini_subset,scene-0103_000,yaw,1.0,deg,10,Pedestrian,pedestrian,53.9,>30m,13.9,0,0.0,1,0,0.0,22.2
nuscenes_mini_subset,scene-0103_000,yaw,1.0,deg,11,Pedestrian,pedestrian,55.4,>30m,20.4,0,0.0,1,0,0.0,24.28
nuscenes_mini_subset,scene-0103_000,yaw,1.0,deg,12,Pedestrian,pedestrian,30.5,>30m,51.3,2,0.0,3,1,0.3333,26.88
nuscenes_mini_subset,scene-0103_000,yaw,1.0,deg,13,Pedestrian,pedestrian,37.8,>30m,33.4,0,0.0,3,1,0.3333,23.29
nuscenes_mini_subset,scene-0103_000,yaw,2.0,deg,0,Pedestrian,pedestrian,37.3,>30m,29.2,2,0.0,1,0,0.0,46.46
nuscenes_mini_subset,scene-0103_000,yaw,2.0,deg,1,Pedestrian,pedestrian,18.6,15-30m,68.6,0,0.0,8,1,0.125,53.21
nuscenes_mini_subset,scene-0103_000,yaw,2.0,deg,2,Pedestrian,pedestrian,31.0,>30m,41.2,0,0.0,5,0,0.0,49.27
nuscenes_mini_subset,scene-0103_000,yaw,2.0,deg,3,Car,vehicle,43.0,>30m,90.9,0,0.0,4,2,0.5,45.25
nuscenes_mini_subset,scene-0103_000,yaw,2.0,deg,4,Pedestrian,pedestrian,20.9,15-30m,62.8,0,0.0,9,0,0.0,56.18
nuscenes_mini_subset,scene-0103_000,yaw,2.0,deg,5,Pedestrian,pedestrian,28.7,15-30m,42.2,0,0.0,5,0,0.0,51.21
nuscenes_mini_subset,scene-0103_000,yaw,2.0,deg,6,Pedestrian,pedestrian,38.7,>30m,24.0,0,0.0,2,0,0.0,49.8
nuscenes_mini_subset,scene-0103_000,yaw,2.0,deg,7,Pedestrian,pedestrian,39.7,>30m,17.0,2,0.0,1,0,0.0,52.7
nuscenes_mini_subset,scene-0103_000,yaw,2.0,deg,8,Pedestrian,pedestrian,32.0,>30m,38.4,0,0.0,4,0,0.0,46.08
nuscenes_mini_subset,scene-0103_000,yaw,2.0,deg,9,Car,vehicle,73.1,>30m,39.2,0,0.0,1,0,0.0,44.63
nuscenes_mini_subset,scene-0103_000,yaw,2.0,deg,10,Pedestrian,pedestrian,53.9,>30m,13.9,0,0.0,1,0,0.0,44.47
nuscenes_mini_subset,scene-0103_000,yaw,2.0,deg,11,Pedestrian,pedestrian,55.4,>30m,20.4,0,0.0,1,0,0.0,48.29
nuscenes_mini_subset,scene-0103_000,yaw,2.0,deg,12,Pedestrian,pedestrian,30.5,>30m,51.3,2,0.0,3,0,0.0,54.22
nuscenes_mini_subset,scene-0103_000,yaw,2.0,deg,13,Pedestrian,pedestrian,37.8,>30m,33.4,0,0.0,3,0,0.0,46.77
nuscenes_mini_subset,scene-0103_000,yaw,3.0,deg,0,Pedestrian,pedestrian,37.3,>30m,29.2,2,0.0,1,0,0.0,69.98
nuscenes_mini_subset,scene-0103_000,yaw,3.0,deg,1,Pedestrian,pedestrian,18.6,15-30m,68.6,0,0.0,8,0,0.0,79.22
nuscenes_mini_subset,scene-0103_000,yaw,3.0,deg,2,Pedestrian,pedestrian,31.0,>30m,41.2,0,0.0,5,0,0.0,73.5
nuscenes_mini_subset,scene-0103_000,yaw,3.0,deg,3,Car,vehicle,43.0,>30m,90.9,0,0.0,4,1,0.25,67.71
nuscenes_mini_subset,scene-0103_000,yaw,3.0,deg,4,Pedestrian,pedestrian,20.9,15-30m,62.8,0,0.0,9,0,0.0,85.06
nuscenes_mini_subset,scene-0103_000,yaw,3.0,deg,5,Pedestrian,pedestrian,28.7,15-30m,42.2,0,0.0,5,0,0.0,76.31
nuscenes_mini_subset,scene-0103_000,yaw,3.0,deg,6,Pedestrian,pedestrian,38.7,>30m,24.0,0,0.0,2,0,0.0,74.26
nuscenes_mini_subset,scene-0103_000,yaw,3.0,deg,7,Pedestrian,pedestrian,39.7,>30m,17.0,2,0.0,1,0,0.0,79.69
nuscenes_mini_subset,scene-0103_000,yaw,3.0,deg,8,Pedestrian,pedestrian,32.0,>30m,38.4,0,0.0,4,0,0.0,69.38
nuscenes_mini_subset,scene-0103_000,yaw,3.0,deg,9,Car,vehicle,73.1,>30m,39.2,0,0.0,1,0,0.0,66.82
nuscenes_mini_subset,scene-0103_000,yaw,3.0,deg,10,Pedestrian,pedestrian,53.9,>30m,13.9,0,0.0,1,0,0.0,66.83
nuscenes_mini_subset,scene-0103_000,yaw,3.0,deg,11,Pedestrian,pedestrian,55.4,>30m,20.4,0,0.0,1,0,0.0,72.07
nuscenes_mini_subset,scene-0103_000,yaw,3.0,deg,12,Pedestrian,pedestrian,30.5,>30m,51.3,2,0.0,3,0,0.0,82.02
nuscenes_mini_subset,scene-0103_000,yaw,3.0,deg,13,Pedestrian,pedestrian,37.8,>30m,33.4,0,0.0,3,0,0.0,70.46
nuscenes_mini_subset,scene-0103_000,pitch,0.0,deg,0,Pedestrian,pedestrian,37.3,>30m,29.2,2,0.0,1,1,1.0,0.0
nuscenes_mini_subset,scene-0103_000,pitch,0.0,deg,1,Pedestrian,pedestrian,18.6,15-30m,68.6,0,0.0,8,8,1.0,0.0
nuscenes_mini_subset,scene-0103_000,pitch,0.0,deg,2,Pedestrian,pedestrian,31.0,>30m,41.2,0,0.0,5,5,1.0,0.0
nuscenes_mini_subset,scene-0103_000,pitch,0.0,deg,3,Car,vehicle,43.0,>30m,90.9,0,0.0,4,4,1.0,0.0
nuscenes_mini_subset,scene-0103_000,pitch,0.0,deg,4,Pedestrian,pedestrian,20.9,15-30m,62.8,0,0.0,9,9,1.0,0.0
nuscenes_mini_subset,scene-0103_000,pitch,0.0,deg,5,Pedestrian,pedestrian,28.7,15-30m,42.2,0,0.0,5,5,1.0,0.0
nuscenes_mini_subset,scene-0103_000,pitch,0.0,deg,6,Pedestrian,pedestrian,38.7,>30m,24.0,0,0.0,2,2,1.0,0.0
nuscenes_mini_subset,scene-0103_000,pitch,0.0,deg,7,Pedestrian,pedestrian,39.7,>30m,17.0,2,0.0,1,1,1.0,0.0
nuscenes_mini_subset,scene-0103_000,pitch,0.0,deg,8,Pedestrian,pedestrian,32.0,>30m,38.4,0,0.0,4,4,1.0,0.0
nuscenes_mini_subset,scene-0103_000,pitch,0.0,deg,9,Car,vehicle,73.1,>30m,39.2,0,0.0,1,1,1.0,0.0
nuscenes_mini_subset,scene-0103_000,pitch,0.0,deg,10,Pedestrian,pedestrian,53.9,>30m,13.9,0,0.0,1,1,1.0,0.0
nuscenes_mini_subset,scene-0103_000,pitch,0.0,deg,11,Pedestrian,pedestrian,55.4,>30m,20.4,0,0.0,1,1,1.0,0.0
nuscenes_mini_subset,scene-0103_000,pitch,0.0,deg,12,Pedestrian,pedestrian,30.5,>30m,51.3,2,0.0,3,3,1.0,0.0
nuscenes_mini_subset,scene-0103_000,pitch,0.0,deg,13,Pedestrian,pedestrian,37.8,>30m,33.4,0,0.0,3,3,1.0,0.0
nuscenes_mini_subset,scene-0103_000,pitch,0.25,deg,0,Pedestrian,pedestrian,37.3,>30m,29.2,2,0.0,1,1,1.0,1.18
nuscenes_mini_subset,scene-0103_000,pitch,0.25,deg,1,Pedestrian,pedestrian,18.6,15-30m,68.6,0,0.0,8,8,1.0,2.44
nuscenes_mini_subset,scene-0103_000,pitch,0.25,deg,2,Pedestrian,pedestrian,31.0,>30m,41.2,0,0.0,5,5,1.0,1.86
nuscenes_mini_subset,scene-0103_000,pitch,0.25,deg,3,Car,vehicle,43.0,>30m,90.9,0,0.0,4,4,1.0,0.85
nuscenes_mini_subset,scene-0103_000,pitch,0.25,deg,4,Pedestrian,pedestrian,20.9,15-30m,62.8,0,0.0,9,9,1.0,2.73
nuscenes_mini_subset,scene-0103_000,pitch,0.25,deg,5,Pedestrian,pedestrian,28.7,15-30m,42.2,0,0.0,5,5,1.0,2.19
nuscenes_mini_subset,scene-0103_000,pitch,0.25,deg,6,Pedestrian,pedestrian,38.7,>30m,24.0,0,0.0,2,2,1.0,1.98
nuscenes_mini_subset,scene-0103_000,pitch,0.25,deg,7,Pedestrian,pedestrian,39.7,>30m,17.0,2,0.0,1,1,1.0,2.35
nuscenes_mini_subset,scene-0103_000,pitch,0.25,deg,8,Pedestrian,pedestrian,32.0,>30m,38.4,0,0.0,4,4,1.0,1.05
nuscenes_mini_subset,scene-0103_000,pitch,0.25,deg,9,Car,vehicle,73.1,>30m,39.2,0,0.0,1,1,1.0,0.69
nuscenes_mini_subset,scene-0103_000,pitch,0.25,deg,10,Pedestrian,pedestrian,53.9,>30m,13.9,0,0.0,1,1,1.0,0.49
nuscenes_mini_subset,scene-0103_000,pitch,0.25,deg,11,Pedestrian,pedestrian,55.4,>30m,20.4,0,0.0,1,1,1.0,1.74
nuscenes_mini_subset,scene-0103_000,pitch,0.25,deg,12,Pedestrian,pedestrian,30.5,>30m,51.3,2,0.0,3,3,1.0,2.53
nuscenes_mini_subset,scene-0103_000,pitch,0.25,deg,13,Pedestrian,pedestrian,37.8,>30m,33.4,0,0.0,3,3,1.0,1.27
nuscenes_mini_subset,scene-0103_000,pitch,0.5,deg,0,Pedestrian,pedestrian,37.3,>30m,29.2,2,0.0,1,1,1.0,2.35
nuscenes_mini_subset,scene-0103_000,pitch,0.5,deg,1,Pedestrian,pedestrian,18.6,15-30m,68.6,0,0.0,8,8,1.0,4.87
nuscenes_mini_subset,scene-0103_000,pitch,0.5,deg,2,Pedestrian,pedestrian,31.0,>30m,41.2,0,0.0,5,5,1.0,3.72
nuscenes_mini_subset,scene-0103_000,pitch,0.5,deg,3,Car,vehicle,43.0,>30m,90.9,0,0.0,4,4,1.0,1.71
nuscenes_mini_subset,scene-0103_000,pitch,0.5,deg,4,Pedestrian,pedestrian,20.9,15-30m,62.8,0,0.0,9,9,1.0,5.47
nuscenes_mini_subset,scene-0103_000,pitch,0.5,deg,5,Pedestrian,pedestrian,28.7,15-30m,42.2,0,0.0,5,5,1.0,4.38
nuscenes_mini_subset,scene-0103_000,pitch,0.5,deg,6,Pedestrian,pedestrian,38.7,>30m,24.0,0,0.0,2,2,1.0,3.97
nuscenes_mini_subset,scene-0103_000,pitch,0.5,deg,7,Pedestrian,pedestrian,39.7,>30m,17.0,2,0.0,1,1,1.0,4.7
nuscenes_mini_subset,scene-0103_000,pitch,0.5,deg,8,Pedestrian,pedestrian,32.0,>30m,38.4,0,0.0,4,4,1.0,2.09
nuscenes_mini_subset,scene-0103_000,pitch,0.5,deg,9,Car,vehicle,73.1,>30m,39.2,0,0.0,1,0,0.0,1.39
nuscenes_mini_subset,scene-0103_000,pitch,0.5,deg,10,Pedestrian,pedestrian,53.9,>30m,13.9,0,0.0,1,1,1.0,0.99
nuscenes_mini_subset,scene-0103_000,pitch,0.5,deg,11,Pedestrian,pedestrian,55.4,>30m,20.4,0,0.0,1,1,1.0,3.48
nuscenes_mini_subset,scene-0103_000,pitch,0.5,deg,12,Pedestrian,pedestrian,30.5,>30m,51.3,2,0.0,3,3,1.0,5.05
nuscenes_mini_subset,scene-0103_000,pitch,0.5,deg,13,Pedestrian,pedestrian,37.8,>30m,33.4,0,0.0,3,3,1.0,2.54
nuscenes_mini_subset,scene-0103_000,pitch,1.0,deg,0,Pedestrian,pedestrian,37.3,>30m,29.2,2,0.0,1,1,1.0,4.71
nuscenes_mini_subset,scene-0103_000,pitch,1.0,deg,1,Pedestrian,pedestrian,18.6,15-30m,68.6,0,0.0,8,8,1.0,9.75
nuscenes_mini_subset,scene-0103_000,pitch,1.0,deg,2,Pedestrian,pedestrian,31.0,>30m,41.2,0,0.0,5,3,0.6,7.44
nuscenes_mini_subset,scene-0103_000,pitch,1.0,deg,3,Car,vehicle,43.0,>30m,90.9,0,0.0,4,4,1.0,3.41
nuscenes_mini_subset,scene-0103_000,pitch,1.0,deg,4,Pedestrian,pedestrian,20.9,15-30m,62.8,0,0.0,9,9,1.0,10.93
nuscenes_mini_subset,scene-0103_000,pitch,1.0,deg,5,Pedestrian,pedestrian,28.7,15-30m,42.2,0,0.0,5,5,1.0,8.76
nuscenes_mini_subset,scene-0103_000,pitch,1.0,deg,6,Pedestrian,pedestrian,38.7,>30m,24.0,0,0.0,2,2,1.0,7.94
nuscenes_mini_subset,scene-0103_000,pitch,1.0,deg,7,Pedestrian,pedestrian,39.7,>30m,17.0,2,0.0,1,1,1.0,9.39
nuscenes_mini_subset,scene-0103_000,pitch,1.0,deg,8,Pedestrian,pedestrian,32.0,>30m,38.4,0,0.0,4,4,1.0,4.19
nuscenes_mini_subset,scene-0103_000,pitch,1.0,deg,9,Car,vehicle,73.1,>30m,39.2,0,0.0,1,0,0.0,2.78
nuscenes_mini_subset,scene-0103_000,pitch,1.0,deg,10,Pedestrian,pedestrian,53.9,>30m,13.9,0,0.0,1,1,1.0,1.97
nuscenes_mini_subset,scene-0103_000,pitch,1.0,deg,11,Pedestrian,pedestrian,55.4,>30m,20.4,0,0.0,1,1,1.0,6.97
nuscenes_mini_subset,scene-0103_000,pitch,1.0,deg,12,Pedestrian,pedestrian,30.5,>30m,51.3,2,0.0,3,3,1.0,10.11
nuscenes_mini_subset,scene-0103_000,pitch,1.0,deg,13,Pedestrian,pedestrian,37.8,>30m,33.4,0,0.0,3,3,1.0,5.07
nuscenes_mini_subset,scene-0103_000,pitch,2.0,deg,0,Pedestrian,pedestrian,37.3,>30m,29.2,2,0.0,1,1,1.0,9.41
nuscenes_mini_subset,scene-0103_000,pitch,2.0,deg,1,Pedestrian,pedestrian,18.6,15-30m,68.6,0,0.0,8,7,0.875,19.49
nuscenes_mini_subset,scene-0103_000,pitch,2.0,deg,2,Pedestrian,pedestrian,31.0,>30m,41.2,0,0.0,5,3,0.6,14.89
nuscenes_mini_subset,scene-0103_000,pitch,2.0,deg,3,Car,vehicle,43.0,>30m,90.9,0,0.0,4,1,0.25,6.82
nuscenes_mini_subset,scene-0103_000,pitch,2.0,deg,4,Pedestrian,pedestrian,20.9,15-30m,62.8,0,0.0,9,9,1.0,21.86
nuscenes_mini_subset,scene-0103_000,pitch,2.0,deg,5,Pedestrian,pedestrian,28.7,15-30m,42.2,0,0.0,5,4,0.8,17.53
nuscenes_mini_subset,scene-0103_000,pitch,2.0,deg,6,Pedestrian,pedestrian,38.7,>30m,24.0,0,0.0,2,2,1.0,15.88
nuscenes_mini_subset,scene-0103_000,pitch,2.0,deg,7,Pedestrian,pedestrian,39.7,>30m,17.0,2,0.0,1,1,1.0,18.78
nuscenes_mini_subset,scene-0103_000,pitch,2.0,deg,8,Pedestrian,pedestrian,32.0,>30m,38.4,0,0.0,4,4,1.0,8.37
nuscenes_mini_subset,scene-0103_000,pitch,2.0,deg,9,Car,vehicle,73.1,>30m,39.2,0,0.0,1,0,0.0,5.55
nuscenes_mini_subset,scene-0103_000,pitch,2.0,deg,10,Pedestrian,pedestrian,53.9,>30m,13.9,0,0.0,1,1,1.0,3.94
nuscenes_mini_subset,scene-0103_000,pitch,2.0,deg,11,Pedestrian,pedestrian,55.4,>30m,20.4,0,0.0,1,1,1.0,13.94
nuscenes_mini_subset,scene-0103_000,pitch,2.0,deg,12,Pedestrian,pedestrian,30.5,>30m,51.3,2,0.0,3,3,1.0,20.21
nuscenes_mini_subset,scene-0103_000,pitch,2.0,deg,13,Pedestrian,pedestrian,37.8,>30m,33.4,0,0.0,3,3,1.0,10.14
nuscenes_mini_subset,scene-0103_000,pitch,3.0,deg,0,Pedestrian,pedestrian,37.3,>30m,29.2,2,0.0,1,1,1.0,14.11
nuscenes_mini_subset,scene-0103_000,pitch,3.0,deg,1,Pedestrian,pedestrian,18.6,15-30m,68.6,0,0.0,8,7,0.875,29.25
nuscenes_mini_subset,scene-0103_000,pitch,3.0,deg,2,Pedestrian,pedestrian,31.0,>30m,41.2,0,0.0,5,3,0.6,22.33
nuscenes_mini_subset,scene-0103_000,pitch,3.0,deg,3,Car,vehicle,43.0,>30m,90.9,0,0.0,4,0,0.0,10.23
nuscenes_mini_subset,scene-0103_000,pitch,3.0,deg,4,Pedestrian,pedestrian,20.9,15-30m,62.8,0,0.0,9,9,1.0,32.78
nuscenes_mini_subset,scene-0103_000,pitch,3.0,deg,5,Pedestrian,pedestrian,28.7,15-30m,42.2,0,0.0,5,4,0.8,26.29
nuscenes_mini_subset,scene-0103_000,pitch,3.0,deg,6,Pedestrian,pedestrian,38.7,>30m,24.0,0,0.0,2,0,0.0,23.82
nuscenes_mini_subset,scene-0103_000,pitch,3.0,deg,7,Pedestrian,pedestrian,39.7,>30m,17.0,2,0.0,1,1,1.0,28.16
nuscenes_mini_subset,scene-0103_000,pitch,3.0,deg,8,Pedestrian,pedestrian,32.0,>30m,38.4,0,0.0,4,4,1.0,12.56
nuscenes_mini_subset,scene-0103_000,pitch,3.0,deg,9,Car,vehicle,73.1,>30m,39.2,0,0.0,1,0,0.0,8.33
nuscenes_mini_subset,scene-0103_000,pitch,3.0,deg,10,Pedestrian,pedestrian,53.9,>30m,13.9,0,0.0,1,1,1.0,5.91
nuscenes_mini_subset,scene-0103_000,pitch,3.0,deg,11,Pedestrian,pedestrian,55.4,>30m,20.4,0,0.0,1,0,0.0,20.91
nuscenes_mini_subset,scene-0103_000,pitch,3.0,deg,12,Pedestrian,pedestrian,30.5,>30m,51.3,2,0.0,3,3,1.0,30.3
nuscenes_mini_subset,scene-0103_000,pitch,3.0,deg,13,Pedestrian,pedestrian,37.8,>30m,33.4,0,0.0,3,3,1.0,15.21
nuscenes_mini_subset,scene-0103_000,roll,0.0,deg,0,Pedestrian,pedestrian,37.3,>30m,29.2,2,0.0,1,1,1.0,0.0
nuscenes_mini_subset,scene-0103_000,roll,0.0,deg,1,Pedestrian,pedestrian,18.6,15-30m,68.6,0,0.0,8,8,1.0,0.0
nuscenes_mini_subset,scene-0103_000,roll,0.0,deg,2,Pedestrian,pedestrian,31.0,>30m,41.2,0,0.0,5,5,1.0,0.0
nuscenes_mini_subset,scene-0103_000,roll,0.0,deg,3,Car,vehicle,43.0,>30m,90.9,0,0.0,4,4,1.0,0.0
nuscenes_mini_subset,scene-0103_000,roll,0.0,deg,4,Pedestrian,pedestrian,20.9,15-30m,62.8,0,0.0,9,9,1.0,0.0
nuscenes_mini_subset,scene-0103_000,roll,0.0,deg,5,Pedestrian,pedestrian,28.7,15-30m,42.2,0,0.0,5,5,1.0,0.0
nuscenes_mini_subset,scene-0103_000,roll,0.0,deg,6,Pedestrian,pedestrian,38.7,>30m,24.0,0,0.0,2,2,1.0,0.0
nuscenes_mini_subset,scene-0103_000,roll,0.0,deg,7,Pedestrian,pedestrian,39.7,>30m,17.0,2,0.0,1,1,1.0,0.0
nuscenes_mini_subset,scene-0103_000,roll,0.0,deg,8,Pedestrian,pedestrian,32.0,>30m,38.4,0,0.0,4,4,1.0,0.0
nuscenes_mini_subset,scene-0103_000,roll,0.0,deg,9,Car,vehicle,73.1,>30m,39.2,0,0.0,1,1,1.0,0.0
nuscenes_mini_subset,scene-0103_000,roll,0.0,deg,10,Pedestrian,pedestrian,53.9,>30m,13.9,0,0.0,1,1,1.0,0.0
nuscenes_mini_subset,scene-0103_000,roll,0.0,deg,11,Pedestrian,pedestrian,55.4,>30m,20.4,0,0.0,1,1,1.0,0.0
nuscenes_mini_subset,scene-0103_000,roll,0.0,deg,12,Pedestrian,pedestrian,30.5,>30m,51.3,2,0.0,3,3,1.0,0.0
nuscenes_mini_subset,scene-0103_000,roll,0.0,deg,13,Pedestrian,pedestrian,37.8,>30m,33.4,0,0.0,3,3,1.0,0.0
nuscenes_mini_subset,scene-0103_000,roll,0.25,deg,0,Pedestrian,pedestrian,37.3,>30m,29.2,2,0.0,1,1,1.0,5.53
nuscenes_mini_subset,scene-0103_000,roll,0.25,deg,1,Pedestrian,pedestrian,18.6,15-30m,68.6,0,0.0,8,8,1.0,5.65
nuscenes_mini_subset,scene-0103_000,roll,0.25,deg,2,Pedestrian,pedestrian,31.0,>30m,41.2,0,0.0,5,5,1.0,5.59
nuscenes_mini_subset,scene-0103_000,roll,0.25,deg,3,Car,vehicle,43.0,>30m,90.9,0,0.0,4,4,1.0,5.55
nuscenes_mini_subset,scene-0103_000,roll,0.25,deg,4,Pedestrian,pedestrian,20.9,15-30m,62.8,0,0.0,9,9,1.0,5.59
nuscenes_mini_subset,scene-0103_000,roll,0.25,deg,5,Pedestrian,pedestrian,28.7,15-30m,42.2,0,0.0,5,5,1.0,5.6
nuscenes_mini_subset,scene-0103_000,roll,0.25,deg,6,Pedestrian,pedestrian,38.7,>30m,24.0,0,0.0,2,2,1.0,5.57
nuscenes_mini_subset,scene-0103_000,roll,0.25,deg,7,Pedestrian,pedestrian,39.7,>30m,17.0,2,0.0,1,1,1.0,5.52
nuscenes_mini_subset,scene-0103_000,roll,0.25,deg,8,Pedestrian,pedestrian,32.0,>30m,38.4,0,0.0,4,4,1.0,5.54
nuscenes_mini_subset,scene-0103_000,roll,0.25,deg,9,Car,vehicle,73.1,>30m,39.2,0,0.0,1,1,1.0,5.51
nuscenes_mini_subset,scene-0103_000,roll,0.25,deg,10,Pedestrian,pedestrian,53.9,>30m,13.9,0,0.0,1,1,1.0,5.51
nuscenes_mini_subset,scene-0103_000,roll,0.25,deg,11,Pedestrian,pedestrian,55.4,>30m,20.4,0,0.0,1,1,1.0,5.54
nuscenes_mini_subset,scene-0103_000,roll,0.25,deg,12,Pedestrian,pedestrian,30.5,>30m,51.3,2,0.0,3,3,1.0,5.55
nuscenes_mini_subset,scene-0103_000,roll,0.25,deg,13,Pedestrian,pedestrian,37.8,>30m,33.4,0,0.0,3,3,1.0,5.53
nuscenes_mini_subset,scene-0103_000,roll,0.5,deg,0,Pedestrian,pedestrian,37.3,>30m,29.2,2,0.0,1,1,1.0,11.06
nuscenes_mini_subset,scene-0103_000,roll,0.5,deg,1,Pedestrian,pedestrian,18.6,15-30m,68.6,0,0.0,8,8,1.0,11.31
nuscenes_mini_subset,scene-0103_000,roll,0.5,deg,2,Pedestrian,pedestrian,31.0,>30m,41.2,0,0.0,5,5,1.0,11.18
nuscenes_mini_subset,scene-0103_000,roll,0.5,deg,3,Car,vehicle,43.0,>30m,90.9,0,0.0,4,4,1.0,11.09
nuscenes_mini_subset,scene-0103_000,roll,0.5,deg,4,Pedestrian,pedestrian,20.9,15-30m,62.8,0,0.0,9,9,1.0,11.17
nuscenes_mini_subset,scene-0103_000,roll,0.5,deg,5,Pedestrian,pedestrian,28.7,15-30m,42.2,0,0.0,5,5,1.0,11.19
nuscenes_mini_subset,scene-0103_000,roll,0.5,deg,6,Pedestrian,pedestrian,38.7,>30m,24.0,0,0.0,2,2,1.0,11.13
nuscenes_mini_subset,scene-0103_000,roll,0.5,deg,7,Pedestrian,pedestrian,39.7,>30m,17.0,2,0.0,1,1,1.0,11.03
nuscenes_mini_subset,scene-0103_000,roll,0.5,deg,8,Pedestrian,pedestrian,32.0,>30m,38.4,0,0.0,4,4,1.0,11.08
nuscenes_mini_subset,scene-0103_000,roll,0.5,deg,9,Car,vehicle,73.1,>30m,39.2,0,0.0,1,1,1.0,11.02
nuscenes_mini_subset,scene-0103_000,roll,0.5,deg,10,Pedestrian,pedestrian,53.9,>30m,13.9,0,0.0,1,1,1.0,11.02
nuscenes_mini_subset,scene-0103_000,roll,0.5,deg,11,Pedestrian,pedestrian,55.4,>30m,20.4,0,0.0,1,1,1.0,11.07
nuscenes_mini_subset,scene-0103_000,roll,0.5,deg,12,Pedestrian,pedestrian,30.5,>30m,51.3,2,0.0,3,3,1.0,11.1
nuscenes_mini_subset,scene-0103_000,roll,0.5,deg,13,Pedestrian,pedestrian,37.8,>30m,33.4,0,0.0,3,3,1.0,11.05
nuscenes_mini_subset,scene-0103_000,roll,1.0,deg,0,Pedestrian,pedestrian,37.3,>30m,29.2,2,0.0,1,1,1.0,22.11
nuscenes_mini_subset,scene-0103_000,roll,1.0,deg,1,Pedestrian,pedestrian,18.6,15-30m,68.6,0,0.0,8,8,1.0,22.6
nuscenes_mini_subset,scene-0103_000,roll,1.0,deg,2,Pedestrian,pedestrian,31.0,>30m,41.2,0,0.0,5,5,1.0,22.34
nuscenes_mini_subset,scene-0103_000,roll,1.0,deg,3,Car,vehicle,43.0,>30m,90.9,0,0.0,4,4,1.0,22.18
nuscenes_mini_subset,scene-0103_000,roll,1.0,deg,4,Pedestrian,pedestrian,20.9,15-30m,62.8,0,0.0,9,9,1.0,22.32
nuscenes_mini_subset,scene-0103_000,roll,1.0,deg,5,Pedestrian,pedestrian,28.7,15-30m,42.2,0,0.0,5,5,1.0,22.37
nuscenes_mini_subset,scene-0103_000,roll,1.0,deg,6,Pedestrian,pedestrian,38.7,>30m,24.0,0,0.0,2,2,1.0,22.26
nuscenes_mini_subset,scene-0103_000,roll,1.0,deg,7,Pedestrian,pedestrian,39.7,>30m,17.0,2,0.0,1,1,1.0,22.05
nuscenes_mini_subset,scene-0103_000,roll,1.0,deg,8,Pedestrian,pedestrian,32.0,>30m,38.4,0,0.0,4,3,0.75,22.14
nuscenes_mini_subset,scene-0103_000,roll,1.0,deg,9,Car,vehicle,73.1,>30m,39.2,0,0.0,1,1,1.0,22.04
nuscenes_mini_subset,scene-0103_000,roll,1.0,deg,10,Pedestrian,pedestrian,53.9,>30m,13.9,0,0.0,1,0,0.0,22.03
nuscenes_mini_subset,scene-0103_000,roll,1.0,deg,11,Pedestrian,pedestrian,55.4,>30m,20.4,0,0.0,1,1,1.0,22.13
nuscenes_mini_subset,scene-0103_000,roll,1.0,deg,12,Pedestrian,pedestrian,30.5,>30m,51.3,2,0.0,3,3,1.0,22.19
nuscenes_mini_subset,scene-0103_000,roll,1.0,deg,13,Pedestrian,pedestrian,37.8,>30m,33.4,0,0.0,3,2,0.6667,22.09
nuscenes_mini_subset,scene-0103_000,roll,2.0,deg,0,Pedestrian,pedestrian,37.3,>30m,29.2,2,0.0,1,0,0.0,44.19
nuscenes_mini_subset,scene-0103_000,roll,2.0,deg,1,Pedestrian,pedestrian,18.6,15-30m,68.6,0,0.0,8,7,0.875,45.17
nuscenes_mini_subset,scene-0103_000,roll,2.0,deg,2,Pedestrian,pedestrian,31.0,>30m,41.2,0,0.0,5,5,1.0,44.64
nuscenes_mini_subset,scene-0103_000,roll,2.0,deg,3,Car,vehicle,43.0,>30m,90.9,0,0.0,4,0,0.0,44.33
nuscenes_mini_subset,scene-0103_000,roll,2.0,deg,4,Pedestrian,pedestrian,20.9,15-30m,62.8,0,0.0,9,5,0.5556,44.6
nuscenes_mini_subset,scene-0103_000,roll,2.0,deg,5,Pedestrian,pedestrian,28.7,15-30m,42.2,0,0.0,5,5,1.0,44.72
nuscenes_mini_subset,scene-0103_000,roll,2.0,deg,6,Pedestrian,pedestrian,38.7,>30m,24.0,0,0.0,2,0,0.0,44.49
nuscenes_mini_subset,scene-0103_000,roll,2.0,deg,7,Pedestrian,pedestrian,39.7,>30m,17.0,2,0.0,1,0,0.0,44.08
nuscenes_mini_subset,scene-0103_000,roll,2.0,deg,8,Pedestrian,pedestrian,32.0,>30m,38.4,0,0.0,4,3,0.75,44.26
nuscenes_mini_subset,scene-0103_000,roll,2.0,deg,9,Car,vehicle,73.1,>30m,39.2,0,0.0,1,0,0.0,44.07
nuscenes_mini_subset,scene-0103_000,roll,2.0,deg,10,Pedestrian,pedestrian,53.9,>30m,13.9,0,0.0,1,0,0.0,44.05
nuscenes_mini_subset,scene-0103_000,roll,2.0,deg,11,Pedestrian,pedestrian,55.4,>30m,20.4,0,0.0,1,0,0.0,44.26
nuscenes_mini_subset,scene-0103_000,roll,2.0,deg,12,Pedestrian,pedestrian,30.5,>30m,51.3,2,0.0,3,0,0.0,44.34
nuscenes_mini_subset,scene-0103_000,roll,2.0,deg,13,Pedestrian,pedestrian,37.8,>30m,33.4,0,0.0,3,2,0.6667,44.16
nuscenes_mini_subset,scene-0103_000,roll,3.0,deg,0,Pedestrian,pedestrian,37.3,>30m,29.2,2,0.0,1,0,0.0,66.26
nuscenes_mini_subset,scene-0103_000,roll,3.0,deg,1,Pedestrian,pedestrian,18.6,15-30m,68.6,0,0.0,8,3,0.375,67.71
nuscenes_mini_subset,scene-0103_000,roll,3.0,deg,2,Pedestrian,pedestrian,31.0,>30m,41.2,0,0.0,5,2,0.4,66.92
nuscenes_mini_subset,scene-0103_000,roll,3.0,deg,3,Car,vehicle,43.0,>30m,90.9,0,0.0,4,0,0.0,66.46
nuscenes_mini_subset,scene-0103_000,roll,3.0,deg,4,Pedestrian,pedestrian,20.9,15-30m,62.8,0,0.0,9,5,0.5556,66.85
nuscenes_mini_subset,scene-0103_000,roll,3.0,deg,5,Pedestrian,pedestrian,28.7,15-30m,42.2,0,0.0,5,1,0.2,67.04
nuscenes_mini_subset,scene-0103_000,roll,3.0,deg,6,Pedestrian,pedestrian,38.7,>30m,24.0,0,0.0,2,0,0.0,66.71
nuscenes_mini_subset,scene-0103_000,roll,3.0,deg,7,Pedestrian,pedestrian,39.7,>30m,17.0,2,0.0,1,0,0.0,66.09
nuscenes_mini_subset,scene-0103_000,roll,3.0,deg,8,Pedestrian,pedestrian,32.0,>30m,38.4,0,0.0,4,0,0.0,66.38
nuscenes_mini_subset,scene-0103_000,roll,3.0,deg,9,Car,vehicle,73.1,>30m,39.2,0,0.0,1,0,0.0,66.11
nuscenes_mini_subset,scene-0103_000,roll,3.0,deg,10,Pedestrian,pedestrian,53.9,>30m,13.9,0,0.0,1,0,0.0,66.07
nuscenes_mini_subset,scene-0103_000,roll,3.0,deg,11,Pedestrian,pedestrian,55.4,>30m,20.4,0,0.0,1,0,0.0,66.39
nuscenes_mini_subset,scene-0103_000,roll,3.0,deg,12,Pedestrian,pedestrian,30.5,>30m,51.3,2,0.0,3,0,0.0,66.44
nuscenes_mini_subset,scene-0103_000,roll,3.0,deg,13,Pedestrian,pedestrian,37.8,>30m,33.4,0,0.0,3,0,0.0,66.22
nuscenes_mini_subset,scene-0103_000,tx,0.0,m,0,Pedestrian,pedestrian,37.3,>30m,29.2,2,0.0,1,1,1.0,0.0
nuscenes_mini_subset,scene-0103_000,tx,0.0,m,1,Pedestrian,pedestrian,18.6,15-30m,68.6,0,0.0,8,8,1.0,0.0
nuscenes_mini_subset,scene-0103_000,tx,0.0,m,2,Pedestrian,pedestrian,31.0,>30m,41.2,0,0.0,5,5,1.0,0.0
nuscenes_mini_subset,scene-0103_000,tx,0.0,m,3,Car,vehicle,43.0,>30m,90.9,0,0.0,4,4,1.0,0.0
nuscenes_mini_subset,scene-0103_000,tx,0.0,m,4,Pedestrian,pedestrian,20.9,15-30m,62.8,0,0.0,9,9,1.0,0.0
nuscenes_mini_subset,scene-0103_000,tx,0.0,m,5,Pedestrian,pedestrian,28.7,15-30m,42.2,0,0.0,5,5,1.0,0.0
nuscenes_mini_subset,scene-0103_000,tx,0.0,m,6,Pedestrian,pedestrian,38.7,>30m,24.0,0,0.0,2,2,1.0,0.0
nuscenes_mini_subset,scene-0103_000,tx,0.0,m,7,Pedestrian,pedestrian,39.7,>30m,17.0,2,0.0,1,1,1.0,0.0
nuscenes_mini_subset,scene-0103_000,tx,0.0,m,8,Pedestrian,pedestrian,32.0,>30m,38.4,0,0.0,4,4,1.0,0.0
nuscenes_mini_subset,scene-0103_000,tx,0.0,m,9,Car,vehicle,73.1,>30m,39.2,0,0.0,1,1,1.0,0.0
nuscenes_mini_subset,scene-0103_000,tx,0.0,m,10,Pedestrian,pedestrian,53.9,>30m,13.9,0,0.0,1,1,1.0,0.0
nuscenes_mini_subset,scene-0103_000,tx,0.0,m,11,Pedestrian,pedestrian,55.4,>30m,20.4,0,0.0,1,1,1.0,0.0
nuscenes_mini_subset,scene-0103_000,tx,0.0,m,12,Pedestrian,pedestrian,30.5,>30m,51.3,2,0.0,3,3,1.0,0.0
nuscenes_mini_subset,scene-0103_000,tx,0.0,m,13,Pedestrian,pedestrian,37.8,>30m,33.4,0,0.0,3,3,1.0,0.0
nuscenes_mini_subset,scene-0103_000,tx,0.02,m,0,Pedestrian,pedestrian,37.3,>30m,29.2,2,0.0,1,1,1.0,0.69
nuscenes_mini_subset,scene-0103_000,tx,0.02,m,1,Pedestrian,pedestrian,18.6,15-30m,68.6,0,0.0,8,8,1.0,1.49
nuscenes_mini_subset,scene-0103_000,tx,0.02,m,2,Pedestrian,pedestrian,31.0,>30m,41.2,0,0.0,5,5,1.0,0.86
nuscenes_mini_subset,scene-0103_000,tx,0.02,m,3,Car,vehicle,43.0,>30m,90.9,0,0.0,4,4,1.0,0.62
nuscenes_mini_subset,scene-0103_000,tx,0.02,m,4,Pedestrian,pedestrian,20.9,15-30m,62.8,0,0.0,9,9,1.0,1.33
nuscenes_mini_subset,scene-0103_000,tx,0.02,m,5,Pedestrian,pedestrian,28.7,15-30m,42.2,0,0.0,5,5,1.0,0.95
nuscenes_mini_subset,scene-0103_000,tx,0.02,m,6,Pedestrian,pedestrian,38.7,>30m,24.0,0,0.0,2,2,1.0,0.7
nuscenes_mini_subset,scene-0103_000,tx,0.02,m,7,Pedestrian,pedestrian,39.7,>30m,17.0,2,0.0,1,1,1.0,0.68
nuscenes_mini_subset,scene-0103_000,tx,0.02,m,8,Pedestrian,pedestrian,32.0,>30m,38.4,0,0.0,4,4,1.0,0.79
nuscenes_mini_subset,scene-0103_000,tx,0.02,m,9,Car,vehicle,73.1,>30m,39.2,0,0.0,1,1,1.0,0.36
nuscenes_mini_subset,scene-0103_000,tx,0.02,m,10,Pedestrian,pedestrian,53.9,>30m,13.9,0,0.0,1,1,1.0,0.47
nuscenes_mini_subset,scene-0103_000,tx,0.02,m,11,Pedestrian,pedestrian,55.4,>30m,20.4,0,0.0,1,1,1.0,0.48
nuscenes_mini_subset,scene-0103_000,tx,0.02,m,12,Pedestrian,pedestrian,30.5,>30m,51.3,2,0.0,3,3,1.0,0.9
nuscenes_mini_subset,scene-0103_000,tx,0.02,m,13,Pedestrian,pedestrian,37.8,>30m,33.4,0,0.0,3,3,1.0,0.68
nuscenes_mini_subset,scene-0103_000,tx,0.05,m,0,Pedestrian,pedestrian,37.3,>30m,29.2,2,0.0,1,1,1.0,1.72
nuscenes_mini_subset,scene-0103_000,tx,0.05,m,1,Pedestrian,pedestrian,18.6,15-30m,68.6,0,0.0,8,8,1.0,3.73
nuscenes_mini_subset,scene-0103_000,tx,0.05,m,2,Pedestrian,pedestrian,31.0,>30m,41.2,0,0.0,5,5,1.0,2.16
nuscenes_mini_subset,scene-0103_000,tx,0.05,m,3,Car,vehicle,43.0,>30m,90.9,0,0.0,4,4,1.0,1.54
nuscenes_mini_subset,scene-0103_000,tx,0.05,m,4,Pedestrian,pedestrian,20.9,15-30m,62.8,0,0.0,9,9,1.0,3.33
nuscenes_mini_subset,scene-0103_000,tx,0.05,m,5,Pedestrian,pedestrian,28.7,15-30m,42.2,0,0.0,5,5,1.0,2.38
nuscenes_mini_subset,scene-0103_000,tx,0.05,m,6,Pedestrian,pedestrian,38.7,>30m,24.0,0,0.0,2,2,1.0,1.74
nuscenes_mini_subset,scene-0103_000,tx,0.05,m,7,Pedestrian,pedestrian,39.7,>30m,17.0,2,0.0,1,1,1.0,1.7
nuscenes_mini_subset,scene-0103_000,tx,0.05,m,8,Pedestrian,pedestrian,32.0,>30m,38.4,0,0.0,4,4,1.0,1.98
nuscenes_mini_subset,scene-0103_000,tx,0.05,m,9,Car,vehicle,73.1,>30m,39.2,0,0.0,1,1,1.0,0.89
nuscenes_mini_subset,scene-0103_000,tx,0.05,m,10,Pedestrian,pedestrian,53.9,>30m,13.9,0,0.0,1,1,1.0,1.17
nuscenes_mini_subset,scene-0103_000,tx,0.05,m,11,Pedestrian,pedestrian,55.4,>30m,20.4,0,0.0,1,1,1.0,1.19
nuscenes_mini_subset,scene-0103_000,tx,0.05,m,12,Pedestrian,pedestrian,30.5,>30m,51.3,2,0.0,3,3,1.0,2.24
nuscenes_mini_subset,scene-0103_000,tx,0.05,m,13,Pedestrian,pedestrian,37.8,>30m,33.4,0,0.0,3,3,1.0,1.7
nuscenes_mini_subset,scene-0103_000,tx,0.1,m,0,Pedestrian,pedestrian,37.3,>30m,29.2,2,0.0,1,1,1.0,3.44
nuscenes_mini_subset,scene-0103_000,tx,0.1,m,1,Pedestrian,pedestrian,18.6,15-30m,68.6,0,0.0,8,8,1.0,7.46
nuscenes_mini_subset,scene-0103_000,tx,0.1,m,2,Pedestrian,pedestrian,31.0,>30m,41.2,0,0.0,5,5,1.0,4.32
nuscenes_mini_subset,scene-0103_000,tx,0.1,m,3,Car,vehicle,43.0,>30m,90.9,0,0.0,4,4,1.0,3.08
nuscenes_mini_subset,scene-0103_000,tx,0.1,m,4,Pedestrian,pedestrian,20.9,15-30m,62.8,0,0.0,9,9,1.0,6.65
nuscenes_mini_subset,scene-0103_000,tx,0.1,m,5,Pedestrian,pedestrian,28.7,15-30m,42.2,0,0.0,5,5,1.0,4.76
nuscenes_mini_subset,scene-0103_000,tx,0.1,m,6,Pedestrian,pedestrian,38.7,>30m,24.0,0,0.0,2,2,1.0,3.49
nuscenes_mini_subset,scene-0103_000,tx,0.1,m,7,Pedestrian,pedestrian,39.7,>30m,17.0,2,0.0,1,1,1.0,3.41
nuscenes_mini_subset,scene-0103_000,tx,0.1,m,8,Pedestrian,pedestrian,32.0,>30m,38.4,0,0.0,4,4,1.0,3.96
nuscenes_mini_subset,scene-0103_000,tx,0.1,m,9,Car,vehicle,73.1,>30m,39.2,0,0.0,1,1,1.0,1.78
nuscenes_mini_subset,scene-0103_000,tx,0.1,m,10,Pedestrian,pedestrian,53.9,>30m,13.9,0,0.0,1,1,1.0,2.33
nuscenes_mini_subset,scene-0103_000,tx,0.1,m,11,Pedestrian,pedestrian,55.4,>30m,20.4,0,0.0,1,1,1.0,2.39
nuscenes_mini_subset,scene-0103_000,tx,0.1,m,12,Pedestrian,pedestrian,30.5,>30m,51.3,2,0.0,3,3,1.0,4.49
nuscenes_mini_subset,scene-0103_000,tx,0.1,m,13,Pedestrian,pedestrian,37.8,>30m,33.4,0,0.0,3,3,1.0,3.39
nuscenes_mini_subset,scene-0103_000,tx,0.2,m,0,Pedestrian,pedestrian,37.3,>30m,29.2,2,0.0,1,1,1.0,6.89
nuscenes_mini_subset,scene-0103_000,tx,0.2,m,1,Pedestrian,pedestrian,18.6,15-30m,68.6,0,0.0,8,7,0.875,14.92
nuscenes_mini_subset,scene-0103_000,tx,0.2,m,2,Pedestrian,pedestrian,31.0,>30m,41.2,0,0.0,5,5,1.0,8.63
nuscenes_mini_subset,scene-0103_000,tx,0.2,m,3,Car,vehicle,43.0,>30m,90.9,0,0.0,4,4,1.0,6.16
nuscenes_mini_subset,scene-0103_000,tx,0.2,m,4,Pedestrian,pedestrian,20.9,15-30m,62.8,0,0.0,9,9,1.0,13.31
nuscenes_mini_subset,scene-0103_000,tx,0.2,m,5,Pedestrian,pedestrian,28.7,15-30m,42.2,0,0.0,5,5,1.0,9.51
nuscenes_mini_subset,scene-0103_000,tx,0.2,m,6,Pedestrian,pedestrian,38.7,>30m,24.0,0,0.0,2,1,0.5,6.97
nuscenes_mini_subset,scene-0103_000,tx,0.2,m,7,Pedestrian,pedestrian,39.7,>30m,17.0,2,0.0,1,1,1.0,6.81
nuscenes_mini_subset,scene-0103_000,tx,0.2,m,8,Pedestrian,pedestrian,32.0,>30m,38.4,0,0.0,4,4,1.0,7.91
nuscenes_mini_subset,scene-0103_000,tx,0.2,m,9,Car,vehicle,73.1,>30m,39.2,0,0.0,1,1,1.0,3.56
nuscenes_mini_subset,scene-0103_000,tx,0.2,m,10,Pedestrian,pedestrian,53.9,>30m,13.9,0,0.0,1,0,0.0,4.66
nuscenes_mini_subset,scene-0103_000,tx,0.2,m,11,Pedestrian,pedestrian,55.4,>30m,20.4,0,0.0,1,1,1.0,4.78
nuscenes_mini_subset,scene-0103_000,tx,0.2,m,12,Pedestrian,pedestrian,30.5,>30m,51.3,2,0.0,3,3,1.0,8.97
nuscenes_mini_subset,scene-0103_000,tx,0.2,m,13,Pedestrian,pedestrian,37.8,>30m,33.4,0,0.0,3,3,1.0,6.78
nuscenes_mini_subset,scene-0103_000,ty,0.0,m,0,Pedestrian,pedestrian,37.3,>30m,29.2,2,0.0,1,1,1.0,0.0
nuscenes_mini_subset,scene-0103_000,ty,0.0,m,1,Pedestrian,pedestrian,18.6,15-30m,68.6,0,0.0,8,8,1.0,0.0
nuscenes_mini_subset,scene-0103_000,ty,0.0,m,2,Pedestrian,pedestrian,31.0,>30m,41.2,0,0.0,5,5,1.0,0.0
nuscenes_mini_subset,scene-0103_000,ty,0.0,m,3,Car,vehicle,43.0,>30m,90.9,0,0.0,4,4,1.0,0.0
nuscenes_mini_subset,scene-0103_000,ty,0.0,m,4,Pedestrian,pedestrian,20.9,15-30m,62.8,0,0.0,9,9,1.0,0.0
nuscenes_mini_subset,scene-0103_000,ty,0.0,m,5,Pedestrian,pedestrian,28.7,15-30m,42.2,0,0.0,5,5,1.0,0.0
nuscenes_mini_subset,scene-0103_000,ty,0.0,m,6,Pedestrian,pedestrian,38.7,>30m,24.0,0,0.0,2,2,1.0,0.0
nuscenes_mini_subset,scene-0103_000,ty,0.0,m,7,Pedestrian,pedestrian,39.7,>30m,17.0,2,0.0,1,1,1.0,0.0
nuscenes_mini_subset,scene-0103_000,ty,0.0,m,8,Pedestrian,pedestrian,32.0,>30m,38.4,0,0.0,4,4,1.0,0.0
nuscenes_mini_subset,scene-0103_000,ty,0.0,m,9,Car,vehicle,73.1,>30m,39.2,0,0.0,1,1,1.0,0.0
nuscenes_mini_subset,scene-0103_000,ty,0.0,m,10,Pedestrian,pedestrian,53.9,>30m,13.9,0,0.0,1,1,1.0,0.0
nuscenes_mini_subset,scene-0103_000,ty,0.0,m,11,Pedestrian,pedestrian,55.4,>30m,20.4,0,0.0,1,1,1.0,0.0
nuscenes_mini_subset,scene-0103_000,ty,0.0,m,12,Pedestrian,pedestrian,30.5,>30m,51.3,2,0.0,3,3,1.0,0.0
nuscenes_mini_subset,scene-0103_000,ty,0.0,m,13,Pedestrian,pedestrian,37.8,>30m,33.4,0,0.0,3,3,1.0,0.0
nuscenes_mini_subset,scene-0103_000,ty,0.02,m,0,Pedestrian,pedestrian,37.3,>30m,29.2,2,0.0,1,1,1.0,0.15
nuscenes_mini_subset,scene-0103_000,ty,0.02,m,1,Pedestrian,pedestrian,18.6,15-30m,68.6,0,0.0,8,8,1.0,0.66
nuscenes_mini_subset,scene-0103_000,ty,0.02,m,2,Pedestrian,pedestrian,31.0,>30m,41.2,0,0.0,5,5,1.0,0.29
nuscenes_mini_subset,scene-0103_000,ty,0.02,m,3,Car,vehicle,43.0,>30m,90.9,0,0.0,4,4,1.0,0.1
nuscenes_mini_subset,scene-0103_000,ty,0.02,m,4,Pedestrian,pedestrian,20.9,15-30m,62.8,0,0.0,9,9,1.0,0.67
nuscenes_mini_subset,scene-0103_000,ty,0.02,m,5,Pedestrian,pedestrian,28.7,15-30m,42.2,0,0.0,5,5,1.0,0.38
nuscenes_mini_subset,scene-0103_000,ty,0.02,m,6,Pedestrian,pedestrian,38.7,>30m,24.0,0,0.0,2,2,1.0,0.25
nuscenes_mini_subset,scene-0103_000,ty,0.02,m,7,Pedestrian,pedestrian,39.7,>30m,17.0,2,0.0,1,1,1.0,0.29
nuscenes_mini_subset,scene-0103_000,ty,0.02,m,8,Pedestrian,pedestrian,32.0,>30m,38.4,0,0.0,4,4,1.0,0.15
nuscenes_mini_subset,scene-0103_000,ty,0.02,m,9,Car,vehicle,73.1,>30m,39.2,0,0.0,1,1,1.0,0.05
nuscenes_mini_subset,scene-0103_000,ty,0.02,m,10,Pedestrian,pedestrian,53.9,>30m,13.9,0,0.0,1,1,1.0,0.04
nuscenes_mini_subset,scene-0103_000,ty,0.02,m,11,Pedestrian,pedestrian,55.4,>30m,20.4,0,0.0,1,1,1.0,0.15
nuscenes_mini_subset,scene-0103_000,ty,0.02,m,12,Pedestrian,pedestrian,30.5,>30m,51.3,2,0.0,3,3,1.0,0.41
nuscenes_mini_subset,scene-0103_000,ty,0.02,m,13,Pedestrian,pedestrian,37.8,>30m,33.4,0,0.0,3,3,1.0,0.16
nuscenes_mini_subset,scene-0103_000,ty,0.05,m,0,Pedestrian,pedestrian,37.3,>30m,29.2,2,0.0,1,1,1.0,0.37
nuscenes_mini_subset,scene-0103_000,ty,0.05,m,1,Pedestrian,pedestrian,18.6,15-30m,68.6,0,0.0,8,8,1.0,1.65
nuscenes_mini_subset,scene-0103_000,ty,0.05,m,2,Pedestrian,pedestrian,31.0,>30m,41.2,0,0.0,5,5,1.0,0.73
nuscenes_mini_subset,scene-0103_000,ty,0.05,m,3,Car,vehicle,43.0,>30m,90.9,0,0.0,4,4,1.0,0.24
nuscenes_mini_subset,scene-0103_000,ty,0.05,m,4,Pedestrian,pedestrian,20.9,15-30m,62.8,0,0.0,9,9,1.0,1.66
nuscenes_mini_subset,scene-0103_000,ty,0.05,m,5,Pedestrian,pedestrian,28.7,15-30m,42.2,0,0.0,5,5,1.0,0.94
nuscenes_mini_subset,scene-0103_000,ty,0.05,m,6,Pedestrian,pedestrian,38.7,>30m,24.0,0,0.0,2,2,1.0,0.63
nuscenes_mini_subset,scene-0103_000,ty,0.05,m,7,Pedestrian,pedestrian,39.7,>30m,17.0,2,0.0,1,1,1.0,0.73
nuscenes_mini_subset,scene-0103_000,ty,0.05,m,8,Pedestrian,pedestrian,32.0,>30m,38.4,0,0.0,4,4,1.0,0.38
nuscenes_mini_subset,scene-0103_000,ty,0.05,m,9,Car,vehicle,73.1,>30m,39.2,0,0.0,1,1,1.0,0.11
nuscenes_mini_subset,scene-0103_000,ty,0.05,m,10,Pedestrian,pedestrian,53.9,>30m,13.9,0,0.0,1,1,1.0,0.11
nuscenes_mini_subset,scene-0103_000,ty,0.05,m,11,Pedestrian,pedestrian,55.4,>30m,20.4,0,0.0,1,1,1.0,0.38
nuscenes_mini_subset,scene-0103_000,ty,0.05,m,12,Pedestrian,pedestrian,30.5,>30m,51.3,2,0.0,3,3,1.0,1.04
nuscenes_mini_subset,scene-0103_000,ty,0.05,m,13,Pedestrian,pedestrian,37.8,>30m,33.4,0,0.0,3,3,1.0,0.39
nuscenes_mini_subset,scene-0103_000,ty,0.1,m,0,Pedestrian,pedestrian,37.3,>30m,29.2,2,0.0,1,1,1.0,0.74
nuscenes_mini_subset,scene-0103_000,ty,0.1,m,1,Pedestrian,pedestrian,18.6,15-30m,68.6,0,0.0,8,8,1.0,3.28
nuscenes_mini_subset,scene-0103_000,ty,0.1,m,2,Pedestrian,pedestrian,31.0,>30m,41.2,0,0.0,5,5,1.0,1.45
nuscenes_mini_subset,scene-0103_000,ty,0.1,m,3,Car,vehicle,43.0,>30m,90.9,0,0.0,4,4,1.0,0.48
nuscenes_mini_subset,scene-0103_000,ty,0.1,m,4,Pedestrian,pedestrian,20.9,15-30m,62.8,0,0.0,9,9,1.0,3.32
nuscenes_mini_subset,scene-0103_000,ty,0.1,m,5,Pedestrian,pedestrian,28.7,15-30m,42.2,0,0.0,5,5,1.0,1.89
nuscenes_mini_subset,scene-0103_000,ty,0.1,m,6,Pedestrian,pedestrian,38.7,>30m,24.0,0,0.0,2,2,1.0,1.25
nuscenes_mini_subset,scene-0103_000,ty,0.1,m,7,Pedestrian,pedestrian,39.7,>30m,17.0,2,0.0,1,1,1.0,1.46
nuscenes_mini_subset,scene-0103_000,ty,0.1,m,8,Pedestrian,pedestrian,32.0,>30m,38.4,0,0.0,4,4,1.0,0.76
nuscenes_mini_subset,scene-0103_000,ty,0.1,m,9,Car,vehicle,73.1,>30m,39.2,0,0.0,1,1,1.0,0.23
nuscenes_mini_subset,scene-0103_000,ty,0.1,m,10,Pedestrian,pedestrian,53.9,>30m,13.9,0,0.0,1,1,1.0,0.21
nuscenes_mini_subset,scene-0103_000,ty,0.1,m,11,Pedestrian,pedestrian,55.4,>30m,20.4,0,0.0,1,1,1.0,0.76
nuscenes_mini_subset,scene-0103_000,ty,0.1,m,12,Pedestrian,pedestrian,30.5,>30m,51.3,2,0.0,3,3,1.0,2.07
nuscenes_mini_subset,scene-0103_000,ty,0.1,m,13,Pedestrian,pedestrian,37.8,>30m,33.4,0,0.0,3,3,1.0,0.79
nuscenes_mini_subset,scene-0103_000,ty,0.2,m,0,Pedestrian,pedestrian,37.3,>30m,29.2,2,0.0,1,1,1.0,1.47
nuscenes_mini_subset,scene-0103_000,ty,0.2,m,1,Pedestrian,pedestrian,18.6,15-30m,68.6,0,0.0,8,8,1.0,6.53
nuscenes_mini_subset,scene-0103_000,ty,0.2,m,2,Pedestrian,pedestrian,31.0,>30m,41.2,0,0.0,5,5,1.0,2.9
nuscenes_mini_subset,scene-0103_000,ty,0.2,m,3,Car,vehicle,43.0,>30m,90.9,0,0.0,4,4,1.0,0.95
nuscenes_mini_subset,scene-0103_000,ty,0.2,m,4,Pedestrian,pedestrian,20.9,15-30m,62.8,0,0.0,9,9,1.0,6.6
nuscenes_mini_subset,scene-0103_000,ty,0.2,m,5,Pedestrian,pedestrian,28.7,15-30m,42.2,0,0.0,5,5,1.0,3.76
nuscenes_mini_subset,scene-0103_000,ty,0.2,m,6,Pedestrian,pedestrian,38.7,>30m,24.0,0,0.0,2,2,1.0,2.5
nuscenes_mini_subset,scene-0103_000,ty,0.2,m,7,Pedestrian,pedestrian,39.7,>30m,17.0,2,0.0,1,1,1.0,2.92
nuscenes_mini_subset,scene-0103_000,ty,0.2,m,8,Pedestrian,pedestrian,32.0,>30m,38.4,0,0.0,4,4,1.0,1.51
nuscenes_mini_subset,scene-0103_000,ty,0.2,m,9,Car,vehicle,73.1,>30m,39.2,0,0.0,1,1,1.0,0.45
nuscenes_mini_subset,scene-0103_000,ty,0.2,m,10,Pedestrian,pedestrian,53.9,>30m,13.9,0,0.0,1,1,1.0,0.43
nuscenes_mini_subset,scene-0103_000,ty,0.2,m,11,Pedestrian,pedestrian,55.4,>30m,20.4,0,0.0,1,1,1.0,1.51
nuscenes_mini_subset,scene-0103_000,ty,0.2,m,12,Pedestrian,pedestrian,30.5,>30m,51.3,2,0.0,3,3,1.0,4.12
nuscenes_mini_subset,scene-0103_000,ty,0.2,m,13,Pedestrian,pedestrian,37.8,>30m,33.4,0,0.0,3,3,1.0,1.57
nuscenes_mini_subset,scene-0103_000,tz,0.0,m,0,Pedestrian,pedestrian,37.3,>30m,29.2,2,0.0,1,1,1.0,0.0
nuscenes_mini_subset,scene-0103_000,tz,0.0,m,1,Pedestrian,pedestrian,18.6,15-30m,68.6,0,0.0,8,8,1.0,0.0
nuscenes_mini_subset,scene-0103_000,tz,0.0,m,2,Pedestrian,pedestrian,31.0,>30m,41.2,0,0.0,5,5,1.0,0.0
nuscenes_mini_subset,scene-0103_000,tz,0.0,m,3,Car,vehicle,43.0,>30m,90.9,0,0.0,4,4,1.0,0.0
nuscenes_mini_subset,scene-0103_000,tz,0.0,m,4,Pedestrian,pedestrian,20.9,15-30m,62.8,0,0.0,9,9,1.0,0.0
nuscenes_mini_subset,scene-0103_000,tz,0.0,m,5,Pedestrian,pedestrian,28.7,15-30m,42.2,0,0.0,5,5,1.0,0.0
nuscenes_mini_subset,scene-0103_000,tz,0.0,m,6,Pedestrian,pedestrian,38.7,>30m,24.0,0,0.0,2,2,1.0,0.0
nuscenes_mini_subset,scene-0103_000,tz,0.0,m,7,Pedestrian,pedestrian,39.7,>30m,17.0,2,0.0,1,1,1.0,0.0
nuscenes_mini_subset,scene-0103_000,tz,0.0,m,8,Pedestrian,pedestrian,32.0,>30m,38.4,0,0.0,4,4,1.0,0.0
nuscenes_mini_subset,scene-0103_000,tz,0.0,m,9,Car,vehicle,73.1,>30m,39.2,0,0.0,1,1,1.0,0.0
nuscenes_mini_subset,scene-0103_000,tz,0.0,m,10,Pedestrian,pedestrian,53.9,>30m,13.9,0,0.0,1,1,1.0,0.0
nuscenes_mini_subset,scene-0103_000,tz,0.0,m,11,Pedestrian,pedestrian,55.4,>30m,20.4,0,0.0,1,1,1.0,0.0
nuscenes_mini_subset,scene-0103_000,tz,0.0,m,12,Pedestrian,pedestrian,30.5,>30m,51.3,2,0.0,3,3,1.0,0.0
nuscenes_mini_subset,scene-0103_000,tz,0.0,m,13,Pedestrian,pedestrian,37.8,>30m,33.4,0,0.0,3,3,1.0,0.0
nuscenes_mini_subset,scene-0103_000,tz,0.02,m,0,Pedestrian,pedestrian,37.3,>30m,29.2,2,0.0,1,1,1.0,0.69
nuscenes_mini_subset,scene-0103_000,tz,0.02,m,1,Pedestrian,pedestrian,18.6,15-30m,68.6,0,0.0,8,8,1.0,1.49
nuscenes_mini_subset,scene-0103_000,tz,0.02,m,2,Pedestrian,pedestrian,31.0,>30m,41.2,0,0.0,5,5,1.0,0.86
nuscenes_mini_subset,scene-0103_000,tz,0.02,m,3,Car,vehicle,43.0,>30m,90.9,0,0.0,4,4,1.0,0.62
nuscenes_mini_subset,scene-0103_000,tz,0.02,m,4,Pedestrian,pedestrian,20.9,15-30m,62.8,0,0.0,9,9,1.0,1.34
nuscenes_mini_subset,scene-0103_000,tz,0.02,m,5,Pedestrian,pedestrian,28.7,15-30m,42.2,0,0.0,5,5,1.0,0.95
nuscenes_mini_subset,scene-0103_000,tz,0.02,m,6,Pedestrian,pedestrian,38.7,>30m,24.0,0,0.0,2,2,1.0,0.69
nuscenes_mini_subset,scene-0103_000,tz,0.02,m,7,Pedestrian,pedestrian,39.7,>30m,17.0,2,0.0,1,1,1.0,0.69
nuscenes_mini_subset,scene-0103_000,tz,0.02,m,8,Pedestrian,pedestrian,32.0,>30m,38.4,0,0.0,4,4,1.0,0.79
nuscenes_mini_subset,scene-0103_000,tz,0.02,m,9,Car,vehicle,73.1,>30m,39.2,0,0.0,1,1,1.0,0.36
nuscenes_mini_subset,scene-0103_000,tz,0.02,m,10,Pedestrian,pedestrian,53.9,>30m,13.9,0,0.0,1,1,1.0,0.47
nuscenes_mini_subset,scene-0103_000,tz,0.02,m,11,Pedestrian,pedestrian,55.4,>30m,20.4,0,0.0,1,1,1.0,0.48
nuscenes_mini_subset,scene-0103_000,tz,0.02,m,12,Pedestrian,pedestrian,30.5,>30m,51.3,2,0.0,3,3,1.0,0.9
nuscenes_mini_subset,scene-0103_000,tz,0.02,m,13,Pedestrian,pedestrian,37.8,>30m,33.4,0,0.0,3,3,1.0,0.68
nuscenes_mini_subset,scene-0103_000,tz,0.05,m,0,Pedestrian,pedestrian,37.3,>30m,29.2,2,0.0,1,1,1.0,1.73
nuscenes_mini_subset,scene-0103_000,tz,0.05,m,1,Pedestrian,pedestrian,18.6,15-30m,68.6,0,0.0,8,8,1.0,3.72
nuscenes_mini_subset,scene-0103_000,tz,0.05,m,2,Pedestrian,pedestrian,31.0,>30m,41.2,0,0.0,5,5,1.0,2.15
nuscenes_mini_subset,scene-0103_000,tz,0.05,m,3,Car,vehicle,43.0,>30m,90.9,0,0.0,4,4,1.0,1.54
nuscenes_mini_subset,scene-0103_000,tz,0.05,m,4,Pedestrian,pedestrian,20.9,15-30m,62.8,0,0.0,9,9,1.0,3.35
nuscenes_mini_subset,scene-0103_000,tz,0.05,m,5,Pedestrian,pedestrian,28.7,15-30m,42.2,0,0.0,5,5,1.0,2.37
nuscenes_mini_subset,scene-0103_000,tz,0.05,m,6,Pedestrian,pedestrian,38.7,>30m,24.0,0,0.0,2,2,1.0,1.74
nuscenes_mini_subset,scene-0103_000,tz,0.05,m,7,Pedestrian,pedestrian,39.7,>30m,17.0,2,0.0,1,1,1.0,1.71
nuscenes_mini_subset,scene-0103_000,tz,0.05,m,8,Pedestrian,pedestrian,32.0,>30m,38.4,0,0.0,4,4,1.0,1.98
nuscenes_mini_subset,scene-0103_000,tz,0.05,m,9,Car,vehicle,73.1,>30m,39.2,0,0.0,1,1,1.0,0.89
nuscenes_mini_subset,scene-0103_000,tz,0.05,m,10,Pedestrian,pedestrian,53.9,>30m,13.9,0,0.0,1,1,1.0,1.17
nuscenes_mini_subset,scene-0103_000,tz,0.05,m,11,Pedestrian,pedestrian,55.4,>30m,20.4,0,0.0,1,1,1.0,1.19
nuscenes_mini_subset,scene-0103_000,tz,0.05,m,12,Pedestrian,pedestrian,30.5,>30m,51.3,2,0.0,3,3,1.0,2.26
nuscenes_mini_subset,scene-0103_000,tz,0.05,m,13,Pedestrian,pedestrian,37.8,>30m,33.4,0,0.0,3,3,1.0,1.7
nuscenes_mini_subset,scene-0103_000,tz,0.1,m,0,Pedestrian,pedestrian,37.3,>30m,29.2,2,0.0,1,1,1.0,3.46
nuscenes_mini_subset,scene-0103_000,tz,0.1,m,1,Pedestrian,pedestrian,18.6,15-30m,68.6,0,0.0,8,8,1.0,7.43
nuscenes_mini_subset,scene-0103_000,tz,0.1,m,2,Pedestrian,pedestrian,31.0,>30m,41.2,0,0.0,5,5,1.0,4.3
nuscenes_mini_subset,scene-0103_000,tz,0.1,m,3,Car,vehicle,43.0,>30m,90.9,0,0.0,4,4,1.0,3.08
nuscenes_mini_subset,scene-0103_000,tz,0.1,m,4,Pedestrian,pedestrian,20.9,15-30m,62.8,0,0.0,9,9,1.0,6.7
nuscenes_mini_subset,scene-0103_000,tz,0.1,m,5,Pedestrian,pedestrian,28.7,15-30m,42.2,0,0.0,5,5,1.0,4.74
nuscenes_mini_subset,scene-0103_000,tz,0.1,m,6,Pedestrian,pedestrian,38.7,>30m,24.0,0,0.0,2,2,1.0,3.47
nuscenes_mini_subset,scene-0103_000,tz,0.1,m,7,Pedestrian,pedestrian,39.7,>30m,17.0,2,0.0,1,1,1.0,3.43
nuscenes_mini_subset,scene-0103_000,tz,0.1,m,8,Pedestrian,pedestrian,32.0,>30m,38.4,0,0.0,4,4,1.0,3.97
nuscenes_mini_subset,scene-0103_000,tz,0.1,m,9,Car,vehicle,73.1,>30m,39.2,0,0.0,1,1,1.0,1.78
nuscenes_mini_subset,scene-0103_000,tz,0.1,m,10,Pedestrian,pedestrian,53.9,>30m,13.9,0,0.0,1,1,1.0,2.33
nuscenes_mini_subset,scene-0103_000,tz,0.1,m,11,Pedestrian,pedestrian,55.4,>30m,20.4,0,0.0,1,1,1.0,2.38
nuscenes_mini_subset,scene-0103_000,tz,0.1,m,12,Pedestrian,pedestrian,30.5,>30m,51.3,2,0.0,3,3,1.0,4.52
nuscenes_mini_subset,scene-0103_000,tz,0.1,m,13,Pedestrian,pedestrian,37.8,>30m,33.4,0,0.0,3,3,1.0,3.4
nuscenes_mini_subset,scene-0103_000,tz,0.2,m,0,Pedestrian,pedestrian,37.3,>30m,29.2,2,0.0,1,1,1.0,6.91
nuscenes_mini_subset,scene-0103_000,tz,0.2,m,1,Pedestrian,pedestrian,18.6,15-30m,68.6,0,0.0,8,8,1.0,14.85
nuscenes_mini_subset,scene-0103_000,tz,0.2,m,2,Pedestrian,pedestrian,31.0,>30m,41.2,0,0.0,5,5,1.0,8.61
nuscenes_mini_subset,scene-0103_000,tz,0.2,m,3,Car,vehicle,43.0,>30m,90.9,0,0.0,4,4,1.0,6.15
nuscenes_mini_subset,scene-0103_000,tz,0.2,m,4,Pedestrian,pedestrian,20.9,15-30m,62.8,0,0.0,9,9,1.0,13.4
nuscenes_mini_subset,scene-0103_000,tz,0.2,m,5,Pedestrian,pedestrian,28.7,15-30m,42.2,0,0.0,5,5,1.0,9.48
nuscenes_mini_subset,scene-0103_000,tz,0.2,m,6,Pedestrian,pedestrian,38.7,>30m,24.0,0,0.0,2,2,1.0,6.95
nuscenes_mini_subset,scene-0103_000,tz,0.2,m,7,Pedestrian,pedestrian,39.7,>30m,17.0,2,0.0,1,1,1.0,6.85
nuscenes_mini_subset,scene-0103_000,tz,0.2,m,8,Pedestrian,pedestrian,32.0,>30m,38.4,0,0.0,4,4,1.0,7.93
nuscenes_mini_subset,scene-0103_000,tz,0.2,m,9,Car,vehicle,73.1,>30m,39.2,0,0.0,1,1,1.0,3.56
nuscenes_mini_subset,scene-0103_000,tz,0.2,m,10,Pedestrian,pedestrian,53.9,>30m,13.9,0,0.0,1,1,1.0,4.66
nuscenes_mini_subset,scene-0103_000,tz,0.2,m,11,Pedestrian,pedestrian,55.4,>30m,20.4,0,0.0,1,1,1.0,4.76
nuscenes_mini_subset,scene-0103_000,tz,0.2,m,12,Pedestrian,pedestrian,30.5,>30m,51.3,2,0.0,3,3,1.0,9.04
nuscenes_mini_subset,scene-0103_000,tz,0.2,m,13,Pedestrian,pedestrian,37.8,>30m,33.4,0,0.0,3,3,1.0,6.8
nuscenes_mini_subset,scene-0103_004,yaw,0.0,deg,0,Pedestrian,pedestrian,19.8,15-30m,52.7,0,0.34,10,10,1.0,0.0
nuscenes_mini_subset,scene-0103_004,yaw,0.0,deg,1,Pedestrian,pedestrian,20.5,15-30m,53.1,0,0.0,6,6,1.0,0.0
nuscenes_mini_subset,scene-0103_004,yaw,0.0,deg,2,Car,vehicle,40.8,>30m,66.3,0,0.0,1,1,1.0,0.0
nuscenes_mini_subset,scene-0103_004,yaw,0.0,deg,3,Pedestrian,pedestrian,39.3,>30m,22.4,2,0.0,0,0,,
nuscenes_mini_subset,scene-0103_004,yaw,0.0,deg,4,Car,vehicle,50.6,>30m,129.7,1,0.0,0,0,,
nuscenes_mini_subset,scene-0103_004,yaw,0.0,deg,5,Pedestrian,pedestrian,16.3,15-30m,9.4,0,0.91,0,0,,
nuscenes_mini_subset,scene-0103_004,yaw,0.0,deg,6,Pedestrian,pedestrian,21.3,15-30m,43.9,0,0.0,7,7,1.0,0.0
nuscenes_mini_subset,scene-0103_004,yaw,0.0,deg,7,Car,vehicle,50.7,>30m,116.7,2,0.0,1,1,1.0,0.0
nuscenes_mini_subset,scene-0103_004,yaw,0.0,deg,8,Pedestrian,pedestrian,15.6,15-30m,101.9,0,0.0,16,16,1.0,0.0
nuscenes_mini_subset,scene-0103_004,yaw,0.0,deg,9,Car,vehicle,39.7,>30m,76.4,0,0.0,0,0,,
nuscenes_mini_subset,scene-0103_004,yaw,0.0,deg,10,Car,vehicle,34.8,>30m,113.3,0,0.0,1,1,1.0,0.0
nuscenes_mini_subset,scene-0103_004,yaw,0.0,deg,11,Pedestrian,pedestrian,39.7,>30m,25.3,2,0.0,1,1,1.0,0.0
nuscenes_mini_subset,scene-0103_004,yaw,0.0,deg,12,Pedestrian,pedestrian,17.8,15-30m,76.8,0,0.0,9,9,1.0,0.0
nuscenes_mini_subset,scene-0103_004,yaw,0.0,deg,13,Pedestrian,pedestrian,23.1,15-30m,38.2,0,0.0,3,3,1.0,0.0
nuscenes_mini_subset,scene-0103_004,yaw,0.0,deg,14,Car,vehicle,64.3,>30m,50.8,1,0.0,0,0,,
nuscenes_mini_subset,scene-0103_004,yaw,0.0,deg,16,Car,vehicle,14.3,0-15m,331.8,0,0.0,53,53,1.0,0.0
nuscenes_mini_subset,scene-0103_004,yaw,0.0,deg,17,Car,vehicle,49.2,>30m,62.8,0,0.0,5,5,1.0,0.0
nuscenes_mini_subset,scene-0103_004,yaw,0.0,deg,18,Pedestrian,pedestrian,22.9,15-30m,42.7,2,0.0,2,2,1.0,0.0
nuscenes_mini_subset,scene-0103_004,yaw,0.0,deg,19,Pedestrian,pedestrian,41.9,>30m,28.9,0,0.0,1,1,1.0,0.0
nuscenes_mini_subset,scene-0103_004,yaw,0.0,deg,20,Pedestrian,pedestrian,59.4,>30m,15.5,0,0.0,2,2,1.0,0.0
nuscenes_mini_subset,scene-0103_004,yaw,0.0,deg,21,Truck,vehicle,97.3,>30m,42.9,2,0.0,1,1,1.0,0.0
nuscenes_mini_subset,scene-0103_004,yaw,0.0,deg,22,Pedestrian,pedestrian,18.1,15-30m,50.1,0,0.38,6,6,1.0,0.0
nuscenes_mini_subset,scene-0103_004,yaw,0.25,deg,0,Pedestrian,pedestrian,19.8,15-30m,52.7,0,0.34,7,7,1.0,7.93
nuscenes_mini_subset,scene-0103_004,yaw,0.25,deg,1,Pedestrian,pedestrian,20.5,15-30m,53.1,0,0.0,6,6,1.0,6.67
nuscenes_mini_subset,scene-0103_004,yaw,0.25,deg,2,Car,vehicle,40.8,>30m,66.3,0,0.0,1,1,1.0,5.59
nuscenes_mini_subset,scene-0103_004,yaw,0.25,deg,3,Pedestrian,pedestrian,39.3,>30m,22.4,2,0.0,0,0,,
nuscenes_mini_subset,scene-0103_004,yaw,0.25,deg,4,Car,vehicle,50.6,>30m,129.7,1,0.0,0,0,,
nuscenes_mini_subset,scene-0103_004,yaw,0.25,deg,5,Pedestrian,pedestrian,16.3,15-30m,9.4,0,0.91,0,0,,
nuscenes_mini_subset,scene-0103_004,yaw,0.25,deg,6,Pedestrian,pedestrian,21.3,15-30m,43.9,0,0.0,7,7,1.0,6.9
nuscenes_mini_subset,scene-0103_004,yaw,0.25,deg,7,Car,vehicle,50.7,>30m,116.7,2,0.0,1,1,1.0,5.73
nuscenes_mini_subset,scene-0103_004,yaw,0.25,deg,8,Pedestrian,pedestrian,15.6,15-30m,101.9,0,0.0,16,16,1.0,7.51
nuscenes_mini_subset,scene-0103_004,yaw,0.25,deg,9,Car,vehicle,39.7,>30m,76.4,0,0.0,0,0,,
nuscenes_mini_subset,scene-0103_004,yaw,0.25,deg,10,Car,vehicle,34.8,>30m,113.3,0,0.0,1,1,1.0,5.65
nuscenes_mini_subset,scene-0103_004,yaw,0.25,deg,11,Pedestrian,pedestrian,39.7,>30m,25.3,2,0.0,1,1,1.0,5.84
nuscenes_mini_subset,scene-0103_004,yaw,0.25,deg,12,Pedestrian,pedestrian,17.8,15-30m,76.8,0,0.0,9,9,1.0,7.13
nuscenes_mini_subset,scene-0103_004,yaw,0.25,deg,13,Pedestrian,pedestrian,23.1,15-30m,38.2,0,0.0,3,3,1.0,6.54
nuscenes_mini_subset,scene-0103_004,yaw,0.25,deg,14,Car,vehicle,64.3,>30m,50.8,1,0.0,0,0,,
nuscenes_mini_subset,scene-0103_004,yaw,0.25,deg,16,Car,vehicle,14.3,0-15m,331.8,0,0.0,53,53,1.0,6.12
nuscenes_mini_subset,scene-0103_004,yaw,0.25,deg,17,Car,vehicle,49.2,>30m,62.8,0,0.0,5,5,1.0,5.71
nuscenes_mini_subset,scene-0103_004,yaw,0.25,deg,18,Pedestrian,pedestrian,22.9,15-30m,42.7,2,0.0,2,2,1.0,6.95
nuscenes_mini_subset,scene-0103_004,yaw,0.25,deg,19,Pedestrian,pedestrian,41.9,>30m,28.9,0,0.0,1,1,1.0,6.06
nuscenes_mini_subset,scene-0103_004,yaw,0.25,deg,20,Pedestrian,pedestrian,59.4,>30m,15.5,0,0.0,2,1,0.5,5.87
nuscenes_mini_subset,scene-0103_004,yaw,0.25,deg,21,Truck,vehicle,97.3,>30m,42.9,2,0.0,1,1,1.0,5.48
nuscenes_mini_subset,scene-0103_004,yaw,0.25,deg,22,Pedestrian,pedestrian,18.1,15-30m,50.1,0,0.38,9,9,1.0,7.59
nuscenes_mini_subset,scene-0103_004,yaw,0.5,deg,0,Pedestrian,pedestrian,19.8,15-30m,52.7,0,0.34,3,3,1.0,15.84
nuscenes_mini_subset,scene-0103_004,yaw,0.5,deg,1,Pedestrian,pedestrian,20.5,15-30m,53.1,0,0.0,6,4,0.6667,13.31
nuscenes_mini_subset,scene-0103_004,yaw,0.5,deg,2,Car,vehicle,40.8,>30m,66.3,0,0.0,1,1,1.0,11.17
nuscenes_mini_subset,scene-0103_004,yaw,0.5,deg,3,Pedestrian,pedestrian,39.3,>30m,22.4,2,0.0,0,0,,
nuscenes_mini_subset,scene-0103_004,yaw,0.5,deg,4,Car,vehicle,50.6,>30m,129.7,1,0.0,0,0,,
nuscenes_mini_subset,scene-0103_004,yaw,0.5,deg,5,Pedestrian,pedestrian,16.3,15-30m,9.4,0,0.91,0,0,,
nuscenes_mini_subset,scene-0103_004,yaw,0.5,deg,6,Pedestrian,pedestrian,21.3,15-30m,43.9,0,0.0,7,7,1.0,13.77
nuscenes_mini_subset,scene-0103_004,yaw,0.5,deg,7,Car,vehicle,50.7,>30m,116.7,2,0.0,1,1,1.0,11.47
nuscenes_mini_subset,scene-0103_004,yaw,0.5,deg,8,Pedestrian,pedestrian,15.6,15-30m,101.9,0,0.0,16,16,1.0,15.07
nuscenes_mini_subset,scene-0103_004,yaw,0.5,deg,9,Car,vehicle,39.7,>30m,76.4,0,0.0,0,0,,
nuscenes_mini_subset,scene-0103_004,yaw,0.5,deg,10,Car,vehicle,34.8,>30m,113.3,0,0.0,1,1,1.0,11.31
nuscenes_mini_subset,scene-0103_004,yaw,0.5,deg,11,Pedestrian,pedestrian,39.7,>30m,25.3,2,0.0,1,1,1.0,11.68
nuscenes_mini_subset,scene-0103_004,yaw,0.5,deg,12,Pedestrian,pedestrian,17.8,15-30m,76.8,0,0.0,9,9,1.0,14.24
nuscenes_mini_subset,scene-0103_004,yaw,0.5,deg,13,Pedestrian,pedestrian,23.1,15-30m,38.2,0,0.0,3,3,1.0,13.06
nuscenes_mini_subset,scene-0103_004,yaw,0.5,deg,14,Car,vehicle,64.3,>30m,50.8,1,0.0,0,0,,
nuscenes_mini_subset,scene-0103_004,yaw,0.5,deg,16,Car,vehicle,14.3,0-15m,331.8,0,0.0,53,53,1.0,12.26
nuscenes_mini_subset,scene-0103_004,yaw,0.5,deg,17,Car,vehicle,49.2,>30m,62.8,0,0.0,5,5,1.0,11.41
nuscenes_mini_subset,scene-0103_004,yaw,0.5,deg,18,Pedestrian,pedestrian,22.9,15-30m,42.7,2,0.0,2,2,1.0,13.88
nuscenes_mini_subset,scene-0103_004,yaw,0.5,deg,19,Pedestrian,pedestrian,41.9,>30m,28.9,0,0.0,1,0,0.0,12.11
nuscenes_mini_subset,scene-0103_004,yaw,0.5,deg,20,Pedestrian,pedestrian,59.4,>30m,15.5,0,0.0,2,0,0.0,11.73
nuscenes_mini_subset,scene-0103_004,yaw,0.5,deg,21,Truck,vehicle,97.3,>30m,42.9,2,0.0,1,0,0.0,10.95
nuscenes_mini_subset,scene-0103_004,yaw,0.5,deg,22,Pedestrian,pedestrian,18.1,15-30m,50.1,0,0.38,9,8,0.8889,15.14
nuscenes_mini_subset,scene-0103_004,yaw,1.0,deg,0,Pedestrian,pedestrian,19.8,15-30m,52.7,0,0.34,0,0,,
nuscenes_mini_subset,scene-0103_004,yaw,1.0,deg,1,Pedestrian,pedestrian,20.5,15-30m,53.1,0,0.0,6,4,0.6667,26.52
nuscenes_mini_subset,scene-0103_004,yaw,1.0,deg,2,Car,vehicle,40.8,>30m,66.3,0,0.0,1,0,0.0,22.33
nuscenes_mini_subset,scene-0103_004,yaw,1.0,deg,3,Pedestrian,pedestrian,39.3,>30m,22.4,2,0.0,0,0,,
nuscenes_mini_subset,scene-0103_004,yaw,1.0,deg,4,Car,vehicle,50.6,>30m,129.7,1,0.0,0,0,,
nuscenes_mini_subset,scene-0103_004,yaw,1.0,deg,5,Pedestrian,pedestrian,16.3,15-30m,9.4,0,0.91,4,3,0.75,
nuscenes_mini_subset,scene-0103_004,yaw,1.0,deg,6,Pedestrian,pedestrian,21.3,15-30m,43.9,0,0.0,7,2,0.2857,27.42
nuscenes_mini_subset,scene-0103_004,yaw,1.0,deg,7,Car,vehicle,50.7,>30m,116.7,2,0.0,1,1,1.0,22.99
nuscenes_mini_subset,scene-0103_004,yaw,1.0,deg,8,Pedestrian,pedestrian,15.6,15-30m,101.9,0,0.0,16,15,0.9375,30.29
nuscenes_mini_subset,scene-0103_004,yaw,1.0,deg,9,Car,vehicle,39.7,>30m,76.4,0,0.0,0,0,,
nuscenes_mini_subset,scene-0103_004,yaw,1.0,deg,10,Car,vehicle,34.8,>30m,113.3,0,0.0,1,1,1.0,22.66
nuscenes_mini_subset,scene-0103_004,yaw,1.0,deg,11,Pedestrian,pedestrian,39.7,>30m,25.3,2,0.0,1,0,0.0,23.42
nuscenes_mini_subset,scene-0103_004,yaw,1.0,deg,12,Pedestrian,pedestrian,17.8,15-30m,76.8,0,0.0,9,7,0.7778,28.35
nuscenes_mini_subset,scene-0103_004,yaw,1.0,deg,13,Pedestrian,pedestrian,23.1,15-30m,38.2,0,0.0,3,0,0.0,26.03
nuscenes_mini_subset,scene-0103_004,yaw,1.0,deg,14,Car,vehicle,64.3,>30m,50.8,1,0.0,0,0,,
nuscenes_mini_subset,scene-0103_004,yaw,1.0,deg,16,Car,vehicle,14.3,0-15m,331.8,0,0.0,53,53,1.0,24.58
nuscenes_mini_subset,scene-0103_004,yaw,1.0,deg,17,Car,vehicle,49.2,>30m,62.8,0,0.0,5,4,0.8,22.78
nuscenes_mini_subset,scene-0103_004,yaw,1.0,deg,18,Pedestrian,pedestrian,22.9,15-30m,42.7,2,0.0,2,0,0.0,27.63
nuscenes_mini_subset,scene-0103_004,yaw,1.0,deg,19,Pedestrian,pedestrian,41.9,>30m,28.9,0,0.0,1,0,0.0,24.15
nuscenes_mini_subset,scene-0103_004,yaw,1.0,deg,20,Pedestrian,pedestrian,59.4,>30m,15.5,0,0.0,2,0,0.0,23.41
nuscenes_mini_subset,scene-0103_004,yaw,1.0,deg,21,Truck,vehicle,97.3,>30m,42.9,2,0.0,1,0,0.0,21.91
nuscenes_mini_subset,scene-0103_004,yaw,1.0,deg,22,Pedestrian,pedestrian,18.1,15-30m,50.1,0,0.38,9,7,0.7778,30.13
nuscenes_mini_subset,scene-0103_004,yaw,2.0,deg,0,Pedestrian,pedestrian,19.8,15-30m,52.7,0,0.34,0,0,,
nuscenes_mini_subset,scene-0103_004,yaw,2.0,deg,1,Pedestrian,pedestrian,20.5,15-30m,53.1,0,0.0,6,0,0.0,52.65
nuscenes_mini_subset,scene-0103_004,yaw,2.0,deg,2,Car,vehicle,40.8,>30m,66.3,0,0.0,1,0,0.0,44.58
nuscenes_mini_subset,scene-0103_004,yaw,2.0,deg,3,Pedestrian,pedestrian,39.3,>30m,22.4,2,0.0,0,0,,
nuscenes_mini_subset,scene-0103_004,yaw,2.0,deg,4,Car,vehicle,50.6,>30m,129.7,1,0.0,0,0,,
nuscenes_mini_subset,scene-0103_004,yaw,2.0,deg,5,Pedestrian,pedestrian,16.3,15-30m,9.4,0,0.91,10,1,0.1,
nuscenes_mini_subset,scene-0103_004,yaw,2.0,deg,6,Pedestrian,pedestrian,21.3,15-30m,43.9,0,0.0,7,0,0.0,54.39
nuscenes_mini_subset,scene-0103_004,yaw,2.0,deg,7,Car,vehicle,50.7,>30m,116.7,2,0.0,1,1,1.0,46.15
nuscenes_mini_subset,scene-0103_004,yaw,2.0,deg,8,Pedestrian,pedestrian,15.6,15-30m,101.9,0,0.0,16,7,0.4375,61.24
nuscenes_mini_subset,scene-0103_004,yaw,2.0,deg,9,Car,vehicle,39.7,>30m,76.4,0,0.0,0,0,,
nuscenes_mini_subset,scene-0103_004,yaw,2.0,deg,10,Car,vehicle,34.8,>30m,113.3,0,0.0,1,0,0.0,45.44
nuscenes_mini_subset,scene-0103_004,yaw,2.0,deg,11,Pedestrian,pedestrian,39.7,>30m,25.3,2,0.0,1,0,0.0,47.05
nuscenes_mini_subset,scene-0103_004,yaw,2.0,deg,12,Pedestrian,pedestrian,17.8,15-30m,76.8,0,0.0,9,0,0.0,56.19
nuscenes_mini_subset,scene-0103_004,yaw,2.0,deg,13,Pedestrian,pedestrian,23.1,15-30m,38.2,0,0.0,3,0,0.0,51.69
nuscenes_mini_subset,scene-0103_004,yaw,2.0,deg,14,Car,vehicle,64.3,>30m,50.8,1,0.0,0,0,,
nuscenes_mini_subset,scene-0103_004,yaw,2.0,deg,16,Car,vehicle,14.3,0-15m,331.8,0,0.0,53,51,0.9623,49.42
nuscenes_mini_subset,scene-0103_004,yaw,2.0,deg,17,Car,vehicle,49.2,>30m,62.8,0,0.0,5,1,0.2,45.42
nuscenes_mini_subset,scene-0103_004,yaw,2.0,deg,18,Pedestrian,pedestrian,22.9,15-30m,42.7,2,0.0,2,0,0.0,54.8
nuscenes_mini_subset,scene-0103_004,yaw,2.0,deg,19,Pedestrian,pedestrian,41.9,>30m,28.9,0,0.0,1,0,0.0,48.06
nuscenes_mini_subset,scene-0103_004,yaw,2.0,deg,20,Pedestrian,pedestrian,59.4,>30m,15.5,0,0.0,2,0,0.0,46.61
nuscenes_mini_subset,scene-0103_004,yaw,2.0,deg,21,Truck,vehicle,97.3,>30m,42.9,2,0.0,1,0,0.0,43.82
nuscenes_mini_subset,scene-0103_004,yaw,2.0,deg,22,Pedestrian,pedestrian,18.1,15-30m,50.1,0,0.38,9,0,0.0,59.65
nuscenes_mini_subset,scene-0103_004,yaw,3.0,deg,0,Pedestrian,pedestrian,19.8,15-30m,52.7,0,0.34,0,0,,
nuscenes_mini_subset,scene-0103_004,yaw,3.0,deg,1,Pedestrian,pedestrian,20.5,15-30m,53.1,0,0.0,6,0,0.0,78.41
nuscenes_mini_subset,scene-0103_004,yaw,3.0,deg,2,Car,vehicle,40.8,>30m,66.3,0,0.0,1,0,0.0,66.77
nuscenes_mini_subset,scene-0103_004,yaw,3.0,deg,3,Pedestrian,pedestrian,39.3,>30m,22.4,2,0.0,0,0,,
nuscenes_mini_subset,scene-0103_004,yaw,3.0,deg,4,Car,vehicle,50.6,>30m,129.7,1,0.0,0,0,,
nuscenes_mini_subset,scene-0103_004,yaw,3.0,deg,5,Pedestrian,pedestrian,16.3,15-30m,9.4,0,0.91,10,0,0.0,
nuscenes_mini_subset,scene-0103_004,yaw,3.0,deg,6,Pedestrian,pedestrian,21.3,15-30m,43.9,0,0.0,7,0,0.0,80.93
nuscenes_mini_subset,scene-0103_004,yaw,3.0,deg,7,Car,vehicle,50.7,>30m,116.7,2,0.0,1,0,0.0,69.51
nuscenes_mini_subset,scene-0103_004,yaw,3.0,deg,8,Pedestrian,pedestrian,15.6,15-30m,101.9,0,0.0,11,0,0.0,92.35
nuscenes_mini_subset,scene-0103_004,yaw,3.0,deg,9,Car,vehicle,39.7,>30m,76.4,0,0.0,0,0,,
nuscenes_mini_subset,scene-0103_004,yaw,3.0,deg,10,Car,vehicle,34.8,>30m,113.3,0,0.0,1,0,0.0,68.36
nuscenes_mini_subset,scene-0103_004,yaw,3.0,deg,11,Pedestrian,pedestrian,39.7,>30m,25.3,2,0.0,1,0,0.0,70.9
nuscenes_mini_subset,scene-0103_004,yaw,3.0,deg,12,Pedestrian,pedestrian,17.8,15-30m,76.8,0,0.0,9,0,0.0,83.56
nuscenes_mini_subset,scene-0103_004,yaw,3.0,deg,13,Pedestrian,pedestrian,23.1,15-30m,38.2,0,0.0,3,0,0.0,77.01
nuscenes_mini_subset,scene-0103_004,yaw,3.0,deg,14,Car,vehicle,64.3,>30m,50.8,1,0.0,0,0,,
nuscenes_mini_subset,scene-0103_004,yaw,3.0,deg,16,Car,vehicle,14.3,0-15m,331.8,0,0.0,53,47,0.8868,74.55
nuscenes_mini_subset,scene-0103_004,yaw,3.0,deg,17,Car,vehicle,49.2,>30m,62.8,0,0.0,5,0,0.0,67.94
nuscenes_mini_subset,scene-0103_004,yaw,3.0,deg,18,Pedestrian,pedestrian,22.9,15-30m,42.7,2,0.0,2,0,0.0,81.53
nuscenes_mini_subset,scene-0103_004,yaw,3.0,deg,19,Pedestrian,pedestrian,41.9,>30m,28.9,0,0.0,1,0,0.0,71.73
nuscenes_mini_subset,scene-0103_004,yaw,3.0,deg,20,Pedestrian,pedestrian,59.4,>30m,15.5,0,0.0,2,0,0.0,69.64
nuscenes_mini_subset,scene-0103_004,yaw,3.0,deg,21,Truck,vehicle,97.3,>30m,42.9,2,0.0,1,0,0.0,65.76
nuscenes_mini_subset,scene-0103_004,yaw,3.0,deg,22,Pedestrian,pedestrian,18.1,15-30m,50.1,0,0.38,9,0,0.0,88.6
nuscenes_mini_subset,scene-0103_004,pitch,0.0,deg,0,Pedestrian,pedestrian,19.8,15-30m,52.7,0,0.34,10,10,1.0,0.0
nuscenes_mini_subset,scene-0103_004,pitch,0.0,deg,1,Pedestrian,pedestrian,20.5,15-30m,53.1,0,0.0,6,6,1.0,0.0
nuscenes_mini_subset,scene-0103_004,pitch,0.0,deg,2,Car,vehicle,40.8,>30m,66.3,0,0.0,1,1,1.0,0.0
nuscenes_mini_subset,scene-0103_004,pitch,0.0,deg,3,Pedestrian,pedestrian,39.3,>30m,22.4,2,0.0,0,0,,
nuscenes_mini_subset,scene-0103_004,pitch,0.0,deg,4,Car,vehicle,50.6,>30m,129.7,1,0.0,0,0,,
nuscenes_mini_subset,scene-0103_004,pitch,0.0,deg,5,Pedestrian,pedestrian,16.3,15-30m,9.4,0,0.91,0,0,,
nuscenes_mini_subset,scene-0103_004,pitch,0.0,deg,6,Pedestrian,pedestrian,21.3,15-30m,43.9,0,0.0,7,7,1.0,0.0
nuscenes_mini_subset,scene-0103_004,pitch,0.0,deg,7,Car,vehicle,50.7,>30m,116.7,2,0.0,1,1,1.0,0.0
nuscenes_mini_subset,scene-0103_004,pitch,0.0,deg,8,Pedestrian,pedestrian,15.6,15-30m,101.9,0,0.0,16,16,1.0,0.0
nuscenes_mini_subset,scene-0103_004,pitch,0.0,deg,9,Car,vehicle,39.7,>30m,76.4,0,0.0,0,0,,
nuscenes_mini_subset,scene-0103_004,pitch,0.0,deg,10,Car,vehicle,34.8,>30m,113.3,0,0.0,1,1,1.0,0.0
nuscenes_mini_subset,scene-0103_004,pitch,0.0,deg,11,Pedestrian,pedestrian,39.7,>30m,25.3,2,0.0,1,1,1.0,0.0
nuscenes_mini_subset,scene-0103_004,pitch,0.0,deg,12,Pedestrian,pedestrian,17.8,15-30m,76.8,0,0.0,9,9,1.0,0.0
nuscenes_mini_subset,scene-0103_004,pitch,0.0,deg,13,Pedestrian,pedestrian,23.1,15-30m,38.2,0,0.0,3,3,1.0,0.0
nuscenes_mini_subset,scene-0103_004,pitch,0.0,deg,14,Car,vehicle,64.3,>30m,50.8,1,0.0,0,0,,
nuscenes_mini_subset,scene-0103_004,pitch,0.0,deg,16,Car,vehicle,14.3,0-15m,331.8,0,0.0,53,53,1.0,0.0
nuscenes_mini_subset,scene-0103_004,pitch,0.0,deg,17,Car,vehicle,49.2,>30m,62.8,0,0.0,5,5,1.0,0.0
nuscenes_mini_subset,scene-0103_004,pitch,0.0,deg,18,Pedestrian,pedestrian,22.9,15-30m,42.7,2,0.0,2,2,1.0,0.0
nuscenes_mini_subset,scene-0103_004,pitch,0.0,deg,19,Pedestrian,pedestrian,41.9,>30m,28.9,0,0.0,1,1,1.0,0.0
nuscenes_mini_subset,scene-0103_004,pitch,0.0,deg,20,Pedestrian,pedestrian,59.4,>30m,15.5,0,0.0,2,2,1.0,0.0
nuscenes_mini_subset,scene-0103_004,pitch,0.0,deg,21,Truck,vehicle,97.3,>30m,42.9,2,0.0,1,1,1.0,0.0
nuscenes_mini_subset,scene-0103_004,pitch,0.0,deg,22,Pedestrian,pedestrian,18.1,15-30m,50.1,0,0.38,6,6,1.0,0.0
nuscenes_mini_subset,scene-0103_004,pitch,0.25,deg,0,Pedestrian,pedestrian,19.8,15-30m,52.7,0,0.34,10,10,1.0,3.63
nuscenes_mini_subset,scene-0103_004,pitch,0.25,deg,1,Pedestrian,pedestrian,20.5,15-30m,53.1,0,0.0,6,6,1.0,2.37
nuscenes_mini_subset,scene-0103_004,pitch,0.25,deg,2,Car,vehicle,40.8,>30m,66.3,0,0.0,1,1,1.0,0.62
nuscenes_mini_subset,scene-0103_004,pitch,0.25,deg,3,Pedestrian,pedestrian,39.3,>30m,22.4,2,0.0,0,0,,
nuscenes_mini_subset,scene-0103_004,pitch,0.25,deg,4,Car,vehicle,50.6,>30m,129.7,1,0.0,0,0,,
nuscenes_mini_subset,scene-0103_004,pitch,0.25,deg,5,Pedestrian,pedestrian,16.3,15-30m,9.4,0,0.91,0,0,,
nuscenes_mini_subset,scene-0103_004,pitch,0.25,deg,6,Pedestrian,pedestrian,21.3,15-30m,43.9,0,0.0,7,7,1.0,2.62
nuscenes_mini_subset,scene-0103_004,pitch,0.25,deg,7,Car,vehicle,50.7,>30m,116.7,2,0.0,1,1,1.0,1.2
nuscenes_mini_subset,scene-0103_004,pitch,0.25,deg,8,Pedestrian,pedestrian,15.6,15-30m,101.9,0,0.0,16,16,1.0,3.25
nuscenes_mini_subset,scene-0103_004,pitch,0.25,deg,9,Car,vehicle,39.7,>30m,76.4,0,0.0,0,0,,
nuscenes_mini_subset,scene-0103_004,pitch,0.25,deg,10,Car,vehicle,34.8,>30m,113.3,0,0.0,1,1,1.0,0.86
nuscenes_mini_subset,scene-0103_004,pitch,0.25,deg,11,Pedestrian,pedestrian,39.7,>30m,25.3,2,0.0,1,1,1.0,1.4
nuscenes_mini_subset,scene-0103_004,pitch,0.25,deg,12,Pedestrian,pedestrian,17.8,15-30m,76.8,0,0.0,9,9,1.0,2.82
nuscenes_mini_subset,scene-0103_004,pitch,0.25,deg,13,Pedestrian,pedestrian,23.1,15-30m,38.2,0,0.0,3,3,1.0,2.24
nuscenes_mini_subset,scene-0103_004,pitch,0.25,deg,14,Car,vehicle,64.3,>30m,50.8,1,0.0,0,0,,
nuscenes_mini_subset,scene-0103_004,pitch,0.25,deg,16,Car,vehicle,14.3,0-15m,331.8,0,0.0,53,53,1.0,1.62
nuscenes_mini_subset,scene-0103_004,pitch,0.25,deg,17,Car,vehicle,49.2,>30m,62.8,0,0.0,5,5,1.0,1.02
nuscenes_mini_subset,scene-0103_004,pitch,0.25,deg,18,Pedestrian,pedestrian,22.9,15-30m,42.7,2,0.0,2,2,1.0,2.7
nuscenes_mini_subset,scene-0103_004,pitch,0.25,deg,19,Pedestrian,pedestrian,41.9,>30m,28.9,0,0.0,1,1,1.0,1.69
nuscenes_mini_subset,scene-0103_004,pitch,0.25,deg,20,Pedestrian,pedestrian,59.4,>30m,15.5,0,0.0,2,0,0.0,1.39
nuscenes_mini_subset,scene-0103_004,pitch,0.25,deg,21,Truck,vehicle,97.3,>30m,42.9,2,0.0,1,1,1.0,0.4
nuscenes_mini_subset,scene-0103_004,pitch,0.25,deg,22,Pedestrian,pedestrian,18.1,15-30m,50.1,0,0.38,6,6,1.0,3.22
nuscenes_mini_subset,scene-0103_004,pitch,0.5,deg,0,Pedestrian,pedestrian,19.8,15-30m,52.7,0,0.34,10,10,1.0,7.27
nuscenes_mini_subset,scene-0103_004,pitch,0.5,deg,1,Pedestrian,pedestrian,20.5,15-30m,53.1,0,0.0,6,6,1.0,4.74
nuscenes_mini_subset,scene-0103_004,pitch,0.5,deg,2,Car,vehicle,40.8,>30m,66.3,0,0.0,1,1,1.0,1.24
nuscenes_mini_subset,scene-0103_004,pitch,0.5,deg,3,Pedestrian,pedestrian,39.3,>30m,22.4,2,0.0,0,0,,
nuscenes_mini_subset,scene-0103_004,pitch,0.5,deg,4,Car,vehicle,50.6,>30m,129.7,1,0.0,0,0,,
nuscenes_mini_subset,scene-0103_004,pitch,0.5,deg,5,Pedestrian,pedestrian,16.3,15-30m,9.4,0,0.91,0,0,,
nuscenes_mini_subset,scene-0103_004,pitch,0.5,deg,6,Pedestrian,pedestrian,21.3,15-30m,43.9,0,0.0,7,6,0.8571,5.23
nuscenes_mini_subset,scene-0103_004,pitch,0.5,deg,7,Car,vehicle,50.7,>30m,116.7,2,0.0,1,1,1.0,2.39
nuscenes_mini_subset,scene-0103_004,pitch,0.5,deg,8,Pedestrian,pedestrian,15.6,15-30m,101.9,0,0.0,16,16,1.0,6.51
nuscenes_mini_subset,scene-0103_004,pitch,0.5,deg,9,Car,vehicle,39.7,>30m,76.4,0,0.0,0,0,,
nuscenes_mini_subset,scene-0103_004,pitch,0.5,deg,10,Car,vehicle,34.8,>30m,113.3,0,0.0,1,1,1.0,1.71
nuscenes_mini_subset,scene-0103_004,pitch,0.5,deg,11,Pedestrian,pedestrian,39.7,>30m,25.3,2,0.0,1,1,1.0,2.8
nuscenes_mini_subset,scene-0103_004,pitch,0.5,deg,12,Pedestrian,pedestrian,17.8,15-30m,76.8,0,0.0,9,9,1.0,5.64
nuscenes_mini_subset,scene-0103_004,pitch,0.5,deg,13,Pedestrian,pedestrian,23.1,15-30m,38.2,0,0.0,3,3,1.0,4.48
nuscenes_mini_subset,scene-0103_004,pitch,0.5,deg,14,Car,vehicle,64.3,>30m,50.8,1,0.0,0,0,,
nuscenes_mini_subset,scene-0103_004,pitch,0.5,deg,16,Car,vehicle,14.3,0-15m,331.8,0,0.0,53,53,1.0,3.25
nuscenes_mini_subset,scene-0103_004,pitch,0.5,deg,17,Car,vehicle,49.2,>30m,62.8,0,0.0,5,5,1.0,2.04
nuscenes_mini_subset,scene-0103_004,pitch,0.5,deg,18,Pedestrian,pedestrian,22.9,15-30m,42.7,2,0.0,2,2,1.0,5.4
nuscenes_mini_subset,scene-0103_004,pitch,0.5,deg,19,Pedestrian,pedestrian,41.9,>30m,28.9,0,0.0,1,1,1.0,3.39
nuscenes_mini_subset,scene-0103_004,pitch,0.5,deg,20,Pedestrian,pedestrian,59.4,>30m,15.5,0,0.0,2,0,0.0,2.79
nuscenes_mini_subset,scene-0103_004,pitch,0.5,deg,21,Truck,vehicle,97.3,>30m,42.9,2,0.0,1,1,1.0,0.79
nuscenes_mini_subset,scene-0103_004,pitch,0.5,deg,22,Pedestrian,pedestrian,18.1,15-30m,50.1,0,0.38,6,6,1.0,6.45
nuscenes_mini_subset,scene-0103_004,pitch,1.0,deg,0,Pedestrian,pedestrian,19.8,15-30m,52.7,0,0.34,10,10,1.0,14.53
nuscenes_mini_subset,scene-0103_004,pitch,1.0,deg,1,Pedestrian,pedestrian,20.5,15-30m,53.1,0,0.0,6,6,1.0,9.47
nuscenes_mini_subset,scene-0103_004,pitch,1.0,deg,2,Car,vehicle,40.8,>30m,66.3,0,0.0,1,1,1.0,2.47
nuscenes_mini_subset,scene-0103_004,pitch,1.0,deg,3,Pedestrian,pedestrian,39.3,>30m,22.4,2,0.0,0,0,,
nuscenes_mini_subset,scene-0103_004,pitch,1.0,deg,4,Car,vehicle,50.6,>30m,129.7,1,0.0,0,0,,
nuscenes_mini_subset,scene-0103_004,pitch,1.0,deg,5,Pedestrian,pedestrian,16.3,15-30m,9.4,0,0.91,0,0,,
nuscenes_mini_subset,scene-0103_004,pitch,1.0,deg,6,Pedestrian,pedestrian,21.3,15-30m,43.9,0,0.0,7,6,0.8571,10.47
nuscenes_mini_subset,scene-0103_004,pitch,1.0,deg,7,Car,vehicle,50.7,>30m,116.7,2,0.0,1,1,1.0,4.79
nuscenes_mini_subset,scene-0103_004,pitch,1.0,deg,8,Pedestrian,pedestrian,15.6,15-30m,101.9,0,0.0,16,16,1.0,13.01
nuscenes_mini_subset,scene-0103_004,pitch,1.0,deg,9,Car,vehicle,39.7,>30m,76.4,0,0.0,0,0,,
nuscenes_mini_subset,scene-0103_004,pitch,1.0,deg,10,Car,vehicle,34.8,>30m,113.3,0,0.0,1,1,1.0,3.43
nuscenes_mini_subset,scene-0103_004,pitch,1.0,deg,11,Pedestrian,pedestrian,39.7,>30m,25.3,2,0.0,1,1,1.0,5.6
nuscenes_mini_subset,scene-0103_004,pitch,1.0,deg,12,Pedestrian,pedestrian,17.8,15-30m,76.8,0,0.0,9,8,0.8889,11.28
nuscenes_mini_subset,scene-0103_004,pitch,1.0,deg,13,Pedestrian,pedestrian,23.1,15-30m,38.2,0,0.0,3,3,1.0,8.97
nuscenes_mini_subset,scene-0103_004,pitch,1.0,deg,14,Car,vehicle,64.3,>30m,50.8,1,0.0,0,0,,
nuscenes_mini_subset,scene-0103_004,pitch,1.0,deg,16,Car,vehicle,14.3,0-15m,331.8,0,0.0,53,53,1.0,6.49
nuscenes_mini_subset,scene-0103_004,pitch,1.0,deg,17,Car,vehicle,49.2,>30m,62.8,0,0.0,5,5,1.0,4.08
nuscenes_mini_subset,scene-0103_004,pitch,1.0,deg,18,Pedestrian,pedestrian,22.9,15-30m,42.7,2,0.0,2,2,1.0,10.79
nuscenes_mini_subset,scene-0103_004,pitch,1.0,deg,19,Pedestrian,pedestrian,41.9,>30m,28.9,0,0.0,1,1,1.0,6.77
nuscenes_mini_subset,scene-0103_004,pitch,1.0,deg,20,Pedestrian,pedestrian,59.4,>30m,15.5,0,0.0,2,0,0.0,5.58
nuscenes_mini_subset,scene-0103_004,pitch,1.0,deg,21,Truck,vehicle,97.3,>30m,42.9,2,0.0,1,1,1.0,1.58
nuscenes_mini_subset,scene-0103_004,pitch,1.0,deg,22,Pedestrian,pedestrian,18.1,15-30m,50.1,0,0.38,6,4,0.6667,12.89
nuscenes_mini_subset,scene-0103_004,pitch,2.0,deg,0,Pedestrian,pedestrian,19.8,15-30m,52.7,0,0.34,10,8,0.8,29.05
nuscenes_mini_subset,scene-0103_004,pitch,2.0,deg,1,Pedestrian,pedestrian,20.5,15-30m,53.1,0,0.0,6,6,1.0,18.95
nuscenes_mini_subset,scene-0103_004,pitch,2.0,deg,2,Car,vehicle,40.8,>30m,66.3,0,0.0,1,1,1.0,4.95
nuscenes_mini_subset,scene-0103_004,pitch,2.0,deg,3,Pedestrian,pedestrian,39.3,>30m,22.4,2,0.0,0,0,,
nuscenes_mini_subset,scene-0103_004,pitch,2.0,deg,4,Car,vehicle,50.6,>30m,129.7,1,0.0,0,0,,
nuscenes_mini_subset,scene-0103_004,pitch,2.0,deg,5,Pedestrian,pedestrian,16.3,15-30m,9.4,0,0.91,0,0,,
nuscenes_mini_subset,scene-0103_004,pitch,2.0,deg,6,Pedestrian,pedestrian,21.3,15-30m,43.9,0,0.0,7,6,0.8571,20.94
nuscenes_mini_subset,scene-0103_004,pitch,2.0,deg,7,Car,vehicle,50.7,>30m,116.7,2,0.0,1,1,1.0,9.57
nuscenes_mini_subset,scene-0103_004,pitch,2.0,deg,8,Pedestrian,pedestrian,15.6,15-30m,101.9,0,0.0,16,16,1.0,26.02
nuscenes_mini_subset,scene-0103_004,pitch,2.0,deg,9,Car,vehicle,39.7,>30m,76.4,0,0.0,0,0,,
nuscenes_mini_subset,scene-0103_004,pitch,2.0,deg,10,Car,vehicle,34.8,>30m,113.3,0,0.0,1,1,1.0,6.85
nuscenes_mini_subset,scene-0103_004,pitch,2.0,deg,11,Pedestrian,pedestrian,39.7,>30m,25.3,2,0.0,1,1,1.0,11.2
nuscenes_mini_subset,scene-0103_004,pitch,2.0,deg,12,Pedestrian,pedestrian,17.8,15-30m,76.8,0,0.0,9,8,0.8889,22.57
nuscenes_mini_subset,scene-0103_004,pitch,2.0,deg,13,Pedestrian,pedestrian,23.1,15-30m,38.2,0,0.0,3,3,1.0,17.94
nuscenes_mini_subset,scene-0103_004,pitch,2.0,deg,14,Car,vehicle,64.3,>30m,50.8,1,0.0,0,0,,
nuscenes_mini_subset,scene-0103_004,pitch,2.0,deg,16,Car,vehicle,14.3,0-15m,331.8,0,0.0,53,53,1.0,12.98
nuscenes_mini_subset,scene-0103_004,pitch,2.0,deg,17,Car,vehicle,49.2,>30m,62.8,0,0.0,5,5,1.0,8.15
nuscenes_mini_subset,scene-0103_004,pitch,2.0,deg,18,Pedestrian,pedestrian,22.9,15-30m,42.7,2,0.0,2,2,1.0,21.59
nuscenes_mini_subset,scene-0103_004,pitch,2.0,deg,19,Pedestrian,pedestrian,41.9,>30m,28.9,0,0.0,1,1,1.0,13.55
nuscenes_mini_subset,scene-0103_004,pitch,2.0,deg,20,Pedestrian,pedestrian,59.4,>30m,15.5,0,0.0,2,0,0.0,11.16
nuscenes_mini_subset,scene-0103_004,pitch,2.0,deg,21,Truck,vehicle,97.3,>30m,42.9,2,0.0,1,1,1.0,3.16
nuscenes_mini_subset,scene-0103_004,pitch,2.0,deg,22,Pedestrian,pedestrian,18.1,15-30m,50.1,0,0.38,6,4,0.6667,25.79
nuscenes_mini_subset,scene-0103_004,pitch,3.0,deg,0,Pedestrian,pedestrian,19.8,15-30m,52.7,0,0.34,10,8,0.8,43.55
nuscenes_mini_subset,scene-0103_004,pitch,3.0,deg,1,Pedestrian,pedestrian,20.5,15-30m,53.1,0,0.0,6,6,1.0,28.42
nuscenes_mini_subset,scene-0103_004,pitch,3.0,deg,2,Car,vehicle,40.8,>30m,66.3,0,0.0,1,1,1.0,7.42
nuscenes_mini_subset,scene-0103_004,pitch,3.0,deg,3,Pedestrian,pedestrian,39.3,>30m,22.4,2,0.0,0,0,,
nuscenes_mini_subset,scene-0103_004,pitch,3.0,deg,4,Car,vehicle,50.6,>30m,129.7,1,0.0,0,0,,
nuscenes_mini_subset,scene-0103_004,pitch,3.0,deg,5,Pedestrian,pedestrian,16.3,15-30m,9.4,0,0.91,0,0,,
nuscenes_mini_subset,scene-0103_004,pitch,3.0,deg,6,Pedestrian,pedestrian,21.3,15-30m,43.9,0,0.0,7,6,0.8571,31.42
nuscenes_mini_subset,scene-0103_004,pitch,3.0,deg,7,Car,vehicle,50.7,>30m,116.7,2,0.0,1,1,1.0,14.36
nuscenes_mini_subset,scene-0103_004,pitch,3.0,deg,8,Pedestrian,pedestrian,15.6,15-30m,101.9,0,0.0,16,14,0.875,39.01
nuscenes_mini_subset,scene-0103_004,pitch,3.0,deg,9,Car,vehicle,39.7,>30m,76.4,0,0.0,0,0,,
nuscenes_mini_subset,scene-0103_004,pitch,3.0,deg,10,Car,vehicle,34.8,>30m,113.3,0,0.0,1,1,1.0,10.28
nuscenes_mini_subset,scene-0103_004,pitch,3.0,deg,11,Pedestrian,pedestrian,39.7,>30m,25.3,2,0.0,1,1,1.0,16.79
nuscenes_mini_subset,scene-0103_004,pitch,3.0,deg,12,Pedestrian,pedestrian,17.8,15-30m,76.8,0,0.0,9,8,0.8889,33.87
nuscenes_mini_subset,scene-0103_004,pitch,3.0,deg,13,Pedestrian,pedestrian,23.1,15-30m,38.2,0,0.0,3,3,1.0,26.92
nuscenes_mini_subset,scene-0103_004,pitch,3.0,deg,14,Car,vehicle,64.3,>30m,50.8,1,0.0,0,0,,
nuscenes_mini_subset,scene-0103_004,pitch,3.0,deg,16,Car,vehicle,14.3,0-15m,331.8,0,0.0,53,53,1.0,19.47
nuscenes_mini_subset,scene-0103_004,pitch,3.0,deg,17,Car,vehicle,49.2,>30m,62.8,0,0.0,5,0,0.0,12.23
nuscenes_mini_subset,scene-0103_004,pitch,3.0,deg,18,Pedestrian,pedestrian,22.9,15-30m,42.7,2,0.0,2,2,1.0,32.4
nuscenes_mini_subset,scene-0103_004,pitch,3.0,deg,19,Pedestrian,pedestrian,41.9,>30m,28.9,0,0.0,1,1,1.0,20.33
nuscenes_mini_subset,scene-0103_004,pitch,3.0,deg,20,Pedestrian,pedestrian,59.4,>30m,15.5,0,0.0,2,0,0.0,16.74
nuscenes_mini_subset,scene-0103_004,pitch,3.0,deg,21,Truck,vehicle,97.3,>30m,42.9,2,0.0,1,1,1.0,4.74
nuscenes_mini_subset,scene-0103_004,pitch,3.0,deg,22,Pedestrian,pedestrian,18.1,15-30m,50.1,0,0.38,6,4,0.6667,38.7
nuscenes_mini_subset,scene-0103_004,roll,0.0,deg,0,Pedestrian,pedestrian,19.8,15-30m,52.7,0,0.34,10,10,1.0,0.0
nuscenes_mini_subset,scene-0103_004,roll,0.0,deg,1,Pedestrian,pedestrian,20.5,15-30m,53.1,0,0.0,6,6,1.0,0.0
nuscenes_mini_subset,scene-0103_004,roll,0.0,deg,2,Car,vehicle,40.8,>30m,66.3,0,0.0,1,1,1.0,0.0
nuscenes_mini_subset,scene-0103_004,roll,0.0,deg,3,Pedestrian,pedestrian,39.3,>30m,22.4,2,0.0,0,0,,
nuscenes_mini_subset,scene-0103_004,roll,0.0,deg,4,Car,vehicle,50.6,>30m,129.7,1,0.0,0,0,,
nuscenes_mini_subset,scene-0103_004,roll,0.0,deg,5,Pedestrian,pedestrian,16.3,15-30m,9.4,0,0.91,0,0,,
nuscenes_mini_subset,scene-0103_004,roll,0.0,deg,6,Pedestrian,pedestrian,21.3,15-30m,43.9,0,0.0,7,7,1.0,0.0
nuscenes_mini_subset,scene-0103_004,roll,0.0,deg,7,Car,vehicle,50.7,>30m,116.7,2,0.0,1,1,1.0,0.0
nuscenes_mini_subset,scene-0103_004,roll,0.0,deg,8,Pedestrian,pedestrian,15.6,15-30m,101.9,0,0.0,16,16,1.0,0.0
nuscenes_mini_subset,scene-0103_004,roll,0.0,deg,9,Car,vehicle,39.7,>30m,76.4,0,0.0,0,0,,
nuscenes_mini_subset,scene-0103_004,roll,0.0,deg,10,Car,vehicle,34.8,>30m,113.3,0,0.0,1,1,1.0,0.0
nuscenes_mini_subset,scene-0103_004,roll,0.0,deg,11,Pedestrian,pedestrian,39.7,>30m,25.3,2,0.0,1,1,1.0,0.0
nuscenes_mini_subset,scene-0103_004,roll,0.0,deg,12,Pedestrian,pedestrian,17.8,15-30m,76.8,0,0.0,9,9,1.0,0.0
nuscenes_mini_subset,scene-0103_004,roll,0.0,deg,13,Pedestrian,pedestrian,23.1,15-30m,38.2,0,0.0,3,3,1.0,0.0
nuscenes_mini_subset,scene-0103_004,roll,0.0,deg,14,Car,vehicle,64.3,>30m,50.8,1,0.0,0,0,,
nuscenes_mini_subset,scene-0103_004,roll,0.0,deg,16,Car,vehicle,14.3,0-15m,331.8,0,0.0,53,53,1.0,0.0
nuscenes_mini_subset,scene-0103_004,roll,0.0,deg,17,Car,vehicle,49.2,>30m,62.8,0,0.0,5,5,1.0,0.0
nuscenes_mini_subset,scene-0103_004,roll,0.0,deg,18,Pedestrian,pedestrian,22.9,15-30m,42.7,2,0.0,2,2,1.0,0.0
nuscenes_mini_subset,scene-0103_004,roll,0.0,deg,19,Pedestrian,pedestrian,41.9,>30m,28.9,0,0.0,1,1,1.0,0.0
nuscenes_mini_subset,scene-0103_004,roll,0.0,deg,20,Pedestrian,pedestrian,59.4,>30m,15.5,0,0.0,2,2,1.0,0.0
nuscenes_mini_subset,scene-0103_004,roll,0.0,deg,21,Truck,vehicle,97.3,>30m,42.9,2,0.0,1,1,1.0,0.0
nuscenes_mini_subset,scene-0103_004,roll,0.0,deg,22,Pedestrian,pedestrian,18.1,15-30m,50.1,0,0.38,6,6,1.0,0.0
nuscenes_mini_subset,scene-0103_004,roll,0.25,deg,0,Pedestrian,pedestrian,19.8,15-30m,52.7,0,0.34,10,10,1.0,5.59
nuscenes_mini_subset,scene-0103_004,roll,0.25,deg,1,Pedestrian,pedestrian,20.5,15-30m,53.1,0,0.0,6,6,1.0,5.63
nuscenes_mini_subset,scene-0103_004,roll,0.25,deg,2,Car,vehicle,40.8,>30m,66.3,0,0.0,1,1,1.0,5.53
nuscenes_mini_subset,scene-0103_004,roll,0.25,deg,3,Pedestrian,pedestrian,39.3,>30m,22.4,2,0.0,0,0,,
nuscenes_mini_subset,scene-0103_004,roll,0.25,deg,4,Car,vehicle,50.6,>30m,129.7,1,0.0,0,0,,
nuscenes_mini_subset,scene-0103_004,roll,0.25,deg,5,Pedestrian,pedestrian,16.3,15-30m,9.4,0,0.91,0,0,,
nuscenes_mini_subset,scene-0103_004,roll,0.25,deg,6,Pedestrian,pedestrian,21.3,15-30m,43.9,0,0.0,7,7,1.0,5.63
nuscenes_mini_subset,scene-0103_004,roll,0.25,deg,7,Car,vehicle,50.7,>30m,116.7,2,0.0,1,1,1.0,5.5
nuscenes_mini_subset,scene-0103_004,roll,0.25,deg,8,Pedestrian,pedestrian,15.6,15-30m,101.9,0,0.0,16,16,1.0,5.63
nuscenes_mini_subset,scene-0103_004,roll,0.25,deg,9,Car,vehicle,39.7,>30m,76.4,0,0.0,0,0,,
nuscenes_mini_subset,scene-0103_004,roll,0.25,deg,10,Car,vehicle,34.8,>30m,113.3,0,0.0,1,1,1.0,5.53
nuscenes_mini_subset,scene-0103_004,roll,0.25,deg,11,Pedestrian,pedestrian,39.7,>30m,25.3,2,0.0,1,1,1.0,5.51
nuscenes_mini_subset,scene-0103_004,roll,0.25,deg,12,Pedestrian,pedestrian,17.8,15-30m,76.8,0,0.0,9,9,1.0,5.67
nuscenes_mini_subset,scene-0103_004,roll,0.25,deg,13,Pedestrian,pedestrian,23.1,15-30m,38.2,0,0.0,3,3,1.0,5.61
nuscenes_mini_subset,scene-0103_004,roll,0.25,deg,14,Car,vehicle,64.3,>30m,50.8,1,0.0,0,0,,
nuscenes_mini_subset,scene-0103_004,roll,0.25,deg,16,Car,vehicle,14.3,0-15m,331.8,0,0.0,53,53,1.0,5.68
nuscenes_mini_subset,scene-0103_004,roll,0.25,deg,17,Car,vehicle,49.2,>30m,62.8,0,0.0,5,5,1.0,5.53
nuscenes_mini_subset,scene-0103_004,roll,0.25,deg,18,Pedestrian,pedestrian,22.9,15-30m,42.7,2,0.0,2,2,1.0,5.62
nuscenes_mini_subset,scene-0103_004,roll,0.25,deg,19,Pedestrian,pedestrian,41.9,>30m,28.9,0,0.0,1,1,1.0,5.55
nuscenes_mini_subset,scene-0103_004,roll,0.25,deg,20,Pedestrian,pedestrian,59.4,>30m,15.5,0,0.0,2,2,1.0,5.53
nuscenes_mini_subset,scene-0103_004,roll,0.25,deg,21,Truck,vehicle,97.3,>30m,42.9,2,0.0,1,1,1.0,5.49
nuscenes_mini_subset,scene-0103_004,roll,0.25,deg,22,Pedestrian,pedestrian,18.1,15-30m,50.1,0,0.38,6,6,1.0,5.7
nuscenes_mini_subset,scene-0103_004,roll,0.5,deg,0,Pedestrian,pedestrian,19.8,15-30m,52.7,0,0.34,10,10,1.0,11.18
nuscenes_mini_subset,scene-0103_004,roll,0.5,deg,1,Pedestrian,pedestrian,20.5,15-30m,53.1,0,0.0,6,6,1.0,11.26
nuscenes_mini_subset,scene-0103_004,roll,0.5,deg,2,Car,vehicle,40.8,>30m,66.3,0,0.0,1,1,1.0,11.07
nuscenes_mini_subset,scene-0103_004,roll,0.5,deg,3,Pedestrian,pedestrian,39.3,>30m,22.4,2,0.0,0,0,,
nuscenes_mini_subset,scene-0103_004,roll,0.5,deg,4,Car,vehicle,50.6,>30m,129.7,1,0.0,0,0,,
nuscenes_mini_subset,scene-0103_004,roll,0.5,deg,5,Pedestrian,pedestrian,16.3,15-30m,9.4,0,0.91,0,0,,
nuscenes_mini_subset,scene-0103_004,roll,0.5,deg,6,Pedestrian,pedestrian,21.3,15-30m,43.9,0,0.0,7,7,1.0,11.27
nuscenes_mini_subset,scene-0103_004,roll,0.5,deg,7,Car,vehicle,50.7,>30m,116.7,2,0.0,1,1,1.0,11.0
nuscenes_mini_subset,scene-0103_004,roll,0.5,deg,8,Pedestrian,pedestrian,15.6,15-30m,101.9,0,0.0,16,16,1.0,11.25
nuscenes_mini_subset,scene-0103_004,roll,0.5,deg,9,Car,vehicle,39.7,>30m,76.4,0,0.0,0,0,,
nuscenes_mini_subset,scene-0103_004,roll,0.5,deg,10,Car,vehicle,34.8,>30m,113.3,0,0.0,1,1,1.0,11.06
nuscenes_mini_subset,scene-0103_004,roll,0.5,deg,11,Pedestrian,pedestrian,39.7,>30m,25.3,2,0.0,1,1,1.0,11.02
nuscenes_mini_subset,scene-0103_004,roll,0.5,deg,12,Pedestrian,pedestrian,17.8,15-30m,76.8,0,0.0,9,9,1.0,11.34
nuscenes_mini_subset,scene-0103_004,roll,0.5,deg,13,Pedestrian,pedestrian,23.1,15-30m,38.2,0,0.0,3,3,1.0,11.22
nuscenes_mini_subset,scene-0103_004,roll,0.5,deg,14,Car,vehicle,64.3,>30m,50.8,1,0.0,0,0,,
nuscenes_mini_subset,scene-0103_004,roll,0.5,deg,16,Car,vehicle,14.3,0-15m,331.8,0,0.0,53,53,1.0,11.35
nuscenes_mini_subset,scene-0103_004,roll,0.5,deg,17,Car,vehicle,49.2,>30m,62.8,0,0.0,5,5,1.0,11.06
nuscenes_mini_subset,scene-0103_004,roll,0.5,deg,18,Pedestrian,pedestrian,22.9,15-30m,42.7,2,0.0,2,2,1.0,11.24
nuscenes_mini_subset,scene-0103_004,roll,0.5,deg,19,Pedestrian,pedestrian,41.9,>30m,28.9,0,0.0,1,1,1.0,11.09
nuscenes_mini_subset,scene-0103_004,roll,0.5,deg,20,Pedestrian,pedestrian,59.4,>30m,15.5,0,0.0,2,2,1.0,11.05
nuscenes_mini_subset,scene-0103_004,roll,0.5,deg,21,Truck,vehicle,97.3,>30m,42.9,2,0.0,1,1,1.0,10.99
nuscenes_mini_subset,scene-0103_004,roll,0.5,deg,22,Pedestrian,pedestrian,18.1,15-30m,50.1,0,0.38,6,6,1.0,11.4
nuscenes_mini_subset,scene-0103_004,roll,1.0,deg,0,Pedestrian,pedestrian,19.8,15-30m,52.7,0,0.34,10,10,1.0,22.34
nuscenes_mini_subset,scene-0103_004,roll,1.0,deg,1,Pedestrian,pedestrian,20.5,15-30m,53.1,0,0.0,6,6,1.0,22.51
nuscenes_mini_subset,scene-0103_004,roll,1.0,deg,2,Car,vehicle,40.8,>30m,66.3,0,0.0,1,1,1.0,22.14
nuscenes_mini_subset,scene-0103_004,roll,1.0,deg,3,Pedestrian,pedestrian,39.3,>30m,22.4,2,0.0,0,0,,
nuscenes_mini_subset,scene-0103_004,roll,1.0,deg,4,Car,vehicle,50.6,>30m,129.7,1,0.0,0,0,,
nuscenes_mini_subset,scene-0103_004,roll,1.0,deg,5,Pedestrian,pedestrian,16.3,15-30m,9.4,0,0.91,0,0,,
nuscenes_mini_subset,scene-0103_004,roll,1.0,deg,6,Pedestrian,pedestrian,21.3,15-30m,43.9,0,0.0,7,7,1.0,22.53
nuscenes_mini_subset,scene-0103_004,roll,1.0,deg,7,Car,vehicle,50.7,>30m,116.7,2,0.0,1,1,1.0,22.0
nuscenes_mini_subset,scene-0103_004,roll,1.0,deg,8,Pedestrian,pedestrian,15.6,15-30m,101.9,0,0.0,16,16,1.0,22.48
nuscenes_mini_subset,scene-0103_004,roll,1.0,deg,9,Car,vehicle,39.7,>30m,76.4,0,0.0,0,0,,
nuscenes_mini_subset,scene-0103_004,roll,1.0,deg,10,Car,vehicle,34.8,>30m,113.3,0,0.0,1,1,1.0,22.12
nuscenes_mini_subset,scene-0103_004,roll,1.0,deg,11,Pedestrian,pedestrian,39.7,>30m,25.3,2,0.0,1,0,0.0,22.04
nuscenes_mini_subset,scene-0103_004,roll,1.0,deg,12,Pedestrian,pedestrian,17.8,15-30m,76.8,0,0.0,9,9,1.0,22.67
nuscenes_mini_subset,scene-0103_004,roll,1.0,deg,13,Pedestrian,pedestrian,23.1,15-30m,38.2,0,0.0,3,3,1.0,22.44
nuscenes_mini_subset,scene-0103_004,roll,1.0,deg,14,Car,vehicle,64.3,>30m,50.8,1,0.0,0,0,,
nuscenes_mini_subset,scene-0103_004,roll,1.0,deg,16,Car,vehicle,14.3,0-15m,331.8,0,0.0,53,53,1.0,22.68
nuscenes_mini_subset,scene-0103_004,roll,1.0,deg,17,Car,vehicle,49.2,>30m,62.8,0,0.0,5,5,1.0,22.12
nuscenes_mini_subset,scene-0103_004,roll,1.0,deg,18,Pedestrian,pedestrian,22.9,15-30m,42.7,2,0.0,2,1,0.5,22.47
nuscenes_mini_subset,scene-0103_004,roll,1.0,deg,19,Pedestrian,pedestrian,41.9,>30m,28.9,0,0.0,1,1,1.0,22.19
nuscenes_mini_subset,scene-0103_004,roll,1.0,deg,20,Pedestrian,pedestrian,59.4,>30m,15.5,0,0.0,2,2,1.0,22.1
nuscenes_mini_subset,scene-0103_004,roll,1.0,deg,21,Truck,vehicle,97.3,>30m,42.9,2,0.0,1,1,1.0,21.98
nuscenes_mini_subset,scene-0103_004,roll,1.0,deg,22,Pedestrian,pedestrian,18.1,15-30m,50.1,0,0.38,6,6,1.0,22.78
nuscenes_mini_subset,scene-0103_004,roll,2.0,deg,0,Pedestrian,pedestrian,19.8,15-30m,52.7,0,0.34,10,8,0.8,44.64
nuscenes_mini_subset,scene-0103_004,roll,2.0,deg,1,Pedestrian,pedestrian,20.5,15-30m,53.1,0,0.0,6,3,0.5,45.01
nuscenes_mini_subset,scene-0103_004,roll,2.0,deg,2,Car,vehicle,40.8,>30m,66.3,0,0.0,1,0,0.0,44.29
nuscenes_mini_subset,scene-0103_004,roll,2.0,deg,3,Pedestrian,pedestrian,39.3,>30m,22.4,2,0.0,0,0,,
nuscenes_mini_subset,scene-0103_004,roll,2.0,deg,4,Car,vehicle,50.6,>30m,129.7,1,0.0,0,0,,
nuscenes_mini_subset,scene-0103_004,roll,2.0,deg,5,Pedestrian,pedestrian,16.3,15-30m,9.4,0,0.91,0,0,,
nuscenes_mini_subset,scene-0103_004,roll,2.0,deg,6,Pedestrian,pedestrian,21.3,15-30m,43.9,0,0.0,7,4,0.5714,45.03
nuscenes_mini_subset,scene-0103_004,roll,2.0,deg,7,Car,vehicle,50.7,>30m,116.7,2,0.0,1,0,0.0,44.01
nuscenes_mini_subset,scene-0103_004,roll,2.0,deg,8,Pedestrian,pedestrian,15.6,15-30m,101.9,0,0.0,16,14,0.875,44.92
nuscenes_mini_subset,scene-0103_004,roll,2.0,deg,9,Car,vehicle,39.7,>30m,76.4,0,0.0,0,0,,
nuscenes_mini_subset,scene-0103_004,roll,2.0,deg,10,Car,vehicle,34.8,>30m,113.3,0,0.0,1,1,1.0,44.23
nuscenes_mini_subset,scene-0103_004,roll,2.0,deg,11,Pedestrian,pedestrian,39.7,>30m,25.3,2,0.0,1,0,0.0,44.09
nuscenes_mini_subset,scene-0103_004,roll,2.0,deg,12,Pedestrian,pedestrian,17.8,15-30m,76.8,0,0.0,9,7,0.7778,45.31
nuscenes_mini_subset,scene-0103_004,roll,2.0,deg,13,Pedestrian,pedestrian,23.1,15-30m,38.2,0,0.0,3,1,0.3333,44.87
nuscenes_mini_subset,scene-0103_004,roll,2.0,deg,14,Car,vehicle,64.3,>30m,50.8,1,0.0,0,0,,
nuscenes_mini_subset,scene-0103_004,roll,2.0,deg,16,Car,vehicle,14.3,0-15m,331.8,0,0.0,53,49,0.9245,45.3
nuscenes_mini_subset,scene-0103_004,roll,2.0,deg,17,Car,vehicle,49.2,>30m,62.8,0,0.0,5,0,0.0,44.25
nuscenes_mini_subset,scene-0103_004,roll,2.0,deg,18,Pedestrian,pedestrian,22.9,15-30m,42.7,2,0.0,2,1,0.5,44.95
nuscenes_mini_subset,scene-0103_004,roll,2.0,deg,19,Pedestrian,pedestrian,41.9,>30m,28.9,0,0.0,1,0,0.0,44.39
nuscenes_mini_subset,scene-0103_004,roll,2.0,deg,20,Pedestrian,pedestrian,59.4,>30m,15.5,0,0.0,2,0,0.0,44.21
nuscenes_mini_subset,scene-0103_004,roll,2.0,deg,21,Truck,vehicle,97.3,>30m,42.9,2,0.0,1,0,0.0,43.98
nuscenes_mini_subset,scene-0103_004,roll,2.0,deg,22,Pedestrian,pedestrian,18.1,15-30m,50.1,0,0.38,6,6,1.0,45.49
nuscenes_mini_subset,scene-0103_004,roll,3.0,deg,0,Pedestrian,pedestrian,19.8,15-30m,52.7,0,0.34,10,5,0.5,66.91
nuscenes_mini_subset,scene-0103_004,roll,3.0,deg,1,Pedestrian,pedestrian,20.5,15-30m,53.1,0,0.0,6,2,0.3333,67.5
nuscenes_mini_subset,scene-0103_004,roll,3.0,deg,2,Car,vehicle,40.8,>30m,66.3,0,0.0,1,0,0.0,66.47
nuscenes_mini_subset,scene-0103_004,roll,3.0,deg,3,Pedestrian,pedestrian,39.3,>30m,22.4,2,0.0,0,0,,
nuscenes_mini_subset,scene-0103_004,roll,3.0,deg,4,Car,vehicle,50.6,>30m,129.7,1,0.0,0,0,,
nuscenes_mini_subset,scene-0103_004,roll,3.0,deg,5,Pedestrian,pedestrian,16.3,15-30m,9.4,0,0.91,0,0,,
nuscenes_mini_subset,scene-0103_004,roll,3.0,deg,6,Pedestrian,pedestrian,21.3,15-30m,43.9,0,0.0,7,4,0.5714,67.53
nuscenes_mini_subset,scene-0103_004,roll,3.0,deg,7,Car,vehicle,50.7,>30m,116.7,2,0.0,1,0,0.0,66.04
nuscenes_mini_subset,scene-0103_004,roll,3.0,deg,8,Pedestrian,pedestrian,15.6,15-30m,101.9,0,0.0,16,14,0.875,67.34
nuscenes_mini_subset,scene-0103_004,roll,3.0,deg,9,Car,vehicle,39.7,>30m,76.4,0,0.0,0,0,,
nuscenes_mini_subset,scene-0103_004,roll,3.0,deg,10,Car,vehicle,34.8,>30m,113.3,0,0.0,1,0,0.0,66.36
nuscenes_mini_subset,scene-0103_004,roll,3.0,deg,11,Pedestrian,pedestrian,39.7,>30m,25.3,2,0.0,1,0,0.0,66.17
nuscenes_mini_subset,scene-0103_004,roll,3.0,deg,12,Pedestrian,pedestrian,17.8,15-30m,76.8,0,0.0,9,6,0.6667,67.94
nuscenes_mini_subset,scene-0103_004,roll,3.0,deg,13,Pedestrian,pedestrian,23.1,15-30m,38.2,0,0.0,3,1,0.3333,67.3
nuscenes_mini_subset,scene-0103_004,roll,3.0,deg,14,Car,vehicle,64.3,>30m,50.8,1,0.0,0,0,,
nuscenes_mini_subset,scene-0103_004,roll,3.0,deg,16,Car,vehicle,14.3,0-15m,331.8,0,0.0,53,45,0.8491,67.87
nuscenes_mini_subset,scene-0103_004,roll,3.0,deg,17,Car,vehicle,49.2,>30m,62.8,0,0.0,5,0,0.0,66.41
nuscenes_mini_subset,scene-0103_004,roll,3.0,deg,18,Pedestrian,pedestrian,22.9,15-30m,42.7,2,0.0,2,0,0.0,67.45
nuscenes_mini_subset,scene-0103_004,roll,3.0,deg,19,Pedestrian,pedestrian,41.9,>30m,28.9,0,0.0,1,0,0.0,66.62
nuscenes_mini_subset,scene-0103_004,roll,3.0,deg,20,Pedestrian,pedestrian,59.4,>30m,15.5,0,0.0,2,0,0.0,66.35
nuscenes_mini_subset,scene-0103_004,roll,3.0,deg,21,Truck,vehicle,97.3,>30m,42.9,2,0.0,1,0,0.0,66.03
nuscenes_mini_subset,scene-0103_004,roll,3.0,deg,22,Pedestrian,pedestrian,18.1,15-30m,50.1,0,0.38,6,6,1.0,68.17
nuscenes_mini_subset,scene-0103_004,tx,0.0,m,0,Pedestrian,pedestrian,19.8,15-30m,52.7,0,0.34,10,10,1.0,0.0
nuscenes_mini_subset,scene-0103_004,tx,0.0,m,1,Pedestrian,pedestrian,20.5,15-30m,53.1,0,0.0,6,6,1.0,0.0
nuscenes_mini_subset,scene-0103_004,tx,0.0,m,2,Car,vehicle,40.8,>30m,66.3,0,0.0,1,1,1.0,0.0
nuscenes_mini_subset,scene-0103_004,tx,0.0,m,3,Pedestrian,pedestrian,39.3,>30m,22.4,2,0.0,0,0,,
nuscenes_mini_subset,scene-0103_004,tx,0.0,m,4,Car,vehicle,50.6,>30m,129.7,1,0.0,0,0,,
nuscenes_mini_subset,scene-0103_004,tx,0.0,m,5,Pedestrian,pedestrian,16.3,15-30m,9.4,0,0.91,0,0,,
nuscenes_mini_subset,scene-0103_004,tx,0.0,m,6,Pedestrian,pedestrian,21.3,15-30m,43.9,0,0.0,7,7,1.0,0.0
nuscenes_mini_subset,scene-0103_004,tx,0.0,m,7,Car,vehicle,50.7,>30m,116.7,2,0.0,1,1,1.0,0.0
nuscenes_mini_subset,scene-0103_004,tx,0.0,m,8,Pedestrian,pedestrian,15.6,15-30m,101.9,0,0.0,16,16,1.0,0.0
nuscenes_mini_subset,scene-0103_004,tx,0.0,m,9,Car,vehicle,39.7,>30m,76.4,0,0.0,0,0,,
nuscenes_mini_subset,scene-0103_004,tx,0.0,m,10,Car,vehicle,34.8,>30m,113.3,0,0.0,1,1,1.0,0.0
nuscenes_mini_subset,scene-0103_004,tx,0.0,m,11,Pedestrian,pedestrian,39.7,>30m,25.3,2,0.0,1,1,1.0,0.0
nuscenes_mini_subset,scene-0103_004,tx,0.0,m,12,Pedestrian,pedestrian,17.8,15-30m,76.8,0,0.0,9,9,1.0,0.0
nuscenes_mini_subset,scene-0103_004,tx,0.0,m,13,Pedestrian,pedestrian,23.1,15-30m,38.2,0,0.0,3,3,1.0,0.0
nuscenes_mini_subset,scene-0103_004,tx,0.0,m,14,Car,vehicle,64.3,>30m,50.8,1,0.0,0,0,,
nuscenes_mini_subset,scene-0103_004,tx,0.0,m,16,Car,vehicle,14.3,0-15m,331.8,0,0.0,53,53,1.0,0.0
nuscenes_mini_subset,scene-0103_004,tx,0.0,m,17,Car,vehicle,49.2,>30m,62.8,0,0.0,5,5,1.0,0.0
nuscenes_mini_subset,scene-0103_004,tx,0.0,m,18,Pedestrian,pedestrian,22.9,15-30m,42.7,2,0.0,2,2,1.0,0.0
nuscenes_mini_subset,scene-0103_004,tx,0.0,m,19,Pedestrian,pedestrian,41.9,>30m,28.9,0,0.0,1,1,1.0,0.0
nuscenes_mini_subset,scene-0103_004,tx,0.0,m,20,Pedestrian,pedestrian,59.4,>30m,15.5,0,0.0,2,2,1.0,0.0
nuscenes_mini_subset,scene-0103_004,tx,0.0,m,21,Truck,vehicle,97.3,>30m,42.9,2,0.0,1,1,1.0,0.0
nuscenes_mini_subset,scene-0103_004,tx,0.0,m,22,Pedestrian,pedestrian,18.1,15-30m,50.1,0,0.38,6,6,1.0,0.0
nuscenes_mini_subset,scene-0103_004,tx,0.02,m,0,Pedestrian,pedestrian,19.8,15-30m,52.7,0,0.34,10,10,1.0,1.5
nuscenes_mini_subset,scene-0103_004,tx,0.02,m,1,Pedestrian,pedestrian,20.5,15-30m,53.1,0,0.0,6,6,1.0,1.36
nuscenes_mini_subset,scene-0103_004,tx,0.02,m,2,Car,vehicle,40.8,>30m,66.3,0,0.0,1,1,1.0,0.65
nuscenes_mini_subset,scene-0103_004,tx,0.02,m,3,Pedestrian,pedestrian,39.3,>30m,22.4,2,0.0,0,0,,
nuscenes_mini_subset,scene-0103_004,tx,0.02,m,4,Car,vehicle,50.6,>30m,129.7,1,0.0,0,0,,
nuscenes_mini_subset,scene-0103_004,tx,0.02,m,5,Pedestrian,pedestrian,16.3,15-30m,9.4,0,0.91,0,0,,
nuscenes_mini_subset,scene-0103_004,tx,0.02,m,6,Pedestrian,pedestrian,21.3,15-30m,43.9,0,0.0,7,7,1.0,1.32
nuscenes_mini_subset,scene-0103_004,tx,0.02,m,7,Car,vehicle,50.7,>30m,116.7,2,0.0,1,1,1.0,0.51
nuscenes_mini_subset,scene-0103_004,tx,0.02,m,8,Pedestrian,pedestrian,15.6,15-30m,101.9,0,0.0,16,16,1.0,1.85
nuscenes_mini_subset,scene-0103_004,tx,0.02,m,9,Car,vehicle,39.7,>30m,76.4,0,0.0,0,0,,
nuscenes_mini_subset,scene-0103_004,tx,0.02,m,10,Car,vehicle,34.8,>30m,113.3,0,0.0,1,1,1.0,0.78
nuscenes_mini_subset,scene-0103_004,tx,0.02,m,11,Pedestrian,pedestrian,39.7,>30m,25.3,2,0.0,1,1,1.0,0.65
nuscenes_mini_subset,scene-0103_004,tx,0.02,m,12,Pedestrian,pedestrian,17.8,15-30m,76.8,0,0.0,9,9,1.0,1.61
nuscenes_mini_subset,scene-0103_004,tx,0.02,m,13,Pedestrian,pedestrian,23.1,15-30m,38.2,0,0.0,3,3,1.0,1.19
nuscenes_mini_subset,scene-0103_004,tx,0.02,m,14,Car,vehicle,64.3,>30m,50.8,1,0.0,0,0,,
nuscenes_mini_subset,scene-0103_004,tx,0.02,m,16,Car,vehicle,14.3,0-15m,331.8,0,0.0,53,53,1.0,1.97
nuscenes_mini_subset,scene-0103_004,tx,0.02,m,17,Car,vehicle,49.2,>30m,62.8,0,0.0,5,5,1.0,0.54
nuscenes_mini_subset,scene-0103_004,tx,0.02,m,18,Pedestrian,pedestrian,22.9,15-30m,42.7,2,0.0,2,2,1.0,1.24
nuscenes_mini_subset,scene-0103_004,tx,0.02,m,19,Pedestrian,pedestrian,41.9,>30m,28.9,0,0.0,1,1,1.0,0.63
nuscenes_mini_subset,scene-0103_004,tx,0.02,m,20,Pedestrian,pedestrian,59.4,>30m,15.5,0,0.0,2,2,1.0,0.44
nuscenes_mini_subset,scene-0103_004,tx,0.02,m,21,Truck,vehicle,97.3,>30m,42.9,2,0.0,1,1,1.0,0.26
nuscenes_mini_subset,scene-0103_004,tx,0.02,m,22,Pedestrian,pedestrian,18.1,15-30m,50.1,0,0.38,6,6,1.0,1.63
nuscenes_mini_subset,scene-0103_004,tx,0.05,m,0,Pedestrian,pedestrian,19.8,15-30m,52.7,0,0.34,10,10,1.0,3.74
nuscenes_mini_subset,scene-0103_004,tx,0.05,m,1,Pedestrian,pedestrian,20.5,15-30m,53.1,0,0.0,6,6,1.0,3.39
nuscenes_mini_subset,scene-0103_004,tx,0.05,m,2,Car,vehicle,40.8,>30m,66.3,0,0.0,1,1,1.0,1.64
nuscenes_mini_subset,scene-0103_004,tx,0.05,m,3,Pedestrian,pedestrian,39.3,>30m,22.4,2,0.0,0,0,,
nuscenes_mini_subset,scene-0103_004,tx,0.05,m,4,Car,vehicle,50.6,>30m,129.7,1,0.0,0,0,,
nuscenes_mini_subset,scene-0103_004,tx,0.05,m,5,Pedestrian,pedestrian,16.3,15-30m,9.4,0,0.91,0,0,,
nuscenes_mini_subset,scene-0103_004,tx,0.05,m,6,Pedestrian,pedestrian,21.3,15-30m,43.9,0,0.0,7,7,1.0,3.31
nuscenes_mini_subset,scene-0103_004,tx,0.05,m,7,Car,vehicle,50.7,>30m,116.7,2,0.0,1,1,1.0,1.28
nuscenes_mini_subset,scene-0103_004,tx,0.05,m,8,Pedestrian,pedestrian,15.6,15-30m,101.9,0,0.0,16,16,1.0,4.63
nuscenes_mini_subset,scene-0103_004,tx,0.05,m,9,Car,vehicle,39.7,>30m,76.4,0,0.0,0,0,,
nuscenes_mini_subset,scene-0103_004,tx,0.05,m,10,Car,vehicle,34.8,>30m,113.3,0,0.0,1,1,1.0,1.94
nuscenes_mini_subset,scene-0103_004,tx,0.05,m,11,Pedestrian,pedestrian,39.7,>30m,25.3,2,0.0,1,1,1.0,1.62
nuscenes_mini_subset,scene-0103_004,tx,0.05,m,12,Pedestrian,pedestrian,17.8,15-30m,76.8,0,0.0,9,9,1.0,4.03
nuscenes_mini_subset,scene-0103_004,tx,0.05,m,13,Pedestrian,pedestrian,23.1,15-30m,38.2,0,0.0,3,3,1.0,2.97
nuscenes_mini_subset,scene-0103_004,tx,0.05,m,14,Car,vehicle,64.3,>30m,50.8,1,0.0,0,0,,
nuscenes_mini_subset,scene-0103_004,tx,0.05,m,16,Car,vehicle,14.3,0-15m,331.8,0,0.0,53,53,1.0,4.92
nuscenes_mini_subset,scene-0103_004,tx,0.05,m,17,Car,vehicle,49.2,>30m,62.8,0,0.0,5,5,1.0,1.36
nuscenes_mini_subset,scene-0103_004,tx,0.05,m,18,Pedestrian,pedestrian,22.9,15-30m,42.7,2,0.0,2,2,1.0,3.1
nuscenes_mini_subset,scene-0103_004,tx,0.05,m,19,Pedestrian,pedestrian,41.9,>30m,28.9,0,0.0,1,1,1.0,1.58
nuscenes_mini_subset,scene-0103_004,tx,0.05,m,20,Pedestrian,pedestrian,59.4,>30m,15.5,0,0.0,2,2,1.0,1.09
nuscenes_mini_subset,scene-0103_004,tx,0.05,m,21,Truck,vehicle,97.3,>30m,42.9,2,0.0,1,1,1.0,0.65
nuscenes_mini_subset,scene-0103_004,tx,0.05,m,22,Pedestrian,pedestrian,18.1,15-30m,50.1,0,0.38,6,6,1.0,4.08
nuscenes_mini_subset,scene-0103_004,tx,0.1,m,0,Pedestrian,pedestrian,19.8,15-30m,52.7,0,0.34,11,11,1.0,7.48
nuscenes_mini_subset,scene-0103_004,tx,0.1,m,1,Pedestrian,pedestrian,20.5,15-30m,53.1,0,0.0,6,6,1.0,6.78
nuscenes_mini_subset,scene-0103_004,tx,0.1,m,2,Car,vehicle,40.8,>30m,66.3,0,0.0,1,1,1.0,3.27
nuscenes_mini_subset,scene-0103_004,tx,0.1,m,3,Pedestrian,pedestrian,39.3,>30m,22.4,2,0.0,0,0,,
nuscenes_mini_subset,scene-0103_004,tx,0.1,m,4,Car,vehicle,50.6,>30m,129.7,1,0.0,0,0,,
nuscenes_mini_subset,scene-0103_004,tx,0.1,m,5,Pedestrian,pedestrian,16.3,15-30m,9.4,0,0.91,0,0,,
nuscenes_mini_subset,scene-0103_004,tx,0.1,m,6,Pedestrian,pedestrian,21.3,15-30m,43.9,0,0.0,7,7,1.0,6.61
nuscenes_mini_subset,scene-0103_004,tx,0.1,m,7,Car,vehicle,50.7,>30m,116.7,2,0.0,1,1,1.0,2.55
nuscenes_mini_subset,scene-0103_004,tx,0.1,m,8,Pedestrian,pedestrian,15.6,15-30m,101.9,0,0.0,16,16,1.0,9.26
nuscenes_mini_subset,scene-0103_004,tx,0.1,m,9,Car,vehicle,39.7,>30m,76.4,0,0.0,0,0,,
nuscenes_mini_subset,scene-0103_004,tx,0.1,m,10,Car,vehicle,34.8,>30m,113.3,0,0.0,1,1,1.0,3.89
nuscenes_mini_subset,scene-0103_004,tx,0.1,m,11,Pedestrian,pedestrian,39.7,>30m,25.3,2,0.0,1,1,1.0,3.24
nuscenes_mini_subset,scene-0103_004,tx,0.1,m,12,Pedestrian,pedestrian,17.8,15-30m,76.8,0,0.0,9,9,1.0,8.06
nuscenes_mini_subset,scene-0103_004,tx,0.1,m,13,Pedestrian,pedestrian,23.1,15-30m,38.2,0,0.0,3,3,1.0,5.94
nuscenes_mini_subset,scene-0103_004,tx,0.1,m,14,Car,vehicle,64.3,>30m,50.8,1,0.0,0,0,,
nuscenes_mini_subset,scene-0103_004,tx,0.1,m,16,Car,vehicle,14.3,0-15m,331.8,0,0.0,53,53,1.0,9.84
nuscenes_mini_subset,scene-0103_004,tx,0.1,m,17,Car,vehicle,49.2,>30m,62.8,0,0.0,5,5,1.0,2.72
nuscenes_mini_subset,scene-0103_004,tx,0.1,m,18,Pedestrian,pedestrian,22.9,15-30m,42.7,2,0.0,2,2,1.0,6.2
nuscenes_mini_subset,scene-0103_004,tx,0.1,m,19,Pedestrian,pedestrian,41.9,>30m,28.9,0,0.0,1,1,1.0,3.15
nuscenes_mini_subset,scene-0103_004,tx,0.1,m,20,Pedestrian,pedestrian,59.4,>30m,15.5,0,0.0,2,2,1.0,2.18
nuscenes_mini_subset,scene-0103_004,tx,0.1,m,21,Truck,vehicle,97.3,>30m,42.9,2,0.0,1,1,1.0,1.3
nuscenes_mini_subset,scene-0103_004,tx,0.1,m,22,Pedestrian,pedestrian,18.1,15-30m,50.1,0,0.38,4,4,1.0,8.16
nuscenes_mini_subset,scene-0103_004,tx,0.2,m,0,Pedestrian,pedestrian,19.8,15-30m,52.7,0,0.34,11,11,1.0,14.96
nuscenes_mini_subset,scene-0103_004,tx,0.2,m,1,Pedestrian,pedestrian,20.5,15-30m,53.1,0,0.0,6,6,1.0,13.55
nuscenes_mini_subset,scene-0103_004,tx,0.2,m,2,Car,vehicle,40.8,>30m,66.3,0,0.0,1,1,1.0,6.54
nuscenes_mini_subset,scene-0103_004,tx,0.2,m,3,Pedestrian,pedestrian,39.3,>30m,22.4,2,0.0,0,0,,
nuscenes_mini_subset,scene-0103_004,tx,0.2,m,4,Car,vehicle,50.6,>30m,129.7,1,0.0,0,0,,
nuscenes_mini_subset,scene-0103_004,tx,0.2,m,5,Pedestrian,pedestrian,16.3,15-30m,9.4,0,0.91,0,0,,
nuscenes_mini_subset,scene-0103_004,tx,0.2,m,6,Pedestrian,pedestrian,21.3,15-30m,43.9,0,0.0,7,5,0.7143,13.23
nuscenes_mini_subset,scene-0103_004,tx,0.2,m,7,Car,vehicle,50.7,>30m,116.7,2,0.0,1,1,1.0,5.11
nuscenes_mini_subset,scene-0103_004,tx,0.2,m,8,Pedestrian,pedestrian,15.6,15-30m,101.9,0,0.0,16,15,0.9375,18.52
nuscenes_mini_subset,scene-0103_004,tx,0.2,m,9,Car,vehicle,39.7,>30m,76.4,0,0.0,0,0,,
nuscenes_mini_subset,scene-0103_004,tx,0.2,m,10,Car,vehicle,34.8,>30m,113.3,0,0.0,1,1,1.0,7.78
nuscenes_mini_subset,scene-0103_004,tx,0.2,m,11,Pedestrian,pedestrian,39.7,>30m,25.3,2,0.0,1,0,0.0,6.47
nuscenes_mini_subset,scene-0103_004,tx,0.2,m,12,Pedestrian,pedestrian,17.8,15-30m,76.8,0,0.0,9,9,1.0,16.12
nuscenes_mini_subset,scene-0103_004,tx,0.2,m,13,Pedestrian,pedestrian,23.1,15-30m,38.2,0,0.0,3,3,1.0,11.87
nuscenes_mini_subset,scene-0103_004,tx,0.2,m,14,Car,vehicle,64.3,>30m,50.8,1,0.0,0,0,,
nuscenes_mini_subset,scene-0103_004,tx,0.2,m,16,Car,vehicle,14.3,0-15m,331.8,0,0.0,53,53,1.0,19.68
nuscenes_mini_subset,scene-0103_004,tx,0.2,m,17,Car,vehicle,49.2,>30m,62.8,0,0.0,5,5,1.0,5.43
nuscenes_mini_subset,scene-0103_004,tx,0.2,m,18,Pedestrian,pedestrian,22.9,15-30m,42.7,2,0.0,2,2,1.0,12.41
nuscenes_mini_subset,scene-0103_004,tx,0.2,m,19,Pedestrian,pedestrian,41.9,>30m,28.9,0,0.0,1,1,1.0,6.31
nuscenes_mini_subset,scene-0103_004,tx,0.2,m,20,Pedestrian,pedestrian,59.4,>30m,15.5,0,0.0,2,1,0.5,4.37
nuscenes_mini_subset,scene-0103_004,tx,0.2,m,21,Truck,vehicle,97.3,>30m,42.9,2,0.0,1,1,1.0,2.6
nuscenes_mini_subset,scene-0103_004,tx,0.2,m,22,Pedestrian,pedestrian,18.1,15-30m,50.1,0,0.38,2,2,1.0,16.29
nuscenes_mini_subset,scene-0103_004,ty,0.0,m,0,Pedestrian,pedestrian,19.8,15-30m,52.7,0,0.34,10,10,1.0,0.0
nuscenes_mini_subset,scene-0103_004,ty,0.0,m,1,Pedestrian,pedestrian,20.5,15-30m,53.1,0,0.0,6,6,1.0,0.0
nuscenes_mini_subset,scene-0103_004,ty,0.0,m,2,Car,vehicle,40.8,>30m,66.3,0,0.0,1,1,1.0,0.0
nuscenes_mini_subset,scene-0103_004,ty,0.0,m,3,Pedestrian,pedestrian,39.3,>30m,22.4,2,0.0,0,0,,
nuscenes_mini_subset,scene-0103_004,ty,0.0,m,4,Car,vehicle,50.6,>30m,129.7,1,0.0,0,0,,
nuscenes_mini_subset,scene-0103_004,ty,0.0,m,5,Pedestrian,pedestrian,16.3,15-30m,9.4,0,0.91,0,0,,
nuscenes_mini_subset,scene-0103_004,ty,0.0,m,6,Pedestrian,pedestrian,21.3,15-30m,43.9,0,0.0,7,7,1.0,0.0
nuscenes_mini_subset,scene-0103_004,ty,0.0,m,7,Car,vehicle,50.7,>30m,116.7,2,0.0,1,1,1.0,0.0
nuscenes_mini_subset,scene-0103_004,ty,0.0,m,8,Pedestrian,pedestrian,15.6,15-30m,101.9,0,0.0,16,16,1.0,0.0
nuscenes_mini_subset,scene-0103_004,ty,0.0,m,9,Car,vehicle,39.7,>30m,76.4,0,0.0,0,0,,
nuscenes_mini_subset,scene-0103_004,ty,0.0,m,10,Car,vehicle,34.8,>30m,113.3,0,0.0,1,1,1.0,0.0
nuscenes_mini_subset,scene-0103_004,ty,0.0,m,11,Pedestrian,pedestrian,39.7,>30m,25.3,2,0.0,1,1,1.0,0.0
nuscenes_mini_subset,scene-0103_004,ty,0.0,m,12,Pedestrian,pedestrian,17.8,15-30m,76.8,0,0.0,9,9,1.0,0.0
nuscenes_mini_subset,scene-0103_004,ty,0.0,m,13,Pedestrian,pedestrian,23.1,15-30m,38.2,0,0.0,3,3,1.0,0.0
nuscenes_mini_subset,scene-0103_004,ty,0.0,m,14,Car,vehicle,64.3,>30m,50.8,1,0.0,0,0,,
nuscenes_mini_subset,scene-0103_004,ty,0.0,m,16,Car,vehicle,14.3,0-15m,331.8,0,0.0,53,53,1.0,0.0
nuscenes_mini_subset,scene-0103_004,ty,0.0,m,17,Car,vehicle,49.2,>30m,62.8,0,0.0,5,5,1.0,0.0
nuscenes_mini_subset,scene-0103_004,ty,0.0,m,18,Pedestrian,pedestrian,22.9,15-30m,42.7,2,0.0,2,2,1.0,0.0
nuscenes_mini_subset,scene-0103_004,ty,0.0,m,19,Pedestrian,pedestrian,41.9,>30m,28.9,0,0.0,1,1,1.0,0.0
nuscenes_mini_subset,scene-0103_004,ty,0.0,m,20,Pedestrian,pedestrian,59.4,>30m,15.5,0,0.0,2,2,1.0,0.0
nuscenes_mini_subset,scene-0103_004,ty,0.0,m,21,Truck,vehicle,97.3,>30m,42.9,2,0.0,1,1,1.0,0.0
nuscenes_mini_subset,scene-0103_004,ty,0.0,m,22,Pedestrian,pedestrian,18.1,15-30m,50.1,0,0.38,6,6,1.0,0.0
nuscenes_mini_subset,scene-0103_004,ty,0.02,m,0,Pedestrian,pedestrian,19.8,15-30m,52.7,0,0.34,10,10,1.0,1.0
nuscenes_mini_subset,scene-0103_004,ty,0.02,m,1,Pedestrian,pedestrian,20.5,15-30m,53.1,0,0.0,6,6,1.0,0.58
nuscenes_mini_subset,scene-0103_004,ty,0.02,m,2,Car,vehicle,40.8,>30m,66.3,0,0.0,1,1,1.0,0.08
nuscenes_mini_subset,scene-0103_004,ty,0.02,m,3,Pedestrian,pedestrian,39.3,>30m,22.4,2,0.0,0,0,,
nuscenes_mini_subset,scene-0103_004,ty,0.02,m,4,Car,vehicle,50.6,>30m,129.7,1,0.0,0,0,,
nuscenes_mini_subset,scene-0103_004,ty,0.02,m,5,Pedestrian,pedestrian,16.3,15-30m,9.4,0,0.91,0,0,,
nuscenes_mini_subset,scene-0103_004,ty,0.02,m,6,Pedestrian,pedestrian,21.3,15-30m,43.9,0,0.0,7,7,1.0,0.63
nuscenes_mini_subset,scene-0103_004,ty,0.02,m,7,Car,vehicle,50.7,>30m,116.7,2,0.0,1,1,1.0,0.11
nuscenes_mini_subset,scene-0103_004,ty,0.02,m,8,Pedestrian,pedestrian,15.6,15-30m,101.9,0,0.0,16,16,1.0,1.11
nuscenes_mini_subset,scene-0103_004,ty,0.02,m,9,Car,vehicle,39.7,>30m,76.4,0,0.0,0,0,,
nuscenes_mini_subset,scene-0103_004,ty,0.02,m,10,Car,vehicle,34.8,>30m,113.3,0,0.0,1,1,1.0,0.12
nuscenes_mini_subset,scene-0103_004,ty,0.02,m,11,Pedestrian,pedestrian,39.7,>30m,25.3,2,0.0,1,1,1.0,0.17
nuscenes_mini_subset,scene-0103_004,ty,0.02,m,12,Pedestrian,pedestrian,17.8,15-30m,76.8,0,0.0,9,9,1.0,0.82
nuscenes_mini_subset,scene-0103_004,ty,0.02,m,13,Pedestrian,pedestrian,23.1,15-30m,38.2,0,0.0,3,3,1.0,0.48
nuscenes_mini_subset,scene-0103_004,ty,0.02,m,14,Car,vehicle,64.3,>30m,50.8,1,0.0,0,0,,
nuscenes_mini_subset,scene-0103_004,ty,0.02,m,16,Car,vehicle,14.3,0-15m,331.8,0,0.0,53,53,1.0,0.58
nuscenes_mini_subset,scene-0103_004,ty,0.02,m,17,Car,vehicle,49.2,>30m,62.8,0,0.0,5,5,1.0,0.1
nuscenes_mini_subset,scene-0103_004,ty,0.02,m,18,Pedestrian,pedestrian,22.9,15-30m,42.7,2,0.0,2,2,1.0,0.61
nuscenes_mini_subset,scene-0103_004,ty,0.02,m,19,Pedestrian,pedestrian,41.9,>30m,28.9,0,0.0,1,1,1.0,0.19
nuscenes_mini_subset,scene-0103_004,ty,0.02,m,20,Pedestrian,pedestrian,59.4,>30m,15.5,0,0.0,2,2,1.0,0.11
nuscenes_mini_subset,scene-0103_004,ty,0.02,m,21,Truck,vehicle,97.3,>30m,42.9,2,0.0,1,1,1.0,0.02
nuscenes_mini_subset,scene-0103_004,ty,0.02,m,22,Pedestrian,pedestrian,18.1,15-30m,50.1,0,0.38,6,6,1.0,0.95
nuscenes_mini_subset,scene-0103_004,ty,0.05,m,0,Pedestrian,pedestrian,19.8,15-30m,52.7,0,0.34,10,10,1.0,2.49
nuscenes_mini_subset,scene-0103_004,ty,0.05,m,1,Pedestrian,pedestrian,20.5,15-30m,53.1,0,0.0,6,6,1.0,1.46
nuscenes_mini_subset,scene-0103_004,ty,0.05,m,2,Car,vehicle,40.8,>30m,66.3,0,0.0,1,1,1.0,0.19
nuscenes_mini_subset,scene-0103_004,ty,0.05,m,3,Pedestrian,pedestrian,39.3,>30m,22.4,2,0.0,0,0,,
nuscenes_mini_subset,scene-0103_004,ty,0.05,m,4,Car,vehicle,50.6,>30m,129.7,1,0.0,0,0,,
nuscenes_mini_subset,scene-0103_004,ty,0.05,m,5,Pedestrian,pedestrian,16.3,15-30m,9.4,0,0.91,0,0,,
nuscenes_mini_subset,scene-0103_004,ty,0.05,m,6,Pedestrian,pedestrian,21.3,15-30m,43.9,0,0.0,7,7,1.0,1.57
nuscenes_mini_subset,scene-0103_004,ty,0.05,m,7,Car,vehicle,50.7,>30m,116.7,2,0.0,1,1,1.0,0.28
nuscenes_mini_subset,scene-0103_004,ty,0.05,m,8,Pedestrian,pedestrian,15.6,15-30m,101.9,0,0.0,16,16,1.0,2.76
nuscenes_mini_subset,scene-0103_004,ty,0.05,m,9,Car,vehicle,39.7,>30m,76.4,0,0.0,0,0,,
nuscenes_mini_subset,scene-0103_004,ty,0.05,m,10,Car,vehicle,34.8,>30m,113.3,0,0.0,1,1,1.0,0.31
nuscenes_mini_subset,scene-0103_004,ty,0.05,m,11,Pedestrian,pedestrian,39.7,>30m,25.3,2,0.0,1,1,1.0,0.42
nuscenes_mini_subset,scene-0103_004,ty,0.05,m,12,Pedestrian,pedestrian,17.8,15-30m,76.8,0,0.0,9,9,1.0,2.06
nuscenes_mini_subset,scene-0103_004,ty,0.05,m,13,Pedestrian,pedestrian,23.1,15-30m,38.2,0,0.0,3,3,1.0,1.21
nuscenes_mini_subset,scene-0103_004,ty,0.05,m,14,Car,vehicle,64.3,>30m,50.8,1,0.0,0,0,,
nuscenes_mini_subset,scene-0103_004,ty,0.05,m,16,Car,vehicle,14.3,0-15m,331.8,0,0.0,53,53,1.0,1.46
nuscenes_mini_subset,scene-0103_004,ty,0.05,m,17,Car,vehicle,49.2,>30m,62.8,0,0.0,5,5,1.0,0.25
nuscenes_mini_subset,scene-0103_004,ty,0.05,m,18,Pedestrian,pedestrian,22.9,15-30m,42.7,2,0.0,2,2,1.0,1.52
nuscenes_mini_subset,scene-0103_004,ty,0.05,m,19,Pedestrian,pedestrian,41.9,>30m,28.9,0,0.0,1,1,1.0,0.49
nuscenes_mini_subset,scene-0103_004,ty,0.05,m,20,Pedestrian,pedestrian,59.4,>30m,15.5,0,0.0,2,2,1.0,0.28
nuscenes_mini_subset,scene-0103_004,ty,0.05,m,21,Truck,vehicle,97.3,>30m,42.9,2,0.0,1,1,1.0,0.05
nuscenes_mini_subset,scene-0103_004,ty,0.05,m,22,Pedestrian,pedestrian,18.1,15-30m,50.1,0,0.38,6,6,1.0,2.37
nuscenes_mini_subset,scene-0103_004,ty,0.1,m,0,Pedestrian,pedestrian,19.8,15-30m,52.7,0,0.34,10,10,1.0,4.96
nuscenes_mini_subset,scene-0103_004,ty,0.1,m,1,Pedestrian,pedestrian,20.5,15-30m,53.1,0,0.0,6,6,1.0,2.91
nuscenes_mini_subset,scene-0103_004,ty,0.1,m,2,Car,vehicle,40.8,>30m,66.3,0,0.0,1,1,1.0,0.38
nuscenes_mini_subset,scene-0103_004,ty,0.1,m,3,Pedestrian,pedestrian,39.3,>30m,22.4,2,0.0,0,0,,
nuscenes_mini_subset,scene-0103_004,ty,0.1,m,4,Car,vehicle,50.6,>30m,129.7,1,0.0,0,0,,
nuscenes_mini_subset,scene-0103_004,ty,0.1,m,5,Pedestrian,pedestrian,16.3,15-30m,9.4,0,0.91,0,0,,
nuscenes_mini_subset,scene-0103_004,ty,0.1,m,6,Pedestrian,pedestrian,21.3,15-30m,43.9,0,0.0,7,7,1.0,3.13
nuscenes_mini_subset,scene-0103_004,ty,0.1,m,7,Car,vehicle,50.7,>30m,116.7,2,0.0,1,1,1.0,0.56
nuscenes_mini_subset,scene-0103_004,ty,0.1,m,8,Pedestrian,pedestrian,15.6,15-30m,101.9,0,0.0,16,16,1.0,5.49
nuscenes_mini_subset,scene-0103_004,ty,0.1,m,9,Car,vehicle,39.7,>30m,76.4,0,0.0,0,0,,
nuscenes_mini_subset,scene-0103_004,ty,0.1,m,10,Car,vehicle,34.8,>30m,113.3,0,0.0,1,1,1.0,0.61
nuscenes_mini_subset,scene-0103_004,ty,0.1,m,11,Pedestrian,pedestrian,39.7,>30m,25.3,2,0.0,1,1,1.0,0.83
nuscenes_mini_subset,scene-0103_004,ty,0.1,m,12,Pedestrian,pedestrian,17.8,15-30m,76.8,0,0.0,9,9,1.0,4.1
nuscenes_mini_subset,scene-0103_004,ty,0.1,m,13,Pedestrian,pedestrian,23.1,15-30m,38.2,0,0.0,3,3,1.0,2.41
nuscenes_mini_subset,scene-0103_004,ty,0.1,m,14,Car,vehicle,64.3,>30m,50.8,1,0.0,0,0,,
nuscenes_mini_subset,scene-0103_004,ty,0.1,m,16,Car,vehicle,14.3,0-15m,331.8,0,0.0,53,53,1.0,2.9
nuscenes_mini_subset,scene-0103_004,ty,0.1,m,17,Car,vehicle,49.2,>30m,62.8,0,0.0,5,5,1.0,0.51
nuscenes_mini_subset,scene-0103_004,ty,0.1,m,18,Pedestrian,pedestrian,22.9,15-30m,42.7,2,0.0,2,2,1.0,3.03
nuscenes_mini_subset,scene-0103_004,ty,0.1,m,19,Pedestrian,pedestrian,41.9,>30m,28.9,0,0.0,1,1,1.0,0.97
nuscenes_mini_subset,scene-0103_004,ty,0.1,m,20,Pedestrian,pedestrian,59.4,>30m,15.5,0,0.0,2,2,1.0,0.56
nuscenes_mini_subset,scene-0103_004,ty,0.1,m,21,Truck,vehicle,97.3,>30m,42.9,2,0.0,1,1,1.0,0.1
nuscenes_mini_subset,scene-0103_004,ty,0.1,m,22,Pedestrian,pedestrian,18.1,15-30m,50.1,0,0.38,9,8,0.8889,4.73
nuscenes_mini_subset,scene-0103_004,ty,0.2,m,0,Pedestrian,pedestrian,19.8,15-30m,52.7,0,0.34,11,11,1.0,9.87
nuscenes_mini_subset,scene-0103_004,ty,0.2,m,1,Pedestrian,pedestrian,20.5,15-30m,53.1,0,0.0,6,6,1.0,5.78
nuscenes_mini_subset,scene-0103_004,ty,0.2,m,2,Car,vehicle,40.8,>30m,66.3,0,0.0,1,1,1.0,0.76
nuscenes_mini_subset,scene-0103_004,ty,0.2,m,3,Pedestrian,pedestrian,39.3,>30m,22.4,2,0.0,0,0,,
nuscenes_mini_subset,scene-0103_004,ty,0.2,m,4,Car,vehicle,50.6,>30m,129.7,1,0.0,0,0,,
nuscenes_mini_subset,scene-0103_004,ty,0.2,m,5,Pedestrian,pedestrian,16.3,15-30m,9.4,0,0.91,0,0,,
nuscenes_mini_subset,scene-0103_004,ty,0.2,m,6,Pedestrian,pedestrian,21.3,15-30m,43.9,0,0.0,7,7,1.0,6.22
nuscenes_mini_subset,scene-0103_004,ty,0.2,m,7,Car,vehicle,50.7,>30m,116.7,2,0.0,1,1,1.0,1.12
nuscenes_mini_subset,scene-0103_004,ty,0.2,m,8,Pedestrian,pedestrian,15.6,15-30m,101.9,0,0.0,16,16,1.0,10.91
nuscenes_mini_subset,scene-0103_004,ty,0.2,m,9,Car,vehicle,39.7,>30m,76.4,0,0.0,0,0,,
nuscenes_mini_subset,scene-0103_004,ty,0.2,m,10,Car,vehicle,34.8,>30m,113.3,0,0.0,1,1,1.0,1.22
nuscenes_mini_subset,scene-0103_004,ty,0.2,m,11,Pedestrian,pedestrian,39.7,>30m,25.3,2,0.0,1,1,1.0,1.66
nuscenes_mini_subset,scene-0103_004,ty,0.2,m,12,Pedestrian,pedestrian,17.8,15-30m,76.8,0,0.0,9,9,1.0,8.15
nuscenes_mini_subset,scene-0103_004,ty,0.2,m,13,Pedestrian,pedestrian,23.1,15-30m,38.2,0,0.0,3,3,1.0,4.8
nuscenes_mini_subset,scene-0103_004,ty,0.2,m,14,Car,vehicle,64.3,>30m,50.8,1,0.0,0,0,,
nuscenes_mini_subset,scene-0103_004,ty,0.2,m,16,Car,vehicle,14.3,0-15m,331.8,0,0.0,53,53,1.0,5.76
nuscenes_mini_subset,scene-0103_004,ty,0.2,m,17,Car,vehicle,49.2,>30m,62.8,0,0.0,5,5,1.0,1.02
nuscenes_mini_subset,scene-0103_004,ty,0.2,m,18,Pedestrian,pedestrian,22.9,15-30m,42.7,2,0.0,2,2,1.0,6.03
nuscenes_mini_subset,scene-0103_004,ty,0.2,m,19,Pedestrian,pedestrian,41.9,>30m,28.9,0,0.0,1,1,1.0,1.94
nuscenes_mini_subset,scene-0103_004,ty,0.2,m,20,Pedestrian,pedestrian,59.4,>30m,15.5,0,0.0,2,2,1.0,1.11
nuscenes_mini_subset,scene-0103_004,ty,0.2,m,21,Truck,vehicle,97.3,>30m,42.9,2,0.0,1,1,1.0,0.2
nuscenes_mini_subset,scene-0103_004,ty,0.2,m,22,Pedestrian,pedestrian,18.1,15-30m,50.1,0,0.38,9,9,1.0,9.39
nuscenes_mini_subset,scene-0103_004,tz,0.0,m,0,Pedestrian,pedestrian,19.8,15-30m,52.7,0,0.34,10,10,1.0,0.0
nuscenes_mini_subset,scene-0103_004,tz,0.0,m,1,Pedestrian,pedestrian,20.5,15-30m,53.1,0,0.0,6,6,1.0,0.0
nuscenes_mini_subset,scene-0103_004,tz,0.0,m,2,Car,vehicle,40.8,>30m,66.3,0,0.0,1,1,1.0,0.0
nuscenes_mini_subset,scene-0103_004,tz,0.0,m,3,Pedestrian,pedestrian,39.3,>30m,22.4,2,0.0,0,0,,
nuscenes_mini_subset,scene-0103_004,tz,0.0,m,4,Car,vehicle,50.6,>30m,129.7,1,0.0,0,0,,
nuscenes_mini_subset,scene-0103_004,tz,0.0,m,5,Pedestrian,pedestrian,16.3,15-30m,9.4,0,0.91,0,0,,
nuscenes_mini_subset,scene-0103_004,tz,0.0,m,6,Pedestrian,pedestrian,21.3,15-30m,43.9,0,0.0,7,7,1.0,0.0
nuscenes_mini_subset,scene-0103_004,tz,0.0,m,7,Car,vehicle,50.7,>30m,116.7,2,0.0,1,1,1.0,0.0
nuscenes_mini_subset,scene-0103_004,tz,0.0,m,8,Pedestrian,pedestrian,15.6,15-30m,101.9,0,0.0,16,16,1.0,0.0
nuscenes_mini_subset,scene-0103_004,tz,0.0,m,9,Car,vehicle,39.7,>30m,76.4,0,0.0,0,0,,
nuscenes_mini_subset,scene-0103_004,tz,0.0,m,10,Car,vehicle,34.8,>30m,113.3,0,0.0,1,1,1.0,0.0
nuscenes_mini_subset,scene-0103_004,tz,0.0,m,11,Pedestrian,pedestrian,39.7,>30m,25.3,2,0.0,1,1,1.0,0.0
nuscenes_mini_subset,scene-0103_004,tz,0.0,m,12,Pedestrian,pedestrian,17.8,15-30m,76.8,0,0.0,9,9,1.0,0.0
nuscenes_mini_subset,scene-0103_004,tz,0.0,m,13,Pedestrian,pedestrian,23.1,15-30m,38.2,0,0.0,3,3,1.0,0.0
nuscenes_mini_subset,scene-0103_004,tz,0.0,m,14,Car,vehicle,64.3,>30m,50.8,1,0.0,0,0,,
nuscenes_mini_subset,scene-0103_004,tz,0.0,m,16,Car,vehicle,14.3,0-15m,331.8,0,0.0,53,53,1.0,0.0
nuscenes_mini_subset,scene-0103_004,tz,0.0,m,17,Car,vehicle,49.2,>30m,62.8,0,0.0,5,5,1.0,0.0
nuscenes_mini_subset,scene-0103_004,tz,0.0,m,18,Pedestrian,pedestrian,22.9,15-30m,42.7,2,0.0,2,2,1.0,0.0
nuscenes_mini_subset,scene-0103_004,tz,0.0,m,19,Pedestrian,pedestrian,41.9,>30m,28.9,0,0.0,1,1,1.0,0.0
nuscenes_mini_subset,scene-0103_004,tz,0.0,m,20,Pedestrian,pedestrian,59.4,>30m,15.5,0,0.0,2,2,1.0,0.0
nuscenes_mini_subset,scene-0103_004,tz,0.0,m,21,Truck,vehicle,97.3,>30m,42.9,2,0.0,1,1,1.0,0.0
nuscenes_mini_subset,scene-0103_004,tz,0.0,m,22,Pedestrian,pedestrian,18.1,15-30m,50.1,0,0.38,6,6,1.0,0.0
nuscenes_mini_subset,scene-0103_004,tz,0.02,m,0,Pedestrian,pedestrian,19.8,15-30m,52.7,0,0.34,10,10,1.0,1.51
nuscenes_mini_subset,scene-0103_004,tz,0.02,m,1,Pedestrian,pedestrian,20.5,15-30m,53.1,0,0.0,6,6,1.0,1.35
nuscenes_mini_subset,scene-0103_004,tz,0.02,m,2,Car,vehicle,40.8,>30m,66.3,0,0.0,1,1,1.0,0.65
nuscenes_mini_subset,scene-0103_004,tz,0.02,m,3,Pedestrian,pedestrian,39.3,>30m,22.4,2,0.0,0,0,,
nuscenes_mini_subset,scene-0103_004,tz,0.02,m,4,Car,vehicle,50.6,>30m,129.7,1,0.0,0,0,,
nuscenes_mini_subset,scene-0103_004,tz,0.02,m,5,Pedestrian,pedestrian,16.3,15-30m,9.4,0,0.91,0,0,,
nuscenes_mini_subset,scene-0103_004,tz,0.02,m,6,Pedestrian,pedestrian,21.3,15-30m,43.9,0,0.0,7,7,1.0,1.31
nuscenes_mini_subset,scene-0103_004,tz,0.02,m,7,Car,vehicle,50.7,>30m,116.7,2,0.0,1,1,1.0,0.51
nuscenes_mini_subset,scene-0103_004,tz,0.02,m,8,Pedestrian,pedestrian,15.6,15-30m,101.9,0,0.0,16,16,1.0,1.87
nuscenes_mini_subset,scene-0103_004,tz,0.02,m,9,Car,vehicle,39.7,>30m,76.4,0,0.0,0,0,,
nuscenes_mini_subset,scene-0103_004,tz,0.02,m,10,Car,vehicle,34.8,>30m,113.3,0,0.0,1,1,1.0,0.78
nuscenes_mini_subset,scene-0103_004,tz,0.02,m,11,Pedestrian,pedestrian,39.7,>30m,25.3,2,0.0,1,1,1.0,0.65
nuscenes_mini_subset,scene-0103_004,tz,0.02,m,12,Pedestrian,pedestrian,17.8,15-30m,76.8,0,0.0,9,9,1.0,1.6
nuscenes_mini_subset,scene-0103_004,tz,0.02,m,13,Pedestrian,pedestrian,23.1,15-30m,38.2,0,0.0,3,3,1.0,1.18
nuscenes_mini_subset,scene-0103_004,tz,0.02,m,14,Car,vehicle,64.3,>30m,50.8,1,0.0,0,0,,
nuscenes_mini_subset,scene-0103_004,tz,0.02,m,16,Car,vehicle,14.3,0-15m,331.8,0,0.0,53,53,1.0,1.98
nuscenes_mini_subset,scene-0103_004,tz,0.02,m,17,Car,vehicle,49.2,>30m,62.8,0,0.0,5,5,1.0,0.54
nuscenes_mini_subset,scene-0103_004,tz,0.02,m,18,Pedestrian,pedestrian,22.9,15-30m,42.7,2,0.0,2,2,1.0,1.23
nuscenes_mini_subset,scene-0103_004,tz,0.02,m,19,Pedestrian,pedestrian,41.9,>30m,28.9,0,0.0,1,1,1.0,0.63
nuscenes_mini_subset,scene-0103_004,tz,0.02,m,20,Pedestrian,pedestrian,59.4,>30m,15.5,0,0.0,2,2,1.0,0.43
nuscenes_mini_subset,scene-0103_004,tz,0.02,m,21,Truck,vehicle,97.3,>30m,42.9,2,0.0,1,1,1.0,0.26
nuscenes_mini_subset,scene-0103_004,tz,0.02,m,22,Pedestrian,pedestrian,18.1,15-30m,50.1,0,0.38,6,6,1.0,1.62
nuscenes_mini_subset,scene-0103_004,tz,0.05,m,0,Pedestrian,pedestrian,19.8,15-30m,52.7,0,0.34,10,10,1.0,3.78
nuscenes_mini_subset,scene-0103_004,tz,0.05,m,1,Pedestrian,pedestrian,20.5,15-30m,53.1,0,0.0,6,6,1.0,3.37
nuscenes_mini_subset,scene-0103_004,tz,0.05,m,2,Car,vehicle,40.8,>30m,66.3,0,0.0,1,1,1.0,1.63
nuscenes_mini_subset,scene-0103_004,tz,0.05,m,3,Pedestrian,pedestrian,39.3,>30m,22.4,2,0.0,0,0,,
nuscenes_mini_subset,scene-0103_004,tz,0.05,m,4,Car,vehicle,50.6,>30m,129.7,1,0.0,0,0,,
nuscenes_mini_subset,scene-0103_004,tz,0.05,m,5,Pedestrian,pedestrian,16.3,15-30m,9.4,0,0.91,0,0,,
nuscenes_mini_subset,scene-0103_004,tz,0.05,m,6,Pedestrian,pedestrian,21.3,15-30m,43.9,0,0.0,7,7,1.0,3.29
nuscenes_mini_subset,scene-0103_004,tz,0.05,m,7,Car,vehicle,50.7,>30m,116.7,2,0.0,1,1,1.0,1.28
nuscenes_mini_subset,scene-0103_004,tz,0.05,m,8,Pedestrian,pedestrian,15.6,15-30m,101.9,0,0.0,16,16,1.0,4.67
nuscenes_mini_subset,scene-0103_004,tz,0.05,m,9,Car,vehicle,39.7,>30m,76.4,0,0.0,0,0,,
nuscenes_mini_subset,scene-0103_004,tz,0.05,m,10,Car,vehicle,34.8,>30m,113.3,0,0.0,1,1,1.0,1.95
nuscenes_mini_subset,scene-0103_004,tz,0.05,m,11,Pedestrian,pedestrian,39.7,>30m,25.3,2,0.0,1,1,1.0,1.62
nuscenes_mini_subset,scene-0103_004,tz,0.05,m,12,Pedestrian,pedestrian,17.8,15-30m,76.8,0,0.0,9,9,1.0,4.01
nuscenes_mini_subset,scene-0103_004,tz,0.05,m,13,Pedestrian,pedestrian,23.1,15-30m,38.2,0,0.0,3,3,1.0,2.95
nuscenes_mini_subset,scene-0103_004,tz,0.05,m,14,Car,vehicle,64.3,>30m,50.8,1,0.0,0,0,,
nuscenes_mini_subset,scene-0103_004,tz,0.05,m,16,Car,vehicle,14.3,0-15m,331.8,0,0.0,53,53,1.0,4.95
nuscenes_mini_subset,scene-0103_004,tz,0.05,m,17,Car,vehicle,49.2,>30m,62.8,0,0.0,5,5,1.0,1.35
nuscenes_mini_subset,scene-0103_004,tz,0.05,m,18,Pedestrian,pedestrian,22.9,15-30m,42.7,2,0.0,2,2,1.0,3.08
nuscenes_mini_subset,scene-0103_004,tz,0.05,m,19,Pedestrian,pedestrian,41.9,>30m,28.9,0,0.0,1,1,1.0,1.57
nuscenes_mini_subset,scene-0103_004,tz,0.05,m,20,Pedestrian,pedestrian,59.4,>30m,15.5,0,0.0,2,2,1.0,1.09
nuscenes_mini_subset,scene-0103_004,tz,0.05,m,21,Truck,vehicle,97.3,>30m,42.9,2,0.0,1,1,1.0,0.65
nuscenes_mini_subset,scene-0103_004,tz,0.05,m,22,Pedestrian,pedestrian,18.1,15-30m,50.1,0,0.38,6,6,1.0,4.06
nuscenes_mini_subset,scene-0103_004,tz,0.1,m,0,Pedestrian,pedestrian,19.8,15-30m,52.7,0,0.34,10,10,1.0,7.56
nuscenes_mini_subset,scene-0103_004,tz,0.1,m,1,Pedestrian,pedestrian,20.5,15-30m,53.1,0,0.0,6,6,1.0,6.74
nuscenes_mini_subset,scene-0103_004,tz,0.1,m,2,Car,vehicle,40.8,>30m,66.3,0,0.0,1,1,1.0,3.26
nuscenes_mini_subset,scene-0103_004,tz,0.1,m,3,Pedestrian,pedestrian,39.3,>30m,22.4,2,0.0,0,0,,
nuscenes_mini_subset,scene-0103_004,tz,0.1,m,4,Car,vehicle,50.6,>30m,129.7,1,0.0,0,0,,
nuscenes_mini_subset,scene-0103_004,tz,0.1,m,5,Pedestrian,pedestrian,16.3,15-30m,9.4,0,0.91,0,0,,
nuscenes_mini_subset,scene-0103_004,tz,0.1,m,6,Pedestrian,pedestrian,21.3,15-30m,43.9,0,0.0,7,7,1.0,6.57
nuscenes_mini_subset,scene-0103_004,tz,0.1,m,7,Car,vehicle,50.7,>30m,116.7,2,0.0,1,1,1.0,2.56
nuscenes_mini_subset,scene-0103_004,tz,0.1,m,8,Pedestrian,pedestrian,15.6,15-30m,101.9,0,0.0,16,16,1.0,9.34
nuscenes_mini_subset,scene-0103_004,tz,0.1,m,9,Car,vehicle,39.7,>30m,76.4,0,0.0,0,0,,
nuscenes_mini_subset,scene-0103_004,tz,0.1,m,10,Car,vehicle,34.8,>30m,113.3,0,0.0,1,1,1.0,3.89
nuscenes_mini_subset,scene-0103_004,tz,0.1,m,11,Pedestrian,pedestrian,39.7,>30m,25.3,2,0.0,1,1,1.0,3.24
nuscenes_mini_subset,scene-0103_004,tz,0.1,m,12,Pedestrian,pedestrian,17.8,15-30m,76.8,0,0.0,9,9,1.0,8.01
nuscenes_mini_subset,scene-0103_004,tz,0.1,m,13,Pedestrian,pedestrian,23.1,15-30m,38.2,0,0.0,3,3,1.0,5.9
nuscenes_mini_subset,scene-0103_004,tz,0.1,m,14,Car,vehicle,64.3,>30m,50.8,1,0.0,0,0,,
nuscenes_mini_subset,scene-0103_004,tz,0.1,m,16,Car,vehicle,14.3,0-15m,331.8,0,0.0,53,53,1.0,9.89
nuscenes_mini_subset,scene-0103_004,tz,0.1,m,17,Car,vehicle,49.2,>30m,62.8,0,0.0,5,5,1.0,2.71
nuscenes_mini_subset,scene-0103_004,tz,0.1,m,18,Pedestrian,pedestrian,22.9,15-30m,42.7,2,0.0,2,2,1.0,6.15
nuscenes_mini_subset,scene-0103_004,tz,0.1,m,19,Pedestrian,pedestrian,41.9,>30m,28.9,0,0.0,1,1,1.0,3.13
nuscenes_mini_subset,scene-0103_004,tz,0.1,m,20,Pedestrian,pedestrian,59.4,>30m,15.5,0,0.0,2,2,1.0,2.17
nuscenes_mini_subset,scene-0103_004,tz,0.1,m,21,Truck,vehicle,97.3,>30m,42.9,2,0.0,1,1,1.0,1.29
nuscenes_mini_subset,scene-0103_004,tz,0.1,m,22,Pedestrian,pedestrian,18.1,15-30m,50.1,0,0.38,6,6,1.0,8.11
nuscenes_mini_subset,scene-0103_004,tz,0.2,m,0,Pedestrian,pedestrian,19.8,15-30m,52.7,0,0.34,10,10,1.0,15.11
nuscenes_mini_subset,scene-0103_004,tz,0.2,m,1,Pedestrian,pedestrian,20.5,15-30m,53.1,0,0.0,6,6,1.0,13.47
nuscenes_mini_subset,scene-0103_004,tz,0.2,m,2,Car,vehicle,40.8,>30m,66.3,0,0.0,1,1,1.0,6.52
nuscenes_mini_subset,scene-0103_004,tz,0.2,m,3,Pedestrian,pedestrian,39.3,>30m,22.4,2,0.0,0,0,,
nuscenes_mini_subset,scene-0103_004,tz,0.2,m,4,Car,vehicle,50.6,>30m,129.7,1,0.0,0,0,,
nuscenes_mini_subset,scene-0103_004,tz,0.2,m,5,Pedestrian,pedestrian,16.3,15-30m,9.4,0,0.91,0,0,,
nuscenes_mini_subset,scene-0103_004,tz,0.2,m,6,Pedestrian,pedestrian,21.3,15-30m,43.9,0,0.0,7,7,1.0,13.14
nuscenes_mini_subset,scene-0103_004,tz,0.2,m,7,Car,vehicle,50.7,>30m,116.7,2,0.0,1,1,1.0,5.11
nuscenes_mini_subset,scene-0103_004,tz,0.2,m,8,Pedestrian,pedestrian,15.6,15-30m,101.9,0,0.0,16,16,1.0,18.67
nuscenes_mini_subset,scene-0103_004,tz,0.2,m,9,Car,vehicle,39.7,>30m,76.4,0,0.0,0,0,,
nuscenes_mini_subset,scene-0103_004,tz,0.2,m,10,Car,vehicle,34.8,>30m,113.3,0,0.0,1,1,1.0,7.79
nuscenes_mini_subset,scene-0103_004,tz,0.2,m,11,Pedestrian,pedestrian,39.7,>30m,25.3,2,0.0,1,1,1.0,6.48
nuscenes_mini_subset,scene-0103_004,tz,0.2,m,12,Pedestrian,pedestrian,17.8,15-30m,76.8,0,0.0,9,9,1.0,16.02
nuscenes_mini_subset,scene-0103_004,tz,0.2,m,13,Pedestrian,pedestrian,23.1,15-30m,38.2,0,0.0,3,3,1.0,11.8
nuscenes_mini_subset,scene-0103_004,tz,0.2,m,14,Car,vehicle,64.3,>30m,50.8,1,0.0,0,0,,
nuscenes_mini_subset,scene-0103_004,tz,0.2,m,16,Car,vehicle,14.3,0-15m,331.8,0,0.0,53,53,1.0,19.78
nuscenes_mini_subset,scene-0103_004,tz,0.2,m,17,Car,vehicle,49.2,>30m,62.8,0,0.0,5,5,1.0,5.41
nuscenes_mini_subset,scene-0103_004,tz,0.2,m,18,Pedestrian,pedestrian,22.9,15-30m,42.7,2,0.0,2,2,1.0,12.31
nuscenes_mini_subset,scene-0103_004,tz,0.2,m,19,Pedestrian,pedestrian,41.9,>30m,28.9,0,0.0,1,1,1.0,6.27
nuscenes_mini_subset,scene-0103_004,tz,0.2,m,20,Pedestrian,pedestrian,59.4,>30m,15.5,0,0.0,2,2,1.0,4.35
nuscenes_mini_subset,scene-0103_004,tz,0.2,m,21,Truck,vehicle,97.3,>30m,42.9,2,0.0,1,1,1.0,2.59
nuscenes_mini_subset,scene-0103_004,tz,0.2,m,22,Pedestrian,pedestrian,18.1,15-30m,50.1,0,0.38,6,6,1.0,16.22
nuscenes_mini_subset,scene-0103_008,yaw,0.0,deg,0,Car,vehicle,40.9,>30m,65.3,0,0.0,1,1,1.0,0.0
nuscenes_mini_subset,scene-0103_008,yaw,0.0,deg,1,Pedestrian,pedestrian,25.2,15-30m,45.3,0,0.0,2,2,1.0,0.0
nuscenes_mini_subset,scene-0103_008,yaw,0.0,deg,2,Car,vehicle,33.4,>30m,206.7,0,0.0,5,5,1.0,0.0
nuscenes_mini_subset,scene-0103_008,yaw,0.0,deg,3,Car,vehicle,34.1,>30m,206.6,2,0.0,1,1,1.0,0.0
nuscenes_mini_subset,scene-0103_008,yaw,0.0,deg,4,Car,vehicle,4.9,0-15m,176.9,0,0.99,61,61,1.0,0.0
nuscenes_mini_subset,scene-0103_008,yaw,0.0,deg,5,Car,vehicle,17.7,15-30m,333.6,0,0.0,48,48,1.0,0.0
nuscenes_mini_subset,scene-0103_008,yaw,0.0,deg,7,Pedestrian,pedestrian,25.6,15-30m,54.8,0,0.0,1,1,1.0,0.0
nuscenes_mini_subset,scene-0103_008,yaw,0.0,deg,8,Car,vehicle,63.5,>30m,35.2,0,0.0,4,4,1.0,0.0
nuscenes_mini_subset,scene-0103_008,yaw,0.0,deg,9,Car,vehicle,46.9,>30m,76.8,2,0.0,0,0,,
nuscenes_mini_subset,scene-0103_008,yaw,0.0,deg,11,Car,vehicle,31.9,>30m,107.1,0,0.0,7,7,1.0,0.0
nuscenes_mini_subset,scene-0103_008,yaw,0.0,deg,12,Pedestrian,pedestrian,27.8,15-30m,48.6,0,0.0,5,5,1.0,0.0
nuscenes_mini_subset,scene-0103_008,yaw,0.0,deg,13,Pedestrian,pedestrian,45.2,>30m,20.4,2,0.0,0,0,,
nuscenes_mini_subset,scene-0103_008,yaw,0.0,deg,14,Truck,vehicle,79.8,>30m,53.7,2,0.0,3,3,1.0,0.0
nuscenes_mini_subset,scene-0103_008,yaw,0.0,deg,15,Car,vehicle,46.6,>30m,63.6,0,0.0,0,0,,
nuscenes_mini_subset,scene-0103_008,yaw,0.0,deg,16,Pedestrian,pedestrian,41.5,>30m,23.7,0,0.0,2,2,1.0,0.0
nuscenes_mini_subset,scene-0103_008,yaw,0.25,deg,0,Car,vehicle,40.9,>30m,65.3,0,0.0,1,1,1.0,5.53
nuscenes_mini_subset,scene-0103_008,yaw,0.25,deg,1,Pedestrian,pedestrian,25.2,15-30m,45.3,0,0.0,2,2,1.0,7.15
nuscenes_mini_subset,scene-0103_008,yaw,0.25,deg,2,Car,vehicle,33.4,>30m,206.7,0,0.0,5,5,1.0,5.89
nuscenes_mini_subset,scene-0103_008,yaw,0.25,deg,3,Car,vehicle,34.1,>30m,206.6,2,0.0,1,1,1.0,6.85
nuscenes_mini_subset,scene-0103_008,yaw,0.25,deg,4,Car,vehicle,4.9,0-15m,176.9,0,0.99,55,55,1.0,8.08
nuscenes_mini_subset,scene-0103_008,yaw,0.25,deg,5,Car,vehicle,17.7,15-30m,333.6,0,0.0,48,48,1.0,6.91
nuscenes_mini_subset,scene-0103_008,yaw,0.25,deg,7,Pedestrian,pedestrian,25.6,15-30m,54.8,0,0.0,1,1,1.0,7.2
nuscenes_mini_subset,scene-0103_008,yaw,0.25,deg,8,Car,vehicle,63.5,>30m,35.2,0,0.0,4,4,1.0,5.57
nuscenes_mini_subset,scene-0103_008,yaw,0.25,deg,9,Car,vehicle,46.9,>30m,76.8,2,0.0,0,0,,
nuscenes_mini_subset,scene-0103_008,yaw,0.25,deg,11,Car,vehicle,31.9,>30m,107.1,0,0.0,7,7,1.0,5.71
nuscenes_mini_subset,scene-0103_008,yaw,0.25,deg,12,Pedestrian,pedestrian,27.8,15-30m,48.6,0,0.0,5,5,1.0,6.28
nuscenes_mini_subset,scene-0103_008,yaw,0.25,deg,13,Pedestrian,pedestrian,45.2,>30m,20.4,2,0.0,0,0,,
nuscenes_mini_subset,scene-0103_008,yaw,0.25,deg,14,Truck,vehicle,79.8,>30m,53.7,2,0.0,3,3,1.0,5.53
nuscenes_mini_subset,scene-0103_008,yaw,0.25,deg,15,Car,vehicle,46.6,>30m,63.6,0,0.0,0,0,,
nuscenes_mini_subset,scene-0103_008,yaw,0.25,deg,16,Pedestrian,pedestrian,41.5,>30m,23.7,0,0.0,2,2,1.0,5.82
nuscenes_mini_subset,scene-0103_008,yaw,0.5,deg,0,Car,vehicle,40.9,>30m,65.3,0,0.0,1,0,0.0,11.06
nuscenes_mini_subset,scene-0103_008,yaw,0.5,deg,1,Pedestrian,pedestrian,25.2,15-30m,45.3,0,0.0,2,2,1.0,14.34
nuscenes_mini_subset,scene-0103_008,yaw,0.5,deg,2,Car,vehicle,33.4,>30m,206.7,0,0.0,5,5,1.0,11.8
nuscenes_mini_subset,scene-0103_008,yaw,0.5,deg,3,Car,vehicle,34.1,>30m,206.6,2,0.0,1,1,1.0,13.74
nuscenes_mini_subset,scene-0103_008,yaw,0.5,deg,4,Car,vehicle,4.9,0-15m,176.9,0,0.99,52,52,1.0,16.17
nuscenes_mini_subset,scene-0103_008,yaw,0.5,deg,5,Car,vehicle,17.7,15-30m,333.6,0,0.0,48,48,1.0,13.86
nuscenes_mini_subset,scene-0103_008,yaw,0.5,deg,7,Pedestrian,pedestrian,25.6,15-30m,54.8,0,0.0,1,1,1.0,14.43
nuscenes_mini_subset,scene-0103_008,yaw,0.5,deg,8,Car,vehicle,63.5,>30m,35.2,0,0.0,4,3,0.75,11.14
nuscenes_mini_subset,scene-0103_008,yaw,0.5,deg,9,Car,vehicle,46.9,>30m,76.8,2,0.0,0,0,,
nuscenes_mini_subset,scene-0103_008,yaw,0.5,deg,11,Car,vehicle,31.9,>30m,107.1,0,0.0,7,7,1.0,11.42
nuscenes_mini_subset,scene-0103_008,yaw,0.5,deg,12,Pedestrian,pedestrian,27.8,15-30m,48.6,0,0.0,5,5,1.0,12.54
nuscenes_mini_subset,scene-0103_008,yaw,0.5,deg,13,Pedestrian,pedestrian,45.2,>30m,20.4,2,0.0,0,0,,
nuscenes_mini_subset,scene-0103_008,yaw,0.5,deg,14,Truck,vehicle,79.8,>30m,53.7,2,0.0,3,2,0.6667,11.06
nuscenes_mini_subset,scene-0103_008,yaw,0.5,deg,15,Car,vehicle,46.6,>30m,63.6,0,0.0,0,0,,
nuscenes_mini_subset,scene-0103_008,yaw,0.5,deg,16,Pedestrian,pedestrian,41.5,>30m,23.7,0,0.0,2,1,0.5,11.63
nuscenes_mini_subset,scene-0103_008,yaw,1.0,deg,0,Car,vehicle,40.9,>30m,65.3,0,0.0,1,0,0.0,22.11
nuscenes_mini_subset,scene-0103_008,yaw,1.0,deg,1,Pedestrian,pedestrian,25.2,15-30m,45.3,0,0.0,2,0,0.0,28.81
nuscenes_mini_subset,scene-0103_008,yaw,1.0,deg,2,Car,vehicle,33.4,>30m,206.7,0,0.0,5,5,1.0,23.64
nuscenes_mini_subset,scene-0103_008,yaw,1.0,deg,3,Car,vehicle,34.1,>30m,206.6,2,0.0,1,1,1.0,27.6
nuscenes_mini_subset,scene-0103_008,yaw,1.0,deg,4,Car,vehicle,4.9,0-15m,176.9,0,0.99,42,42,1.0,32.27
nuscenes_mini_subset,scene-0103_008,yaw,1.0,deg,5,Car,vehicle,17.7,15-30m,333.6,0,0.0,48,48,1.0,27.83
nuscenes_mini_subset,scene-0103_008,yaw,1.0,deg,7,Pedestrian,pedestrian,25.6,15-30m,54.8,0,0.0,1,1,1.0,29.01
nuscenes_mini_subset,scene-0103_008,yaw,1.0,deg,8,Car,vehicle,63.5,>30m,35.2,0,0.0,4,1,0.25,22.26
nuscenes_mini_subset,scene-0103_008,yaw,1.0,deg,9,Car,vehicle,46.9,>30m,76.8,2,0.0,0,0,,
nuscenes_mini_subset,scene-0103_008,yaw,1.0,deg,11,Car,vehicle,31.9,>30m,107.1,0,0.0,7,7,1.0,22.81
nuscenes_mini_subset,scene-0103_008,yaw,1.0,deg,12,Pedestrian,pedestrian,27.8,15-30m,48.6,0,0.0,5,4,0.8,25.0
nuscenes_mini_subset,scene-0103_008,yaw,1.0,deg,13,Pedestrian,pedestrian,45.2,>30m,20.4,2,0.0,0,0,,
nuscenes_mini_subset,scene-0103_008,yaw,1.0,deg,14,Truck,vehicle,79.8,>30m,53.7,2,0.0,3,2,0.6667,22.14
nuscenes_mini_subset,scene-0103_008,yaw,1.0,deg,15,Car,vehicle,46.6,>30m,63.6,0,0.0,0,0,,
nuscenes_mini_subset,scene-0103_008,yaw,1.0,deg,16,Pedestrian,pedestrian,41.5,>30m,23.7,0,0.0,2,0,0.0,23.21
nuscenes_mini_subset,scene-0103_008,yaw,2.0,deg,0,Car,vehicle,40.9,>30m,65.3,0,0.0,1,0,0.0,44.21
nuscenes_mini_subset,scene-0103_008,yaw,2.0,deg,1,Pedestrian,pedestrian,25.2,15-30m,45.3,0,0.0,2,0,0.0,58.19
nuscenes_mini_subset,scene-0103_008,yaw,2.0,deg,2,Car,vehicle,33.4,>30m,206.7,0,0.0,5,4,0.8,47.51
nuscenes_mini_subset,scene-0103_008,yaw,2.0,deg,3,Car,vehicle,34.1,>30m,206.6,2,0.0,1,1,1.0,55.69
nuscenes_mini_subset,scene-0103_008,yaw,2.0,deg,4,Car,vehicle,4.9,0-15m,176.9,0,0.99,26,26,1.0,64.44
nuscenes_mini_subset,scene-0103_008,yaw,2.0,deg,5,Car,vehicle,17.7,15-30m,333.6,0,0.0,48,43,0.8958,56.17
nuscenes_mini_subset,scene-0103_008,yaw,2.0,deg,7,Pedestrian,pedestrian,25.6,15-30m,54.8,0,0.0,1,0,0.0,58.6
nuscenes_mini_subset,scene-0103_008,yaw,2.0,deg,8,Car,vehicle,63.5,>30m,35.2,0,0.0,4,0,0.0,44.44
nuscenes_mini_subset,scene-0103_008,yaw,2.0,deg,9,Car,vehicle,46.9,>30m,76.8,2,0.0,0,0,,
nuscenes_mini_subset,scene-0103_008,yaw,2.0,deg,11,Car,vehicle,31.9,>30m,107.1,0,0.0,7,5,0.7143,45.49
nuscenes_mini_subset,scene-0103_008,yaw,2.0,deg,12,Pedestrian,pedestrian,27.8,15-30m,48.6,0,0.0,5,0,0.0,49.69
nuscenes_mini_subset,scene-0103_008,yaw,2.0,deg,13,Pedestrian,pedestrian,45.2,>30m,20.4,2,0.0,0,0,,
nuscenes_mini_subset,scene-0103_008,yaw,2.0,deg,14,Truck,vehicle,79.8,>30m,53.7,2,0.0,3,0,0.0,44.35
nuscenes_mini_subset,scene-0103_008,yaw,2.0,deg,15,Car,vehicle,46.6,>30m,63.6,0,0.0,0,0,,
nuscenes_mini_subset,scene-0103_008,yaw,2.0,deg,16,Pedestrian,pedestrian,41.5,>30m,23.7,0,0.0,2,0,0.0,46.25
nuscenes_mini_subset,scene-0103_008,yaw,3.0,deg,0,Car,vehicle,40.9,>30m,65.3,0,0.0,1,0,0.0,66.31
nuscenes_mini_subset,scene-0103_008,yaw,3.0,deg,1,Pedestrian,pedestrian,25.2,15-30m,45.3,0,0.0,2,0,0.0,88.17
nuscenes_mini_subset,scene-0103_008,yaw,3.0,deg,2,Car,vehicle,33.4,>30m,206.7,0,0.0,5,2,0.4,71.61
nuscenes_mini_subset,scene-0103_008,yaw,3.0,deg,3,Car,vehicle,34.1,>30m,206.6,2,0.0,1,0,0.0,84.31
nuscenes_mini_subset,scene-0103_008,yaw,3.0,deg,4,Car,vehicle,4.9,0-15m,176.9,0,0.99,9,9,1.0,95.95
nuscenes_mini_subset,scene-0103_008,yaw,3.0,deg,5,Car,vehicle,17.7,15-30m,333.6,0,0.0,48,38,0.7917,85.02
nuscenes_mini_subset,scene-0103_008,yaw,3.0,deg,7,Pedestrian,pedestrian,25.6,15-30m,54.8,0,0.0,1,0,0.0,88.81
nuscenes_mini_subset,scene-0103_008,yaw,3.0,deg,8,Car,vehicle,63.5,>30m,35.2,0,0.0,4,0,0.0,66.56
nuscenes_mini_subset,scene-0103_008,yaw,3.0,deg,9,Car,vehicle,46.9,>30m,76.8,2,0.0,0,0,,
nuscenes_mini_subset,scene-0103_008,yaw,3.0,deg,11,Car,vehicle,31.9,>30m,107.1,0,0.0,7,4,0.5714,68.06
nuscenes_mini_subset,scene-0103_008,yaw,3.0,deg,12,Pedestrian,pedestrian,27.8,15-30m,48.6,0,0.0,5,0,0.0,74.1
nuscenes_mini_subset,scene-0103_008,yaw,3.0,deg,13,Pedestrian,pedestrian,45.2,>30m,20.4,2,0.0,0,0,,
nuscenes_mini_subset,scene-0103_008,yaw,3.0,deg,14,Truck,vehicle,79.8,>30m,53.7,2,0.0,3,0,0.0,66.66
nuscenes_mini_subset,scene-0103_008,yaw,3.0,deg,15,Car,vehicle,46.6,>30m,63.6,0,0.0,0,0,,
nuscenes_mini_subset,scene-0103_008,yaw,3.0,deg,16,Pedestrian,pedestrian,41.5,>30m,23.7,0,0.0,2,0,0.0,69.13
nuscenes_mini_subset,scene-0103_008,pitch,0.0,deg,0,Car,vehicle,40.9,>30m,65.3,0,0.0,1,1,1.0,0.0
nuscenes_mini_subset,scene-0103_008,pitch,0.0,deg,1,Pedestrian,pedestrian,25.2,15-30m,45.3,0,0.0,2,2,1.0,0.0
nuscenes_mini_subset,scene-0103_008,pitch,0.0,deg,2,Car,vehicle,33.4,>30m,206.7,0,0.0,5,5,1.0,0.0
nuscenes_mini_subset,scene-0103_008,pitch,0.0,deg,3,Car,vehicle,34.1,>30m,206.6,2,0.0,1,1,1.0,0.0
nuscenes_mini_subset,scene-0103_008,pitch,0.0,deg,4,Car,vehicle,4.9,0-15m,176.9,0,0.99,61,61,1.0,0.0
nuscenes_mini_subset,scene-0103_008,pitch,0.0,deg,5,Car,vehicle,17.7,15-30m,333.6,0,0.0,48,48,1.0,0.0
nuscenes_mini_subset,scene-0103_008,pitch,0.0,deg,7,Pedestrian,pedestrian,25.6,15-30m,54.8,0,0.0,1,1,1.0,0.0
nuscenes_mini_subset,scene-0103_008,pitch,0.0,deg,8,Car,vehicle,63.5,>30m,35.2,0,0.0,4,4,1.0,0.0
nuscenes_mini_subset,scene-0103_008,pitch,0.0,deg,9,Car,vehicle,46.9,>30m,76.8,2,0.0,0,0,,
nuscenes_mini_subset,scene-0103_008,pitch,0.0,deg,11,Car,vehicle,31.9,>30m,107.1,0,0.0,7,7,1.0,0.0
nuscenes_mini_subset,scene-0103_008,pitch,0.0,deg,12,Pedestrian,pedestrian,27.8,15-30m,48.6,0,0.0,5,5,1.0,0.0
nuscenes_mini_subset,scene-0103_008,pitch,0.0,deg,13,Pedestrian,pedestrian,45.2,>30m,20.4,2,0.0,0,0,,
nuscenes_mini_subset,scene-0103_008,pitch,0.0,deg,14,Truck,vehicle,79.8,>30m,53.7,2,0.0,3,3,1.0,0.0
nuscenes_mini_subset,scene-0103_008,pitch,0.0,deg,15,Car,vehicle,46.6,>30m,63.6,0,0.0,0,0,,
nuscenes_mini_subset,scene-0103_008,pitch,0.0,deg,16,Pedestrian,pedestrian,41.5,>30m,23.7,0,0.0,2,2,1.0,0.0
nuscenes_mini_subset,scene-0103_008,pitch,0.25,deg,0,Car,vehicle,40.9,>30m,65.3,0,0.0,1,1,1.0,0.17
nuscenes_mini_subset,scene-0103_008,pitch,0.25,deg,1,Pedestrian,pedestrian,25.2,15-30m,45.3,0,0.0,2,2,1.0,2.98
nuscenes_mini_subset,scene-0103_008,pitch,0.25,deg,2,Car,vehicle,33.4,>30m,206.7,0,0.0,5,5,1.0,1.41
nuscenes_mini_subset,scene-0103_008,pitch,0.25,deg,3,Car,vehicle,34.1,>30m,206.6,2,0.0,1,1,1.0,2.72
nuscenes_mini_subset,scene-0103_008,pitch,0.25,deg,4,Car,vehicle,4.9,0-15m,176.9,0,0.99,62,62,1.0,3.67
nuscenes_mini_subset,scene-0103_008,pitch,0.25,deg,5,Car,vehicle,17.7,15-30m,333.6,0,0.0,48,48,1.0,2.69
nuscenes_mini_subset,scene-0103_008,pitch,0.25,deg,7,Pedestrian,pedestrian,25.6,15-30m,54.8,0,0.0,1,1,1.0,3.03
nuscenes_mini_subset,scene-0103_008,pitch,0.25,deg,8,Car,vehicle,63.5,>30m,35.2,0,0.0,4,4,1.0,0.57
nuscenes_mini_subset,scene-0103_008,pitch,0.25,deg,9,Car,vehicle,46.9,>30m,76.8,2,0.0,0,0,,
nuscenes_mini_subset,scene-0103_008,pitch,0.25,deg,11,Car,vehicle,31.9,>30m,107.1,0,0.0,7,7,1.0,0.89
nuscenes_mini_subset,scene-0103_008,pitch,0.25,deg,12,Pedestrian,pedestrian,27.8,15-30m,48.6,0,0.0,5,5,1.0,1.94
nuscenes_mini_subset,scene-0103_008,pitch,0.25,deg,13,Pedestrian,pedestrian,45.2,>30m,20.4,2,0.0,0,0,,
nuscenes_mini_subset,scene-0103_008,pitch,0.25,deg,14,Truck,vehicle,79.8,>30m,53.7,2,0.0,3,3,1.0,0.56
nuscenes_mini_subset,scene-0103_008,pitch,0.25,deg,15,Car,vehicle,46.6,>30m,63.6,0,0.0,0,0,,
nuscenes_mini_subset,scene-0103_008,pitch,0.25,deg,16,Pedestrian,pedestrian,41.5,>30m,23.7,0,0.0,2,2,1.0,1.24
nuscenes_mini_subset,scene-0103_008,pitch,0.5,deg,0,Car,vehicle,40.9,>30m,65.3,0,0.0,1,1,1.0,0.34
nuscenes_mini_subset,scene-0103_008,pitch,0.5,deg,1,Pedestrian,pedestrian,25.2,15-30m,45.3,0,0.0,2,2,1.0,5.97
nuscenes_mini_subset,scene-0103_008,pitch,0.5,deg,2,Car,vehicle,33.4,>30m,206.7,0,0.0,5,5,1.0,2.81
nuscenes_mini_subset,scene-0103_008,pitch,0.5,deg,3,Car,vehicle,34.1,>30m,206.6,2,0.0,1,1,1.0,5.45
nuscenes_mini_subset,scene-0103_008,pitch,0.5,deg,4,Car,vehicle,4.9,0-15m,176.9,0,0.99,64,64,1.0,7.33
nuscenes_mini_subset,scene-0103_008,pitch,0.5,deg,5,Car,vehicle,17.7,15-30m,333.6,0,0.0,48,48,1.0,5.38
nuscenes_mini_subset,scene-0103_008,pitch,0.5,deg,7,Pedestrian,pedestrian,25.6,15-30m,54.8,0,0.0,1,1,1.0,6.07
nuscenes_mini_subset,scene-0103_008,pitch,0.5,deg,8,Car,vehicle,63.5,>30m,35.2,0,0.0,4,0,0.0,1.14
nuscenes_mini_subset,scene-0103_008,pitch,0.5,deg,9,Car,vehicle,46.9,>30m,76.8,2,0.0,0,0,,
nuscenes_mini_subset,scene-0103_008,pitch,0.5,deg,11,Car,vehicle,31.9,>30m,107.1,0,0.0,7,7,1.0,1.78
nuscenes_mini_subset,scene-0103_008,pitch,0.5,deg,12,Pedestrian,pedestrian,27.8,15-30m,48.6,0,0.0,5,5,1.0,3.88
nuscenes_mini_subset,scene-0103_008,pitch,0.5,deg,13,Pedestrian,pedestrian,45.2,>30m,20.4,2,0.0,0,0,,
nuscenes_mini_subset,scene-0103_008,pitch,0.5,deg,14,Truck,vehicle,79.8,>30m,53.7,2,0.0,3,3,1.0,1.13
nuscenes_mini_subset,scene-0103_008,pitch,0.5,deg,15,Car,vehicle,46.6,>30m,63.6,0,0.0,0,0,,
nuscenes_mini_subset,scene-0103_008,pitch,0.5,deg,16,Pedestrian,pedestrian,41.5,>30m,23.7,0,0.0,2,2,1.0,2.47
nuscenes_mini_subset,scene-0103_008,pitch,1.0,deg,0,Car,vehicle,40.9,>30m,65.3,0,0.0,1,1,1.0,0.69
nuscenes_mini_subset,scene-0103_008,pitch,1.0,deg,1,Pedestrian,pedestrian,25.2,15-30m,45.3,0,0.0,2,2,1.0,11.93
nuscenes_mini_subset,scene-0103_008,pitch,1.0,deg,2,Car,vehicle,33.4,>30m,206.7,0,0.0,5,5,1.0,5.63
nuscenes_mini_subset,scene-0103_008,pitch,1.0,deg,3,Car,vehicle,34.1,>30m,206.6,2,0.0,1,1,1.0,10.89
nuscenes_mini_subset,scene-0103_008,pitch,1.0,deg,4,Car,vehicle,4.9,0-15m,176.9,0,0.99,60,60,1.0,14.59
nuscenes_mini_subset,scene-0103_008,pitch,1.0,deg,5,Car,vehicle,17.7,15-30m,333.6,0,0.0,48,48,1.0,10.76
nuscenes_mini_subset,scene-0103_008,pitch,1.0,deg,7,Pedestrian,pedestrian,25.6,15-30m,54.8,0,0.0,1,1,1.0,12.13
nuscenes_mini_subset,scene-0103_008,pitch,1.0,deg,8,Car,vehicle,63.5,>30m,35.2,0,0.0,4,0,0.0,2.29
nuscenes_mini_subset,scene-0103_008,pitch,1.0,deg,9,Car,vehicle,46.9,>30m,76.8,2,0.0,0,0,,
nuscenes_mini_subset,scene-0103_008,pitch,1.0,deg,11,Car,vehicle,31.9,>30m,107.1,0,0.0,7,7,1.0,3.56
nuscenes_mini_subset,scene-0103_008,pitch,1.0,deg,12,Pedestrian,pedestrian,27.8,15-30m,48.6,0,0.0,5,5,1.0,7.76
nuscenes_mini_subset,scene-0103_008,pitch,1.0,deg,13,Pedestrian,pedestrian,45.2,>30m,20.4,2,0.0,0,0,,
nuscenes_mini_subset,scene-0103_008,pitch,1.0,deg,14,Truck,vehicle,79.8,>30m,53.7,2,0.0,3,3,1.0,2.26
nuscenes_mini_subset,scene-0103_008,pitch,1.0,deg,15,Car,vehicle,46.6,>30m,63.6,0,0.0,0,0,,
nuscenes_mini_subset,scene-0103_008,pitch,1.0,deg,16,Pedestrian,pedestrian,41.5,>30m,23.7,0,0.0,2,2,1.0,4.94
nuscenes_mini_subset,scene-0103_008,pitch,2.0,deg,0,Car,vehicle,40.9,>30m,65.3,0,0.0,1,1,1.0,1.37
nuscenes_mini_subset,scene-0103_008,pitch,2.0,deg,1,Pedestrian,pedestrian,25.2,15-30m,45.3,0,0.0,2,2,1.0,23.86
nuscenes_mini_subset,scene-0103_008,pitch,2.0,deg,2,Car,vehicle,33.4,>30m,206.7,0,0.0,5,5,1.0,11.25
nuscenes_mini_subset,scene-0103_008,pitch,2.0,deg,3,Car,vehicle,34.1,>30m,206.6,2,0.0,1,1,1.0,21.78
nuscenes_mini_subset,scene-0103_008,pitch,2.0,deg,4,Car,vehicle,4.9,0-15m,176.9,0,0.99,58,58,1.0,29.12
nuscenes_mini_subset,scene-0103_008,pitch,2.0,deg,5,Car,vehicle,17.7,15-30m,333.6,0,0.0,48,48,1.0,21.51
nuscenes_mini_subset,scene-0103_008,pitch,2.0,deg,7,Pedestrian,pedestrian,25.6,15-30m,54.8,0,0.0,1,1,1.0,24.26
nuscenes_mini_subset,scene-0103_008,pitch,2.0,deg,8,Car,vehicle,63.5,>30m,35.2,0,0.0,4,0,0.0,4.58
nuscenes_mini_subset,scene-0103_008,pitch,2.0,deg,9,Car,vehicle,46.9,>30m,76.8,2,0.0,0,0,,
nuscenes_mini_subset,scene-0103_008,pitch,2.0,deg,11,Car,vehicle,31.9,>30m,107.1,0,0.0,7,7,1.0,7.13
nuscenes_mini_subset,scene-0103_008,pitch,2.0,deg,12,Pedestrian,pedestrian,27.8,15-30m,48.6,0,0.0,5,5,1.0,15.53
nuscenes_mini_subset,scene-0103_008,pitch,2.0,deg,13,Pedestrian,pedestrian,45.2,>30m,20.4,2,0.0,0,0,,
nuscenes_mini_subset,scene-0103_008,pitch,2.0,deg,14,Truck,vehicle,79.8,>30m,53.7,2,0.0,3,3,1.0,4.51
nuscenes_mini_subset,scene-0103_008,pitch,2.0,deg,15,Car,vehicle,46.6,>30m,63.6,0,0.0,0,0,,
nuscenes_mini_subset,scene-0103_008,pitch,2.0,deg,16,Pedestrian,pedestrian,41.5,>30m,23.7,0,0.0,2,2,1.0,9.88
nuscenes_mini_subset,scene-0103_008,pitch,3.0,deg,0,Car,vehicle,40.9,>30m,65.3,0,0.0,1,1,1.0,2.06
nuscenes_mini_subset,scene-0103_008,pitch,3.0,deg,1,Pedestrian,pedestrian,25.2,15-30m,45.3,0,0.0,2,2,1.0,35.78
nuscenes_mini_subset,scene-0103_008,pitch,3.0,deg,2,Car,vehicle,33.4,>30m,206.7,0,0.0,5,5,1.0,16.87
nuscenes_mini_subset,scene-0103_008,pitch,3.0,deg,3,Car,vehicle,34.1,>30m,206.6,2,0.0,1,1,1.0,32.66
nuscenes_mini_subset,scene-0103_008,pitch,3.0,deg,4,Car,vehicle,4.9,0-15m,176.9,0,0.99,57,57,1.0,43.58
nuscenes_mini_subset,scene-0103_008,pitch,3.0,deg,5,Car,vehicle,17.7,15-30m,333.6,0,0.0,48,48,1.0,32.26
nuscenes_mini_subset,scene-0103_008,pitch,3.0,deg,7,Pedestrian,pedestrian,25.6,15-30m,54.8,0,0.0,1,1,1.0,36.38
nuscenes_mini_subset,scene-0103_008,pitch,3.0,deg,8,Car,vehicle,63.5,>30m,35.2,0,0.0,4,0,0.0,6.87
nuscenes_mini_subset,scene-0103_008,pitch,3.0,deg,9,Car,vehicle,46.9,>30m,76.8,2,0.0,0,0,,
nuscenes_mini_subset,scene-0103_008,pitch,3.0,deg,11,Car,vehicle,31.9,>30m,107.1,0,0.0,7,7,1.0,10.69
nuscenes_mini_subset,scene-0103_008,pitch,3.0,deg,12,Pedestrian,pedestrian,27.8,15-30m,48.6,0,0.0,5,2,0.4,23.3
nuscenes_mini_subset,scene-0103_008,pitch,3.0,deg,13,Pedestrian,pedestrian,45.2,>30m,20.4,2,0.0,0,0,,
nuscenes_mini_subset,scene-0103_008,pitch,3.0,deg,14,Truck,vehicle,79.8,>30m,53.7,2,0.0,3,3,1.0,6.77
nuscenes_mini_subset,scene-0103_008,pitch,3.0,deg,15,Car,vehicle,46.6,>30m,63.6,0,0.0,0,0,,
nuscenes_mini_subset,scene-0103_008,pitch,3.0,deg,16,Pedestrian,pedestrian,41.5,>30m,23.7,0,0.0,2,2,1.0,14.82
nuscenes_mini_subset,scene-0103_008,roll,0.0,deg,0,Car,vehicle,40.9,>30m,65.3,0,0.0,1,1,1.0,0.0
nuscenes_mini_subset,scene-0103_008,roll,0.0,deg,1,Pedestrian,pedestrian,25.2,15-30m,45.3,0,0.0,2,2,1.0,0.0
nuscenes_mini_subset,scene-0103_008,roll,0.0,deg,2,Car,vehicle,33.4,>30m,206.7,0,0.0,5,5,1.0,0.0
nuscenes_mini_subset,scene-0103_008,roll,0.0,deg,3,Car,vehicle,34.1,>30m,206.6,2,0.0,1,1,1.0,0.0
nuscenes_mini_subset,scene-0103_008,roll,0.0,deg,4,Car,vehicle,4.9,0-15m,176.9,0,0.99,61,61,1.0,0.0
nuscenes_mini_subset,scene-0103_008,roll,0.0,deg,5,Car,vehicle,17.7,15-30m,333.6,0,0.0,48,48,1.0,0.0
nuscenes_mini_subset,scene-0103_008,roll,0.0,deg,7,Pedestrian,pedestrian,25.6,15-30m,54.8,0,0.0,1,1,1.0,0.0
nuscenes_mini_subset,scene-0103_008,roll,0.0,deg,8,Car,vehicle,63.5,>30m,35.2,0,0.0,4,4,1.0,0.0
nuscenes_mini_subset,scene-0103_008,roll,0.0,deg,9,Car,vehicle,46.9,>30m,76.8,2,0.0,0,0,,
nuscenes_mini_subset,scene-0103_008,roll,0.0,deg,11,Car,vehicle,31.9,>30m,107.1,0,0.0,7,7,1.0,0.0
nuscenes_mini_subset,scene-0103_008,roll,0.0,deg,12,Pedestrian,pedestrian,27.8,15-30m,48.6,0,0.0,5,5,1.0,0.0
nuscenes_mini_subset,scene-0103_008,roll,0.0,deg,13,Pedestrian,pedestrian,45.2,>30m,20.4,2,0.0,0,0,,
nuscenes_mini_subset,scene-0103_008,roll,0.0,deg,14,Truck,vehicle,79.8,>30m,53.7,2,0.0,3,3,1.0,0.0
nuscenes_mini_subset,scene-0103_008,roll,0.0,deg,15,Car,vehicle,46.6,>30m,63.6,0,0.0,0,0,,
nuscenes_mini_subset,scene-0103_008,roll,0.0,deg,16,Pedestrian,pedestrian,41.5,>30m,23.7,0,0.0,2,2,1.0,0.0
nuscenes_mini_subset,scene-0103_008,roll,0.25,deg,0,Car,vehicle,40.9,>30m,65.3,0,0.0,1,1,1.0,5.53
nuscenes_mini_subset,scene-0103_008,roll,0.25,deg,1,Pedestrian,pedestrian,25.2,15-30m,45.3,0,0.0,2,2,1.0,5.57
nuscenes_mini_subset,scene-0103_008,roll,0.25,deg,2,Car,vehicle,33.4,>30m,206.7,0,0.0,5,5,1.0,5.53
nuscenes_mini_subset,scene-0103_008,roll,0.25,deg,3,Car,vehicle,34.1,>30m,206.6,2,0.0,1,1,1.0,5.52
nuscenes_mini_subset,scene-0103_008,roll,0.25,deg,4,Car,vehicle,4.9,0-15m,176.9,0,0.99,65,64,0.9846,6.33
nuscenes_mini_subset,scene-0103_008,roll,0.25,deg,5,Car,vehicle,17.7,15-30m,333.6,0,0.0,48,48,1.0,5.65
nuscenes_mini_subset,scene-0103_008,roll,0.25,deg,7,Pedestrian,pedestrian,25.6,15-30m,54.8,0,0.0,1,1,1.0,5.54
nuscenes_mini_subset,scene-0103_008,roll,0.25,deg,8,Car,vehicle,63.5,>30m,35.2,0,0.0,4,4,1.0,5.51
nuscenes_mini_subset,scene-0103_008,roll,0.25,deg,9,Car,vehicle,46.9,>30m,76.8,2,0.0,0,0,,
nuscenes_mini_subset,scene-0103_008,roll,0.25,deg,11,Car,vehicle,31.9,>30m,107.1,0,0.0,7,7,1.0,5.57
nuscenes_mini_subset,scene-0103_008,roll,0.25,deg,12,Pedestrian,pedestrian,27.8,15-30m,48.6,0,0.0,5,5,1.0,5.58
nuscenes_mini_subset,scene-0103_008,roll,0.25,deg,13,Pedestrian,pedestrian,45.2,>30m,20.4,2,0.0,0,0,,
nuscenes_mini_subset,scene-0103_008,roll,0.25,deg,14,Truck,vehicle,79.8,>30m,53.7,2,0.0,3,3,1.0,5.49
nuscenes_mini_subset,scene-0103_008,roll,0.25,deg,15,Car,vehicle,46.6,>30m,63.6,0,0.0,0,0,,
nuscenes_mini_subset,scene-0103_008,roll,0.25,deg,16,Pedestrian,pedestrian,41.5,>30m,23.7,0,0.0,2,2,1.0,5.54
nuscenes_mini_subset,scene-0103_008,roll,0.5,deg,0,Car,vehicle,40.9,>30m,65.3,0,0.0,1,1,1.0,11.05
nuscenes_mini_subset,scene-0103_008,roll,0.5,deg,1,Pedestrian,pedestrian,25.2,15-30m,45.3,0,0.0,2,2,1.0,11.13
nuscenes_mini_subset,scene-0103_008,roll,0.5,deg,2,Car,vehicle,33.4,>30m,206.7,0,0.0,5,5,1.0,11.06
nuscenes_mini_subset,scene-0103_008,roll,0.5,deg,3,Car,vehicle,34.1,>30m,206.6,2,0.0,1,1,1.0,11.05
nuscenes_mini_subset,scene-0103_008,roll,0.5,deg,4,Car,vehicle,4.9,0-15m,176.9,0,0.99,66,66,1.0,12.65
nuscenes_mini_subset,scene-0103_008,roll,0.5,deg,5,Car,vehicle,17.7,15-30m,333.6,0,0.0,48,48,1.0,11.3
nuscenes_mini_subset,scene-0103_008,roll,0.5,deg,7,Pedestrian,pedestrian,25.6,15-30m,54.8,0,0.0,1,1,1.0,11.09
nuscenes_mini_subset,scene-0103_008,roll,0.5,deg,8,Car,vehicle,63.5,>30m,35.2,0,0.0,4,4,1.0,11.03
nuscenes_mini_subset,scene-0103_008,roll,0.5,deg,9,Car,vehicle,46.9,>30m,76.8,2,0.0,0,0,,
nuscenes_mini_subset,scene-0103_008,roll,0.5,deg,11,Car,vehicle,31.9,>30m,107.1,0,0.0,7,7,1.0,11.13
nuscenes_mini_subset,scene-0103_008,roll,0.5,deg,12,Pedestrian,pedestrian,27.8,15-30m,48.6,0,0.0,5,5,1.0,11.16
nuscenes_mini_subset,scene-0103_008,roll,0.5,deg,13,Pedestrian,pedestrian,45.2,>30m,20.4,2,0.0,0,0,,
nuscenes_mini_subset,scene-0103_008,roll,0.5,deg,14,Truck,vehicle,79.8,>30m,53.7,2,0.0,3,3,1.0,10.98
nuscenes_mini_subset,scene-0103_008,roll,0.5,deg,15,Car,vehicle,46.6,>30m,63.6,0,0.0,0,0,,
nuscenes_mini_subset,scene-0103_008,roll,0.5,deg,16,Pedestrian,pedestrian,41.5,>30m,23.7,0,0.0,2,2,1.0,11.08
nuscenes_mini_subset,scene-0103_008,roll,1.0,deg,0,Car,vehicle,40.9,>30m,65.3,0,0.0,1,1,1.0,22.11
nuscenes_mini_subset,scene-0103_008,roll,1.0,deg,1,Pedestrian,pedestrian,25.2,15-30m,45.3,0,0.0,2,2,1.0,22.25
nuscenes_mini_subset,scene-0103_008,roll,1.0,deg,2,Car,vehicle,33.4,>30m,206.7,0,0.0,5,5,1.0,22.12
nuscenes_mini_subset,scene-0103_008,roll,1.0,deg,3,Car,vehicle,34.1,>30m,206.6,2,0.0,1,1,1.0,22.08
nuscenes_mini_subset,scene-0103_008,roll,1.0,deg,4,Car,vehicle,4.9,0-15m,176.9,0,0.99,66,66,1.0,25.23
nuscenes_mini_subset,scene-0103_008,roll,1.0,deg,5,Car,vehicle,17.7,15-30m,333.6,0,0.0,48,48,1.0,22.59
nuscenes_mini_subset,scene-0103_008,roll,1.0,deg,7,Pedestrian,pedestrian,25.6,15-30m,54.8,0,0.0,1,1,1.0,22.16
nuscenes_mini_subset,scene-0103_008,roll,1.0,deg,8,Car,vehicle,63.5,>30m,35.2,0,0.0,4,4,1.0,22.05
nuscenes_mini_subset,scene-0103_008,roll,1.0,deg,9,Car,vehicle,46.9,>30m,76.8,2,0.0,0,0,,
nuscenes_mini_subset,scene-0103_008,roll,1.0,deg,11,Car,vehicle,31.9,>30m,107.1,0,0.0,7,7,1.0,22.25
nuscenes_mini_subset,scene-0103_008,roll,1.0,deg,12,Pedestrian,pedestrian,27.8,15-30m,48.6,0,0.0,5,5,1.0,22.32
nuscenes_mini_subset,scene-0103_008,roll,1.0,deg,13,Pedestrian,pedestrian,45.2,>30m,20.4,2,0.0,0,0,,
nuscenes_mini_subset,scene-0103_008,roll,1.0,deg,14,Truck,vehicle,79.8,>30m,53.7,2,0.0,3,3,1.0,21.96
nuscenes_mini_subset,scene-0103_008,roll,1.0,deg,15,Car,vehicle,46.6,>30m,63.6,0,0.0,0,0,,
nuscenes_mini_subset,scene-0103_008,roll,1.0,deg,16,Pedestrian,pedestrian,41.5,>30m,23.7,0,0.0,2,2,1.0,22.15
nuscenes_mini_subset,scene-0103_008,roll,2.0,deg,0,Car,vehicle,40.9,>30m,65.3,0,0.0,1,0,0.0,44.2
nuscenes_mini_subset,scene-0103_008,roll,2.0,deg,1,Pedestrian,pedestrian,25.2,15-30m,45.3,0,0.0,2,2,1.0,44.44
nuscenes_mini_subset,scene-0103_008,roll,2.0,deg,2,Car,vehicle,33.4,>30m,206.7,0,0.0,5,5,1.0,44.22
nuscenes_mini_subset,scene-0103_008,roll,2.0,deg,3,Car,vehicle,34.1,>30m,206.6,2,0.0,1,0,0.0,44.14
nuscenes_mini_subset,scene-0103_008,roll,2.0,deg,4,Car,vehicle,4.9,0-15m,176.9,0,0.99,66,66,1.0,50.21
nuscenes_mini_subset,scene-0103_008,roll,2.0,deg,5,Car,vehicle,17.7,15-30m,333.6,0,0.0,48,48,1.0,45.09
nuscenes_mini_subset,scene-0103_008,roll,2.0,deg,7,Pedestrian,pedestrian,25.6,15-30m,54.8,0,0.0,1,0,0.0,44.3
nuscenes_mini_subset,scene-0103_008,roll,2.0,deg,8,Car,vehicle,63.5,>30m,35.2,0,0.0,4,0,0.0,44.08
nuscenes_mini_subset,scene-0103_008,roll,2.0,deg,9,Car,vehicle,46.9,>30m,76.8,2,0.0,0,0,,
nuscenes_mini_subset,scene-0103_008,roll,2.0,deg,11,Car,vehicle,31.9,>30m,107.1,0,0.0,7,7,1.0,44.47
nuscenes_mini_subset,scene-0103_008,roll,2.0,deg,12,Pedestrian,pedestrian,27.8,15-30m,48.6,0,0.0,5,3,0.6,44.62
nuscenes_mini_subset,scene-0103_008,roll,2.0,deg,13,Pedestrian,pedestrian,45.2,>30m,20.4,2,0.0,0,0,,
nuscenes_mini_subset,scene-0103_008,roll,2.0,deg,14,Truck,vehicle,79.8,>30m,53.7,2,0.0,3,0,0.0,43.93
nuscenes_mini_subset,scene-0103_008,roll,2.0,deg,15,Car,vehicle,46.6,>30m,63.6,0,0.0,0,0,,
nuscenes_mini_subset,scene-0103_008,roll,2.0,deg,16,Pedestrian,pedestrian,41.5,>30m,23.7,0,0.0,2,0,0.0,44.29
nuscenes_mini_subset,scene-0103_008,roll,3.0,deg,0,Car,vehicle,40.9,>30m,65.3,0,0.0,1,0,0.0,66.31
nuscenes_mini_subset,scene-0103_008,roll,3.0,deg,1,Pedestrian,pedestrian,25.2,15-30m,45.3,0,0.0,2,0,0.0,66.6
nuscenes_mini_subset,scene-0103_008,roll,3.0,deg,2,Car,vehicle,33.4,>30m,206.7,0,0.0,5,0,0.0,66.3
nuscenes_mini_subset,scene-0103_008,roll,3.0,deg,3,Car,vehicle,34.1,>30m,206.6,2,0.0,1,0,0.0,66.18
nuscenes_mini_subset,scene-0103_008,roll,3.0,deg,4,Car,vehicle,4.9,0-15m,176.9,0,0.99,70,70,1.0,74.96
nuscenes_mini_subset,scene-0103_008,roll,3.0,deg,5,Car,vehicle,17.7,15-30m,333.6,0,0.0,48,38,0.7917,67.54
nuscenes_mini_subset,scene-0103_008,roll,3.0,deg,7,Pedestrian,pedestrian,25.6,15-30m,54.8,0,0.0,1,0,0.0,66.42
nuscenes_mini_subset,scene-0103_008,roll,3.0,deg,8,Car,vehicle,63.5,>30m,35.2,0,0.0,4,0,0.0,66.13
nuscenes_mini_subset,scene-0103_008,roll,3.0,deg,9,Car,vehicle,46.9,>30m,76.8,2,0.0,0,0,,
nuscenes_mini_subset,scene-0103_008,roll,3.0,deg,11,Car,vehicle,31.9,>30m,107.1,0,0.0,7,0,0.0,66.68
nuscenes_mini_subset,scene-0103_008,roll,3.0,deg,12,Pedestrian,pedestrian,27.8,15-30m,48.6,0,0.0,5,3,0.6,66.92
nuscenes_mini_subset,scene-0103_008,roll,3.0,deg,13,Pedestrian,pedestrian,45.2,>30m,20.4,2,0.0,0,0,,
nuscenes_mini_subset,scene-0103_008,roll,3.0,deg,14,Truck,vehicle,79.8,>30m,53.7,2,0.0,3,0,0.0,65.92
nuscenes_mini_subset,scene-0103_008,roll,3.0,deg,15,Car,vehicle,46.6,>30m,63.6,0,0.0,0,0,,
nuscenes_mini_subset,scene-0103_008,roll,3.0,deg,16,Pedestrian,pedestrian,41.5,>30m,23.7,0,0.0,2,0,0.0,66.44
nuscenes_mini_subset,scene-0103_008,tx,0.0,m,0,Car,vehicle,40.9,>30m,65.3,0,0.0,1,1,1.0,0.0
nuscenes_mini_subset,scene-0103_008,tx,0.0,m,1,Pedestrian,pedestrian,25.2,15-30m,45.3,0,0.0,2,2,1.0,0.0
nuscenes_mini_subset,scene-0103_008,tx,0.0,m,2,Car,vehicle,33.4,>30m,206.7,0,0.0,5,5,1.0,0.0
nuscenes_mini_subset,scene-0103_008,tx,0.0,m,3,Car,vehicle,34.1,>30m,206.6,2,0.0,1,1,1.0,0.0
nuscenes_mini_subset,scene-0103_008,tx,0.0,m,4,Car,vehicle,4.9,0-15m,176.9,0,0.99,61,61,1.0,0.0
nuscenes_mini_subset,scene-0103_008,tx,0.0,m,5,Car,vehicle,17.7,15-30m,333.6,0,0.0,48,48,1.0,0.0
nuscenes_mini_subset,scene-0103_008,tx,0.0,m,7,Pedestrian,pedestrian,25.6,15-30m,54.8,0,0.0,1,1,1.0,0.0
nuscenes_mini_subset,scene-0103_008,tx,0.0,m,8,Car,vehicle,63.5,>30m,35.2,0,0.0,4,4,1.0,0.0
nuscenes_mini_subset,scene-0103_008,tx,0.0,m,9,Car,vehicle,46.9,>30m,76.8,2,0.0,0,0,,
nuscenes_mini_subset,scene-0103_008,tx,0.0,m,11,Car,vehicle,31.9,>30m,107.1,0,0.0,7,7,1.0,0.0
nuscenes_mini_subset,scene-0103_008,tx,0.0,m,12,Pedestrian,pedestrian,27.8,15-30m,48.6,0,0.0,5,5,1.0,0.0
nuscenes_mini_subset,scene-0103_008,tx,0.0,m,13,Pedestrian,pedestrian,45.2,>30m,20.4,2,0.0,0,0,,
nuscenes_mini_subset,scene-0103_008,tx,0.0,m,14,Truck,vehicle,79.8,>30m,53.7,2,0.0,3,3,1.0,0.0
nuscenes_mini_subset,scene-0103_008,tx,0.0,m,15,Car,vehicle,46.6,>30m,63.6,0,0.0,0,0,,
nuscenes_mini_subset,scene-0103_008,tx,0.0,m,16,Pedestrian,pedestrian,41.5,>30m,23.7,0,0.0,2,2,1.0,0.0
nuscenes_mini_subset,scene-0103_008,tx,0.02,m,0,Car,vehicle,40.9,>30m,65.3,0,0.0,1,1,1.0,0.63
nuscenes_mini_subset,scene-0103_008,tx,0.02,m,1,Pedestrian,pedestrian,25.2,15-30m,45.3,0,0.0,2,2,1.0,1.12
nuscenes_mini_subset,scene-0103_008,tx,0.02,m,2,Car,vehicle,33.4,>30m,206.7,0,0.0,5,5,1.0,0.78
nuscenes_mini_subset,scene-0103_008,tx,0.02,m,3,Car,vehicle,34.1,>30m,206.6,2,0.0,1,1,1.0,0.83
nuscenes_mini_subset,scene-0103_008,tx,0.02,m,4,Car,vehicle,4.9,0-15m,176.9,0,0.99,63,63,1.0,5.21
nuscenes_mini_subset,scene-0103_008,tx,0.02,m,5,Car,vehicle,17.7,15-30m,333.6,0,0.0,48,48,1.0,1.7
nuscenes_mini_subset,scene-0103_008,tx,0.02,m,7,Pedestrian,pedestrian,25.6,15-30m,54.8,0,0.0,1,1,1.0,1.1
nuscenes_mini_subset,scene-0103_008,tx,0.02,m,8,Car,vehicle,63.5,>30m,35.2,0,0.0,4,4,1.0,0.41
nuscenes_mini_subset,scene-0103_008,tx,0.02,m,9,Car,vehicle,46.9,>30m,76.8,2,0.0,0,0,,
nuscenes_mini_subset,scene-0103_008,tx,0.02,m,11,Car,vehicle,31.9,>30m,107.1,0,0.0,7,7,1.0,0.86
nuscenes_mini_subset,scene-0103_008,tx,0.02,m,12,Pedestrian,pedestrian,27.8,15-30m,48.6,0,0.0,5,5,1.0,0.97
nuscenes_mini_subset,scene-0103_008,tx,0.02,m,13,Pedestrian,pedestrian,45.2,>30m,20.4,2,0.0,0,0,,
nuscenes_mini_subset,scene-0103_008,tx,0.02,m,14,Truck,vehicle,79.8,>30m,53.7,2,0.0,3,3,1.0,0.32
nuscenes_mini_subset,scene-0103_008,tx,0.02,m,15,Car,vehicle,46.6,>30m,63.6,0,0.0,0,0,,
nuscenes_mini_subset,scene-0103_008,tx,0.02,m,16,Pedestrian,pedestrian,41.5,>30m,23.7,0,0.0,2,2,1.0,0.62
nuscenes_mini_subset,scene-0103_008,tx,0.05,m,0,Car,vehicle,40.9,>30m,65.3,0,0.0,1,1,1.0,1.59
nuscenes_mini_subset,scene-0103_008,tx,0.05,m,1,Pedestrian,pedestrian,25.2,15-30m,45.3,0,0.0,2,2,1.0,2.8
nuscenes_mini_subset,scene-0103_008,tx,0.05,m,2,Car,vehicle,33.4,>30m,206.7,0,0.0,5,5,1.0,1.95
nuscenes_mini_subset,scene-0103_008,tx,0.05,m,3,Car,vehicle,34.1,>30m,206.6,2,0.0,1,1,1.0,2.07
nuscenes_mini_subset,scene-0103_008,tx,0.05,m,4,Car,vehicle,4.9,0-15m,176.9,0,0.99,67,67,1.0,13.02
nuscenes_mini_subset,scene-0103_008,tx,0.05,m,5,Car,vehicle,17.7,15-30m,333.6,0,0.0,48,48,1.0,4.25
nuscenes_mini_subset,scene-0103_008,tx,0.05,m,7,Pedestrian,pedestrian,25.6,15-30m,54.8,0,0.0,1,1,1.0,2.75
nuscenes_mini_subset,scene-0103_008,tx,0.05,m,8,Car,vehicle,63.5,>30m,35.2,0,0.0,4,4,1.0,1.02
nuscenes_mini_subset,scene-0103_008,tx,0.05,m,9,Car,vehicle,46.9,>30m,76.8,2,0.0,0,0,,
nuscenes_mini_subset,scene-0103_008,tx,0.05,m,11,Car,vehicle,31.9,>30m,107.1,0,0.0,7,7,1.0,2.14
nuscenes_mini_subset,scene-0103_008,tx,0.05,m,12,Pedestrian,pedestrian,27.8,15-30m,48.6,0,0.0,5,5,1.0,2.41
nuscenes_mini_subset,scene-0103_008,tx,0.05,m,13,Pedestrian,pedestrian,45.2,>30m,20.4,2,0.0,0,0,,
nuscenes_mini_subset,scene-0103_008,tx,0.05,m,14,Truck,vehicle,79.8,>30m,53.7,2,0.0,3,3,1.0,0.8
nuscenes_mini_subset,scene-0103_008,tx,0.05,m,15,Car,vehicle,46.6,>30m,63.6,0,0.0,0,0,,
nuscenes_mini_subset,scene-0103_008,tx,0.05,m,16,Pedestrian,pedestrian,41.5,>30m,23.7,0,0.0,2,2,1.0,1.55
nuscenes_mini_subset,scene-0103_008,tx,0.1,m,0,Car,vehicle,40.9,>30m,65.3,0,0.0,1,1,1.0,3.17
nuscenes_mini_subset,scene-0103_008,tx,0.1,m,1,Pedestrian,pedestrian,25.2,15-30m,45.3,0,0.0,2,2,1.0,5.6
nuscenes_mini_subset,scene-0103_008,tx,0.1,m,2,Car,vehicle,33.4,>30m,206.7,0,0.0,5,5,1.0,3.91
nuscenes_mini_subset,scene-0103_008,tx,0.1,m,3,Car,vehicle,34.1,>30m,206.6,2,0.0,1,1,1.0,4.13
nuscenes_mini_subset,scene-0103_008,tx,0.1,m,4,Car,vehicle,4.9,0-15m,176.9,0,0.99,75,74,0.9867,26.04
nuscenes_mini_subset,scene-0103_008,tx,0.1,m,5,Car,vehicle,17.7,15-30m,333.6,0,0.0,48,48,1.0,8.51
nuscenes_mini_subset,scene-0103_008,tx,0.1,m,7,Pedestrian,pedestrian,25.6,15-30m,54.8,0,0.0,1,1,1.0,5.49
nuscenes_mini_subset,scene-0103_008,tx,0.1,m,8,Car,vehicle,63.5,>30m,35.2,0,0.0,4,4,1.0,2.04
nuscenes_mini_subset,scene-0103_008,tx,0.1,m,9,Car,vehicle,46.9,>30m,76.8,2,0.0,0,0,,
nuscenes_mini_subset,scene-0103_008,tx,0.1,m,11,Car,vehicle,31.9,>30m,107.1,0,0.0,7,7,1.0,4.28
nuscenes_mini_subset,scene-0103_008,tx,0.1,m,12,Pedestrian,pedestrian,27.8,15-30m,48.6,0,0.0,5,5,1.0,4.83
nuscenes_mini_subset,scene-0103_008,tx,0.1,m,13,Pedestrian,pedestrian,45.2,>30m,20.4,2,0.0,0,0,,
nuscenes_mini_subset,scene-0103_008,tx,0.1,m,14,Truck,vehicle,79.8,>30m,53.7,2,0.0,3,3,1.0,1.61
nuscenes_mini_subset,scene-0103_008,tx,0.1,m,15,Car,vehicle,46.6,>30m,63.6,0,0.0,0,0,,
nuscenes_mini_subset,scene-0103_008,tx,0.1,m,16,Pedestrian,pedestrian,41.5,>30m,23.7,0,0.0,2,2,1.0,3.11
nuscenes_mini_subset,scene-0103_008,tx,0.2,m,0,Car,vehicle,40.9,>30m,65.3,0,0.0,1,1,1.0,6.35
nuscenes_mini_subset,scene-0103_008,tx,0.2,m,1,Pedestrian,pedestrian,25.2,15-30m,45.3,0,0.0,2,2,1.0,11.2
nuscenes_mini_subset,scene-0103_008,tx,0.2,m,2,Car,vehicle,33.4,>30m,206.7,0,0.0,5,5,1.0,7.82
nuscenes_mini_subset,scene-0103_008,tx,0.2,m,3,Car,vehicle,34.1,>30m,206.6,2,0.0,1,1,1.0,8.27
nuscenes_mini_subset,scene-0103_008,tx,0.2,m,4,Car,vehicle,4.9,0-15m,176.9,0,0.99,92,88,0.9565,52.1
nuscenes_mini_subset,scene-0103_008,tx,0.2,m,5,Car,vehicle,17.7,15-30m,333.6,0,0.0,48,48,1.0,17.02
nuscenes_mini_subset,scene-0103_008,tx,0.2,m,7,Pedestrian,pedestrian,25.6,15-30m,54.8,0,0.0,1,1,1.0,10.98
nuscenes_mini_subset,scene-0103_008,tx,0.2,m,8,Car,vehicle,63.5,>30m,35.2,0,0.0,4,4,1.0,4.08
nuscenes_mini_subset,scene-0103_008,tx,0.2,m,9,Car,vehicle,46.9,>30m,76.8,2,0.0,0,0,,
nuscenes_mini_subset,scene-0103_008,tx,0.2,m,11,Car,vehicle,31.9,>30m,107.1,0,0.0,7,7,1.0,8.57
nuscenes_mini_subset,scene-0103_008,tx,0.2,m,12,Pedestrian,pedestrian,27.8,15-30m,48.6,0,0.0,5,5,1.0,9.66
nuscenes_mini_subset,scene-0103_008,tx,0.2,m,13,Pedestrian,pedestrian,45.2,>30m,20.4,2,0.0,0,0,,
nuscenes_mini_subset,scene-0103_008,tx,0.2,m,14,Truck,vehicle,79.8,>30m,53.7,2,0.0,3,3,1.0,3.22
nuscenes_mini_subset,scene-0103_008,tx,0.2,m,15,Car,vehicle,46.6,>30m,63.6,0,0.0,0,0,,
nuscenes_mini_subset,scene-0103_008,tx,0.2,m,16,Pedestrian,pedestrian,41.5,>30m,23.7,0,0.0,2,1,0.5,6.21
nuscenes_mini_subset,scene-0103_008,ty,0.0,m,0,Car,vehicle,40.9,>30m,65.3,0,0.0,1,1,1.0,0.0
nuscenes_mini_subset,scene-0103_008,ty,0.0,m,1,Pedestrian,pedestrian,25.2,15-30m,45.3,0,0.0,2,2,1.0,0.0
nuscenes_mini_subset,scene-0103_008,ty,0.0,m,2,Car,vehicle,33.4,>30m,206.7,0,0.0,5,5,1.0,0.0
nuscenes_mini_subset,scene-0103_008,ty,0.0,m,3,Car,vehicle,34.1,>30m,206.6,2,0.0,1,1,1.0,0.0
nuscenes_mini_subset,scene-0103_008,ty,0.0,m,4,Car,vehicle,4.9,0-15m,176.9,0,0.99,61,61,1.0,0.0
nuscenes_mini_subset,scene-0103_008,ty,0.0,m,5,Car,vehicle,17.7,15-30m,333.6,0,0.0,48,48,1.0,0.0
nuscenes_mini_subset,scene-0103_008,ty,0.0,m,7,Pedestrian,pedestrian,25.6,15-30m,54.8,0,0.0,1,1,1.0,0.0
nuscenes_mini_subset,scene-0103_008,ty,0.0,m,8,Car,vehicle,63.5,>30m,35.2,0,0.0,4,4,1.0,0.0
nuscenes_mini_subset,scene-0103_008,ty,0.0,m,9,Car,vehicle,46.9,>30m,76.8,2,0.0,0,0,,
nuscenes_mini_subset,scene-0103_008,ty,0.0,m,11,Car,vehicle,31.9,>30m,107.1,0,0.0,7,7,1.0,0.0
nuscenes_mini_subset,scene-0103_008,ty,0.0,m,12,Pedestrian,pedestrian,27.8,15-30m,48.6,0,0.0,5,5,1.0,0.0
nuscenes_mini_subset,scene-0103_008,ty,0.0,m,13,Pedestrian,pedestrian,45.2,>30m,20.4,2,0.0,0,0,,
nuscenes_mini_subset,scene-0103_008,ty,0.0,m,14,Truck,vehicle,79.8,>30m,53.7,2,0.0,3,3,1.0,0.0
nuscenes_mini_subset,scene-0103_008,ty,0.0,m,15,Car,vehicle,46.6,>30m,63.6,0,0.0,0,0,,
nuscenes_mini_subset,scene-0103_008,ty,0.0,m,16,Pedestrian,pedestrian,41.5,>30m,23.7,0,0.0,2,2,1.0,0.0
nuscenes_mini_subset,scene-0103_008,ty,0.02,m,0,Car,vehicle,40.9,>30m,65.3,0,0.0,1,1,1.0,0.02
nuscenes_mini_subset,scene-0103_008,ty,0.02,m,1,Pedestrian,pedestrian,25.2,15-30m,45.3,0,0.0,2,2,1.0,0.61
nuscenes_mini_subset,scene-0103_008,ty,0.02,m,2,Car,vehicle,33.4,>30m,206.7,0,0.0,5,5,1.0,0.2
nuscenes_mini_subset,scene-0103_008,ty,0.02,m,3,Car,vehicle,34.1,>30m,206.6,2,0.0,1,1,1.0,0.41
nuscenes_mini_subset,scene-0103_008,ty,0.02,m,4,Car,vehicle,4.9,0-15m,176.9,0,0.99,63,63,1.0,3.4
nuscenes_mini_subset,scene-0103_008,ty,0.02,m,5,Car,vehicle,17.7,15-30m,333.6,0,0.0,48,48,1.0,0.84
nuscenes_mini_subset,scene-0103_008,ty,0.02,m,7,Pedestrian,pedestrian,25.6,15-30m,54.8,0,0.0,1,1,1.0,0.61
nuscenes_mini_subset,scene-0103_008,ty,0.02,m,8,Car,vehicle,63.5,>30m,35.2,0,0.0,4,4,1.0,0.04
nuscenes_mini_subset,scene-0103_008,ty,0.02,m,9,Car,vehicle,46.9,>30m,76.8,2,0.0,0,0,,
nuscenes_mini_subset,scene-0103_008,ty,0.02,m,11,Car,vehicle,31.9,>30m,107.1,0,0.0,7,7,1.0,0.14
nuscenes_mini_subset,scene-0103_008,ty,0.02,m,12,Pedestrian,pedestrian,27.8,15-30m,48.6,0,0.0,5,5,1.0,0.34
nuscenes_mini_subset,scene-0103_008,ty,0.02,m,13,Pedestrian,pedestrian,45.2,>30m,20.4,2,0.0,0,0,,
nuscenes_mini_subset,scene-0103_008,ty,0.02,m,14,Truck,vehicle,79.8,>30m,53.7,2,0.0,3,3,1.0,0.03
nuscenes_mini_subset,scene-0103_008,ty,0.02,m,15,Car,vehicle,46.6,>30m,63.6,0,0.0,0,0,,
nuscenes_mini_subset,scene-0103_008,ty,0.02,m,16,Pedestrian,pedestrian,41.5,>30m,23.7,0,0.0,2,2,1.0,0.14
nuscenes_mini_subset,scene-0103_008,ty,0.05,m,0,Car,vehicle,40.9,>30m,65.3,0,0.0,1,1,1.0,0.06
nuscenes_mini_subset,scene-0103_008,ty,0.05,m,1,Pedestrian,pedestrian,25.2,15-30m,45.3,0,0.0,2,2,1.0,1.53
nuscenes_mini_subset,scene-0103_008,ty,0.05,m,2,Car,vehicle,33.4,>30m,206.7,0,0.0,5,5,1.0,0.5
nuscenes_mini_subset,scene-0103_008,ty,0.05,m,3,Car,vehicle,34.1,>30m,206.6,2,0.0,1,1,1.0,1.03
nuscenes_mini_subset,scene-0103_008,ty,0.05,m,4,Car,vehicle,4.9,0-15m,176.9,0,0.99,64,64,1.0,8.44
nuscenes_mini_subset,scene-0103_008,ty,0.05,m,5,Car,vehicle,17.7,15-30m,333.6,0,0.0,48,48,1.0,2.09
nuscenes_mini_subset,scene-0103_008,ty,0.05,m,7,Pedestrian,pedestrian,25.6,15-30m,54.8,0,0.0,1,1,1.0,1.53
nuscenes_mini_subset,scene-0103_008,ty,0.05,m,8,Car,vehicle,63.5,>30m,35.2,0,0.0,4,4,1.0,0.11
nuscenes_mini_subset,scene-0103_008,ty,0.05,m,9,Car,vehicle,46.9,>30m,76.8,2,0.0,0,0,,
nuscenes_mini_subset,scene-0103_008,ty,0.05,m,11,Car,vehicle,31.9,>30m,107.1,0,0.0,7,7,1.0,0.35
nuscenes_mini_subset,scene-0103_008,ty,0.05,m,12,Pedestrian,pedestrian,27.8,15-30m,48.6,0,0.0,5,5,1.0,0.85
nuscenes_mini_subset,scene-0103_008,ty,0.05,m,13,Pedestrian,pedestrian,45.2,>30m,20.4,2,0.0,0,0,,
nuscenes_mini_subset,scene-0103_008,ty,0.05,m,14,Truck,vehicle,79.8,>30m,53.7,2,0.0,3,3,1.0,0.08
nuscenes_mini_subset,scene-0103_008,ty,0.05,m,15,Car,vehicle,46.6,>30m,63.6,0,0.0,0,0,,
nuscenes_mini_subset,scene-0103_008,ty,0.05,m,16,Pedestrian,pedestrian,41.5,>30m,23.7,0,0.0,2,2,1.0,0.35
nuscenes_mini_subset,scene-0103_008,ty,0.1,m,0,Car,vehicle,40.9,>30m,65.3,0,0.0,1,1,1.0,0.12
nuscenes_mini_subset,scene-0103_008,ty,0.1,m,1,Pedestrian,pedestrian,25.2,15-30m,45.3,0,0.0,2,2,1.0,3.05
nuscenes_mini_subset,scene-0103_008,ty,0.1,m,2,Car,vehicle,33.4,>30m,206.7,0,0.0,5,5,1.0,1.0
nuscenes_mini_subset,scene-0103_008,ty,0.1,m,3,Car,vehicle,34.1,>30m,206.6,2,0.0,1,1,1.0,2.06
nuscenes_mini_subset,scene-0103_008,ty,0.1,m,4,Car,vehicle,4.9,0-15m,176.9,0,0.99,74,73,0.9865,16.7
nuscenes_mini_subset,scene-0103_008,ty,0.1,m,5,Car,vehicle,17.7,15-30m,333.6,0,0.0,48,48,1.0,4.17
nuscenes_mini_subset,scene-0103_008,ty,0.1,m,7,Pedestrian,pedestrian,25.6,15-30m,54.8,0,0.0,1,1,1.0,3.05
nuscenes_mini_subset,scene-0103_008,ty,0.1,m,8,Car,vehicle,63.5,>30m,35.2,0,0.0,4,4,1.0,0.22
nuscenes_mini_subset,scene-0103_008,ty,0.1,m,9,Car,vehicle,46.9,>30m,76.8,2,0.0,0,0,,
nuscenes_mini_subset,scene-0103_008,ty,0.1,m,11,Car,vehicle,31.9,>30m,107.1,0,0.0,7,7,1.0,0.69
nuscenes_mini_subset,scene-0103_008,ty,0.1,m,12,Pedestrian,pedestrian,27.8,15-30m,48.6,0,0.0,5,5,1.0,1.7
nuscenes_mini_subset,scene-0103_008,ty,0.1,m,13,Pedestrian,pedestrian,45.2,>30m,20.4,2,0.0,0,0,,
nuscenes_mini_subset,scene-0103_008,ty,0.1,m,14,Truck,vehicle,79.8,>30m,53.7,2,0.0,3,3,1.0,0.17
nuscenes_mini_subset,scene-0103_008,ty,0.1,m,15,Car,vehicle,46.6,>30m,63.6,0,0.0,0,0,,
nuscenes_mini_subset,scene-0103_008,ty,0.1,m,16,Pedestrian,pedestrian,41.5,>30m,23.7,0,0.0,2,2,1.0,0.7
nuscenes_mini_subset,scene-0103_008,ty,0.2,m,0,Car,vehicle,40.9,>30m,65.3,0,0.0,1,1,1.0,0.24
nuscenes_mini_subset,scene-0103_008,ty,0.2,m,1,Pedestrian,pedestrian,25.2,15-30m,45.3,0,0.0,2,2,1.0,6.07
nuscenes_mini_subset,scene-0103_008,ty,0.2,m,2,Car,vehicle,33.4,>30m,206.7,0,0.0,5,5,1.0,2.0
nuscenes_mini_subset,scene-0103_008,ty,0.2,m,3,Car,vehicle,34.1,>30m,206.6,2,0.0,1,1,1.0,4.1
nuscenes_mini_subset,scene-0103_008,ty,0.2,m,4,Car,vehicle,4.9,0-15m,176.9,0,0.99,88,87,0.9886,32.72
nuscenes_mini_subset,scene-0103_008,ty,0.2,m,5,Car,vehicle,17.7,15-30m,333.6,0,0.0,48,48,1.0,8.29
nuscenes_mini_subset,scene-0103_008,ty,0.2,m,7,Pedestrian,pedestrian,25.6,15-30m,54.8,0,0.0,1,1,1.0,6.06
nuscenes_mini_subset,scene-0103_008,ty,0.2,m,8,Car,vehicle,63.5,>30m,35.2,0,0.0,4,4,1.0,0.43
nuscenes_mini_subset,scene-0103_008,ty,0.2,m,9,Car,vehicle,46.9,>30m,76.8,2,0.0,0,0,,
nuscenes_mini_subset,scene-0103_008,ty,0.2,m,11,Car,vehicle,31.9,>30m,107.1,0,0.0,7,7,1.0,1.38
nuscenes_mini_subset,scene-0103_008,ty,0.2,m,12,Pedestrian,pedestrian,27.8,15-30m,48.6,0,0.0,5,5,1.0,3.39
nuscenes_mini_subset,scene-0103_008,ty,0.2,m,13,Pedestrian,pedestrian,45.2,>30m,20.4,2,0.0,0,0,,
nuscenes_mini_subset,scene-0103_008,ty,0.2,m,14,Truck,vehicle,79.8,>30m,53.7,2,0.0,3,3,1.0,0.34
nuscenes_mini_subset,scene-0103_008,ty,0.2,m,15,Car,vehicle,46.6,>30m,63.6,0,0.0,0,0,,
nuscenes_mini_subset,scene-0103_008,ty,0.2,m,16,Pedestrian,pedestrian,41.5,>30m,23.7,0,0.0,2,2,1.0,1.4
nuscenes_mini_subset,scene-0103_008,tz,0.0,m,0,Car,vehicle,40.9,>30m,65.3,0,0.0,1,1,1.0,0.0
nuscenes_mini_subset,scene-0103_008,tz,0.0,m,1,Pedestrian,pedestrian,25.2,15-30m,45.3,0,0.0,2,2,1.0,0.0
nuscenes_mini_subset,scene-0103_008,tz,0.0,m,2,Car,vehicle,33.4,>30m,206.7,0,0.0,5,5,1.0,0.0
nuscenes_mini_subset,scene-0103_008,tz,0.0,m,3,Car,vehicle,34.1,>30m,206.6,2,0.0,1,1,1.0,0.0
nuscenes_mini_subset,scene-0103_008,tz,0.0,m,4,Car,vehicle,4.9,0-15m,176.9,0,0.99,61,61,1.0,0.0
nuscenes_mini_subset,scene-0103_008,tz,0.0,m,5,Car,vehicle,17.7,15-30m,333.6,0,0.0,48,48,1.0,0.0
nuscenes_mini_subset,scene-0103_008,tz,0.0,m,7,Pedestrian,pedestrian,25.6,15-30m,54.8,0,0.0,1,1,1.0,0.0
nuscenes_mini_subset,scene-0103_008,tz,0.0,m,8,Car,vehicle,63.5,>30m,35.2,0,0.0,4,4,1.0,0.0
nuscenes_mini_subset,scene-0103_008,tz,0.0,m,9,Car,vehicle,46.9,>30m,76.8,2,0.0,0,0,,
nuscenes_mini_subset,scene-0103_008,tz,0.0,m,11,Car,vehicle,31.9,>30m,107.1,0,0.0,7,7,1.0,0.0
nuscenes_mini_subset,scene-0103_008,tz,0.0,m,12,Pedestrian,pedestrian,27.8,15-30m,48.6,0,0.0,5,5,1.0,0.0
nuscenes_mini_subset,scene-0103_008,tz,0.0,m,13,Pedestrian,pedestrian,45.2,>30m,20.4,2,0.0,0,0,,
nuscenes_mini_subset,scene-0103_008,tz,0.0,m,14,Truck,vehicle,79.8,>30m,53.7,2,0.0,3,3,1.0,0.0
nuscenes_mini_subset,scene-0103_008,tz,0.0,m,15,Car,vehicle,46.6,>30m,63.6,0,0.0,0,0,,
nuscenes_mini_subset,scene-0103_008,tz,0.0,m,16,Pedestrian,pedestrian,41.5,>30m,23.7,0,0.0,2,2,1.0,0.0
nuscenes_mini_subset,scene-0103_008,tz,0.02,m,0,Car,vehicle,40.9,>30m,65.3,0,0.0,1,1,1.0,0.63
nuscenes_mini_subset,scene-0103_008,tz,0.02,m,1,Pedestrian,pedestrian,25.2,15-30m,45.3,0,0.0,2,2,1.0,1.13
nuscenes_mini_subset,scene-0103_008,tz,0.02,m,2,Car,vehicle,33.4,>30m,206.7,0,0.0,5,5,1.0,0.78
nuscenes_mini_subset,scene-0103_008,tz,0.02,m,3,Car,vehicle,34.1,>30m,206.6,2,0.0,1,1,1.0,0.83
nuscenes_mini_subset,scene-0103_008,tz,0.02,m,4,Car,vehicle,4.9,0-15m,176.9,0,0.99,64,63,0.9844,5.3
nuscenes_mini_subset,scene-0103_008,tz,0.02,m,5,Car,vehicle,17.7,15-30m,333.6,0,0.0,48,48,1.0,1.72
nuscenes_mini_subset,scene-0103_008,tz,0.02,m,7,Pedestrian,pedestrian,25.6,15-30m,54.8,0,0.0,1,1,1.0,1.11
nuscenes_mini_subset,scene-0103_008,tz,0.02,m,8,Car,vehicle,63.5,>30m,35.2,0,0.0,4,4,1.0,0.41
nuscenes_mini_subset,scene-0103_008,tz,0.02,m,9,Car,vehicle,46.9,>30m,76.8,2,0.0,0,0,,
nuscenes_mini_subset,scene-0103_008,tz,0.02,m,11,Car,vehicle,31.9,>30m,107.1,0,0.0,7,7,1.0,0.86
nuscenes_mini_subset,scene-0103_008,tz,0.02,m,12,Pedestrian,pedestrian,27.8,15-30m,48.6,0,0.0,5,5,1.0,0.96
nuscenes_mini_subset,scene-0103_008,tz,0.02,m,13,Pedestrian,pedestrian,45.2,>30m,20.4,2,0.0,0,0,,
nuscenes_mini_subset,scene-0103_008,tz,0.02,m,14,Truck,vehicle,79.8,>30m,53.7,2,0.0,3,3,1.0,0.32
nuscenes_mini_subset,scene-0103_008,tz,0.02,m,15,Car,vehicle,46.6,>30m,63.6,0,0.0,0,0,,
nuscenes_mini_subset,scene-0103_008,tz,0.02,m,16,Pedestrian,pedestrian,41.5,>30m,23.7,0,0.0,2,2,1.0,0.62
nuscenes_mini_subset,scene-0103_008,tz,0.05,m,0,Car,vehicle,40.9,>30m,65.3,0,0.0,1,1,1.0,1.59
nuscenes_mini_subset,scene-0103_008,tz,0.05,m,1,Pedestrian,pedestrian,25.2,15-30m,45.3,0,0.0,2,2,1.0,2.82
nuscenes_mini_subset,scene-0103_008,tz,0.05,m,2,Car,vehicle,33.4,>30m,206.7,0,0.0,5,5,1.0,1.96
nuscenes_mini_subset,scene-0103_008,tz,0.05,m,3,Car,vehicle,34.1,>30m,206.6,2,0.0,1,1,1.0,2.08
nuscenes_mini_subset,scene-0103_008,tz,0.05,m,4,Car,vehicle,4.9,0-15m,176.9,0,0.99,64,64,1.0,13.24
nuscenes_mini_subset,scene-0103_008,tz,0.05,m,5,Car,vehicle,17.7,15-30m,333.6,0,0.0,48,48,1.0,4.29
nuscenes_mini_subset,scene-0103_008,tz,0.05,m,7,Pedestrian,pedestrian,25.6,15-30m,54.8,0,0.0,1,1,1.0,2.77
nuscenes_mini_subset,scene-0103_008,tz,0.05,m,8,Car,vehicle,63.5,>30m,35.2,0,0.0,4,4,1.0,1.02
nuscenes_mini_subset,scene-0103_008,tz,0.05,m,9,Car,vehicle,46.9,>30m,76.8,2,0.0,0,0,,
nuscenes_mini_subset,scene-0103_008,tz,0.05,m,11,Car,vehicle,31.9,>30m,107.1,0,0.0,7,7,1.0,2.14
nuscenes_mini_subset,scene-0103_008,tz,0.05,m,12,Pedestrian,pedestrian,27.8,15-30m,48.6,0,0.0,5,5,1.0,2.4
nuscenes_mini_subset,scene-0103_008,tz,0.05,m,13,Pedestrian,pedestrian,45.2,>30m,20.4,2,0.0,0,0,,
nuscenes_mini_subset,scene-0103_008,tz,0.05,m,14,Truck,vehicle,79.8,>30m,53.7,2,0.0,3,3,1.0,0.8
nuscenes_mini_subset,scene-0103_008,tz,0.05,m,15,Car,vehicle,46.6,>30m,63.6,0,0.0,0,0,,
nuscenes_mini_subset,scene-0103_008,tz,0.05,m,16,Pedestrian,pedestrian,41.5,>30m,23.7,0,0.0,2,2,1.0,1.55
nuscenes_mini_subset,scene-0103_008,tz,0.1,m,0,Car,vehicle,40.9,>30m,65.3,0,0.0,1,1,1.0,3.17
nuscenes_mini_subset,scene-0103_008,tz,0.1,m,1,Pedestrian,pedestrian,25.2,15-30m,45.3,0,0.0,2,2,1.0,5.65
nuscenes_mini_subset,scene-0103_008,tz,0.1,m,2,Car,vehicle,33.4,>30m,206.7,0,0.0,5,5,1.0,3.92
nuscenes_mini_subset,scene-0103_008,tz,0.1,m,3,Car,vehicle,34.1,>30m,206.6,2,0.0,1,1,1.0,4.16
nuscenes_mini_subset,scene-0103_008,tz,0.1,m,4,Car,vehicle,4.9,0-15m,176.9,0,0.99,65,65,1.0,26.47
nuscenes_mini_subset,scene-0103_008,tz,0.1,m,5,Car,vehicle,17.7,15-30m,333.6,0,0.0,48,48,1.0,8.58
nuscenes_mini_subset,scene-0103_008,tz,0.1,m,7,Pedestrian,pedestrian,25.6,15-30m,54.8,0,0.0,1,1,1.0,5.53
nuscenes_mini_subset,scene-0103_008,tz,0.1,m,8,Car,vehicle,63.5,>30m,35.2,0,0.0,4,4,1.0,2.04
nuscenes_mini_subset,scene-0103_008,tz,0.1,m,9,Car,vehicle,46.9,>30m,76.8,2,0.0,0,0,,
nuscenes_mini_subset,scene-0103_008,tz,0.1,m,11,Car,vehicle,31.9,>30m,107.1,0,0.0,7,7,1.0,4.28
nuscenes_mini_subset,scene-0103_008,tz,0.1,m,12,Pedestrian,pedestrian,27.8,15-30m,48.6,0,0.0,5,5,1.0,4.81
nuscenes_mini_subset,scene-0103_008,tz,0.1,m,13,Pedestrian,pedestrian,45.2,>30m,20.4,2,0.0,0,0,,
nuscenes_mini_subset,scene-0103_008,tz,0.1,m,14,Truck,vehicle,79.8,>30m,53.7,2,0.0,3,3,1.0,1.61
nuscenes_mini_subset,scene-0103_008,tz,0.1,m,15,Car,vehicle,46.6,>30m,63.6,0,0.0,0,0,,
nuscenes_mini_subset,scene-0103_008,tz,0.1,m,16,Pedestrian,pedestrian,41.5,>30m,23.7,0,0.0,2,2,1.0,3.1
nuscenes_mini_subset,scene-0103_008,tz,0.2,m,0,Car,vehicle,40.9,>30m,65.3,0,0.0,1,1,1.0,6.34
nuscenes_mini_subset,scene-0103_008,tz,0.2,m,1,Pedestrian,pedestrian,25.2,15-30m,45.3,0,0.0,2,2,1.0,11.29
nuscenes_mini_subset,scene-0103_008,tz,0.2,m,2,Car,vehicle,33.4,>30m,206.7,0,0.0,5,5,1.0,7.84
nuscenes_mini_subset,scene-0103_008,tz,0.2,m,3,Car,vehicle,34.1,>30m,206.6,2,0.0,1,1,1.0,8.32
nuscenes_mini_subset,scene-0103_008,tz,0.2,m,4,Car,vehicle,4.9,0-15m,176.9,0,0.99,66,66,1.0,52.88
nuscenes_mini_subset,scene-0103_008,tz,0.2,m,5,Car,vehicle,17.7,15-30m,333.6,0,0.0,48,48,1.0,17.16
nuscenes_mini_subset,scene-0103_008,tz,0.2,m,7,Pedestrian,pedestrian,25.6,15-30m,54.8,0,0.0,1,1,1.0,11.06
nuscenes_mini_subset,scene-0103_008,tz,0.2,m,8,Car,vehicle,63.5,>30m,35.2,0,0.0,4,4,1.0,4.08
nuscenes_mini_subset,scene-0103_008,tz,0.2,m,9,Car,vehicle,46.9,>30m,76.8,2,0.0,0,0,,
nuscenes_mini_subset,scene-0103_008,tz,0.2,m,11,Car,vehicle,31.9,>30m,107.1,0,0.0,7,7,1.0,8.56
nuscenes_mini_subset,scene-0103_008,tz,0.2,m,12,Pedestrian,pedestrian,27.8,15-30m,48.6,0,0.0,5,5,1.0,9.62
nuscenes_mini_subset,scene-0103_008,tz,0.2,m,13,Pedestrian,pedestrian,45.2,>30m,20.4,2,0.0,0,0,,
nuscenes_mini_subset,scene-0103_008,tz,0.2,m,14,Truck,vehicle,79.8,>30m,53.7,2,0.0,3,3,1.0,3.22
nuscenes_mini_subset,scene-0103_008,tz,0.2,m,15,Car,vehicle,46.6,>30m,63.6,0,0.0,0,0,,
nuscenes_mini_subset,scene-0103_008,tz,0.2,m,16,Pedestrian,pedestrian,41.5,>30m,23.7,0,0.0,2,2,1.0,6.2
nuscenes_mini_subset,scene-0103_012,yaw,0.0,deg,0,Car,vehicle,18.1,15-30m,423.9,0,0.0,47,47,1.0,0.0
nuscenes_mini_subset,scene-0103_012,yaw,0.0,deg,1,Car,vehicle,54.7,>30m,65.2,0,0.0,0,0,,
nuscenes_mini_subset,scene-0103_012,yaw,0.0,deg,3,Car,vehicle,60.2,>30m,75.1,2,0.0,1,1,1.0,0.0
nuscenes_mini_subset,scene-0103_012,yaw,0.0,deg,4,Car,vehicle,47.5,>30m,50.3,0,0.0,4,4,1.0,0.0
nuscenes_mini_subset,scene-0103_012,yaw,0.0,deg,5,Car,vehicle,31.2,>30m,139.0,2,0.0,1,1,1.0,0.0
nuscenes_mini_subset,scene-0103_012,yaw,0.0,deg,7,Car,vehicle,16.1,15-30m,279.7,0,0.0,61,61,1.0,0.0
nuscenes_mini_subset,scene-0103_012,yaw,0.0,deg,8,Pedestrian,pedestrian,32.5,>30m,30.5,2,0.0,1,1,1.0,0.0
nuscenes_mini_subset,scene-0103_012,yaw,0.0,deg,9,Truck,vehicle,63.8,>30m,70.6,2,0.0,1,1,1.0,0.0
nuscenes_mini_subset,scene-0103_012,yaw,0.0,deg,10,Car,vehicle,27.0,15-30m,126.6,0,0.0,11,11,1.0,0.0
nuscenes_mini_subset,scene-0103_012,yaw,0.0,deg,11,Car,vehicle,87.2,>30m,27.1,2,0.0,1,1,1.0,0.0
nuscenes_mini_subset,scene-0103_012,yaw,0.0,deg,12,Pedestrian,pedestrian,23.2,15-30m,57.2,0,0.0,6,6,1.0,0.0
nuscenes_mini_subset,scene-0103_012,yaw,0.0,deg,13,Car,vehicle,37.4,>30m,113.2,1,0.0,2,2,1.0,0.0
nuscenes_mini_subset,scene-0103_012,yaw,0.25,deg,0,Car,vehicle,18.1,15-30m,423.9,0,0.0,47,47,1.0,6.5
nuscenes_mini_subset,scene-0103_012,yaw,0.25,deg,1,Car,vehicle,54.7,>30m,65.2,0,0.0,0,0,,
nuscenes_mini_subset,scene-0103_012,yaw,0.25,deg,3,Car,vehicle,60.2,>30m,75.1,2,0.0,1,1,1.0,5.97
nuscenes_mini_subset,scene-0103_012,yaw,0.25,deg,4,Car,vehicle,47.5,>30m,50.3,0,0.0,4,4,1.0,5.64
nuscenes_mini_subset,scene-0103_012,yaw,0.25,deg,5,Car,vehicle,31.2,>30m,139.0,2,0.0,1,1,1.0,5.89
nuscenes_mini_subset,scene-0103_012,yaw,0.25,deg,7,Car,vehicle,16.1,15-30m,279.7,0,0.0,61,61,1.0,6.23
nuscenes_mini_subset,scene-0103_012,yaw,0.25,deg,8,Pedestrian,pedestrian,32.5,>30m,30.5,2,0.0,1,1,1.0,6.04
nuscenes_mini_subset,scene-0103_012,yaw,0.25,deg,9,Truck,vehicle,63.8,>30m,70.6,2,0.0,1,1,1.0,5.56
nuscenes_mini_subset,scene-0103_012,yaw,0.25,deg,10,Car,vehicle,27.0,15-30m,126.6,0,0.0,11,11,1.0,5.71
nuscenes_mini_subset,scene-0103_012,yaw,0.25,deg,11,Car,vehicle,87.2,>30m,27.1,2,0.0,1,1,1.0,5.54
nuscenes_mini_subset,scene-0103_012,yaw,0.25,deg,12,Pedestrian,pedestrian,23.2,15-30m,57.2,0,0.0,6,6,1.0,6.53
nuscenes_mini_subset,scene-0103_012,yaw,0.25,deg,13,Car,vehicle,37.4,>30m,113.2,1,0.0,2,2,1.0,5.83
nuscenes_mini_subset,scene-0103_012,yaw,0.5,deg,0,Car,vehicle,18.1,15-30m,423.9,0,0.0,47,47,1.0,13.03
nuscenes_mini_subset,scene-0103_012,yaw,0.5,deg,1,Car,vehicle,54.7,>30m,65.2,0,0.0,0,0,,
nuscenes_mini_subset,scene-0103_012,yaw,0.5,deg,3,Car,vehicle,60.2,>30m,75.1,2,0.0,1,1,1.0,11.92
nuscenes_mini_subset,scene-0103_012,yaw,0.5,deg,4,Car,vehicle,47.5,>30m,50.3,0,0.0,4,4,1.0,11.27
nuscenes_mini_subset,scene-0103_012,yaw,0.5,deg,5,Car,vehicle,31.2,>30m,139.0,2,0.0,1,1,1.0,11.8
nuscenes_mini_subset,scene-0103_012,yaw,0.5,deg,7,Car,vehicle,16.1,15-30m,279.7,0,0.0,61,61,1.0,12.44
nuscenes_mini_subset,scene-0103_012,yaw,0.5,deg,8,Pedestrian,pedestrian,32.5,>30m,30.5,2,0.0,1,0,0.0,12.06
nuscenes_mini_subset,scene-0103_012,yaw,0.5,deg,9,Truck,vehicle,63.8,>30m,70.6,2,0.0,1,1,1.0,11.12
nuscenes_mini_subset,scene-0103_012,yaw,0.5,deg,10,Car,vehicle,27.0,15-30m,126.6,0,0.0,11,11,1.0,11.42
nuscenes_mini_subset,scene-0103_012,yaw,0.5,deg,11,Car,vehicle,87.2,>30m,27.1,2,0.0,1,0,0.0,11.07
nuscenes_mini_subset,scene-0103_012,yaw,0.5,deg,12,Pedestrian,pedestrian,23.2,15-30m,57.2,0,0.0,6,6,1.0,13.03
nuscenes_mini_subset,scene-0103_012,yaw,0.5,deg,13,Car,vehicle,37.4,>30m,113.2,1,0.0,2,2,1.0,11.68
nuscenes_mini_subset,scene-0103_012,yaw,1.0,deg,0,Car,vehicle,18.1,15-30m,423.9,0,0.0,47,47,1.0,26.16
nuscenes_mini_subset,scene-0103_012,yaw,1.0,deg,1,Car,vehicle,54.7,>30m,65.2,0,0.0,0,0,,
nuscenes_mini_subset,scene-0103_012,yaw,1.0,deg,3,Car,vehicle,60.2,>30m,75.1,2,0.0,1,1,1.0,23.77
nuscenes_mini_subset,scene-0103_012,yaw,1.0,deg,4,Car,vehicle,47.5,>30m,50.3,0,0.0,4,3,0.75,22.51
nuscenes_mini_subset,scene-0103_012,yaw,1.0,deg,5,Car,vehicle,31.2,>30m,139.0,2,0.0,1,1,1.0,23.65
nuscenes_mini_subset,scene-0103_012,yaw,1.0,deg,7,Car,vehicle,16.1,15-30m,279.7,0,0.0,61,60,0.9836,24.81
nuscenes_mini_subset,scene-0103_012,yaw,1.0,deg,8,Pedestrian,pedestrian,32.5,>30m,30.5,2,0.0,1,0,0.0,24.05
nuscenes_mini_subset,scene-0103_012,yaw,1.0,deg,9,Truck,vehicle,63.8,>30m,70.6,2,0.0,1,1,1.0,22.26
nuscenes_mini_subset,scene-0103_012,yaw,1.0,deg,10,Car,vehicle,27.0,15-30m,126.6,0,0.0,11,9,0.8182,22.88
nuscenes_mini_subset,scene-0103_012,yaw,1.0,deg,11,Car,vehicle,87.2,>30m,27.1,2,0.0,1,0,0.0,22.12
nuscenes_mini_subset,scene-0103_012,yaw,1.0,deg,12,Pedestrian,pedestrian,23.2,15-30m,57.2,0,0.0,6,6,1.0,25.97
nuscenes_mini_subset,scene-0103_012,yaw,1.0,deg,13,Car,vehicle,37.4,>30m,113.2,1,0.0,2,2,1.0,23.41
nuscenes_mini_subset,scene-0103_012,yaw,2.0,deg,0,Car,vehicle,18.1,15-30m,423.9,0,0.0,47,47,1.0,52.69
nuscenes_mini_subset,scene-0103_012,yaw,2.0,deg,1,Car,vehicle,54.7,>30m,65.2,0,0.0,0,0,,
nuscenes_mini_subset,scene-0103_012,yaw,2.0,deg,3,Car,vehicle,60.2,>30m,75.1,2,0.0,1,0,0.0,47.32
nuscenes_mini_subset,scene-0103_012,yaw,2.0,deg,4,Car,vehicle,47.5,>30m,50.3,0,0.0,4,0,0.0,44.91
nuscenes_mini_subset,scene-0103_012,yaw,2.0,deg,5,Car,vehicle,31.2,>30m,139.0,2,0.0,1,1,1.0,47.52
nuscenes_mini_subset,scene-0103_012,yaw,2.0,deg,7,Car,vehicle,16.1,15-30m,279.7,0,0.0,61,54,0.8852,49.36
nuscenes_mini_subset,scene-0103_012,yaw,2.0,deg,8,Pedestrian,pedestrian,32.5,>30m,30.5,2,0.0,1,0,0.0,47.87
nuscenes_mini_subset,scene-0103_012,yaw,2.0,deg,9,Truck,vehicle,63.8,>30m,70.6,2,0.0,1,1,1.0,44.6
nuscenes_mini_subset,scene-0103_012,yaw,2.0,deg,10,Car,vehicle,27.0,15-30m,126.6,0,0.0,11,8,0.7273,45.88
nuscenes_mini_subset,scene-0103_012,yaw,2.0,deg,11,Car,vehicle,87.2,>30m,27.1,2,0.0,1,0,0.0,44.18
nuscenes_mini_subset,scene-0103_012,yaw,2.0,deg,12,Pedestrian,pedestrian,23.2,15-30m,57.2,0,0.0,6,0,0.0,51.58
nuscenes_mini_subset,scene-0103_012,yaw,2.0,deg,13,Car,vehicle,37.4,>30m,113.2,1,0.0,2,2,1.0,47.02
nuscenes_mini_subset,scene-0103_012,yaw,3.0,deg,0,Car,vehicle,18.1,15-30m,423.9,0,0.0,47,45,0.9574,79.64
nuscenes_mini_subset,scene-0103_012,yaw,3.0,deg,1,Car,vehicle,54.7,>30m,65.2,0,0.0,0,0,,
nuscenes_mini_subset,scene-0103_012,yaw,3.0,deg,3,Car,vehicle,60.2,>30m,75.1,2,0.0,1,0,0.0,70.67
nuscenes_mini_subset,scene-0103_012,yaw,3.0,deg,4,Car,vehicle,47.5,>30m,50.3,0,0.0,4,0,0.0,67.23
nuscenes_mini_subset,scene-0103_012,yaw,3.0,deg,5,Car,vehicle,31.2,>30m,139.0,2,0.0,1,1,1.0,71.62
nuscenes_mini_subset,scene-0103_012,yaw,3.0,deg,7,Car,vehicle,16.1,15-30m,279.7,0,0.0,61,48,0.7869,73.67
nuscenes_mini_subset,scene-0103_012,yaw,3.0,deg,8,Pedestrian,pedestrian,32.5,>30m,30.5,2,0.0,1,0,0.0,71.47
nuscenes_mini_subset,scene-0103_012,yaw,3.0,deg,9,Truck,vehicle,63.8,>30m,70.6,2,0.0,1,0,0.0,67.04
nuscenes_mini_subset,scene-0103_012,yaw,3.0,deg,10,Car,vehicle,27.0,15-30m,126.6,0,0.0,11,5,0.4545,69.03
nuscenes_mini_subset,scene-0103_012,yaw,3.0,deg,11,Car,vehicle,87.2,>30m,27.1,2,0.0,1,0,0.0,66.21
nuscenes_mini_subset,scene-0103_012,yaw,3.0,deg,12,Pedestrian,pedestrian,23.2,15-30m,57.2,0,0.0,6,0,0.0,76.85
nuscenes_mini_subset,scene-0103_012,yaw,3.0,deg,13,Car,vehicle,37.4,>30m,113.2,1,0.0,2,0,0.0,70.85
nuscenes_mini_subset,scene-0103_012,pitch,0.0,deg,0,Car,vehicle,18.1,15-30m,423.9,0,0.0,47,47,1.0,0.0
nuscenes_mini_subset,scene-0103_012,pitch,0.0,deg,1,Car,vehicle,54.7,>30m,65.2,0,0.0,0,0,,
nuscenes_mini_subset,scene-0103_012,pitch,0.0,deg,3,Car,vehicle,60.2,>30m,75.1,2,0.0,1,1,1.0,0.0
nuscenes_mini_subset,scene-0103_012,pitch,0.0,deg,4,Car,vehicle,47.5,>30m,50.3,0,0.0,4,4,1.0,0.0
nuscenes_mini_subset,scene-0103_012,pitch,0.0,deg,5,Car,vehicle,31.2,>30m,139.0,2,0.0,1,1,1.0,0.0
nuscenes_mini_subset,scene-0103_012,pitch,0.0,deg,7,Car,vehicle,16.1,15-30m,279.7,0,0.0,61,61,1.0,0.0
nuscenes_mini_subset,scene-0103_012,pitch,0.0,deg,8,Pedestrian,pedestrian,32.5,>30m,30.5,2,0.0,1,1,1.0,0.0
nuscenes_mini_subset,scene-0103_012,pitch,0.0,deg,9,Truck,vehicle,63.8,>30m,70.6,2,0.0,1,1,1.0,0.0
nuscenes_mini_subset,scene-0103_012,pitch,0.0,deg,10,Car,vehicle,27.0,15-30m,126.6,0,0.0,11,11,1.0,0.0
nuscenes_mini_subset,scene-0103_012,pitch,0.0,deg,11,Car,vehicle,87.2,>30m,27.1,2,0.0,1,1,1.0,0.0
nuscenes_mini_subset,scene-0103_012,pitch,0.0,deg,12,Pedestrian,pedestrian,23.2,15-30m,57.2,0,0.0,6,6,1.0,0.0
nuscenes_mini_subset,scene-0103_012,pitch,0.0,deg,13,Car,vehicle,37.4,>30m,113.2,1,0.0,2,2,1.0,0.0
nuscenes_mini_subset,scene-0103_012,pitch,0.25,deg,0,Car,vehicle,18.1,15-30m,423.9,0,0.0,47,47,1.0,2.16
nuscenes_mini_subset,scene-0103_012,pitch,0.25,deg,1,Car,vehicle,54.7,>30m,65.2,0,0.0,0,0,,
nuscenes_mini_subset,scene-0103_012,pitch,0.25,deg,3,Car,vehicle,60.2,>30m,75.1,2,0.0,1,1,1.0,1.55
nuscenes_mini_subset,scene-0103_012,pitch,0.25,deg,4,Car,vehicle,47.5,>30m,50.3,0,0.0,4,4,1.0,0.79
nuscenes_mini_subset,scene-0103_012,pitch,0.25,deg,5,Car,vehicle,31.2,>30m,139.0,2,0.0,1,1,1.0,1.38
nuscenes_mini_subset,scene-0103_012,pitch,0.25,deg,7,Car,vehicle,16.1,15-30m,279.7,0,0.0,61,61,1.0,1.66
nuscenes_mini_subset,scene-0103_012,pitch,0.25,deg,8,Pedestrian,pedestrian,32.5,>30m,30.5,2,0.0,1,1,1.0,1.61
nuscenes_mini_subset,scene-0103_012,pitch,0.25,deg,9,Truck,vehicle,63.8,>30m,70.6,2,0.0,1,1,1.0,0.62
nuscenes_mini_subset,scene-0103_012,pitch,0.25,deg,10,Car,vehicle,27.0,15-30m,126.6,0,0.0,11,11,1.0,0.84
nuscenes_mini_subset,scene-0103_012,pitch,0.25,deg,11,Car,vehicle,87.2,>30m,27.1,2,0.0,1,1,1.0,0.5
nuscenes_mini_subset,scene-0103_012,pitch,0.25,deg,12,Pedestrian,pedestrian,23.2,15-30m,57.2,0,0.0,6,6,1.0,2.2
nuscenes_mini_subset,scene-0103_012,pitch,0.25,deg,13,Car,vehicle,37.4,>30m,113.2,1,0.0,2,2,1.0,1.3
nuscenes_mini_subset,scene-0103_012,pitch,0.5,deg,0,Car,vehicle,18.1,15-30m,423.9,0,0.0,47,47,1.0,4.32
nuscenes_mini_subset,scene-0103_012,pitch,0.5,deg,1,Car,vehicle,54.7,>30m,65.2,0,0.0,0,0,,
nuscenes_mini_subset,scene-0103_012,pitch,0.5,deg,3,Car,vehicle,60.2,>30m,75.1,2,0.0,1,1,1.0,3.11
nuscenes_mini_subset,scene-0103_012,pitch,0.5,deg,4,Car,vehicle,47.5,>30m,50.3,0,0.0,4,4,1.0,1.57
nuscenes_mini_subset,scene-0103_012,pitch,0.5,deg,5,Car,vehicle,31.2,>30m,139.0,2,0.0,1,1,1.0,2.77
nuscenes_mini_subset,scene-0103_012,pitch,0.5,deg,7,Car,vehicle,16.1,15-30m,279.7,0,0.0,61,61,1.0,3.32
nuscenes_mini_subset,scene-0103_012,pitch,0.5,deg,8,Pedestrian,pedestrian,32.5,>30m,30.5,2,0.0,1,1,1.0,3.21
nuscenes_mini_subset,scene-0103_012,pitch,0.5,deg,9,Truck,vehicle,63.8,>30m,70.6,2,0.0,1,1,1.0,1.25
nuscenes_mini_subset,scene-0103_012,pitch,0.5,deg,10,Car,vehicle,27.0,15-30m,126.6,0,0.0,11,11,1.0,1.68
nuscenes_mini_subset,scene-0103_012,pitch,0.5,deg,11,Car,vehicle,87.2,>30m,27.1,2,0.0,1,1,1.0,1.0
nuscenes_mini_subset,scene-0103_012,pitch,0.5,deg,12,Pedestrian,pedestrian,23.2,15-30m,57.2,0,0.0,6,3,0.5,4.4
nuscenes_mini_subset,scene-0103_012,pitch,0.5,deg,13,Car,vehicle,37.4,>30m,113.2,1,0.0,2,2,1.0,2.6
nuscenes_mini_subset,scene-0103_012,pitch,1.0,deg,0,Car,vehicle,18.1,15-30m,423.9,0,0.0,47,47,1.0,8.64
nuscenes_mini_subset,scene-0103_012,pitch,1.0,deg,1,Car,vehicle,54.7,>30m,65.2,0,0.0,0,0,,
nuscenes_mini_subset,scene-0103_012,pitch,1.0,deg,3,Car,vehicle,60.2,>30m,75.1,2,0.0,1,1,1.0,6.22
nuscenes_mini_subset,scene-0103_012,pitch,1.0,deg,4,Car,vehicle,47.5,>30m,50.3,0,0.0,4,4,1.0,3.14
nuscenes_mini_subset,scene-0103_012,pitch,1.0,deg,5,Car,vehicle,31.2,>30m,139.0,2,0.0,1,1,1.0,5.54
nuscenes_mini_subset,scene-0103_012,pitch,1.0,deg,7,Car,vehicle,16.1,15-30m,279.7,0,0.0,61,61,1.0,6.64
nuscenes_mini_subset,scene-0103_012,pitch,1.0,deg,8,Pedestrian,pedestrian,32.5,>30m,30.5,2,0.0,1,1,1.0,6.42
nuscenes_mini_subset,scene-0103_012,pitch,1.0,deg,9,Truck,vehicle,63.8,>30m,70.6,2,0.0,1,1,1.0,2.49
nuscenes_mini_subset,scene-0103_012,pitch,1.0,deg,10,Car,vehicle,27.0,15-30m,126.6,0,0.0,11,11,1.0,3.36
nuscenes_mini_subset,scene-0103_012,pitch,1.0,deg,11,Car,vehicle,87.2,>30m,27.1,2,0.0,1,1,1.0,2.0
nuscenes_mini_subset,scene-0103_012,pitch,1.0,deg,12,Pedestrian,pedestrian,23.2,15-30m,57.2,0,0.0,6,3,0.5,8.8
nuscenes_mini_subset,scene-0103_012,pitch,1.0,deg,13,Car,vehicle,37.4,>30m,113.2,1,0.0,2,2,1.0,5.19
nuscenes_mini_subset,scene-0103_012,pitch,2.0,deg,0,Car,vehicle,18.1,15-30m,423.9,0,0.0,47,47,1.0,17.28
nuscenes_mini_subset,scene-0103_012,pitch,2.0,deg,1,Car,vehicle,54.7,>30m,65.2,0,0.0,0,0,,
nuscenes_mini_subset,scene-0103_012,pitch,2.0,deg,3,Car,vehicle,60.2,>30m,75.1,2,0.0,1,0,0.0,12.44
nuscenes_mini_subset,scene-0103_012,pitch,2.0,deg,4,Car,vehicle,47.5,>30m,50.3,0,0.0,4,4,1.0,6.29
nuscenes_mini_subset,scene-0103_012,pitch,2.0,deg,5,Car,vehicle,31.2,>30m,139.0,2,0.0,1,1,1.0,11.07
nuscenes_mini_subset,scene-0103_012,pitch,2.0,deg,7,Car,vehicle,16.1,15-30m,279.7,0,0.0,61,61,1.0,13.28
nuscenes_mini_subset,scene-0103_012,pitch,2.0,deg,8,Pedestrian,pedestrian,32.5,>30m,30.5,2,0.0,1,1,1.0,12.85
nuscenes_mini_subset,scene-0103_012,pitch,2.0,deg,9,Truck,vehicle,63.8,>30m,70.6,2,0.0,1,1,1.0,4.99
nuscenes_mini_subset,scene-0103_012,pitch,2.0,deg,10,Car,vehicle,27.0,15-30m,126.6,0,0.0,11,11,1.0,6.73
nuscenes_mini_subset,scene-0103_012,pitch,2.0,deg,11,Car,vehicle,87.2,>30m,27.1,2,0.0,1,0,0.0,3.99
nuscenes_mini_subset,scene-0103_012,pitch,2.0,deg,12,Pedestrian,pedestrian,23.2,15-30m,57.2,0,0.0,6,3,0.5,17.59
nuscenes_mini_subset,scene-0103_012,pitch,2.0,deg,13,Car,vehicle,37.4,>30m,113.2,1,0.0,2,2,1.0,10.39
nuscenes_mini_subset,scene-0103_012,pitch,3.0,deg,0,Car,vehicle,18.1,15-30m,423.9,0,0.0,47,42,0.8936,25.91
nuscenes_mini_subset,scene-0103_012,pitch,3.0,deg,1,Car,vehicle,54.7,>30m,65.2,0,0.0,0,0,,
nuscenes_mini_subset,scene-0103_012,pitch,3.0,deg,3,Car,vehicle,60.2,>30m,75.1,2,0.0,1,0,0.0,18.66
nuscenes_mini_subset,scene-0103_012,pitch,3.0,deg,4,Car,vehicle,47.5,>30m,50.3,0,0.0,4,4,1.0,9.43
nuscenes_mini_subset,scene-0103_012,pitch,3.0,deg,5,Car,vehicle,31.2,>30m,139.0,2,0.0,1,1,1.0,16.6
nuscenes_mini_subset,scene-0103_012,pitch,3.0,deg,7,Car,vehicle,16.1,15-30m,279.7,0,0.0,61,61,1.0,19.93
nuscenes_mini_subset,scene-0103_012,pitch,3.0,deg,8,Pedestrian,pedestrian,32.5,>30m,30.5,2,0.0,1,1,1.0,19.27
nuscenes_mini_subset,scene-0103_012,pitch,3.0,deg,9,Truck,vehicle,63.8,>30m,70.6,2,0.0,1,1,1.0,7.48
nuscenes_mini_subset,scene-0103_012,pitch,3.0,deg,10,Car,vehicle,27.0,15-30m,126.6,0,0.0,11,11,1.0,10.09
nuscenes_mini_subset,scene-0103_012,pitch,3.0,deg,11,Car,vehicle,87.2,>30m,27.1,2,0.0,1,0,0.0,5.99
nuscenes_mini_subset,scene-0103_012,pitch,3.0,deg,12,Pedestrian,pedestrian,23.2,15-30m,57.2,0,0.0,6,3,0.5,26.39
nuscenes_mini_subset,scene-0103_012,pitch,3.0,deg,13,Car,vehicle,37.4,>30m,113.2,1,0.0,2,2,1.0,15.57
nuscenes_mini_subset,scene-0103_012,roll,0.0,deg,0,Car,vehicle,18.1,15-30m,423.9,0,0.0,47,47,1.0,0.0
nuscenes_mini_subset,scene-0103_012,roll,0.0,deg,1,Car,vehicle,54.7,>30m,65.2,0,0.0,0,0,,
nuscenes_mini_subset,scene-0103_012,roll,0.0,deg,3,Car,vehicle,60.2,>30m,75.1,2,0.0,1,1,1.0,0.0
nuscenes_mini_subset,scene-0103_012,roll,0.0,deg,4,Car,vehicle,47.5,>30m,50.3,0,0.0,4,4,1.0,0.0
nuscenes_mini_subset,scene-0103_012,roll,0.0,deg,5,Car,vehicle,31.2,>30m,139.0,2,0.0,1,1,1.0,0.0
nuscenes_mini_subset,scene-0103_012,roll,0.0,deg,7,Car,vehicle,16.1,15-30m,279.7,0,0.0,61,61,1.0,0.0
nuscenes_mini_subset,scene-0103_012,roll,0.0,deg,8,Pedestrian,pedestrian,32.5,>30m,30.5,2,0.0,1,1,1.0,0.0
nuscenes_mini_subset,scene-0103_012,roll,0.0,deg,9,Truck,vehicle,63.8,>30m,70.6,2,0.0,1,1,1.0,0.0
nuscenes_mini_subset,scene-0103_012,roll,0.0,deg,10,Car,vehicle,27.0,15-30m,126.6,0,0.0,11,11,1.0,0.0
nuscenes_mini_subset,scene-0103_012,roll,0.0,deg,11,Car,vehicle,87.2,>30m,27.1,2,0.0,1,1,1.0,0.0
nuscenes_mini_subset,scene-0103_012,roll,0.0,deg,12,Pedestrian,pedestrian,23.2,15-30m,57.2,0,0.0,6,6,1.0,0.0
nuscenes_mini_subset,scene-0103_012,roll,0.0,deg,13,Car,vehicle,37.4,>30m,113.2,1,0.0,2,2,1.0,0.0
nuscenes_mini_subset,scene-0103_012,roll,0.25,deg,0,Car,vehicle,18.1,15-30m,423.9,0,0.0,47,47,1.0,5.65
nuscenes_mini_subset,scene-0103_012,roll,0.25,deg,1,Car,vehicle,54.7,>30m,65.2,0,0.0,0,0,,
nuscenes_mini_subset,scene-0103_012,roll,0.25,deg,3,Car,vehicle,60.2,>30m,75.1,2,0.0,1,1,1.0,5.53
nuscenes_mini_subset,scene-0103_012,roll,0.25,deg,4,Car,vehicle,47.5,>30m,50.3,0,0.0,4,4,1.0,5.54
nuscenes_mini_subset,scene-0103_012,roll,0.25,deg,5,Car,vehicle,31.2,>30m,139.0,2,0.0,1,1,1.0,5.56
nuscenes_mini_subset,scene-0103_012,roll,0.25,deg,7,Car,vehicle,16.1,15-30m,279.7,0,0.0,61,61,1.0,5.72
nuscenes_mini_subset,scene-0103_012,roll,0.25,deg,8,Pedestrian,pedestrian,32.5,>30m,30.5,2,0.0,1,1,1.0,5.58
nuscenes_mini_subset,scene-0103_012,roll,0.25,deg,9,Truck,vehicle,63.8,>30m,70.6,2,0.0,1,1,1.0,5.51
nuscenes_mini_subset,scene-0103_012,roll,0.25,deg,10,Car,vehicle,27.0,15-30m,126.6,0,0.0,11,11,1.0,5.58
nuscenes_mini_subset,scene-0103_012,roll,0.25,deg,11,Car,vehicle,87.2,>30m,27.1,2,0.0,1,1,1.0,5.51
nuscenes_mini_subset,scene-0103_012,roll,0.25,deg,12,Pedestrian,pedestrian,23.2,15-30m,57.2,0,0.0,6,6,1.0,5.64
nuscenes_mini_subset,scene-0103_012,roll,0.25,deg,13,Car,vehicle,37.4,>30m,113.2,1,0.0,2,2,1.0,5.54
nuscenes_mini_subset,scene-0103_012,roll,0.5,deg,0,Car,vehicle,18.1,15-30m,423.9,0,0.0,47,47,1.0,11.29
nuscenes_mini_subset,scene-0103_012,roll,0.5,deg,1,Car,vehicle,54.7,>30m,65.2,0,0.0,0,0,,
nuscenes_mini_subset,scene-0103_012,roll,0.5,deg,3,Car,vehicle,60.2,>30m,75.1,2,0.0,1,1,1.0,11.07
nuscenes_mini_subset,scene-0103_012,roll,0.5,deg,4,Car,vehicle,47.5,>30m,50.3,0,0.0,4,4,1.0,11.07
nuscenes_mini_subset,scene-0103_012,roll,0.5,deg,5,Car,vehicle,31.2,>30m,139.0,2,0.0,1,1,1.0,11.11
nuscenes_mini_subset,scene-0103_012,roll,0.5,deg,7,Car,vehicle,16.1,15-30m,279.7,0,0.0,61,61,1.0,11.44
nuscenes_mini_subset,scene-0103_012,roll,0.5,deg,8,Pedestrian,pedestrian,32.5,>30m,30.5,2,0.0,1,1,1.0,11.15
nuscenes_mini_subset,scene-0103_012,roll,0.5,deg,9,Truck,vehicle,63.8,>30m,70.6,2,0.0,1,1,1.0,11.01
nuscenes_mini_subset,scene-0103_012,roll,0.5,deg,10,Car,vehicle,27.0,15-30m,126.6,0,0.0,11,11,1.0,11.17
nuscenes_mini_subset,scene-0103_012,roll,0.5,deg,11,Car,vehicle,87.2,>30m,27.1,2,0.0,1,1,1.0,11.01
nuscenes_mini_subset,scene-0103_012,roll,0.5,deg,12,Pedestrian,pedestrian,23.2,15-30m,57.2,0,0.0,6,6,1.0,11.28
nuscenes_mini_subset,scene-0103_012,roll,0.5,deg,13,Car,vehicle,37.4,>30m,113.2,1,0.0,2,2,1.0,11.08
nuscenes_mini_subset,scene-0103_012,roll,1.0,deg,0,Car,vehicle,18.1,15-30m,423.9,0,0.0,47,47,1.0,22.57
nuscenes_mini_subset,scene-0103_012,roll,1.0,deg,1,Car,vehicle,54.7,>30m,65.2,0,0.0,0,0,,
nuscenes_mini_subset,scene-0103_012,roll,1.0,deg,3,Car,vehicle,60.2,>30m,75.1,2,0.0,1,1,1.0,22.14
nuscenes_mini_subset,scene-0103_012,roll,1.0,deg,4,Car,vehicle,47.5,>30m,50.3,0,0.0,4,0,0.0,22.15
nuscenes_mini_subset,scene-0103_012,roll,1.0,deg,5,Car,vehicle,31.2,>30m,139.0,2,0.0,1,1,1.0,22.22
nuscenes_mini_subset,scene-0103_012,roll,1.0,deg,7,Car,vehicle,16.1,15-30m,279.7,0,0.0,61,54,0.8852,22.86
nuscenes_mini_subset,scene-0103_012,roll,1.0,deg,8,Pedestrian,pedestrian,32.5,>30m,30.5,2,0.0,1,0,0.0,22.3
nuscenes_mini_subset,scene-0103_012,roll,1.0,deg,9,Truck,vehicle,63.8,>30m,70.6,2,0.0,1,1,1.0,22.03
nuscenes_mini_subset,scene-0103_012,roll,1.0,deg,10,Car,vehicle,27.0,15-30m,126.6,0,0.0,11,11,1.0,22.33
nuscenes_mini_subset,scene-0103_012,roll,1.0,deg,11,Car,vehicle,87.2,>30m,27.1,2,0.0,1,1,1.0,22.02
nuscenes_mini_subset,scene-0103_012,roll,1.0,deg,12,Pedestrian,pedestrian,23.2,15-30m,57.2,0,0.0,6,6,1.0,22.56
nuscenes_mini_subset,scene-0103_012,roll,1.0,deg,13,Car,vehicle,37.4,>30m,113.2,1,0.0,2,2,1.0,22.15
nuscenes_mini_subset,scene-0103_012,roll,2.0,deg,0,Car,vehicle,18.1,15-30m,423.9,0,0.0,47,38,0.8085,45.09
nuscenes_mini_subset,scene-0103_012,roll,2.0,deg,1,Car,vehicle,54.7,>30m,65.2,0,0.0,0,0,,
nuscenes_mini_subset,scene-0103_012,roll,2.0,deg,3,Car,vehicle,60.2,>30m,75.1,2,0.0,1,0,0.0,44.29
nuscenes_mini_subset,scene-0103_012,roll,2.0,deg,4,Car,vehicle,47.5,>30m,50.3,0,0.0,4,0,0.0,44.31
nuscenes_mini_subset,scene-0103_012,roll,2.0,deg,5,Car,vehicle,31.2,>30m,139.0,2,0.0,1,1,1.0,44.4
nuscenes_mini_subset,scene-0103_012,roll,2.0,deg,7,Car,vehicle,16.1,15-30m,279.7,0,0.0,61,54,0.8852,45.68
nuscenes_mini_subset,scene-0103_012,roll,2.0,deg,8,Pedestrian,pedestrian,32.5,>30m,30.5,2,0.0,1,0,0.0,44.62
nuscenes_mini_subset,scene-0103_012,roll,2.0,deg,9,Truck,vehicle,63.8,>30m,70.6,2,0.0,1,0,0.0,44.06
nuscenes_mini_subset,scene-0103_012,roll,2.0,deg,10,Car,vehicle,27.0,15-30m,126.6,0,0.0,11,10,0.9091,44.63
nuscenes_mini_subset,scene-0103_012,roll,2.0,deg,11,Car,vehicle,87.2,>30m,27.1,2,0.0,1,0,0.0,44.05
nuscenes_mini_subset,scene-0103_012,roll,2.0,deg,12,Pedestrian,pedestrian,23.2,15-30m,57.2,0,0.0,6,4,0.6667,45.08
nuscenes_mini_subset,scene-0103_012,roll,2.0,deg,13,Car,vehicle,37.4,>30m,113.2,1,0.0,2,2,1.0,44.3
nuscenes_mini_subset,scene-0103_012,roll,3.0,deg,0,Car,vehicle,18.1,15-30m,423.9,0,0.0,47,34,0.7234,67.59
nuscenes_mini_subset,scene-0103_012,roll,3.0,deg,1,Car,vehicle,54.7,>30m,65.2,0,0.0,0,0,,
nuscenes_mini_subset,scene-0103_012,roll,3.0,deg,3,Car,vehicle,60.2,>30m,75.1,2,0.0,1,0,0.0,66.47
nuscenes_mini_subset,scene-0103_012,roll,3.0,deg,4,Car,vehicle,47.5,>30m,50.3,0,0.0,4,0,0.0,66.5
nuscenes_mini_subset,scene-0103_012,roll,3.0,deg,5,Car,vehicle,31.2,>30m,139.0,2,0.0,1,0,0.0,66.58
nuscenes_mini_subset,scene-0103_012,roll,3.0,deg,7,Car,vehicle,16.1,15-30m,279.7,0,0.0,61,48,0.7869,68.46
nuscenes_mini_subset,scene-0103_012,roll,3.0,deg,8,Pedestrian,pedestrian,32.5,>30m,30.5,2,0.0,1,0,0.0,66.96
nuscenes_mini_subset,scene-0103_012,roll,3.0,deg,9,Truck,vehicle,63.8,>30m,70.6,2,0.0,1,0,0.0,66.12
nuscenes_mini_subset,scene-0103_012,roll,3.0,deg,10,Car,vehicle,27.0,15-30m,126.6,0,0.0,11,0,0.0,66.92
nuscenes_mini_subset,scene-0103_012,roll,3.0,deg,11,Car,vehicle,87.2,>30m,27.1,2,0.0,1,0,0.0,66.1
nuscenes_mini_subset,scene-0103_012,roll,3.0,deg,12,Pedestrian,pedestrian,23.2,15-30m,57.2,0,0.0,6,4,0.6667,67.59
nuscenes_mini_subset,scene-0103_012,roll,3.0,deg,13,Car,vehicle,37.4,>30m,113.2,1,0.0,2,0,0.0,66.45
nuscenes_mini_subset,scene-0103_012,tx,0.0,m,0,Car,vehicle,18.1,15-30m,423.9,0,0.0,47,47,1.0,0.0
nuscenes_mini_subset,scene-0103_012,tx,0.0,m,1,Car,vehicle,54.7,>30m,65.2,0,0.0,0,0,,
nuscenes_mini_subset,scene-0103_012,tx,0.0,m,3,Car,vehicle,60.2,>30m,75.1,2,0.0,1,1,1.0,0.0
nuscenes_mini_subset,scene-0103_012,tx,0.0,m,4,Car,vehicle,47.5,>30m,50.3,0,0.0,4,4,1.0,0.0
nuscenes_mini_subset,scene-0103_012,tx,0.0,m,5,Car,vehicle,31.2,>30m,139.0,2,0.0,1,1,1.0,0.0
nuscenes_mini_subset,scene-0103_012,tx,0.0,m,7,Car,vehicle,16.1,15-30m,279.7,0,0.0,61,61,1.0,0.0
nuscenes_mini_subset,scene-0103_012,tx,0.0,m,8,Pedestrian,pedestrian,32.5,>30m,30.5,2,0.0,1,1,1.0,0.0
nuscenes_mini_subset,scene-0103_012,tx,0.0,m,9,Truck,vehicle,63.8,>30m,70.6,2,0.0,1,1,1.0,0.0
nuscenes_mini_subset,scene-0103_012,tx,0.0,m,10,Car,vehicle,27.0,15-30m,126.6,0,0.0,11,11,1.0,0.0
nuscenes_mini_subset,scene-0103_012,tx,0.0,m,11,Car,vehicle,87.2,>30m,27.1,2,0.0,1,1,1.0,0.0
nuscenes_mini_subset,scene-0103_012,tx,0.0,m,12,Pedestrian,pedestrian,23.2,15-30m,57.2,0,0.0,6,6,1.0,0.0
nuscenes_mini_subset,scene-0103_012,tx,0.0,m,13,Car,vehicle,37.4,>30m,113.2,1,0.0,2,2,1.0,0.0
nuscenes_mini_subset,scene-0103_012,tx,0.02,m,0,Car,vehicle,18.1,15-30m,423.9,0,0.0,47,47,1.0,1.52
nuscenes_mini_subset,scene-0103_012,tx,0.02,m,1,Car,vehicle,54.7,>30m,65.2,0,0.0,0,0,,
nuscenes_mini_subset,scene-0103_012,tx,0.02,m,3,Car,vehicle,60.2,>30m,75.1,2,0.0,1,1,1.0,0.45
nuscenes_mini_subset,scene-0103_012,tx,0.02,m,4,Car,vehicle,47.5,>30m,50.3,0,0.0,4,4,1.0,0.55
nuscenes_mini_subset,scene-0103_012,tx,0.02,m,5,Car,vehicle,31.2,>30m,139.0,2,0.0,1,1,1.0,0.8
nuscenes_mini_subset,scene-0103_012,tx,0.02,m,7,Car,vehicle,16.1,15-30m,279.7,0,0.0,61,61,1.0,1.79
nuscenes_mini_subset,scene-0103_012,tx,0.02,m,8,Pedestrian,pedestrian,32.5,>30m,30.5,2,0.0,1,1,1.0,0.8
nuscenes_mini_subset,scene-0103_012,tx,0.02,m,9,Truck,vehicle,63.8,>30m,70.6,2,0.0,1,1,1.0,0.4
nuscenes_mini_subset,scene-0103_012,tx,0.02,m,10,Car,vehicle,27.0,15-30m,126.6,0,0.0,11,11,1.0,1.0
nuscenes_mini_subset,scene-0103_012,tx,0.02,m,11,Car,vehicle,87.2,>30m,27.1,2,0.0,1,1,1.0,0.29
nuscenes_mini_subset,scene-0103_012,tx,0.02,m,12,Pedestrian,pedestrian,23.2,15-30m,57.2,0,0.0,6,6,1.0,1.17
nuscenes_mini_subset,scene-0103_012,tx,0.02,m,13,Car,vehicle,37.4,>30m,113.2,1,0.0,2,2,1.0,0.72
nuscenes_mini_subset,scene-0103_012,tx,0.05,m,0,Car,vehicle,18.1,15-30m,423.9,0,0.0,47,47,1.0,3.79
nuscenes_mini_subset,scene-0103_012,tx,0.05,m,1,Car,vehicle,54.7,>30m,65.2,0,0.0,0,0,,
nuscenes_mini_subset,scene-0103_012,tx,0.05,m,3,Car,vehicle,60.2,>30m,75.1,2,0.0,1,1,1.0,1.12
nuscenes_mini_subset,scene-0103_012,tx,0.05,m,4,Car,vehicle,47.5,>30m,50.3,0,0.0,4,4,1.0,1.36
nuscenes_mini_subset,scene-0103_012,tx,0.05,m,5,Car,vehicle,31.2,>30m,139.0,2,0.0,1,1,1.0,1.99
nuscenes_mini_subset,scene-0103_012,tx,0.05,m,7,Car,vehicle,16.1,15-30m,279.7,0,0.0,61,61,1.0,4.47
nuscenes_mini_subset,scene-0103_012,tx,0.05,m,8,Pedestrian,pedestrian,32.5,>30m,30.5,2,0.0,1,1,1.0,2.0
nuscenes_mini_subset,scene-0103_012,tx,0.05,m,9,Truck,vehicle,63.8,>30m,70.6,2,0.0,1,1,1.0,1.0
nuscenes_mini_subset,scene-0103_012,tx,0.05,m,10,Car,vehicle,27.0,15-30m,126.6,0,0.0,11,11,1.0,2.51
nuscenes_mini_subset,scene-0103_012,tx,0.05,m,11,Car,vehicle,87.2,>30m,27.1,2,0.0,1,1,1.0,0.74
nuscenes_mini_subset,scene-0103_012,tx,0.05,m,12,Pedestrian,pedestrian,23.2,15-30m,57.2,0,0.0,6,6,1.0,2.93
nuscenes_mini_subset,scene-0103_012,tx,0.05,m,13,Car,vehicle,37.4,>30m,113.2,1,0.0,2,2,1.0,1.8
nuscenes_mini_subset,scene-0103_012,tx,0.1,m,0,Car,vehicle,18.1,15-30m,423.9,0,0.0,47,47,1.0,7.58
nuscenes_mini_subset,scene-0103_012,tx,0.1,m,1,Car,vehicle,54.7,>30m,65.2,0,0.0,0,0,,
nuscenes_mini_subset,scene-0103_012,tx,0.1,m,3,Car,vehicle,60.2,>30m,75.1,2,0.0,1,1,1.0,2.24
nuscenes_mini_subset,scene-0103_012,tx,0.1,m,4,Car,vehicle,47.5,>30m,50.3,0,0.0,4,4,1.0,2.73
nuscenes_mini_subset,scene-0103_012,tx,0.1,m,5,Car,vehicle,31.2,>30m,139.0,2,0.0,1,1,1.0,3.98
nuscenes_mini_subset,scene-0103_012,tx,0.1,m,7,Car,vehicle,16.1,15-30m,279.7,0,0.0,61,61,1.0,8.95
nuscenes_mini_subset,scene-0103_012,tx,0.1,m,8,Pedestrian,pedestrian,32.5,>30m,30.5,2,0.0,1,1,1.0,4.0
nuscenes_mini_subset,scene-0103_012,tx,0.1,m,9,Truck,vehicle,63.8,>30m,70.6,2,0.0,1,1,1.0,2.0
nuscenes_mini_subset,scene-0103_012,tx,0.1,m,10,Car,vehicle,27.0,15-30m,126.6,0,0.0,11,11,1.0,5.02
nuscenes_mini_subset,scene-0103_012,tx,0.1,m,11,Car,vehicle,87.2,>30m,27.1,2,0.0,1,1,1.0,1.47
nuscenes_mini_subset,scene-0103_012,tx,0.1,m,12,Pedestrian,pedestrian,23.2,15-30m,57.2,0,0.0,6,6,1.0,5.86
nuscenes_mini_subset,scene-0103_012,tx,0.1,m,13,Car,vehicle,37.4,>30m,113.2,1,0.0,2,2,1.0,3.61
nuscenes_mini_subset,scene-0103_012,tx,0.2,m,0,Car,vehicle,18.1,15-30m,423.9,0,0.0,47,47,1.0,15.16
nuscenes_mini_subset,scene-0103_012,tx,0.2,m,1,Car,vehicle,54.7,>30m,65.2,0,0.0,0,0,,
nuscenes_mini_subset,scene-0103_012,tx,0.2,m,3,Car,vehicle,60.2,>30m,75.1,2,0.0,1,1,1.0,4.49
nuscenes_mini_subset,scene-0103_012,tx,0.2,m,4,Car,vehicle,47.5,>30m,50.3,0,0.0,4,4,1.0,5.45
nuscenes_mini_subset,scene-0103_012,tx,0.2,m,5,Car,vehicle,31.2,>30m,139.0,2,0.0,1,1,1.0,7.96
nuscenes_mini_subset,scene-0103_012,tx,0.2,m,7,Car,vehicle,16.1,15-30m,279.7,0,0.0,61,61,1.0,17.9
nuscenes_mini_subset,scene-0103_012,tx,0.2,m,8,Pedestrian,pedestrian,32.5,>30m,30.5,2,0.0,1,1,1.0,8.0
nuscenes_mini_subset,scene-0103_012,tx,0.2,m,9,Truck,vehicle,63.8,>30m,70.6,2,0.0,1,1,1.0,3.99
nuscenes_mini_subset,scene-0103_012,tx,0.2,m,10,Car,vehicle,27.0,15-30m,126.6,0,0.0,11,11,1.0,10.04
nuscenes_mini_subset,scene-0103_012,tx,0.2,m,11,Car,vehicle,87.2,>30m,27.1,2,0.0,1,1,1.0,2.94
nuscenes_mini_subset,scene-0103_012,tx,0.2,m,12,Pedestrian,pedestrian,23.2,15-30m,57.2,0,0.0,6,3,0.5,11.72
nuscenes_mini_subset,scene-0103_012,tx,0.2,m,13,Car,vehicle,37.4,>30m,113.2,1,0.0,2,2,1.0,7.22
nuscenes_mini_subset,scene-0103_012,ty,0.0,m,0,Car,vehicle,18.1,15-30m,423.9,0,0.0,47,47,1.0,0.0
nuscenes_mini_subset,scene-0103_012,ty,0.0,m,1,Car,vehicle,54.7,>30m,65.2,0,0.0,0,0,,
nuscenes_mini_subset,scene-0103_012,ty,0.0,m,3,Car,vehicle,60.2,>30m,75.1,2,0.0,1,1,1.0,0.0
nuscenes_mini_subset,scene-0103_012,ty,0.0,m,4,Car,vehicle,47.5,>30m,50.3,0,0.0,4,4,1.0,0.0
nuscenes_mini_subset,scene-0103_012,ty,0.0,m,5,Car,vehicle,31.2,>30m,139.0,2,0.0,1,1,1.0,0.0
nuscenes_mini_subset,scene-0103_012,ty,0.0,m,7,Car,vehicle,16.1,15-30m,279.7,0,0.0,61,61,1.0,0.0
nuscenes_mini_subset,scene-0103_012,ty,0.0,m,8,Pedestrian,pedestrian,32.5,>30m,30.5,2,0.0,1,1,1.0,0.0
nuscenes_mini_subset,scene-0103_012,ty,0.0,m,9,Truck,vehicle,63.8,>30m,70.6,2,0.0,1,1,1.0,0.0
nuscenes_mini_subset,scene-0103_012,ty,0.0,m,10,Car,vehicle,27.0,15-30m,126.6,0,0.0,11,11,1.0,0.0
nuscenes_mini_subset,scene-0103_012,ty,0.0,m,11,Car,vehicle,87.2,>30m,27.1,2,0.0,1,1,1.0,0.0
nuscenes_mini_subset,scene-0103_012,ty,0.0,m,12,Pedestrian,pedestrian,23.2,15-30m,57.2,0,0.0,6,6,1.0,0.0
nuscenes_mini_subset,scene-0103_012,ty,0.0,m,13,Car,vehicle,37.4,>30m,113.2,1,0.0,2,2,1.0,0.0
nuscenes_mini_subset,scene-0103_012,ty,0.02,m,0,Car,vehicle,18.1,15-30m,423.9,0,0.0,47,47,1.0,0.6
nuscenes_mini_subset,scene-0103_012,ty,0.02,m,1,Car,vehicle,54.7,>30m,65.2,0,0.0,0,0,,
nuscenes_mini_subset,scene-0103_012,ty,0.02,m,3,Car,vehicle,60.2,>30m,75.1,2,0.0,1,1,1.0,0.13
nuscenes_mini_subset,scene-0103_012,ty,0.02,m,4,Car,vehicle,47.5,>30m,50.3,0,0.0,4,4,1.0,0.08
nuscenes_mini_subset,scene-0103_012,ty,0.02,m,5,Car,vehicle,31.2,>30m,139.0,2,0.0,1,1,1.0,0.2
nuscenes_mini_subset,scene-0103_012,ty,0.02,m,7,Car,vehicle,16.1,15-30m,279.7,0,0.0,61,61,1.0,0.54
nuscenes_mini_subset,scene-0103_012,ty,0.02,m,8,Pedestrian,pedestrian,32.5,>30m,30.5,2,0.0,1,1,1.0,0.23
nuscenes_mini_subset,scene-0103_012,ty,0.02,m,9,Truck,vehicle,63.8,>30m,70.6,2,0.0,1,1,1.0,0.05
nuscenes_mini_subset,scene-0103_012,ty,0.02,m,10,Car,vehicle,27.0,15-30m,126.6,0,0.0,11,11,1.0,0.15
nuscenes_mini_subset,scene-0103_012,ty,0.02,m,11,Car,vehicle,87.2,>30m,27.1,2,0.0,1,1,1.0,0.03
nuscenes_mini_subset,scene-0103_012,ty,0.02,m,12,Pedestrian,pedestrian,23.2,15-30m,57.2,0,0.0,6,6,1.0,0.47
nuscenes_mini_subset,scene-0103_012,ty,0.02,m,13,Car,vehicle,37.4,>30m,113.2,1,0.0,2,2,1.0,0.17
nuscenes_mini_subset,scene-0103_012,ty,0.05,m,0,Car,vehicle,18.1,15-30m,423.9,0,0.0,47,47,1.0,1.5
nuscenes_mini_subset,scene-0103_012,ty,0.05,m,1,Car,vehicle,54.7,>30m,65.2,0,0.0,0,0,,
nuscenes_mini_subset,scene-0103_012,ty,0.05,m,3,Car,vehicle,60.2,>30m,75.1,2,0.0,1,1,1.0,0.32
nuscenes_mini_subset,scene-0103_012,ty,0.05,m,4,Car,vehicle,47.5,>30m,50.3,0,0.0,4,4,1.0,0.2
nuscenes_mini_subset,scene-0103_012,ty,0.05,m,5,Car,vehicle,31.2,>30m,139.0,2,0.0,1,1,1.0,0.5
nuscenes_mini_subset,scene-0103_012,ty,0.05,m,7,Car,vehicle,16.1,15-30m,279.7,0,0.0,61,61,1.0,1.36
nuscenes_mini_subset,scene-0103_012,ty,0.05,m,8,Pedestrian,pedestrian,32.5,>30m,30.5,2,0.0,1,1,1.0,0.59
nuscenes_mini_subset,scene-0103_012,ty,0.05,m,9,Truck,vehicle,63.8,>30m,70.6,2,0.0,1,1,1.0,0.12
nuscenes_mini_subset,scene-0103_012,ty,0.05,m,10,Car,vehicle,27.0,15-30m,126.6,0,0.0,11,11,1.0,0.39
nuscenes_mini_subset,scene-0103_012,ty,0.05,m,11,Car,vehicle,87.2,>30m,27.1,2,0.0,1,1,1.0,0.07
nuscenes_mini_subset,scene-0103_012,ty,0.05,m,12,Pedestrian,pedestrian,23.2,15-30m,57.2,0,0.0,6,6,1.0,1.17
nuscenes_mini_subset,scene-0103_012,ty,0.05,m,13,Car,vehicle,37.4,>30m,113.2,1,0.0,2,2,1.0,0.43
nuscenes_mini_subset,scene-0103_012,ty,0.1,m,0,Car,vehicle,18.1,15-30m,423.9,0,0.0,47,47,1.0,2.99
nuscenes_mini_subset,scene-0103_012,ty,0.1,m,1,Car,vehicle,54.7,>30m,65.2,0,0.0,0,0,,
nuscenes_mini_subset,scene-0103_012,ty,0.1,m,3,Car,vehicle,60.2,>30m,75.1,2,0.0,1,1,1.0,0.64
nuscenes_mini_subset,scene-0103_012,ty,0.1,m,4,Car,vehicle,47.5,>30m,50.3,0,0.0,4,4,1.0,0.4
nuscenes_mini_subset,scene-0103_012,ty,0.1,m,5,Car,vehicle,31.2,>30m,139.0,2,0.0,1,1,1.0,1.01
nuscenes_mini_subset,scene-0103_012,ty,0.1,m,7,Car,vehicle,16.1,15-30m,279.7,0,0.0,61,61,1.0,2.7
nuscenes_mini_subset,scene-0103_012,ty,0.1,m,8,Pedestrian,pedestrian,32.5,>30m,30.5,2,0.0,1,1,1.0,1.17
nuscenes_mini_subset,scene-0103_012,ty,0.1,m,9,Truck,vehicle,63.8,>30m,70.6,2,0.0,1,1,1.0,0.23
nuscenes_mini_subset,scene-0103_012,ty,0.1,m,10,Car,vehicle,27.0,15-30m,126.6,0,0.0,11,11,1.0,0.77
nuscenes_mini_subset,scene-0103_012,ty,0.1,m,11,Car,vehicle,87.2,>30m,27.1,2,0.0,1,1,1.0,0.14
nuscenes_mini_subset,scene-0103_012,ty,0.1,m,12,Pedestrian,pedestrian,23.2,15-30m,57.2,0,0.0,6,6,1.0,2.33
nuscenes_mini_subset,scene-0103_012,ty,0.1,m,13,Car,vehicle,37.4,>30m,113.2,1,0.0,2,2,1.0,0.86
nuscenes_mini_subset,scene-0103_012,ty,0.2,m,0,Car,vehicle,18.1,15-30m,423.9,0,0.0,47,47,1.0,5.94
nuscenes_mini_subset,scene-0103_012,ty,0.2,m,1,Car,vehicle,54.7,>30m,65.2,0,0.0,0,0,,
nuscenes_mini_subset,scene-0103_012,ty,0.2,m,3,Car,vehicle,60.2,>30m,75.1,2,0.0,1,1,1.0,1.27
nuscenes_mini_subset,scene-0103_012,ty,0.2,m,4,Car,vehicle,47.5,>30m,50.3,0,0.0,4,4,1.0,0.79
nuscenes_mini_subset,scene-0103_012,ty,0.2,m,5,Car,vehicle,31.2,>30m,139.0,2,0.0,1,1,1.0,2.0
nuscenes_mini_subset,scene-0103_012,ty,0.2,m,7,Car,vehicle,16.1,15-30m,279.7,0,0.0,61,61,1.0,5.36
nuscenes_mini_subset,scene-0103_012,ty,0.2,m,8,Pedestrian,pedestrian,32.5,>30m,30.5,2,0.0,1,1,1.0,2.34
nuscenes_mini_subset,scene-0103_012,ty,0.2,m,9,Truck,vehicle,63.8,>30m,70.6,2,0.0,1,1,1.0,0.46
nuscenes_mini_subset,scene-0103_012,ty,0.2,m,10,Car,vehicle,27.0,15-30m,126.6,0,0.0,11,11,1.0,1.54
nuscenes_mini_subset,scene-0103_012,ty,0.2,m,11,Car,vehicle,87.2,>30m,27.1,2,0.0,1,1,1.0,0.27
nuscenes_mini_subset,scene-0103_012,ty,0.2,m,12,Pedestrian,pedestrian,23.2,15-30m,57.2,0,0.0,6,6,1.0,4.64
nuscenes_mini_subset,scene-0103_012,ty,0.2,m,13,Car,vehicle,37.4,>30m,113.2,1,0.0,2,2,1.0,1.71
nuscenes_mini_subset,scene-0103_012,tz,0.0,m,0,Car,vehicle,18.1,15-30m,423.9,0,0.0,47,47,1.0,0.0
nuscenes_mini_subset,scene-0103_012,tz,0.0,m,1,Car,vehicle,54.7,>30m,65.2,0,0.0,0,0,,
nuscenes_mini_subset,scene-0103_012,tz,0.0,m,3,Car,vehicle,60.2,>30m,75.1,2,0.0,1,1,1.0,0.0
nuscenes_mini_subset,scene-0103_012,tz,0.0,m,4,Car,vehicle,47.5,>30m,50.3,0,0.0,4,4,1.0,0.0
nuscenes_mini_subset,scene-0103_012,tz,0.0,m,5,Car,vehicle,31.2,>30m,139.0,2,0.0,1,1,1.0,0.0
nuscenes_mini_subset,scene-0103_012,tz,0.0,m,7,Car,vehicle,16.1,15-30m,279.7,0,0.0,61,61,1.0,0.0
nuscenes_mini_subset,scene-0103_012,tz,0.0,m,8,Pedestrian,pedestrian,32.5,>30m,30.5,2,0.0,1,1,1.0,0.0
nuscenes_mini_subset,scene-0103_012,tz,0.0,m,9,Truck,vehicle,63.8,>30m,70.6,2,0.0,1,1,1.0,0.0
nuscenes_mini_subset,scene-0103_012,tz,0.0,m,10,Car,vehicle,27.0,15-30m,126.6,0,0.0,11,11,1.0,0.0
nuscenes_mini_subset,scene-0103_012,tz,0.0,m,11,Car,vehicle,87.2,>30m,27.1,2,0.0,1,1,1.0,0.0
nuscenes_mini_subset,scene-0103_012,tz,0.0,m,12,Pedestrian,pedestrian,23.2,15-30m,57.2,0,0.0,6,6,1.0,0.0
nuscenes_mini_subset,scene-0103_012,tz,0.0,m,13,Car,vehicle,37.4,>30m,113.2,1,0.0,2,2,1.0,0.0
nuscenes_mini_subset,scene-0103_012,tz,0.02,m,0,Car,vehicle,18.1,15-30m,423.9,0,0.0,47,47,1.0,1.52
nuscenes_mini_subset,scene-0103_012,tz,0.02,m,1,Car,vehicle,54.7,>30m,65.2,0,0.0,0,0,,
nuscenes_mini_subset,scene-0103_012,tz,0.02,m,3,Car,vehicle,60.2,>30m,75.1,2,0.0,1,1,1.0,0.45
nuscenes_mini_subset,scene-0103_012,tz,0.02,m,4,Car,vehicle,47.5,>30m,50.3,0,0.0,4,4,1.0,0.54
nuscenes_mini_subset,scene-0103_012,tz,0.02,m,5,Car,vehicle,31.2,>30m,139.0,2,0.0,1,1,1.0,0.8
nuscenes_mini_subset,scene-0103_012,tz,0.02,m,7,Car,vehicle,16.1,15-30m,279.7,0,0.0,61,61,1.0,1.79
nuscenes_mini_subset,scene-0103_012,tz,0.02,m,8,Pedestrian,pedestrian,32.5,>30m,30.5,2,0.0,1,1,1.0,0.8
nuscenes_mini_subset,scene-0103_012,tz,0.02,m,9,Truck,vehicle,63.8,>30m,70.6,2,0.0,1,1,1.0,0.4
nuscenes_mini_subset,scene-0103_012,tz,0.02,m,10,Car,vehicle,27.0,15-30m,126.6,0,0.0,11,11,1.0,1.01
nuscenes_mini_subset,scene-0103_012,tz,0.02,m,11,Car,vehicle,87.2,>30m,27.1,2,0.0,1,1,1.0,0.29
nuscenes_mini_subset,scene-0103_012,tz,0.02,m,12,Pedestrian,pedestrian,23.2,15-30m,57.2,0,0.0,6,6,1.0,1.17
nuscenes_mini_subset,scene-0103_012,tz,0.02,m,13,Car,vehicle,37.4,>30m,113.2,1,0.0,2,2,1.0,0.72
nuscenes_mini_subset,scene-0103_012,tz,0.05,m,0,Car,vehicle,18.1,15-30m,423.9,0,0.0,47,47,1.0,3.81
nuscenes_mini_subset,scene-0103_012,tz,0.05,m,1,Car,vehicle,54.7,>30m,65.2,0,0.0,0,0,,
nuscenes_mini_subset,scene-0103_012,tz,0.05,m,3,Car,vehicle,60.2,>30m,75.1,2,0.0,1,1,1.0,1.12
nuscenes_mini_subset,scene-0103_012,tz,0.05,m,4,Car,vehicle,47.5,>30m,50.3,0,0.0,4,4,1.0,1.36
nuscenes_mini_subset,scene-0103_012,tz,0.05,m,5,Car,vehicle,31.2,>30m,139.0,2,0.0,1,1,1.0,2.0
nuscenes_mini_subset,scene-0103_012,tz,0.05,m,7,Car,vehicle,16.1,15-30m,279.7,0,0.0,61,61,1.0,4.47
nuscenes_mini_subset,scene-0103_012,tz,0.05,m,8,Pedestrian,pedestrian,32.5,>30m,30.5,2,0.0,1,1,1.0,1.99
nuscenes_mini_subset,scene-0103_012,tz,0.05,m,9,Truck,vehicle,63.8,>30m,70.6,2,0.0,1,1,1.0,1.0
nuscenes_mini_subset,scene-0103_012,tz,0.05,m,10,Car,vehicle,27.0,15-30m,126.6,0,0.0,11,11,1.0,2.51
nuscenes_mini_subset,scene-0103_012,tz,0.05,m,11,Car,vehicle,87.2,>30m,27.1,2,0.0,1,1,1.0,0.73
nuscenes_mini_subset,scene-0103_012,tz,0.05,m,12,Pedestrian,pedestrian,23.2,15-30m,57.2,0,0.0,6,6,1.0,2.92
nuscenes_mini_subset,scene-0103_012,tz,0.05,m,13,Car,vehicle,37.4,>30m,113.2,1,0.0,2,2,1.0,1.81
nuscenes_mini_subset,scene-0103_012,tz,0.1,m,0,Car,vehicle,18.1,15-30m,423.9,0,0.0,47,47,1.0,7.62
nuscenes_mini_subset,scene-0103_012,tz,0.1,m,1,Car,vehicle,54.7,>30m,65.2,0,0.0,0,0,,
nuscenes_mini_subset,scene-0103_012,tz,0.1,m,3,Car,vehicle,60.2,>30m,75.1,2,0.0,1,1,1.0,2.23
nuscenes_mini_subset,scene-0103_012,tz,0.1,m,4,Car,vehicle,47.5,>30m,50.3,0,0.0,4,4,1.0,2.72
nuscenes_mini_subset,scene-0103_012,tz,0.1,m,5,Car,vehicle,31.2,>30m,139.0,2,0.0,1,1,1.0,4.0
nuscenes_mini_subset,scene-0103_012,tz,0.1,m,7,Car,vehicle,16.1,15-30m,279.7,0,0.0,61,61,1.0,8.93
nuscenes_mini_subset,scene-0103_012,tz,0.1,m,8,Pedestrian,pedestrian,32.5,>30m,30.5,2,0.0,1,1,1.0,3.98
nuscenes_mini_subset,scene-0103_012,tz,0.1,m,9,Truck,vehicle,63.8,>30m,70.6,2,0.0,1,1,1.0,2.0
nuscenes_mini_subset,scene-0103_012,tz,0.1,m,10,Car,vehicle,27.0,15-30m,126.6,0,0.0,11,11,1.0,5.03
nuscenes_mini_subset,scene-0103_012,tz,0.1,m,11,Car,vehicle,87.2,>30m,27.1,2,0.0,1,1,1.0,1.47
nuscenes_mini_subset,scene-0103_012,tz,0.1,m,12,Pedestrian,pedestrian,23.2,15-30m,57.2,0,0.0,6,6,1.0,5.84
nuscenes_mini_subset,scene-0103_012,tz,0.1,m,13,Car,vehicle,37.4,>30m,113.2,1,0.0,2,2,1.0,3.62
nuscenes_mini_subset,scene-0103_012,tz,0.2,m,0,Car,vehicle,18.1,15-30m,423.9,0,0.0,47,47,1.0,15.24
nuscenes_mini_subset,scene-0103_012,tz,0.2,m,1,Car,vehicle,54.7,>30m,65.2,0,0.0,0,0,,
nuscenes_mini_subset,scene-0103_012,tz,0.2,m,3,Car,vehicle,60.2,>30m,75.1,2,0.0,1,1,1.0,4.47
nuscenes_mini_subset,scene-0103_012,tz,0.2,m,4,Car,vehicle,47.5,>30m,50.3,0,0.0,4,4,1.0,5.43
nuscenes_mini_subset,scene-0103_012,tz,0.2,m,5,Car,vehicle,31.2,>30m,139.0,2,0.0,1,1,1.0,7.99
nuscenes_mini_subset,scene-0103_012,tz,0.2,m,7,Car,vehicle,16.1,15-30m,279.7,0,0.0,61,61,1.0,17.86
nuscenes_mini_subset,scene-0103_012,tz,0.2,m,8,Pedestrian,pedestrian,32.5,>30m,30.5,2,0.0,1,1,1.0,7.96
nuscenes_mini_subset,scene-0103_012,tz,0.2,m,9,Truck,vehicle,63.8,>30m,70.6,2,0.0,1,1,1.0,3.99
nuscenes_mini_subset,scene-0103_012,tz,0.2,m,10,Car,vehicle,27.0,15-30m,126.6,0,0.0,11,11,1.0,10.05
nuscenes_mini_subset,scene-0103_012,tz,0.2,m,11,Car,vehicle,87.2,>30m,27.1,2,0.0,1,1,1.0,2.93
nuscenes_mini_subset,scene-0103_012,tz,0.2,m,12,Pedestrian,pedestrian,23.2,15-30m,57.2,0,0.0,6,6,1.0,11.68
nuscenes_mini_subset,scene-0103_012,tz,0.2,m,13,Car,vehicle,37.4,>30m,113.2,1,0.0,2,2,1.0,7.23
nuscenes_mini_subset,scene-0103_016,yaw,0.0,deg,0,Car,vehicle,55.6,>30m,91.7,2,0.0,0,0,,
nuscenes_mini_subset,scene-0103_016,yaw,0.0,deg,1,Car,vehicle,12.7,0-15m,570.4,0,0.0,146,146,1.0,0.0
nuscenes_mini_subset,scene-0103_016,yaw,0.0,deg,2,Car,vehicle,48.5,>30m,79.4,1,0.0,0,0,,
nuscenes_mini_subset,scene-0103_016,yaw,0.0,deg,3,Pedestrian,pedestrian,21.0,15-30m,34.4,0,0.52,4,4,1.0,0.0
nuscenes_mini_subset,scene-0103_016,yaw,0.0,deg,4,Car,vehicle,53.8,>30m,89.2,2,0.0,0,0,,
nuscenes_mini_subset,scene-0103_016,yaw,0.0,deg,5,Car,vehicle,41.0,>30m,60.7,0,0.0,4,4,1.0,0.0
nuscenes_mini_subset,scene-0103_016,yaw,0.0,deg,6,Car,vehicle,24.6,15-30m,205.7,2,0.0,0,0,,
nuscenes_mini_subset,scene-0103_016,yaw,0.0,deg,8,Car,vehicle,65.4,>30m,53.5,2,0.0,1,1,1.0,0.0
nuscenes_mini_subset,scene-0103_016,yaw,0.0,deg,9,Car,vehicle,9.9,0-15m,374.9,0,0.43,162,160,0.9877,0.0
nuscenes_mini_subset,scene-0103_016,yaw,0.0,deg,10,Motorcycle,cyclist,41.6,>30m,18.6,0,0.0,0,0,,
nuscenes_mini_subset,scene-0103_016,yaw,0.0,deg,11,Pedestrian,pedestrian,29.3,15-30m,34.6,0,0.0,4,4,1.0,0.0
nuscenes_mini_subset,scene-0103_016,yaw,0.0,deg,12,Truck,vehicle,57.3,>30m,81.0,1,0.0,7,7,1.0,0.0
nuscenes_mini_subset,scene-0103_016,yaw,0.0,deg,13,Car,vehicle,29.8,15-30m,173.2,2,0.0,1,1,1.0,0.0
nuscenes_mini_subset,scene-0103_016,yaw,0.0,deg,14,Car,vehicle,20.5,15-30m,204.1,2,0.0,5,5,1.0,0.0
nuscenes_mini_subset,scene-0103_016,yaw,0.0,deg,15,Car,vehicle,80.6,>30m,29.7,2,0.0,1,1,1.0,0.0
nuscenes_mini_subset,scene-0103_016,yaw,0.0,deg,16,Car,vehicle,31.0,>30m,149.5,2,0.0,0,0,,
nuscenes_mini_subset,scene-0103_016,yaw,0.25,deg,0,Car,vehicle,55.6,>30m,91.7,2,0.0,0,0,,
nuscenes_mini_subset,scene-0103_016,yaw,0.25,deg,1,Car,vehicle,12.7,0-15m,570.4,0,0.0,146,146,1.0,6.37
nuscenes_mini_subset,scene-0103_016,yaw,0.25,deg,2,Car,vehicle,48.5,>30m,79.4,1,0.0,0,0,,
nuscenes_mini_subset,scene-0103_016,yaw,0.25,deg,3,Pedestrian,pedestrian,21.0,15-30m,34.4,0,0.52,4,4,1.0,8.01
nuscenes_mini_subset,scene-0103_016,yaw,0.25,deg,4,Car,vehicle,53.8,>30m,89.2,2,0.0,0,0,,
nuscenes_mini_subset,scene-0103_016,yaw,0.25,deg,5,Car,vehicle,41.0,>30m,60.7,0,0.0,4,4,1.0,5.7
nuscenes_mini_subset,scene-0103_016,yaw,0.25,deg,6,Car,vehicle,24.6,15-30m,205.7,2,0.0,0,0,,
nuscenes_mini_subset,scene-0103_016,yaw,0.25,deg,8,Car,vehicle,65.4,>30m,53.5,2,0.0,1,1,1.0,5.58
nuscenes_mini_subset,scene-0103_016,yaw,0.25,deg,9,Car,vehicle,9.9,0-15m,374.9,0,0.43,164,164,1.0,7.28
nuscenes_mini_subset,scene-0103_016,yaw,0.25,deg,10,Motorcycle,cyclist,41.6,>30m,18.6,0,0.0,0,0,,
nuscenes_mini_subset,scene-0103_016,yaw,0.25,deg,11,Pedestrian,pedestrian,29.3,15-30m,34.6,0,0.0,4,4,1.0,6.21
nuscenes_mini_subset,scene-0103_016,yaw,0.25,deg,12,Truck,vehicle,57.3,>30m,81.0,1,0.0,7,7,1.0,5.62
nuscenes_mini_subset,scene-0103_016,yaw,0.25,deg,13,Car,vehicle,29.8,15-30m,173.2,2,0.0,1,1,1.0,6.92
nuscenes_mini_subset,scene-0103_016,yaw,0.25,deg,14,Car,vehicle,20.5,15-30m,204.1,2,0.0,5,5,1.0,5.86
nuscenes_mini_subset,scene-0103_016,yaw,0.25,deg,15,Car,vehicle,80.6,>30m,29.7,2,0.0,1,1,1.0,5.56
nuscenes_mini_subset,scene-0103_016,yaw,0.25,deg,16,Car,vehicle,31.0,>30m,149.5,2,0.0,0,0,,
nuscenes_mini_subset,scene-0103_016,yaw,0.5,deg,0,Car,vehicle,55.6,>30m,91.7,2,0.0,0,0,,
nuscenes_mini_subset,scene-0103_016,yaw,0.5,deg,1,Car,vehicle,12.7,0-15m,570.4,0,0.0,146,145,0.9932,12.77
nuscenes_mini_subset,scene-0103_016,yaw,0.5,deg,2,Car,vehicle,48.5,>30m,79.4,1,0.0,0,0,,
nuscenes_mini_subset,scene-0103_016,yaw,0.5,deg,3,Pedestrian,pedestrian,21.0,15-30m,34.4,0,0.52,2,2,1.0,16.02
nuscenes_mini_subset,scene-0103_016,yaw,0.5,deg,4,Car,vehicle,53.8,>30m,89.2,2,0.0,0,0,,
nuscenes_mini_subset,scene-0103_016,yaw,0.5,deg,5,Car,vehicle,41.0,>30m,60.7,0,0.0,4,4,1.0,11.4
nuscenes_mini_subset,scene-0103_016,yaw,0.5,deg,6,Car,vehicle,24.6,15-30m,205.7,2,0.0,0,0,,
nuscenes_mini_subset,scene-0103_016,yaw,0.5,deg,8,Car,vehicle,65.4,>30m,53.5,2,0.0,1,1,1.0,11.16
nuscenes_mini_subset,scene-0103_016,yaw,0.5,deg,9,Car,vehicle,9.9,0-15m,374.9,0,0.43,168,168,1.0,14.52
nuscenes_mini_subset,scene-0103_016,yaw,0.5,deg,10,Motorcycle,cyclist,41.6,>30m,18.6,0,0.0,0,0,,
nuscenes_mini_subset,scene-0103_016,yaw,0.5,deg,11,Pedestrian,pedestrian,29.3,15-30m,34.6,0,0.0,4,3,0.75,12.4
nuscenes_mini_subset,scene-0103_016,yaw,0.5,deg,12,Truck,vehicle,57.3,>30m,81.0,1,0.0,7,6,0.8571,11.26
nuscenes_mini_subset,scene-0103_016,yaw,0.5,deg,13,Car,vehicle,29.8,15-30m,173.2,2,0.0,1,1,1.0,13.82
nuscenes_mini_subset,scene-0103_016,yaw,0.5,deg,14,Car,vehicle,20.5,15-30m,204.1,2,0.0,5,5,1.0,11.74
nuscenes_mini_subset,scene-0103_016,yaw,0.5,deg,15,Car,vehicle,80.6,>30m,29.7,2,0.0,1,1,1.0,11.11
nuscenes_mini_subset,scene-0103_016,yaw,0.5,deg,16,Car,vehicle,31.0,>30m,149.5,2,0.0,0,0,,
nuscenes_mini_subset,scene-0103_016,yaw,1.0,deg,0,Car,vehicle,55.6,>30m,91.7,2,0.0,0,0,,
nuscenes_mini_subset,scene-0103_016,yaw,1.0,deg,1,Car,vehicle,12.7,0-15m,570.4,0,0.0,146,144,0.9863,25.61
nuscenes_mini_subset,scene-0103_016,yaw,1.0,deg,2,Car,vehicle,48.5,>30m,79.4,1,0.0,0,0,,
nuscenes_mini_subset,scene-0103_016,yaw,1.0,deg,3,Pedestrian,pedestrian,21.0,15-30m,34.4,0,0.52,0,0,,
nuscenes_mini_subset,scene-0103_016,yaw,1.0,deg,4,Car,vehicle,53.8,>30m,89.2,2,0.0,0,0,,
nuscenes_mini_subset,scene-0103_016,yaw,1.0,deg,5,Car,vehicle,41.0,>30m,60.7,0,0.0,4,3,0.75,22.77
nuscenes_mini_subset,scene-0103_016,yaw,1.0,deg,6,Car,vehicle,24.6,15-30m,205.7,2,0.0,0,0,,
nuscenes_mini_subset,scene-0103_016,yaw,1.0,deg,8,Car,vehicle,65.4,>30m,53.5,2,0.0,1,1,1.0,22.34
nuscenes_mini_subset,scene-0103_016,yaw,1.0,deg,9,Car,vehicle,9.9,0-15m,374.9,0,0.43,178,177,0.9944,28.91
nuscenes_mini_subset,scene-0103_016,yaw,1.0,deg,10,Motorcycle,cyclist,41.6,>30m,18.6,0,0.0,0,0,,
nuscenes_mini_subset,scene-0103_016,yaw,1.0,deg,11,Pedestrian,pedestrian,29.3,15-30m,34.6,0,0.0,4,0,0.0,24.73
nuscenes_mini_subset,scene-0103_016,yaw,1.0,deg,12,Truck,vehicle,57.3,>30m,81.0,1,0.0,7,5,0.7143,22.54
nuscenes_mini_subset,scene-0103_016,yaw,1.0,deg,13,Car,vehicle,29.8,15-30m,173.2,2,0.0,1,1,1.0,27.51
nuscenes_mini_subset,scene-0103_016,yaw,1.0,deg,14,Car,vehicle,20.5,15-30m,204.1,2,0.0,5,5,1.0,23.51
nuscenes_mini_subset,scene-0103_016,yaw,1.0,deg,15,Car,vehicle,80.6,>30m,29.7,2,0.0,1,0,0.0,22.21
nuscenes_mini_subset,scene-0103_016,yaw,1.0,deg,16,Car,vehicle,31.0,>30m,149.5,2,0.0,0,0,,
nuscenes_mini_subset,scene-0103_016,yaw,2.0,deg,0,Car,vehicle,55.6,>30m,91.7,2,0.0,0,0,,
nuscenes_mini_subset,scene-0103_016,yaw,2.0,deg,1,Car,vehicle,12.7,0-15m,570.4,0,0.0,146,140,0.9589,51.52
nuscenes_mini_subset,scene-0103_016,yaw,2.0,deg,2,Car,vehicle,48.5,>30m,79.4,1,0.0,0,0,,
nuscenes_mini_subset,scene-0103_016,yaw,2.0,deg,3,Pedestrian,pedestrian,21.0,15-30m,34.4,0,0.52,0,0,,
nuscenes_mini_subset,scene-0103_016,yaw,2.0,deg,4,Car,vehicle,53.8,>30m,89.2,2,0.0,0,0,,
nuscenes_mini_subset,scene-0103_016,yaw,2.0,deg,5,Car,vehicle,41.0,>30m,60.7,0,0.0,4,0,0.0,45.42
nuscenes_mini_subset,scene-0103_016,yaw,2.0,deg,6,Car,vehicle,24.6,15-30m,205.7,2,0.0,0,0,,
nuscenes_mini_subset,scene-0103_016,yaw,2.0,deg,8,Car,vehicle,65.4,>30m,53.5,2,0.0,1,0,0.0,44.77
nuscenes_mini_subset,scene-0103_016,yaw,2.0,deg,9,Car,vehicle,9.9,0-15m,374.9,0,0.43,194,186,0.9588,57.34
nuscenes_mini_subset,scene-0103_016,yaw,2.0,deg,10,Motorcycle,cyclist,41.6,>30m,18.6,0,0.0,0,0,,
nuscenes_mini_subset,scene-0103_016,yaw,2.0,deg,11,Pedestrian,pedestrian,29.3,15-30m,34.6,0,0.0,4,0,0.0,49.18
nuscenes_mini_subset,scene-0103_016,yaw,2.0,deg,12,Truck,vehicle,57.3,>30m,81.0,1,0.0,7,2,0.2857,45.19
nuscenes_mini_subset,scene-0103_016,yaw,2.0,deg,13,Car,vehicle,29.8,15-30m,173.2,2,0.0,1,1,1.0,54.58
nuscenes_mini_subset,scene-0103_016,yaw,2.0,deg,14,Car,vehicle,20.5,15-30m,204.1,2,0.0,5,4,0.8,47.19
nuscenes_mini_subset,scene-0103_016,yaw,2.0,deg,15,Car,vehicle,80.6,>30m,29.7,2,0.0,1,0,0.0,44.35
nuscenes_mini_subset,scene-0103_016,yaw,2.0,deg,16,Car,vehicle,31.0,>30m,149.5,2,0.0,0,0,,
nuscenes_mini_subset,scene-0103_016,yaw,3.0,deg,0,Car,vehicle,55.6,>30m,91.7,2,0.0,0,0,,
nuscenes_mini_subset,scene-0103_016,yaw,3.0,deg,1,Car,vehicle,12.7,0-15m,570.4,0,0.0,146,134,0.9178,77.75
nuscenes_mini_subset,scene-0103_016,yaw,3.0,deg,2,Car,vehicle,48.5,>30m,79.4,1,0.0,0,0,,
nuscenes_mini_subset,scene-0103_016,yaw,3.0,deg,3,Pedestrian,pedestrian,21.0,15-30m,34.4,0,0.52,0,0,,
nuscenes_mini_subset,scene-0103_016,yaw,3.0,deg,4,Car,vehicle,53.8,>30m,89.2,2,0.0,0,0,,
nuscenes_mini_subset,scene-0103_016,yaw,3.0,deg,5,Car,vehicle,41.0,>30m,60.7,0,0.0,4,0,0.0,67.98
nuscenes_mini_subset,scene-0103_016,yaw,3.0,deg,6,Car,vehicle,24.6,15-30m,205.7,2,0.0,0,0,,
nuscenes_mini_subset,scene-0103_016,yaw,3.0,deg,8,Car,vehicle,65.4,>30m,53.5,2,0.0,1,0,0.0,67.31
nuscenes_mini_subset,scene-0103_016,yaw,3.0,deg,9,Car,vehicle,9.9,0-15m,374.9,0,0.43,210,193,0.919,85.32
nuscenes_mini_subset,scene-0103_016,yaw,3.0,deg,10,Motorcycle,cyclist,41.6,>30m,18.6,0,0.0,0,0,,
nuscenes_mini_subset,scene-0103_016,yaw,3.0,deg,11,Pedestrian,pedestrian,29.3,15-30m,34.6,0,0.0,4,0,0.0,73.38
nuscenes_mini_subset,scene-0103_016,yaw,3.0,deg,12,Truck,vehicle,57.3,>30m,81.0,1,0.0,7,0,0.0,67.98
nuscenes_mini_subset,scene-0103_016,yaw,3.0,deg,13,Car,vehicle,29.8,15-30m,173.2,2,0.0,1,1,1.0,81.21
nuscenes_mini_subset,scene-0103_016,yaw,3.0,deg,14,Car,vehicle,20.5,15-30m,204.1,2,0.0,5,4,0.8,71.06
nuscenes_mini_subset,scene-0103_016,yaw,3.0,deg,15,Car,vehicle,80.6,>30m,29.7,2,0.0,1,0,0.0,66.45
nuscenes_mini_subset,scene-0103_016,yaw,3.0,deg,16,Car,vehicle,31.0,>30m,149.5,2,0.0,0,0,,
nuscenes_mini_subset,scene-0103_016,pitch,0.0,deg,0,Car,vehicle,55.6,>30m,91.7,2,0.0,0,0,,
nuscenes_mini_subset,scene-0103_016,pitch,0.0,deg,1,Car,vehicle,12.7,0-15m,570.4,0,0.0,146,146,1.0,0.0
nuscenes_mini_subset,scene-0103_016,pitch,0.0,deg,2,Car,vehicle,48.5,>30m,79.4,1,0.0,0,0,,
nuscenes_mini_subset,scene-0103_016,pitch,0.0,deg,3,Pedestrian,pedestrian,21.0,15-30m,34.4,0,0.52,4,4,1.0,0.0
nuscenes_mini_subset,scene-0103_016,pitch,0.0,deg,4,Car,vehicle,53.8,>30m,89.2,2,0.0,0,0,,
nuscenes_mini_subset,scene-0103_016,pitch,0.0,deg,5,Car,vehicle,41.0,>30m,60.7,0,0.0,4,4,1.0,0.0
nuscenes_mini_subset,scene-0103_016,pitch,0.0,deg,6,Car,vehicle,24.6,15-30m,205.7,2,0.0,0,0,,
nuscenes_mini_subset,scene-0103_016,pitch,0.0,deg,8,Car,vehicle,65.4,>30m,53.5,2,0.0,1,1,1.0,0.0
nuscenes_mini_subset,scene-0103_016,pitch,0.0,deg,9,Car,vehicle,9.9,0-15m,374.9,0,0.43,162,160,0.9877,0.0
nuscenes_mini_subset,scene-0103_016,pitch,0.0,deg,10,Motorcycle,cyclist,41.6,>30m,18.6,0,0.0,0,0,,
nuscenes_mini_subset,scene-0103_016,pitch,0.0,deg,11,Pedestrian,pedestrian,29.3,15-30m,34.6,0,0.0,4,4,1.0,0.0
nuscenes_mini_subset,scene-0103_016,pitch,0.0,deg,12,Truck,vehicle,57.3,>30m,81.0,1,0.0,7,7,1.0,0.0
nuscenes_mini_subset,scene-0103_016,pitch,0.0,deg,13,Car,vehicle,29.8,15-30m,173.2,2,0.0,1,1,1.0,0.0
nuscenes_mini_subset,scene-0103_016,pitch,0.0,deg,14,Car,vehicle,20.5,15-30m,204.1,2,0.0,5,5,1.0,0.0
nuscenes_mini_subset,scene-0103_016,pitch,0.0,deg,15,Car,vehicle,80.6,>30m,29.7,2,0.0,1,1,1.0,0.0
nuscenes_mini_subset,scene-0103_016,pitch,0.0,deg,16,Car,vehicle,31.0,>30m,149.5,2,0.0,0,0,,
nuscenes_mini_subset,scene-0103_016,pitch,0.25,deg,0,Car,vehicle,55.6,>30m,91.7,2,0.0,0,0,,
nuscenes_mini_subset,scene-0103_016,pitch,0.25,deg,1,Car,vehicle,12.7,0-15m,570.4,0,0.0,146,146,1.0,1.76
nuscenes_mini_subset,scene-0103_016,pitch,0.25,deg,2,Car,vehicle,48.5,>30m,79.4,1,0.0,0,0,,
nuscenes_mini_subset,scene-0103_016,pitch,0.25,deg,3,Pedestrian,pedestrian,21.0,15-30m,34.4,0,0.52,4,4,1.0,3.61
nuscenes_mini_subset,scene-0103_016,pitch,0.25,deg,4,Car,vehicle,53.8,>30m,89.2,2,0.0,0,0,,
nuscenes_mini_subset,scene-0103_016,pitch,0.25,deg,5,Car,vehicle,41.0,>30m,60.7,0,0.0,4,4,1.0,0.84
nuscenes_mini_subset,scene-0103_016,pitch,0.25,deg,6,Car,vehicle,24.6,15-30m,205.7,2,0.0,0,0,,
nuscenes_mini_subset,scene-0103_016,pitch,0.25,deg,8,Car,vehicle,65.4,>30m,53.5,2,0.0,1,1,1.0,0.59
nuscenes_mini_subset,scene-0103_016,pitch,0.25,deg,9,Car,vehicle,9.9,0-15m,374.9,0,0.43,162,161,0.9938,2.65
nuscenes_mini_subset,scene-0103_016,pitch,0.25,deg,10,Motorcycle,cyclist,41.6,>30m,18.6,0,0.0,0,0,,
nuscenes_mini_subset,scene-0103_016,pitch,0.25,deg,11,Pedestrian,pedestrian,29.3,15-30m,34.6,0,0.0,4,4,1.0,1.78
nuscenes_mini_subset,scene-0103_016,pitch,0.25,deg,12,Truck,vehicle,57.3,>30m,81.0,1,0.0,7,7,1.0,0.81
nuscenes_mini_subset,scene-0103_016,pitch,0.25,deg,13,Car,vehicle,29.8,15-30m,173.2,2,0.0,1,1,1.0,2.64
nuscenes_mini_subset,scene-0103_016,pitch,0.25,deg,14,Car,vehicle,20.5,15-30m,204.1,2,0.0,5,5,1.0,1.07
nuscenes_mini_subset,scene-0103_016,pitch,0.25,deg,15,Car,vehicle,80.6,>30m,29.7,2,0.0,1,1,1.0,0.55
nuscenes_mini_subset,scene-0103_016,pitch,0.25,deg,16,Car,vehicle,31.0,>30m,149.5,2,0.0,0,0,,
nuscenes_mini_subset,scene-0103_016,pitch,0.5,deg,0,Car,vehicle,55.6,>30m,91.7,2,0.0,0,0,,
nuscenes_mini_subset,scene-0103_016,pitch,0.5,deg,1,Car,vehicle,12.7,0-15m,570.4,0,0.0,146,146,1.0,3.51
nuscenes_mini_subset,scene-0103_016,pitch,0.5,deg,2,Car,vehicle,48.5,>30m,79.4,1,0.0,0,0,,
nuscenes_mini_subset,scene-0103_016,pitch,0.5,deg,3,Pedestrian,pedestrian,21.0,15-30m,34.4,0,0.52,4,4,1.0,7.23
nuscenes_mini_subset,scene-0103_016,pitch,0.5,deg,4,Car,vehicle,53.8,>30m,89.2,2,0.0,0,0,,
nuscenes_mini_subset,scene-0103_016,pitch,0.5,deg,5,Car,vehicle,41.0,>30m,60.7,0,0.0,4,4,1.0,1.69
nuscenes_mini_subset,scene-0103_016,pitch,0.5,deg,6,Car,vehicle,24.6,15-30m,205.7,2,0.0,0,0,,
nuscenes_mini_subset,scene-0103_016,pitch,0.5,deg,8,Car,vehicle,65.4,>30m,53.5,2,0.0,1,1,1.0,1.18
nuscenes_mini_subset,scene-0103_016,pitch,0.5,deg,9,Car,vehicle,9.9,0-15m,374.9,0,0.43,162,162,1.0,5.3
nuscenes_mini_subset,scene-0103_016,pitch,0.5,deg,10,Motorcycle,cyclist,41.6,>30m,18.6,0,0.0,0,0,,
nuscenes_mini_subset,scene-0103_016,pitch,0.5,deg,11,Pedestrian,pedestrian,29.3,15-30m,34.6,0,0.0,4,4,1.0,3.55
nuscenes_mini_subset,scene-0103_016,pitch,0.5,deg,12,Truck,vehicle,57.3,>30m,81.0,1,0.0,7,7,1.0,1.61
nuscenes_mini_subset,scene-0103_016,pitch,0.5,deg,13,Car,vehicle,29.8,15-30m,173.2,2,0.0,1,1,1.0,5.28
nuscenes_mini_subset,scene-0103_016,pitch,0.5,deg,14,Car,vehicle,20.5,15-30m,204.1,2,0.0,5,5,1.0,2.14
nuscenes_mini_subset,scene-0103_016,pitch,0.5,deg,15,Car,vehicle,80.6,>30m,29.7,2,0.0,1,1,1.0,1.1
nuscenes_mini_subset,scene-0103_016,pitch,0.5,deg,16,Car,vehicle,31.0,>30m,149.5,2,0.0,0,0,,
nuscenes_mini_subset,scene-0103_016,pitch,1.0,deg,0,Car,vehicle,55.6,>30m,91.7,2,0.0,0,0,,
nuscenes_mini_subset,scene-0103_016,pitch,1.0,deg,1,Car,vehicle,12.7,0-15m,570.4,0,0.0,146,146,1.0,7.02
nuscenes_mini_subset,scene-0103_016,pitch,1.0,deg,2,Car,vehicle,48.5,>30m,79.4,1,0.0,0,0,,
nuscenes_mini_subset,scene-0103_016,pitch,1.0,deg,3,Pedestrian,pedestrian,21.0,15-30m,34.4,0,0.52,5,5,1.0,14.45
nuscenes_mini_subset,scene-0103_016,pitch,1.0,deg,4,Car,vehicle,53.8,>30m,89.2,2,0.0,0,0,,
nuscenes_mini_subset,scene-0103_016,pitch,1.0,deg,5,Car,vehicle,41.0,>30m,60.7,0,0.0,4,4,1.0,3.37
nuscenes_mini_subset,scene-0103_016,pitch,1.0,deg,6,Car,vehicle,24.6,15-30m,205.7,2,0.0,0,0,,
nuscenes_mini_subset,scene-0103_016,pitch,1.0,deg,8,Car,vehicle,65.4,>30m,53.5,2,0.0,1,1,1.0,2.37
nuscenes_mini_subset,scene-0103_016,pitch,1.0,deg,9,Car,vehicle,9.9,0-15m,374.9,0,0.43,162,162,1.0,10.61
nuscenes_mini_subset,scene-0103_016,pitch,1.0,deg,10,Motorcycle,cyclist,41.6,>30m,18.6,0,0.0,0,0,,
nuscenes_mini_subset,scene-0103_016,pitch,1.0,deg,11,Pedestrian,pedestrian,29.3,15-30m,34.6,0,0.0,4,4,1.0,7.11
nuscenes_mini_subset,scene-0103_016,pitch,1.0,deg,12,Truck,vehicle,57.3,>30m,81.0,1,0.0,7,7,1.0,3.22
nuscenes_mini_subset,scene-0103_016,pitch,1.0,deg,13,Car,vehicle,29.8,15-30m,173.2,2,0.0,1,1,1.0,10.55
nuscenes_mini_subset,scene-0103_016,pitch,1.0,deg,14,Car,vehicle,20.5,15-30m,204.1,2,0.0,5,5,1.0,4.28
nuscenes_mini_subset,scene-0103_016,pitch,1.0,deg,15,Car,vehicle,80.6,>30m,29.7,2,0.0,1,1,1.0,2.19
nuscenes_mini_subset,scene-0103_016,pitch,1.0,deg,16,Car,vehicle,31.0,>30m,149.5,2,0.0,0,0,,
nuscenes_mini_subset,scene-0103_016,pitch,2.0,deg,0,Car,vehicle,55.6,>30m,91.7,2,0.0,0,0,,
nuscenes_mini_subset,scene-0103_016,pitch,2.0,deg,1,Car,vehicle,12.7,0-15m,570.4,0,0.0,146,146,1.0,14.04
nuscenes_mini_subset,scene-0103_016,pitch,2.0,deg,2,Car,vehicle,48.5,>30m,79.4,1,0.0,0,0,,
nuscenes_mini_subset,scene-0103_016,pitch,2.0,deg,3,Pedestrian,pedestrian,21.0,15-30m,34.4,0,0.52,5,5,1.0,28.89
nuscenes_mini_subset,scene-0103_016,pitch,2.0,deg,4,Car,vehicle,53.8,>30m,89.2,2,0.0,0,0,,
nuscenes_mini_subset,scene-0103_016,pitch,2.0,deg,5,Car,vehicle,41.0,>30m,60.7,0,0.0,4,4,1.0,6.74
nuscenes_mini_subset,scene-0103_016,pitch,2.0,deg,6,Car,vehicle,24.6,15-30m,205.7,2,0.0,0,0,,
nuscenes_mini_subset,scene-0103_016,pitch,2.0,deg,8,Car,vehicle,65.4,>30m,53.5,2,0.0,1,1,1.0,4.74
nuscenes_mini_subset,scene-0103_016,pitch,2.0,deg,9,Car,vehicle,9.9,0-15m,374.9,0,0.43,163,162,0.9939,21.22
nuscenes_mini_subset,scene-0103_016,pitch,2.0,deg,10,Motorcycle,cyclist,41.6,>30m,18.6,0,0.0,0,0,,
nuscenes_mini_subset,scene-0103_016,pitch,2.0,deg,11,Pedestrian,pedestrian,29.3,15-30m,34.6,0,0.0,4,2,0.5,14.21
nuscenes_mini_subset,scene-0103_016,pitch,2.0,deg,12,Truck,vehicle,57.3,>30m,81.0,1,0.0,7,7,1.0,6.44
nuscenes_mini_subset,scene-0103_016,pitch,2.0,deg,13,Car,vehicle,29.8,15-30m,173.2,2,0.0,1,1,1.0,21.11
nuscenes_mini_subset,scene-0103_016,pitch,2.0,deg,14,Car,vehicle,20.5,15-30m,204.1,2,0.0,5,5,1.0,8.55
nuscenes_mini_subset,scene-0103_016,pitch,2.0,deg,15,Car,vehicle,80.6,>30m,29.7,2,0.0,1,1,1.0,4.39
nuscenes_mini_subset,scene-0103_016,pitch,2.0,deg,16,Car,vehicle,31.0,>30m,149.5,2,0.0,0,0,,
nuscenes_mini_subset,scene-0103_016,pitch,3.0,deg,0,Car,vehicle,55.6,>30m,91.7,2,0.0,0,0,,
nuscenes_mini_subset,scene-0103_016,pitch,3.0,deg,1,Car,vehicle,12.7,0-15m,570.4,0,0.0,146,138,0.9452,21.06
nuscenes_mini_subset,scene-0103_016,pitch,3.0,deg,2,Car,vehicle,48.5,>30m,79.4,1,0.0,0,0,,
nuscenes_mini_subset,scene-0103_016,pitch,3.0,deg,3,Pedestrian,pedestrian,21.0,15-30m,34.4,0,0.52,5,2,0.4,43.32
nuscenes_mini_subset,scene-0103_016,pitch,3.0,deg,4,Car,vehicle,53.8,>30m,89.2,2,0.0,0,0,,
nuscenes_mini_subset,scene-0103_016,pitch,3.0,deg,5,Car,vehicle,41.0,>30m,60.7,0,0.0,4,4,1.0,10.12
nuscenes_mini_subset,scene-0103_016,pitch,3.0,deg,6,Car,vehicle,24.6,15-30m,205.7,2,0.0,0,0,,
nuscenes_mini_subset,scene-0103_016,pitch,3.0,deg,8,Car,vehicle,65.4,>30m,53.5,2,0.0,1,1,1.0,7.11
nuscenes_mini_subset,scene-0103_016,pitch,3.0,deg,9,Car,vehicle,9.9,0-15m,374.9,0,0.43,164,163,0.9939,31.84
nuscenes_mini_subset,scene-0103_016,pitch,3.0,deg,10,Motorcycle,cyclist,41.6,>30m,18.6,0,0.0,0,0,,
nuscenes_mini_subset,scene-0103_016,pitch,3.0,deg,11,Pedestrian,pedestrian,29.3,15-30m,34.6,0,0.0,4,2,0.5,21.32
nuscenes_mini_subset,scene-0103_016,pitch,3.0,deg,12,Truck,vehicle,57.3,>30m,81.0,1,0.0,7,7,1.0,9.66
nuscenes_mini_subset,scene-0103_016,pitch,3.0,deg,13,Car,vehicle,29.8,15-30m,173.2,2,0.0,1,1,1.0,31.67
nuscenes_mini_subset,scene-0103_016,pitch,3.0,deg,14,Car,vehicle,20.5,15-30m,204.1,2,0.0,5,5,1.0,12.82
nuscenes_mini_subset,scene-0103_016,pitch,3.0,deg,15,Car,vehicle,80.6,>30m,29.7,2,0.0,1,1,1.0,6.58
nuscenes_mini_subset,scene-0103_016,pitch,3.0,deg,16,Car,vehicle,31.0,>30m,149.5,2,0.0,0,0,,
nuscenes_mini_subset,scene-0103_016,roll,0.0,deg,0,Car,vehicle,55.6,>30m,91.7,2,0.0,0,0,,
nuscenes_mini_subset,scene-0103_016,roll,0.0,deg,1,Car,vehicle,12.7,0-15m,570.4,0,0.0,146,146,1.0,0.0
nuscenes_mini_subset,scene-0103_016,roll,0.0,deg,2,Car,vehicle,48.5,>30m,79.4,1,0.0,0,0,,
nuscenes_mini_subset,scene-0103_016,roll,0.0,deg,3,Pedestrian,pedestrian,21.0,15-30m,34.4,0,0.52,4,4,1.0,0.0
nuscenes_mini_subset,scene-0103_016,roll,0.0,deg,4,Car,vehicle,53.8,>30m,89.2,2,0.0,0,0,,
nuscenes_mini_subset,scene-0103_016,roll,0.0,deg,5,Car,vehicle,41.0,>30m,60.7,0,0.0,4,4,1.0,0.0
nuscenes_mini_subset,scene-0103_016,roll,0.0,deg,6,Car,vehicle,24.6,15-30m,205.7,2,0.0,0,0,,
nuscenes_mini_subset,scene-0103_016,roll,0.0,deg,8,Car,vehicle,65.4,>30m,53.5,2,0.0,1,1,1.0,0.0
nuscenes_mini_subset,scene-0103_016,roll,0.0,deg,9,Car,vehicle,9.9,0-15m,374.9,0,0.43,162,160,0.9877,0.0
nuscenes_mini_subset,scene-0103_016,roll,0.0,deg,10,Motorcycle,cyclist,41.6,>30m,18.6,0,0.0,0,0,,
nuscenes_mini_subset,scene-0103_016,roll,0.0,deg,11,Pedestrian,pedestrian,29.3,15-30m,34.6,0,0.0,4,4,1.0,0.0
nuscenes_mini_subset,scene-0103_016,roll,0.0,deg,12,Truck,vehicle,57.3,>30m,81.0,1,0.0,7,7,1.0,0.0
nuscenes_mini_subset,scene-0103_016,roll,0.0,deg,13,Car,vehicle,29.8,15-30m,173.2,2,0.0,1,1,1.0,0.0
nuscenes_mini_subset,scene-0103_016,roll,0.0,deg,14,Car,vehicle,20.5,15-30m,204.1,2,0.0,5,5,1.0,0.0
nuscenes_mini_subset,scene-0103_016,roll,0.0,deg,15,Car,vehicle,80.6,>30m,29.7,2,0.0,1,1,1.0,0.0
nuscenes_mini_subset,scene-0103_016,roll,0.0,deg,16,Car,vehicle,31.0,>30m,149.5,2,0.0,0,0,,
nuscenes_mini_subset,scene-0103_016,roll,0.25,deg,0,Car,vehicle,55.6,>30m,91.7,2,0.0,0,0,,
nuscenes_mini_subset,scene-0103_016,roll,0.25,deg,1,Car,vehicle,12.7,0-15m,570.4,0,0.0,146,146,1.0,5.82
nuscenes_mini_subset,scene-0103_016,roll,0.25,deg,2,Car,vehicle,48.5,>30m,79.4,1,0.0,0,0,,
nuscenes_mini_subset,scene-0103_016,roll,0.25,deg,3,Pedestrian,pedestrian,21.0,15-30m,34.4,0,0.52,4,4,1.0,5.67
nuscenes_mini_subset,scene-0103_016,roll,0.25,deg,4,Car,vehicle,53.8,>30m,89.2,2,0.0,0,0,,
nuscenes_mini_subset,scene-0103_016,roll,0.25,deg,5,Car,vehicle,41.0,>30m,60.7,0,0.0,4,4,1.0,5.57
nuscenes_mini_subset,scene-0103_016,roll,0.25,deg,6,Car,vehicle,24.6,15-30m,205.7,2,0.0,0,0,,
nuscenes_mini_subset,scene-0103_016,roll,0.25,deg,8,Car,vehicle,65.4,>30m,53.5,2,0.0,1,1,1.0,5.52
nuscenes_mini_subset,scene-0103_016,roll,0.25,deg,9,Car,vehicle,9.9,0-15m,374.9,0,0.43,162,161,0.9938,6.07
nuscenes_mini_subset,scene-0103_016,roll,0.25,deg,10,Motorcycle,cyclist,41.6,>30m,18.6,0,0.0,0,0,,
nuscenes_mini_subset,scene-0103_016,roll,0.25,deg,11,Pedestrian,pedestrian,29.3,15-30m,34.6,0,0.0,4,4,1.0,5.63
nuscenes_mini_subset,scene-0103_016,roll,0.25,deg,12,Truck,vehicle,57.3,>30m,81.0,1,0.0,7,7,1.0,5.53
nuscenes_mini_subset,scene-0103_016,roll,0.25,deg,13,Car,vehicle,29.8,15-30m,173.2,2,0.0,1,1,1.0,5.64
nuscenes_mini_subset,scene-0103_016,roll,0.25,deg,14,Car,vehicle,20.5,15-30m,204.1,2,0.0,5,5,1.0,5.66
nuscenes_mini_subset,scene-0103_016,roll,0.25,deg,15,Car,vehicle,80.6,>30m,29.7,2,0.0,1,1,1.0,5.52
nuscenes_mini_subset,scene-0103_016,roll,0.25,deg,16,Car,vehicle,31.0,>30m,149.5,2,0.0,0,0,,
nuscenes_mini_subset,scene-0103_016,roll,0.5,deg,0,Car,vehicle,55.6,>30m,91.7,2,0.0,0,0,,
nuscenes_mini_subset,scene-0103_016,roll,0.5,deg,1,Car,vehicle,12.7,0-15m,570.4,0,0.0,146,146,1.0,11.63
nuscenes_mini_subset,scene-0103_016,roll,0.5,deg,2,Car,vehicle,48.5,>30m,79.4,1,0.0,0,0,,
nuscenes_mini_subset,scene-0103_016,roll,0.5,deg,3,Pedestrian,pedestrian,21.0,15-30m,34.4,0,0.52,5,5,1.0,11.34
nuscenes_mini_subset,scene-0103_016,roll,0.5,deg,4,Car,vehicle,53.8,>30m,89.2,2,0.0,0,0,,
nuscenes_mini_subset,scene-0103_016,roll,0.5,deg,5,Car,vehicle,41.0,>30m,60.7,0,0.0,4,4,1.0,11.15
nuscenes_mini_subset,scene-0103_016,roll,0.5,deg,6,Car,vehicle,24.6,15-30m,205.7,2,0.0,0,0,,
nuscenes_mini_subset,scene-0103_016,roll,0.5,deg,8,Car,vehicle,65.4,>30m,53.5,2,0.0,1,1,1.0,11.04
nuscenes_mini_subset,scene-0103_016,roll,0.5,deg,9,Car,vehicle,9.9,0-15m,374.9,0,0.43,162,162,1.0,12.13
nuscenes_mini_subset,scene-0103_016,roll,0.5,deg,10,Motorcycle,cyclist,41.6,>30m,18.6,0,0.0,0,0,,
nuscenes_mini_subset,scene-0103_016,roll,0.5,deg,11,Pedestrian,pedestrian,29.3,15-30m,34.6,0,0.0,4,4,1.0,11.25
nuscenes_mini_subset,scene-0103_016,roll,0.5,deg,12,Truck,vehicle,57.3,>30m,81.0,1,0.0,7,7,1.0,11.05
nuscenes_mini_subset,scene-0103_016,roll,0.5,deg,13,Car,vehicle,29.8,15-30m,173.2,2,0.0,1,1,1.0,11.29
nuscenes_mini_subset,scene-0103_016,roll,0.5,deg,14,Car,vehicle,20.5,15-30m,204.1,2,0.0,5,5,1.0,11.31
nuscenes_mini_subset,scene-0103_016,roll,0.5,deg,15,Car,vehicle,80.6,>30m,29.7,2,0.0,1,1,1.0,11.04
nuscenes_mini_subset,scene-0103_016,roll,0.5,deg,16,Car,vehicle,31.0,>30m,149.5,2,0.0,0,0,,
nuscenes_mini_subset,scene-0103_016,roll,1.0,deg,0,Car,vehicle,55.6,>30m,91.7,2,0.0,0,0,,
nuscenes_mini_subset,scene-0103_016,roll,1.0,deg,1,Car,vehicle,12.7,0-15m,570.4,0,0.0,146,141,0.9658,23.25
nuscenes_mini_subset,scene-0103_016,roll,1.0,deg,2,Car,vehicle,48.5,>30m,79.4,1,0.0,0,0,,
nuscenes_mini_subset,scene-0103_016,roll,1.0,deg,3,Pedestrian,pedestrian,21.0,15-30m,34.4,0,0.52,5,5,1.0,22.67
nuscenes_mini_subset,scene-0103_016,roll,1.0,deg,4,Car,vehicle,53.8,>30m,89.2,2,0.0,0,0,,
nuscenes_mini_subset,scene-0103_016,roll,1.0,deg,5,Car,vehicle,41.0,>30m,60.7,0,0.0,4,4,1.0,22.29
nuscenes_mini_subset,scene-0103_016,roll,1.0,deg,6,Car,vehicle,24.6,15-30m,205.7,2,0.0,0,0,,
nuscenes_mini_subset,scene-0103_016,roll,1.0,deg,8,Car,vehicle,65.4,>30m,53.5,2,0.0,1,1,1.0,22.09
nuscenes_mini_subset,scene-0103_016,roll,1.0,deg,9,Car,vehicle,9.9,0-15m,374.9,0,0.43,162,161,0.9938,24.23
nuscenes_mini_subset,scene-0103_016,roll,1.0,deg,10,Motorcycle,cyclist,41.6,>30m,18.6,0,0.0,0,0,,
nuscenes_mini_subset,scene-0103_016,roll,1.0,deg,11,Pedestrian,pedestrian,29.3,15-30m,34.6,0,0.0,4,4,1.0,22.5
nuscenes_mini_subset,scene-0103_016,roll,1.0,deg,12,Truck,vehicle,57.3,>30m,81.0,1,0.0,7,7,1.0,22.1
nuscenes_mini_subset,scene-0103_016,roll,1.0,deg,13,Car,vehicle,29.8,15-30m,173.2,2,0.0,1,1,1.0,22.57
nuscenes_mini_subset,scene-0103_016,roll,1.0,deg,14,Car,vehicle,20.5,15-30m,204.1,2,0.0,5,5,1.0,22.61
nuscenes_mini_subset,scene-0103_016,roll,1.0,deg,15,Car,vehicle,80.6,>30m,29.7,2,0.0,1,0,0.0,22.08
nuscenes_mini_subset,scene-0103_016,roll,1.0,deg,16,Car,vehicle,31.0,>30m,149.5,2,0.0,0,0,,
nuscenes_mini_subset,scene-0103_016,roll,2.0,deg,0,Car,vehicle,55.6,>30m,91.7,2,0.0,0,0,,
nuscenes_mini_subset,scene-0103_016,roll,2.0,deg,1,Car,vehicle,12.7,0-15m,570.4,0,0.0,146,125,0.8562,46.44
nuscenes_mini_subset,scene-0103_016,roll,2.0,deg,2,Car,vehicle,48.5,>30m,79.4,1,0.0,0,0,,
nuscenes_mini_subset,scene-0103_016,roll,2.0,deg,3,Pedestrian,pedestrian,21.0,15-30m,34.4,0,0.52,6,3,0.5,45.28
nuscenes_mini_subset,scene-0103_016,roll,2.0,deg,4,Car,vehicle,53.8,>30m,89.2,2,0.0,0,0,,
nuscenes_mini_subset,scene-0103_016,roll,2.0,deg,5,Car,vehicle,41.0,>30m,60.7,0,0.0,4,0,0.0,44.57
nuscenes_mini_subset,scene-0103_016,roll,2.0,deg,6,Car,vehicle,24.6,15-30m,205.7,2,0.0,0,0,,
nuscenes_mini_subset,scene-0103_016,roll,2.0,deg,8,Car,vehicle,65.4,>30m,53.5,2,0.0,1,0,0.0,44.16
nuscenes_mini_subset,scene-0103_016,roll,2.0,deg,9,Car,vehicle,9.9,0-15m,374.9,0,0.43,163,149,0.9141,48.36
nuscenes_mini_subset,scene-0103_016,roll,2.0,deg,10,Motorcycle,cyclist,41.6,>30m,18.6,0,0.0,0,0,,
nuscenes_mini_subset,scene-0103_016,roll,2.0,deg,11,Pedestrian,pedestrian,29.3,15-30m,34.6,0,0.0,4,2,0.5,44.98
nuscenes_mini_subset,scene-0103_016,roll,2.0,deg,12,Truck,vehicle,57.3,>30m,81.0,1,0.0,7,1,0.1429,44.21
nuscenes_mini_subset,scene-0103_016,roll,2.0,deg,13,Car,vehicle,29.8,15-30m,173.2,2,0.0,1,1,1.0,45.14
nuscenes_mini_subset,scene-0103_016,roll,2.0,deg,14,Car,vehicle,20.5,15-30m,204.1,2,0.0,5,0,0.0,45.2
nuscenes_mini_subset,scene-0103_016,roll,2.0,deg,15,Car,vehicle,80.6,>30m,29.7,2,0.0,1,0,0.0,44.16
nuscenes_mini_subset,scene-0103_016,roll,2.0,deg,16,Car,vehicle,31.0,>30m,149.5,2,0.0,0,0,,
nuscenes_mini_subset,scene-0103_016,roll,3.0,deg,0,Car,vehicle,55.6,>30m,91.7,2,0.0,0,0,,
nuscenes_mini_subset,scene-0103_016,roll,3.0,deg,1,Car,vehicle,12.7,0-15m,570.4,0,0.0,146,106,0.726,69.59
nuscenes_mini_subset,scene-0103_016,roll,3.0,deg,2,Car,vehicle,48.5,>30m,79.4,1,0.0,0,0,,
nuscenes_mini_subset,scene-0103_016,roll,3.0,deg,3,Pedestrian,pedestrian,21.0,15-30m,34.4,0,0.52,7,4,0.5714,67.86
nuscenes_mini_subset,scene-0103_016,roll,3.0,deg,4,Car,vehicle,53.8,>30m,89.2,2,0.0,0,0,,
nuscenes_mini_subset,scene-0103_016,roll,3.0,deg,5,Car,vehicle,41.0,>30m,60.7,0,0.0,4,0,0.0,66.86
nuscenes_mini_subset,scene-0103_016,roll,3.0,deg,6,Car,vehicle,24.6,15-30m,205.7,2,0.0,0,0,,
nuscenes_mini_subset,scene-0103_016,roll,3.0,deg,8,Car,vehicle,65.4,>30m,53.5,2,0.0,1,0,0.0,66.24
nuscenes_mini_subset,scene-0103_016,roll,3.0,deg,9,Car,vehicle,9.9,0-15m,374.9,0,0.43,163,137,0.8405,72.4
nuscenes_mini_subset,scene-0103_016,roll,3.0,deg,10,Motorcycle,cyclist,41.6,>30m,18.6,0,0.0,0,0,,
nuscenes_mini_subset,scene-0103_016,roll,3.0,deg,11,Pedestrian,pedestrian,29.3,15-30m,34.6,0,0.0,4,2,0.5,67.46
nuscenes_mini_subset,scene-0103_016,roll,3.0,deg,12,Truck,vehicle,57.3,>30m,81.0,1,0.0,7,0,0.0,66.35
nuscenes_mini_subset,scene-0103_016,roll,3.0,deg,13,Car,vehicle,29.8,15-30m,173.2,2,0.0,1,0,0.0,67.72
nuscenes_mini_subset,scene-0103_016,roll,3.0,deg,14,Car,vehicle,20.5,15-30m,204.1,2,0.0,5,0,0.0,67.78
nuscenes_mini_subset,scene-0103_016,roll,3.0,deg,15,Car,vehicle,80.6,>30m,29.7,2,0.0,1,0,0.0,66.27
nuscenes_mini_subset,scene-0103_016,roll,3.0,deg,16,Car,vehicle,31.0,>30m,149.5,2,0.0,0,0,,
nuscenes_mini_subset,scene-0103_016,tx,0.0,m,0,Car,vehicle,55.6,>30m,91.7,2,0.0,0,0,,
nuscenes_mini_subset,scene-0103_016,tx,0.0,m,1,Car,vehicle,12.7,0-15m,570.4,0,0.0,146,146,1.0,0.0
nuscenes_mini_subset,scene-0103_016,tx,0.0,m,2,Car,vehicle,48.5,>30m,79.4,1,0.0,0,0,,
nuscenes_mini_subset,scene-0103_016,tx,0.0,m,3,Pedestrian,pedestrian,21.0,15-30m,34.4,0,0.52,4,4,1.0,0.0
nuscenes_mini_subset,scene-0103_016,tx,0.0,m,4,Car,vehicle,53.8,>30m,89.2,2,0.0,0,0,,
nuscenes_mini_subset,scene-0103_016,tx,0.0,m,5,Car,vehicle,41.0,>30m,60.7,0,0.0,4,4,1.0,0.0
nuscenes_mini_subset,scene-0103_016,tx,0.0,m,6,Car,vehicle,24.6,15-30m,205.7,2,0.0,0,0,,
nuscenes_mini_subset,scene-0103_016,tx,0.0,m,8,Car,vehicle,65.4,>30m,53.5,2,0.0,1,1,1.0,0.0
nuscenes_mini_subset,scene-0103_016,tx,0.0,m,9,Car,vehicle,9.9,0-15m,374.9,0,0.43,162,160,0.9877,0.0
nuscenes_mini_subset,scene-0103_016,tx,0.0,m,10,Motorcycle,cyclist,41.6,>30m,18.6,0,0.0,0,0,,
nuscenes_mini_subset,scene-0103_016,tx,0.0,m,11,Pedestrian,pedestrian,29.3,15-30m,34.6,0,0.0,4,4,1.0,0.0
nuscenes_mini_subset,scene-0103_016,tx,0.0,m,12,Truck,vehicle,57.3,>30m,81.0,1,0.0,7,7,1.0,0.0
nuscenes_mini_subset,scene-0103_016,tx,0.0,m,13,Car,vehicle,29.8,15-30m,173.2,2,0.0,1,1,1.0,0.0
nuscenes_mini_subset,scene-0103_016,tx,0.0,m,14,Car,vehicle,20.5,15-30m,204.1,2,0.0,5,5,1.0,0.0
nuscenes_mini_subset,scene-0103_016,tx,0.0,m,15,Car,vehicle,80.6,>30m,29.7,2,0.0,1,1,1.0,0.0
nuscenes_mini_subset,scene-0103_016,tx,0.0,m,16,Car,vehicle,31.0,>30m,149.5,2,0.0,0,0,,
nuscenes_mini_subset,scene-0103_016,tx,0.02,m,0,Car,vehicle,55.6,>30m,91.7,2,0.0,0,0,,
nuscenes_mini_subset,scene-0103_016,tx,0.02,m,1,Car,vehicle,12.7,0-15m,570.4,0,0.0,146,146,1.0,2.2
nuscenes_mini_subset,scene-0103_016,tx,0.02,m,2,Car,vehicle,48.5,>30m,79.4,1,0.0,0,0,,
nuscenes_mini_subset,scene-0103_016,tx,0.02,m,3,Pedestrian,pedestrian,21.0,15-30m,34.4,0,0.52,5,5,1.0,1.41
nuscenes_mini_subset,scene-0103_016,tx,0.02,m,4,Car,vehicle,53.8,>30m,89.2,2,0.0,0,0,,
nuscenes_mini_subset,scene-0103_016,tx,0.02,m,5,Car,vehicle,41.0,>30m,60.7,0,0.0,4,4,1.0,0.65
nuscenes_mini_subset,scene-0103_016,tx,0.02,m,6,Car,vehicle,24.6,15-30m,205.7,2,0.0,0,0,,
nuscenes_mini_subset,scene-0103_016,tx,0.02,m,8,Car,vehicle,65.4,>30m,53.5,2,0.0,1,1,1.0,0.4
nuscenes_mini_subset,scene-0103_016,tx,0.02,m,9,Car,vehicle,9.9,0-15m,374.9,0,0.43,158,158,1.0,3.17
nuscenes_mini_subset,scene-0103_016,tx,0.02,m,10,Motorcycle,cyclist,41.6,>30m,18.6,0,0.0,0,0,,
nuscenes_mini_subset,scene-0103_016,tx,0.02,m,11,Pedestrian,pedestrian,29.3,15-30m,34.6,0,0.0,4,4,1.0,0.91
nuscenes_mini_subset,scene-0103_016,tx,0.02,m,12,Truck,vehicle,57.3,>30m,81.0,1,0.0,7,7,1.0,0.45
nuscenes_mini_subset,scene-0103_016,tx,0.02,m,13,Car,vehicle,29.8,15-30m,173.2,2,0.0,1,1,1.0,1.01
nuscenes_mini_subset,scene-0103_016,tx,0.02,m,14,Car,vehicle,20.5,15-30m,204.1,2,0.0,5,5,1.0,1.29
nuscenes_mini_subset,scene-0103_016,tx,0.02,m,15,Car,vehicle,80.6,>30m,29.7,2,0.0,1,1,1.0,0.32
nuscenes_mini_subset,scene-0103_016,tx,0.02,m,16,Car,vehicle,31.0,>30m,149.5,2,0.0,0,0,,
nuscenes_mini_subset,scene-0103_016,tx,0.05,m,0,Car,vehicle,55.6,>30m,91.7,2,0.0,0,0,,
nuscenes_mini_subset,scene-0103_016,tx,0.05,m,1,Car,vehicle,12.7,0-15m,570.4,0,0.0,146,146,1.0,5.49
nuscenes_mini_subset,scene-0103_016,tx,0.05,m,2,Car,vehicle,48.5,>30m,79.4,1,0.0,0,0,,
nuscenes_mini_subset,scene-0103_016,tx,0.05,m,3,Pedestrian,pedestrian,21.0,15-30m,34.4,0,0.52,7,7,1.0,3.54
nuscenes_mini_subset,scene-0103_016,tx,0.05,m,4,Car,vehicle,53.8,>30m,89.2,2,0.0,0,0,,
nuscenes_mini_subset,scene-0103_016,tx,0.05,m,5,Car,vehicle,41.0,>30m,60.7,0,0.0,4,4,1.0,1.61
nuscenes_mini_subset,scene-0103_016,tx,0.05,m,6,Car,vehicle,24.6,15-30m,205.7,2,0.0,0,0,,
nuscenes_mini_subset,scene-0103_016,tx,0.05,m,8,Car,vehicle,65.4,>30m,53.5,2,0.0,1,1,1.0,0.99
nuscenes_mini_subset,scene-0103_016,tx,0.05,m,9,Car,vehicle,9.9,0-15m,374.9,0,0.43,158,157,0.9937,7.92
nuscenes_mini_subset,scene-0103_016,tx,0.05,m,10,Motorcycle,cyclist,41.6,>30m,18.6,0,0.0,0,0,,
nuscenes_mini_subset,scene-0103_016,tx,0.05,m,11,Pedestrian,pedestrian,29.3,15-30m,34.6,0,0.0,4,4,1.0,2.27
nuscenes_mini_subset,scene-0103_016,tx,0.05,m,12,Truck,vehicle,57.3,>30m,81.0,1,0.0,7,7,1.0,1.13
nuscenes_mini_subset,scene-0103_016,tx,0.05,m,13,Car,vehicle,29.8,15-30m,173.2,2,0.0,1,1,1.0,2.51
nuscenes_mini_subset,scene-0103_016,tx,0.05,m,14,Car,vehicle,20.5,15-30m,204.1,2,0.0,5,5,1.0,3.21
nuscenes_mini_subset,scene-0103_016,tx,0.05,m,15,Car,vehicle,80.6,>30m,29.7,2,0.0,1,1,1.0,0.79
nuscenes_mini_subset,scene-0103_016,tx,0.05,m,16,Car,vehicle,31.0,>30m,149.5,2,0.0,0,0,,
nuscenes_mini_subset,scene-0103_016,tx,0.1,m,0,Car,vehicle,55.6,>30m,91.7,2,0.0,0,0,,
nuscenes_mini_subset,scene-0103_016,tx,0.1,m,1,Car,vehicle,12.7,0-15m,570.4,0,0.0,146,146,1.0,10.99
nuscenes_mini_subset,scene-0103_016,tx,0.1,m,2,Car,vehicle,48.5,>30m,79.4,1,0.0,0,0,,
nuscenes_mini_subset,scene-0103_016,tx,0.1,m,3,Pedestrian,pedestrian,21.0,15-30m,34.4,0,0.52,7,7,1.0,7.08
nuscenes_mini_subset,scene-0103_016,tx,0.1,m,4,Car,vehicle,53.8,>30m,89.2,2,0.0,0,0,,
nuscenes_mini_subset,scene-0103_016,tx,0.1,m,5,Car,vehicle,41.0,>30m,60.7,0,0.0,4,4,1.0,3.23
nuscenes_mini_subset,scene-0103_016,tx,0.1,m,6,Car,vehicle,24.6,15-30m,205.7,2,0.0,0,0,,
nuscenes_mini_subset,scene-0103_016,tx,0.1,m,8,Car,vehicle,65.4,>30m,53.5,2,0.0,1,1,1.0,1.99
nuscenes_mini_subset,scene-0103_016,tx,0.1,m,9,Car,vehicle,9.9,0-15m,374.9,0,0.43,153,153,1.0,15.74
nuscenes_mini_subset,scene-0103_016,tx,0.1,m,10,Motorcycle,cyclist,41.6,>30m,18.6,0,0.0,0,0,,
nuscenes_mini_subset,scene-0103_016,tx,0.1,m,11,Pedestrian,pedestrian,29.3,15-30m,34.6,0,0.0,4,4,1.0,4.54
nuscenes_mini_subset,scene-0103_016,tx,0.1,m,12,Truck,vehicle,57.3,>30m,81.0,1,0.0,7,7,1.0,2.26
nuscenes_mini_subset,scene-0103_016,tx,0.1,m,13,Car,vehicle,29.8,15-30m,173.2,2,0.0,1,1,1.0,5.03
nuscenes_mini_subset,scene-0103_016,tx,0.1,m,14,Car,vehicle,20.5,15-30m,204.1,2,0.0,5,5,1.0,6.43
nuscenes_mini_subset,scene-0103_016,tx,0.1,m,15,Car,vehicle,80.6,>30m,29.7,2,0.0,1,1,1.0,1.59
nuscenes_mini_subset,scene-0103_016,tx,0.1,m,16,Car,vehicle,31.0,>30m,149.5,2,0.0,0,0,,
nuscenes_mini_subset,scene-0103_016,tx,0.2,m,0,Car,vehicle,55.6,>30m,91.7,2,0.0,0,0,,
nuscenes_mini_subset,scene-0103_016,tx,0.2,m,1,Car,vehicle,12.7,0-15m,570.4,0,0.0,146,146,1.0,21.97
nuscenes_mini_subset,scene-0103_016,tx,0.2,m,2,Car,vehicle,48.5,>30m,79.4,1,0.0,0,0,,
nuscenes_mini_subset,scene-0103_016,tx,0.2,m,3,Pedestrian,pedestrian,21.0,15-30m,34.4,0,0.52,8,7,0.875,14.15
nuscenes_mini_subset,scene-0103_016,tx,0.2,m,4,Car,vehicle,53.8,>30m,89.2,2,0.0,0,0,,
nuscenes_mini_subset,scene-0103_016,tx,0.2,m,5,Car,vehicle,41.0,>30m,60.7,0,0.0,4,4,1.0,6.45
nuscenes_mini_subset,scene-0103_016,tx,0.2,m,6,Car,vehicle,24.6,15-30m,205.7,2,0.0,0,0,,
nuscenes_mini_subset,scene-0103_016,tx,0.2,m,8,Car,vehicle,65.4,>30m,53.5,2,0.0,1,1,1.0,3.97
nuscenes_mini_subset,scene-0103_016,tx,0.2,m,9,Car,vehicle,9.9,0-15m,374.9,0,0.43,145,145,1.0,31.18
nuscenes_mini_subset,scene-0103_016,tx,0.2,m,10,Motorcycle,cyclist,41.6,>30m,18.6,0,0.0,0,0,,
nuscenes_mini_subset,scene-0103_016,tx,0.2,m,11,Pedestrian,pedestrian,29.3,15-30m,34.6,0,0.0,4,4,1.0,9.07
nuscenes_mini_subset,scene-0103_016,tx,0.2,m,12,Truck,vehicle,57.3,>30m,81.0,1,0.0,7,7,1.0,4.52
nuscenes_mini_subset,scene-0103_016,tx,0.2,m,13,Car,vehicle,29.8,15-30m,173.2,2,0.0,1,1,1.0,10.06
nuscenes_mini_subset,scene-0103_016,tx,0.2,m,14,Car,vehicle,20.5,15-30m,204.1,2,0.0,5,5,1.0,12.86
nuscenes_mini_subset,scene-0103_016,tx,0.2,m,15,Car,vehicle,80.6,>30m,29.7,2,0.0,1,1,1.0,3.17
nuscenes_mini_subset,scene-0103_016,tx,0.2,m,16,Car,vehicle,31.0,>30m,149.5,2,0.0,0,0,,
nuscenes_mini_subset,scene-0103_016,ty,0.0,m,0,Car,vehicle,55.6,>30m,91.7,2,0.0,0,0,,
nuscenes_mini_subset,scene-0103_016,ty,0.0,m,1,Car,vehicle,12.7,0-15m,570.4,0,0.0,146,146,1.0,0.0
nuscenes_mini_subset,scene-0103_016,ty,0.0,m,2,Car,vehicle,48.5,>30m,79.4,1,0.0,0,0,,
nuscenes_mini_subset,scene-0103_016,ty,0.0,m,3,Pedestrian,pedestrian,21.0,15-30m,34.4,0,0.52,4,4,1.0,0.0
nuscenes_mini_subset,scene-0103_016,ty,0.0,m,4,Car,vehicle,53.8,>30m,89.2,2,0.0,0,0,,
nuscenes_mini_subset,scene-0103_016,ty,0.0,m,5,Car,vehicle,41.0,>30m,60.7,0,0.0,4,4,1.0,0.0
nuscenes_mini_subset,scene-0103_016,ty,0.0,m,6,Car,vehicle,24.6,15-30m,205.7,2,0.0,0,0,,
nuscenes_mini_subset,scene-0103_016,ty,0.0,m,8,Car,vehicle,65.4,>30m,53.5,2,0.0,1,1,1.0,0.0
nuscenes_mini_subset,scene-0103_016,ty,0.0,m,9,Car,vehicle,9.9,0-15m,374.9,0,0.43,162,160,0.9877,0.0
nuscenes_mini_subset,scene-0103_016,ty,0.0,m,10,Motorcycle,cyclist,41.6,>30m,18.6,0,0.0,0,0,,
nuscenes_mini_subset,scene-0103_016,ty,0.0,m,11,Pedestrian,pedestrian,29.3,15-30m,34.6,0,0.0,4,4,1.0,0.0
nuscenes_mini_subset,scene-0103_016,ty,0.0,m,12,Truck,vehicle,57.3,>30m,81.0,1,0.0,7,7,1.0,0.0
nuscenes_mini_subset,scene-0103_016,ty,0.0,m,13,Car,vehicle,29.8,15-30m,173.2,2,0.0,1,1,1.0,0.0
nuscenes_mini_subset,scene-0103_016,ty,0.0,m,14,Car,vehicle,20.5,15-30m,204.1,2,0.0,5,5,1.0,0.0
nuscenes_mini_subset,scene-0103_016,ty,0.0,m,15,Car,vehicle,80.6,>30m,29.7,2,0.0,1,1,1.0,0.0
nuscenes_mini_subset,scene-0103_016,ty,0.0,m,16,Car,vehicle,31.0,>30m,149.5,2,0.0,0,0,,
nuscenes_mini_subset,scene-0103_016,ty,0.02,m,0,Car,vehicle,55.6,>30m,91.7,2,0.0,0,0,,
nuscenes_mini_subset,scene-0103_016,ty,0.02,m,1,Car,vehicle,12.7,0-15m,570.4,0,0.0,146,146,1.0,0.71
nuscenes_mini_subset,scene-0103_016,ty,0.02,m,2,Car,vehicle,48.5,>30m,79.4,1,0.0,0,0,,
nuscenes_mini_subset,scene-0103_016,ty,0.02,m,3,Pedestrian,pedestrian,21.0,15-30m,34.4,0,0.52,5,5,1.0,0.94
nuscenes_mini_subset,scene-0103_016,ty,0.02,m,4,Car,vehicle,53.8,>30m,89.2,2,0.0,0,0,,
nuscenes_mini_subset,scene-0103_016,ty,0.02,m,5,Car,vehicle,41.0,>30m,60.7,0,0.0,4,4,1.0,0.1
nuscenes_mini_subset,scene-0103_016,ty,0.02,m,6,Car,vehicle,24.6,15-30m,205.7,2,0.0,0,0,,
nuscenes_mini_subset,scene-0103_016,ty,0.02,m,8,Car,vehicle,65.4,>30m,53.5,2,0.0,1,1,1.0,0.04
nuscenes_mini_subset,scene-0103_016,ty,0.02,m,9,Car,vehicle,9.9,0-15m,374.9,0,0.43,163,162,0.9939,1.54
nuscenes_mini_subset,scene-0103_016,ty,0.02,m,10,Motorcycle,cyclist,41.6,>30m,18.6,0,0.0,0,0,,
nuscenes_mini_subset,scene-0103_016,ty,0.02,m,11,Pedestrian,pedestrian,29.3,15-30m,34.6,0,0.0,4,4,1.0,0.29
nuscenes_mini_subset,scene-0103_016,ty,0.02,m,12,Truck,vehicle,57.3,>30m,81.0,1,0.0,7,7,1.0,0.07
nuscenes_mini_subset,scene-0103_016,ty,0.02,m,13,Car,vehicle,29.8,15-30m,173.2,2,0.0,1,1,1.0,0.48
nuscenes_mini_subset,scene-0103_016,ty,0.02,m,14,Car,vehicle,20.5,15-30m,204.1,2,0.0,5,5,1.0,0.25
nuscenes_mini_subset,scene-0103_016,ty,0.02,m,15,Car,vehicle,80.6,>30m,29.7,2,0.0,1,1,1.0,0.03
nuscenes_mini_subset,scene-0103_016,ty,0.02,m,16,Car,vehicle,31.0,>30m,149.5,2,0.0,0,0,,
nuscenes_mini_subset,scene-0103_016,ty,0.05,m,0,Car,vehicle,55.6,>30m,91.7,2,0.0,0,0,,
nuscenes_mini_subset,scene-0103_016,ty,0.05,m,1,Car,vehicle,12.7,0-15m,570.4,0,0.0,146,146,1.0,1.76
nuscenes_mini_subset,scene-0103_016,ty,0.05,m,2,Car,vehicle,48.5,>30m,79.4,1,0.0,0,0,,
nuscenes_mini_subset,scene-0103_016,ty,0.05,m,3,Pedestrian,pedestrian,21.0,15-30m,34.4,0,0.52,6,6,1.0,2.34
nuscenes_mini_subset,scene-0103_016,ty,0.05,m,4,Car,vehicle,53.8,>30m,89.2,2,0.0,0,0,,
nuscenes_mini_subset,scene-0103_016,ty,0.05,m,5,Car,vehicle,41.0,>30m,60.7,0,0.0,4,4,1.0,0.25
nuscenes_mini_subset,scene-0103_016,ty,0.05,m,6,Car,vehicle,24.6,15-30m,205.7,2,0.0,0,0,,
nuscenes_mini_subset,scene-0103_016,ty,0.05,m,8,Car,vehicle,65.4,>30m,53.5,2,0.0,1,1,1.0,0.11
nuscenes_mini_subset,scene-0103_016,ty,0.05,m,9,Car,vehicle,9.9,0-15m,374.9,0,0.43,163,163,1.0,3.84
nuscenes_mini_subset,scene-0103_016,ty,0.05,m,10,Motorcycle,cyclist,41.6,>30m,18.6,0,0.0,0,0,,
nuscenes_mini_subset,scene-0103_016,ty,0.05,m,11,Pedestrian,pedestrian,29.3,15-30m,34.6,0,0.0,4,4,1.0,0.73
nuscenes_mini_subset,scene-0103_016,ty,0.05,m,12,Truck,vehicle,57.3,>30m,81.0,1,0.0,7,7,1.0,0.17
nuscenes_mini_subset,scene-0103_016,ty,0.05,m,13,Car,vehicle,29.8,15-30m,173.2,2,0.0,1,1,1.0,1.2
nuscenes_mini_subset,scene-0103_016,ty,0.05,m,14,Car,vehicle,20.5,15-30m,204.1,2,0.0,5,5,1.0,0.63
nuscenes_mini_subset,scene-0103_016,ty,0.05,m,15,Car,vehicle,80.6,>30m,29.7,2,0.0,1,1,1.0,0.08
nuscenes_mini_subset,scene-0103_016,ty,0.05,m,16,Car,vehicle,31.0,>30m,149.5,2,0.0,0,0,,
nuscenes_mini_subset,scene-0103_016,ty,0.1,m,0,Car,vehicle,55.6,>30m,91.7,2,0.0,0,0,,
nuscenes_mini_subset,scene-0103_016,ty,0.1,m,1,Car,vehicle,12.7,0-15m,570.4,0,0.0,146,146,1.0,3.51
nuscenes_mini_subset,scene-0103_016,ty,0.1,m,2,Car,vehicle,48.5,>30m,79.4,1,0.0,0,0,,
nuscenes_mini_subset,scene-0103_016,ty,0.1,m,3,Pedestrian,pedestrian,21.0,15-30m,34.4,0,0.52,7,7,1.0,4.67
nuscenes_mini_subset,scene-0103_016,ty,0.1,m,4,Car,vehicle,53.8,>30m,89.2,2,0.0,0,0,,
nuscenes_mini_subset,scene-0103_016,ty,0.1,m,5,Car,vehicle,41.0,>30m,60.7,0,0.0,4,4,1.0,0.5
nuscenes_mini_subset,scene-0103_016,ty,0.1,m,6,Car,vehicle,24.6,15-30m,205.7,2,0.0,0,0,,
nuscenes_mini_subset,scene-0103_016,ty,0.1,m,8,Car,vehicle,65.4,>30m,53.5,2,0.0,1,1,1.0,0.22
nuscenes_mini_subset,scene-0103_016,ty,0.1,m,9,Car,vehicle,9.9,0-15m,374.9,0,0.43,167,166,0.994,7.63
nuscenes_mini_subset,scene-0103_016,ty,0.1,m,10,Motorcycle,cyclist,41.6,>30m,18.6,0,0.0,0,0,,
nuscenes_mini_subset,scene-0103_016,ty,0.1,m,11,Pedestrian,pedestrian,29.3,15-30m,34.6,0,0.0,4,4,1.0,1.46
nuscenes_mini_subset,scene-0103_016,ty,0.1,m,12,Truck,vehicle,57.3,>30m,81.0,1,0.0,7,7,1.0,0.34
nuscenes_mini_subset,scene-0103_016,ty,0.1,m,13,Car,vehicle,29.8,15-30m,173.2,2,0.0,1,1,1.0,2.4
nuscenes_mini_subset,scene-0103_016,ty,0.1,m,14,Car,vehicle,20.5,15-30m,204.1,2,0.0,5,5,1.0,1.26
nuscenes_mini_subset,scene-0103_016,ty,0.1,m,15,Car,vehicle,80.6,>30m,29.7,2,0.0,1,1,1.0,0.16
nuscenes_mini_subset,scene-0103_016,ty,0.1,m,16,Car,vehicle,31.0,>30m,149.5,2,0.0,0,0,,
nuscenes_mini_subset,scene-0103_016,ty,0.2,m,0,Car,vehicle,55.6,>30m,91.7,2,0.0,0,0,,
nuscenes_mini_subset,scene-0103_016,ty,0.2,m,1,Car,vehicle,12.7,0-15m,570.4,0,0.0,146,146,1.0,6.95
nuscenes_mini_subset,scene-0103_016,ty,0.2,m,2,Car,vehicle,48.5,>30m,79.4,1,0.0,0,0,,
nuscenes_mini_subset,scene-0103_016,ty,0.2,m,3,Pedestrian,pedestrian,21.0,15-30m,34.4,0,0.52,7,7,1.0,9.28
nuscenes_mini_subset,scene-0103_016,ty,0.2,m,4,Car,vehicle,53.8,>30m,89.2,2,0.0,0,0,,
nuscenes_mini_subset,scene-0103_016,ty,0.2,m,5,Car,vehicle,41.0,>30m,60.7,0,0.0,4,4,1.0,1.0
nuscenes_mini_subset,scene-0103_016,ty,0.2,m,6,Car,vehicle,24.6,15-30m,205.7,2,0.0,0,0,,
nuscenes_mini_subset,scene-0103_016,ty,0.2,m,8,Car,vehicle,65.4,>30m,53.5,2,0.0,1,1,1.0,0.43
nuscenes_mini_subset,scene-0103_016,ty,0.2,m,9,Car,vehicle,9.9,0-15m,374.9,0,0.43,172,172,1.0,15.06
nuscenes_mini_subset,scene-0103_016,ty,0.2,m,10,Motorcycle,cyclist,41.6,>30m,18.6,0,0.0,0,0,,
nuscenes_mini_subset,scene-0103_016,ty,0.2,m,11,Pedestrian,pedestrian,29.3,15-30m,34.6,0,0.0,4,4,1.0,2.92
nuscenes_mini_subset,scene-0103_016,ty,0.2,m,12,Truck,vehicle,57.3,>30m,81.0,1,0.0,7,7,1.0,0.67
nuscenes_mini_subset,scene-0103_016,ty,0.2,m,13,Car,vehicle,29.8,15-30m,173.2,2,0.0,1,1,1.0,4.79
nuscenes_mini_subset,scene-0103_016,ty,0.2,m,14,Car,vehicle,20.5,15-30m,204.1,2,0.0,5,5,1.0,2.5
nuscenes_mini_subset,scene-0103_016,ty,0.2,m,15,Car,vehicle,80.6,>30m,29.7,2,0.0,1,1,1.0,0.32
nuscenes_mini_subset,scene-0103_016,ty,0.2,m,16,Car,vehicle,31.0,>30m,149.5,2,0.0,0,0,,
nuscenes_mini_subset,scene-0103_016,tz,0.0,m,0,Car,vehicle,55.6,>30m,91.7,2,0.0,0,0,,
nuscenes_mini_subset,scene-0103_016,tz,0.0,m,1,Car,vehicle,12.7,0-15m,570.4,0,0.0,146,146,1.0,0.0
nuscenes_mini_subset,scene-0103_016,tz,0.0,m,2,Car,vehicle,48.5,>30m,79.4,1,0.0,0,0,,
nuscenes_mini_subset,scene-0103_016,tz,0.0,m,3,Pedestrian,pedestrian,21.0,15-30m,34.4,0,0.52,4,4,1.0,0.0
nuscenes_mini_subset,scene-0103_016,tz,0.0,m,4,Car,vehicle,53.8,>30m,89.2,2,0.0,0,0,,
nuscenes_mini_subset,scene-0103_016,tz,0.0,m,5,Car,vehicle,41.0,>30m,60.7,0,0.0,4,4,1.0,0.0
nuscenes_mini_subset,scene-0103_016,tz,0.0,m,6,Car,vehicle,24.6,15-30m,205.7,2,0.0,0,0,,
nuscenes_mini_subset,scene-0103_016,tz,0.0,m,8,Car,vehicle,65.4,>30m,53.5,2,0.0,1,1,1.0,0.0
nuscenes_mini_subset,scene-0103_016,tz,0.0,m,9,Car,vehicle,9.9,0-15m,374.9,0,0.43,162,160,0.9877,0.0
nuscenes_mini_subset,scene-0103_016,tz,0.0,m,10,Motorcycle,cyclist,41.6,>30m,18.6,0,0.0,0,0,,
nuscenes_mini_subset,scene-0103_016,tz,0.0,m,11,Pedestrian,pedestrian,29.3,15-30m,34.6,0,0.0,4,4,1.0,0.0
nuscenes_mini_subset,scene-0103_016,tz,0.0,m,12,Truck,vehicle,57.3,>30m,81.0,1,0.0,7,7,1.0,0.0
nuscenes_mini_subset,scene-0103_016,tz,0.0,m,13,Car,vehicle,29.8,15-30m,173.2,2,0.0,1,1,1.0,0.0
nuscenes_mini_subset,scene-0103_016,tz,0.0,m,14,Car,vehicle,20.5,15-30m,204.1,2,0.0,5,5,1.0,0.0
nuscenes_mini_subset,scene-0103_016,tz,0.0,m,15,Car,vehicle,80.6,>30m,29.7,2,0.0,1,1,1.0,0.0
nuscenes_mini_subset,scene-0103_016,tz,0.0,m,16,Car,vehicle,31.0,>30m,149.5,2,0.0,0,0,,
nuscenes_mini_subset,scene-0103_016,tz,0.02,m,0,Car,vehicle,55.6,>30m,91.7,2,0.0,0,0,,
nuscenes_mini_subset,scene-0103_016,tz,0.02,m,1,Car,vehicle,12.7,0-15m,570.4,0,0.0,146,146,1.0,2.21
nuscenes_mini_subset,scene-0103_016,tz,0.02,m,2,Car,vehicle,48.5,>30m,79.4,1,0.0,0,0,,
nuscenes_mini_subset,scene-0103_016,tz,0.02,m,3,Pedestrian,pedestrian,21.0,15-30m,34.4,0,0.52,4,4,1.0,1.43
nuscenes_mini_subset,scene-0103_016,tz,0.02,m,4,Car,vehicle,53.8,>30m,89.2,2,0.0,0,0,,
nuscenes_mini_subset,scene-0103_016,tz,0.02,m,5,Car,vehicle,41.0,>30m,60.7,0,0.0,4,4,1.0,0.64
nuscenes_mini_subset,scene-0103_016,tz,0.02,m,6,Car,vehicle,24.6,15-30m,205.7,2,0.0,0,0,,
nuscenes_mini_subset,scene-0103_016,tz,0.02,m,8,Car,vehicle,65.4,>30m,53.5,2,0.0,1,1,1.0,0.4
nuscenes_mini_subset,scene-0103_016,tz,0.02,m,9,Car,vehicle,9.9,0-15m,374.9,0,0.43,162,160,0.9877,3.18
nuscenes_mini_subset,scene-0103_016,tz,0.02,m,10,Motorcycle,cyclist,41.6,>30m,18.6,0,0.0,0,0,,
nuscenes_mini_subset,scene-0103_016,tz,0.02,m,11,Pedestrian,pedestrian,29.3,15-30m,34.6,0,0.0,4,4,1.0,0.9
nuscenes_mini_subset,scene-0103_016,tz,0.02,m,12,Truck,vehicle,57.3,>30m,81.0,1,0.0,7,7,1.0,0.45
nuscenes_mini_subset,scene-0103_016,tz,0.02,m,13,Car,vehicle,29.8,15-30m,173.2,2,0.0,1,1,1.0,1.0
nuscenes_mini_subset,scene-0103_016,tz,0.02,m,14,Car,vehicle,20.5,15-30m,204.1,2,0.0,5,5,1.0,1.29
nuscenes_mini_subset,scene-0103_016,tz,0.02,m,15,Car,vehicle,80.6,>30m,29.7,2,0.0,1,1,1.0,0.32
nuscenes_mini_subset,scene-0103_016,tz,0.02,m,16,Car,vehicle,31.0,>30m,149.5,2,0.0,0,0,,
nuscenes_mini_subset,scene-0103_016,tz,0.05,m,0,Car,vehicle,55.6,>30m,91.7,2,0.0,0,0,,
nuscenes_mini_subset,scene-0103_016,tz,0.05,m,1,Car,vehicle,12.7,0-15m,570.4,0,0.0,146,146,1.0,5.52
nuscenes_mini_subset,scene-0103_016,tz,0.05,m,2,Car,vehicle,48.5,>30m,79.4,1,0.0,0,0,,
nuscenes_mini_subset,scene-0103_016,tz,0.05,m,3,Pedestrian,pedestrian,21.0,15-30m,34.4,0,0.52,4,4,1.0,3.57
nuscenes_mini_subset,scene-0103_016,tz,0.05,m,4,Car,vehicle,53.8,>30m,89.2,2,0.0,0,0,,
nuscenes_mini_subset,scene-0103_016,tz,0.05,m,5,Car,vehicle,41.0,>30m,60.7,0,0.0,4,4,1.0,1.61
nuscenes_mini_subset,scene-0103_016,tz,0.05,m,6,Car,vehicle,24.6,15-30m,205.7,2,0.0,0,0,,
nuscenes_mini_subset,scene-0103_016,tz,0.05,m,8,Car,vehicle,65.4,>30m,53.5,2,0.0,1,1,1.0,0.99
nuscenes_mini_subset,scene-0103_016,tz,0.05,m,9,Car,vehicle,9.9,0-15m,374.9,0,0.43,162,161,0.9938,7.95
nuscenes_mini_subset,scene-0103_016,tz,0.05,m,10,Motorcycle,cyclist,41.6,>30m,18.6,0,0.0,0,0,,
nuscenes_mini_subset,scene-0103_016,tz,0.05,m,11,Pedestrian,pedestrian,29.3,15-30m,34.6,0,0.0,4,4,1.0,2.26
nuscenes_mini_subset,scene-0103_016,tz,0.05,m,12,Truck,vehicle,57.3,>30m,81.0,1,0.0,7,7,1.0,1.13
nuscenes_mini_subset,scene-0103_016,tz,0.05,m,13,Car,vehicle,29.8,15-30m,173.2,2,0.0,1,1,1.0,2.5
nuscenes_mini_subset,scene-0103_016,tz,0.05,m,14,Car,vehicle,20.5,15-30m,204.1,2,0.0,5,5,1.0,3.22
nuscenes_mini_subset,scene-0103_016,tz,0.05,m,15,Car,vehicle,80.6,>30m,29.7,2,0.0,1,1,1.0,0.79
nuscenes_mini_subset,scene-0103_016,tz,0.05,m,16,Car,vehicle,31.0,>30m,149.5,2,0.0,0,0,,
nuscenes_mini_subset,scene-0103_016,tz,0.1,m,0,Car,vehicle,55.6,>30m,91.7,2,0.0,0,0,,
nuscenes_mini_subset,scene-0103_016,tz,0.1,m,1,Car,vehicle,12.7,0-15m,570.4,0,0.0,146,146,1.0,11.04
nuscenes_mini_subset,scene-0103_016,tz,0.1,m,2,Car,vehicle,48.5,>30m,79.4,1,0.0,0,0,,
nuscenes_mini_subset,scene-0103_016,tz,0.1,m,3,Pedestrian,pedestrian,21.0,15-30m,34.4,0,0.52,4,4,1.0,7.14
nuscenes_mini_subset,scene-0103_016,tz,0.1,m,4,Car,vehicle,53.8,>30m,89.2,2,0.0,0,0,,
nuscenes_mini_subset,scene-0103_016,tz,0.1,m,5,Car,vehicle,41.0,>30m,60.7,0,0.0,4,4,1.0,3.22
nuscenes_mini_subset,scene-0103_016,tz,0.1,m,6,Car,vehicle,24.6,15-30m,205.7,2,0.0,0,0,,
nuscenes_mini_subset,scene-0103_016,tz,0.1,m,8,Car,vehicle,65.4,>30m,53.5,2,0.0,1,1,1.0,1.99
nuscenes_mini_subset,scene-0103_016,tz,0.1,m,9,Car,vehicle,9.9,0-15m,374.9,0,0.43,162,161,0.9938,15.89
nuscenes_mini_subset,scene-0103_016,tz,0.1,m,10,Motorcycle,cyclist,41.6,>30m,18.6,0,0.0,0,0,,
nuscenes_mini_subset,scene-0103_016,tz,0.1,m,11,Pedestrian,pedestrian,29.3,15-30m,34.6,0,0.0,4,4,1.0,4.52
nuscenes_mini_subset,scene-0103_016,tz,0.1,m,12,Truck,vehicle,57.3,>30m,81.0,1,0.0,7,7,1.0,2.26
nuscenes_mini_subset,scene-0103_016,tz,0.1,m,13,Car,vehicle,29.8,15-30m,173.2,2,0.0,1,1,1.0,5.0
nuscenes_mini_subset,scene-0103_016,tz,0.1,m,14,Car,vehicle,20.5,15-30m,204.1,2,0.0,5,5,1.0,6.45
nuscenes_mini_subset,scene-0103_016,tz,0.1,m,15,Car,vehicle,80.6,>30m,29.7,2,0.0,1,1,1.0,1.58
nuscenes_mini_subset,scene-0103_016,tz,0.1,m,16,Car,vehicle,31.0,>30m,149.5,2,0.0,0,0,,
nuscenes_mini_subset,scene-0103_016,tz,0.2,m,0,Car,vehicle,55.6,>30m,91.7,2,0.0,0,0,,
nuscenes_mini_subset,scene-0103_016,tz,0.2,m,1,Car,vehicle,12.7,0-15m,570.4,0,0.0,146,144,0.9863,22.08
nuscenes_mini_subset,scene-0103_016,tz,0.2,m,2,Car,vehicle,48.5,>30m,79.4,1,0.0,0,0,,
nuscenes_mini_subset,scene-0103_016,tz,0.2,m,3,Pedestrian,pedestrian,21.0,15-30m,34.4,0,0.52,5,5,1.0,14.27
nuscenes_mini_subset,scene-0103_016,tz,0.2,m,4,Car,vehicle,53.8,>30m,89.2,2,0.0,0,0,,
nuscenes_mini_subset,scene-0103_016,tz,0.2,m,5,Car,vehicle,41.0,>30m,60.7,0,0.0,4,4,1.0,6.44
nuscenes_mini_subset,scene-0103_016,tz,0.2,m,6,Car,vehicle,24.6,15-30m,205.7,2,0.0,0,0,,
nuscenes_mini_subset,scene-0103_016,tz,0.2,m,8,Car,vehicle,65.4,>30m,53.5,2,0.0,1,1,1.0,3.97
nuscenes_mini_subset,scene-0103_016,tz,0.2,m,9,Car,vehicle,9.9,0-15m,374.9,0,0.43,162,149,0.9198,31.75
nuscenes_mini_subset,scene-0103_016,tz,0.2,m,10,Motorcycle,cyclist,41.6,>30m,18.6,0,0.0,0,0,,
nuscenes_mini_subset,scene-0103_016,tz,0.2,m,11,Pedestrian,pedestrian,29.3,15-30m,34.6,0,0.0,4,4,1.0,9.04
nuscenes_mini_subset,scene-0103_016,tz,0.2,m,12,Truck,vehicle,57.3,>30m,81.0,1,0.0,7,7,1.0,4.52
nuscenes_mini_subset,scene-0103_016,tz,0.2,m,13,Car,vehicle,29.8,15-30m,173.2,2,0.0,1,1,1.0,10.0
nuscenes_mini_subset,scene-0103_016,tz,0.2,m,14,Car,vehicle,20.5,15-30m,204.1,2,0.0,5,5,1.0,12.89
nuscenes_mini_subset,scene-0103_016,tz,0.2,m,15,Car,vehicle,80.6,>30m,29.7,2,0.0,1,1,1.0,3.16
nuscenes_mini_subset,scene-0103_016,tz,0.2,m,16,Car,vehicle,31.0,>30m,149.5,2,0.0,0,0,,
nuscenes_mini_subset,scene-0103_020,yaw,0.0,deg,0,Car,vehicle,52.3,>30m,101.2,2,0.0,0,0,,
nuscenes_mini_subset,scene-0103_020,yaw,0.0,deg,1,Pedestrian,pedestrian,56.6,>30m,13.5,2,0.0,1,1,1.0,0.0
nuscenes_mini_subset,scene-0103_020,yaw,0.0,deg,2,Car,vehicle,17.4,15-30m,233.0,0,0.0,17,17,1.0,0.0
nuscenes_mini_subset,scene-0103_020,yaw,0.0,deg,3,Car,vehicle,45.1,>30m,89.2,0,0.0,4,4,1.0,0.0
nuscenes_mini_subset,scene-0103_020,yaw,0.0,deg,4,Car,vehicle,74.7,>30m,37.7,2,0.0,1,1,1.0,0.0
nuscenes_mini_subset,scene-0103_020,yaw,0.0,deg,5,Car,vehicle,71.2,>30m,39.5,2,0.0,1,1,1.0,0.0
nuscenes_mini_subset,scene-0103_020,yaw,0.0,deg,6,Car,vehicle,49.7,>30m,91.8,2,0.0,0,0,,
nuscenes_mini_subset,scene-0103_020,yaw,0.0,deg,7,Car,vehicle,50.4,>30m,98.6,2,0.0,0,0,,
nuscenes_mini_subset,scene-0103_020,yaw,0.0,deg,8,Car,vehicle,79.3,>30m,37.5,2,0.0,1,1,1.0,0.0
nuscenes_mini_subset,scene-0103_020,yaw,0.0,deg,9,Car,vehicle,46.8,>30m,127.1,2,0.0,0,0,,
nuscenes_mini_subset,scene-0103_020,yaw,0.0,deg,10,Car,vehicle,37.3,>30m,68.6,0,0.0,10,10,1.0,0.0
nuscenes_mini_subset,scene-0103_020,yaw,0.0,deg,11,Car,vehicle,54.2,>30m,56.5,2,0.0,1,1,1.0,0.0
nuscenes_mini_subset,scene-0103_020,yaw,0.0,deg,12,Car,vehicle,21.2,15-30m,269.4,2,0.0,24,24,1.0,0.0
nuscenes_mini_subset,scene-0103_020,yaw,0.0,deg,14,Car,vehicle,61.9,>30m,57.4,2,0.0,1,1,1.0,0.0
nuscenes_mini_subset,scene-0103_020,yaw,0.0,deg,15,Car,vehicle,6.8,0-15m,201.4,0,0.93,54,54,1.0,0.0
nuscenes_mini_subset,scene-0103_020,yaw,0.0,deg,16,Motorcycle,cyclist,38.1,>30m,21.5,0,0.0,0,0,,
nuscenes_mini_subset,scene-0103_020,yaw,0.0,deg,17,Car,vehicle,48.0,>30m,61.9,2,0.0,0,0,,
nuscenes_mini_subset,scene-0103_020,yaw,0.0,deg,18,Pedestrian,pedestrian,28.7,15-30m,37.2,2,0.0,3,3,1.0,0.0
nuscenes_mini_subset,scene-0103_020,yaw,0.0,deg,19,Truck,vehicle,53.8,>30m,88.0,0,0.0,5,5,1.0,0.0
nuscenes_mini_subset,scene-0103_020,yaw,0.0,deg,20,Car,vehicle,26.3,15-30m,172.4,1,0.22,3,3,1.0,0.0
nuscenes_mini_subset,scene-0103_020,yaw,0.0,deg,21,Car,vehicle,15.1,15-30m,408.6,0,0.0,120,120,1.0,0.0
nuscenes_mini_subset,scene-0103_020,yaw,0.0,deg,22,Pedestrian,pedestrian,56.8,>30m,12.4,2,0.0,2,2,1.0,0.0
nuscenes_mini_subset,scene-0103_020,yaw,0.0,deg,23,Car,vehicle,77.1,>30m,31.3,2,0.0,0,0,,
nuscenes_mini_subset,scene-0103_020,yaw,0.0,deg,24,Car,vehicle,27.5,15-30m,180.3,2,0.0,0,0,,
nuscenes_mini_subset,scene-0103_020,yaw,0.0,deg,25,Car,vehicle,42.2,>30m,87.2,2,0.0,0,0,,
nuscenes_mini_subset,scene-0103_020,yaw,0.25,deg,0,Car,vehicle,52.3,>30m,101.2,2,0.0,0,0,,
nuscenes_mini_subset,scene-0103_020,yaw,0.25,deg,1,Pedestrian,pedestrian,56.6,>30m,13.5,2,0.0,1,1,1.0,5.75
nuscenes_mini_subset,scene-0103_020,yaw,0.25,deg,2,Car,vehicle,17.4,15-30m,233.0,0,0.0,17,17,1.0,5.73
nuscenes_mini_subset,scene-0103_020,yaw,0.25,deg,3,Car,vehicle,45.1,>30m,89.2,0,0.0,4,4,1.0,6.43
nuscenes_mini_subset,scene-0103_020,yaw,0.25,deg,4,Car,vehicle,74.7,>30m,37.7,2,0.0,1,1,1.0,5.57
nuscenes_mini_subset,scene-0103_020,yaw,0.25,deg,5,Car,vehicle,71.2,>30m,39.5,2,0.0,1,1,1.0,5.57
nuscenes_mini_subset,scene-0103_020,yaw,0.25,deg,6,Car,vehicle,49.7,>30m,91.8,2,0.0,0,0,,
nuscenes_mini_subset,scene-0103_020,yaw,0.25,deg,7,Car,vehicle,50.4,>30m,98.6,2,0.0,0,0,,
nuscenes_mini_subset,scene-0103_020,yaw,0.25,deg,8,Car,vehicle,79.3,>30m,37.5,2,0.0,1,1,1.0,5.55
nuscenes_mini_subset,scene-0103_020,yaw,0.25,deg,9,Car,vehicle,46.8,>30m,127.1,2,0.0,0,0,,
nuscenes_mini_subset,scene-0103_020,yaw,0.25,deg,10,Car,vehicle,37.3,>30m,68.6,0,0.0,10,10,1.0,5.74
nuscenes_mini_subset,scene-0103_020,yaw,0.25,deg,11,Car,vehicle,54.2,>30m,56.5,2,0.0,1,1,1.0,5.61
nuscenes_mini_subset,scene-0103_020,yaw,0.25,deg,12,Car,vehicle,21.2,15-30m,269.4,2,0.0,24,24,1.0,7.0
nuscenes_mini_subset,scene-0103_020,yaw,0.25,deg,14,Car,vehicle,61.9,>30m,57.4,2,0.0,1,1,1.0,5.59
nuscenes_mini_subset,scene-0103_020,yaw,0.25,deg,15,Car,vehicle,6.8,0-15m,201.4,0,0.93,57,57,1.0,7.76
nuscenes_mini_subset,scene-0103_020,yaw,0.25,deg,16,Motorcycle,cyclist,38.1,>30m,21.5,0,0.0,0,0,,
nuscenes_mini_subset,scene-0103_020,yaw,0.25,deg,17,Car,vehicle,48.0,>30m,61.9,2,0.0,0,0,,
nuscenes_mini_subset,scene-0103_020,yaw,0.25,deg,18,Pedestrian,pedestrian,28.7,15-30m,37.2,2,0.0,3,3,1.0,6.22
nuscenes_mini_subset,scene-0103_020,yaw,0.25,deg,19,Truck,vehicle,53.8,>30m,88.0,0,0.0,5,5,1.0,5.63
nuscenes_mini_subset,scene-0103_020,yaw,0.25,deg,20,Car,vehicle,26.3,15-30m,172.4,1,0.22,3,3,1.0,7.41
nuscenes_mini_subset,scene-0103_020,yaw,0.25,deg,21,Car,vehicle,15.1,15-30m,408.6,0,0.0,120,120,1.0,6.46
nuscenes_mini_subset,scene-0103_020,yaw,0.25,deg,22,Pedestrian,pedestrian,56.8,>30m,12.4,2,0.0,2,1,0.5,5.71
nuscenes_mini_subset,scene-0103_020,yaw,0.25,deg,23,Car,vehicle,77.1,>30m,31.3,2,0.0,0,0,,
nuscenes_mini_subset,scene-0103_020,yaw,0.25,deg,24,Car,vehicle,27.5,15-30m,180.3,2,0.0,0,0,,
nuscenes_mini_subset,scene-0103_020,yaw,0.25,deg,25,Car,vehicle,42.2,>30m,87.2,2,0.0,0,0,,
nuscenes_mini_subset,scene-0103_020,yaw,0.5,deg,0,Car,vehicle,52.3,>30m,101.2,2,0.0,0,0,,
nuscenes_mini_subset,scene-0103_020,yaw,0.5,deg,1,Pedestrian,pedestrian,56.6,>30m,13.5,2,0.0,1,0,0.0,11.5
nuscenes_mini_subset,scene-0103_020,yaw,0.5,deg,2,Car,vehicle,17.4,15-30m,233.0,0,0.0,17,17,1.0,11.46
nuscenes_mini_subset,scene-0103_020,yaw,0.5,deg,3,Car,vehicle,45.1,>30m,89.2,0,0.0,4,4,1.0,12.85
nuscenes_mini_subset,scene-0103_020,yaw,0.5,deg,4,Car,vehicle,74.7,>30m,37.7,2,0.0,1,1,1.0,11.14
nuscenes_mini_subset,scene-0103_020,yaw,0.5,deg,5,Car,vehicle,71.2,>30m,39.5,2,0.0,1,0,0.0,11.14
nuscenes_mini_subset,scene-0103_020,yaw,0.5,deg,6,Car,vehicle,49.7,>30m,91.8,2,0.0,0,0,,
nuscenes_mini_subset,scene-0103_020,yaw,0.5,deg,7,Car,vehicle,50.4,>30m,98.6,2,0.0,0,0,,
nuscenes_mini_subset,scene-0103_020,yaw,0.5,deg,8,Car,vehicle,79.3,>30m,37.5,2,0.0,1,1,1.0,11.11
nuscenes_mini_subset,scene-0103_020,yaw,0.5,deg,9,Car,vehicle,46.8,>30m,127.1,2,0.0,0,0,,
nuscenes_mini_subset,scene-0103_020,yaw,0.5,deg,10,Car,vehicle,37.3,>30m,68.6,0,0.0,10,9,0.9,11.47
nuscenes_mini_subset,scene-0103_020,yaw,0.5,deg,11,Car,vehicle,54.2,>30m,56.5,2,0.0,1,1,1.0,11.22
nuscenes_mini_subset,scene-0103_020,yaw,0.5,deg,12,Car,vehicle,21.2,15-30m,269.4,2,0.0,24,24,1.0,14.03
nuscenes_mini_subset,scene-0103_020,yaw,0.5,deg,14,Car,vehicle,61.9,>30m,57.4,2,0.0,1,1,1.0,11.19
nuscenes_mini_subset,scene-0103_020,yaw,0.5,deg,15,Car,vehicle,6.8,0-15m,201.4,0,0.93,62,62,1.0,15.48
nuscenes_mini_subset,scene-0103_020,yaw,0.5,deg,16,Motorcycle,cyclist,38.1,>30m,21.5,0,0.0,0,0,,
nuscenes_mini_subset,scene-0103_020,yaw,0.5,deg,17,Car,vehicle,48.0,>30m,61.9,2,0.0,0,0,,
nuscenes_mini_subset,scene-0103_020,yaw,0.5,deg,18,Pedestrian,pedestrian,28.7,15-30m,37.2,2,0.0,3,2,0.6667,12.42
nuscenes_mini_subset,scene-0103_020,yaw,0.5,deg,19,Truck,vehicle,53.8,>30m,88.0,0,0.0,5,5,1.0,11.27
nuscenes_mini_subset,scene-0103_020,yaw,0.5,deg,20,Car,vehicle,26.3,15-30m,172.4,1,0.22,3,3,1.0,14.78
nuscenes_mini_subset,scene-0103_020,yaw,0.5,deg,21,Car,vehicle,15.1,15-30m,408.6,0,0.0,120,120,1.0,12.95
nuscenes_mini_subset,scene-0103_020,yaw,0.5,deg,22,Pedestrian,pedestrian,56.8,>30m,12.4,2,0.0,2,0,0.0,11.44
nuscenes_mini_subset,scene-0103_020,yaw,0.5,deg,23,Car,vehicle,77.1,>30m,31.3,2,0.0,0,0,,
nuscenes_mini_subset,scene-0103_020,yaw,0.5,deg,24,Car,vehicle,27.5,15-30m,180.3,2,0.0,0,0,,
nuscenes_mini_subset,scene-0103_020,yaw,0.5,deg,25,Car,vehicle,42.2,>30m,87.2,2,0.0,0,0,,
nuscenes_mini_subset,scene-0103_020,yaw,1.0,deg,0,Car,vehicle,52.3,>30m,101.2,2,0.0,0,0,,
nuscenes_mini_subset,scene-0103_020,yaw,1.0,deg,1,Pedestrian,pedestrian,56.6,>30m,13.5,2,0.0,1,0,0.0,23.04
nuscenes_mini_subset,scene-0103_020,yaw,1.0,deg,2,Car,vehicle,17.4,15-30m,233.0,0,0.0,17,17,1.0,22.91
nuscenes_mini_subset,scene-0103_020,yaw,1.0,deg,3,Car,vehicle,45.1,>30m,89.2,0,0.0,4,4,1.0,25.6
nuscenes_mini_subset,scene-0103_020,yaw,1.0,deg,4,Car,vehicle,74.7,>30m,37.7,2,0.0,1,0,0.0,22.29
nuscenes_mini_subset,scene-0103_020,yaw,1.0,deg,5,Car,vehicle,71.2,>30m,39.5,2,0.0,1,0,0.0,22.26
nuscenes_mini_subset,scene-0103_020,yaw,1.0,deg,6,Car,vehicle,49.7,>30m,91.8,2,0.0,0,0,,
nuscenes_mini_subset,scene-0103_020,yaw,1.0,deg,7,Car,vehicle,50.4,>30m,98.6,2,0.0,0,0,,
nuscenes_mini_subset,scene-0103_020,yaw,1.0,deg,8,Car,vehicle,79.3,>30m,37.5,2,0.0,1,1,1.0,22.23
nuscenes_mini_subset,scene-0103_020,yaw,1.0,deg,9,Car,vehicle,46.8,>30m,127.1,2,0.0,0,0,,
nuscenes_mini_subset,scene-0103_020,yaw,1.0,deg,10,Car,vehicle,37.3,>30m,68.6,0,0.0,10,7,0.7,22.91
nuscenes_mini_subset,scene-0103_020,yaw,1.0,deg,11,Car,vehicle,54.2,>30m,56.5,2,0.0,1,0,0.0,22.41
nuscenes_mini_subset,scene-0103_020,yaw,1.0,deg,12,Car,vehicle,21.2,15-30m,269.4,2,0.0,24,23,0.9583,28.19
nuscenes_mini_subset,scene-0103_020,yaw,1.0,deg,14,Car,vehicle,61.9,>30m,57.4,2,0.0,1,1,1.0,22.39
nuscenes_mini_subset,scene-0103_020,yaw,1.0,deg,15,Car,vehicle,6.8,0-15m,201.4,0,0.93,67,67,1.0,30.81
nuscenes_mini_subset,scene-0103_020,yaw,1.0,deg,16,Motorcycle,cyclist,38.1,>30m,21.5,0,0.0,0,0,,
nuscenes_mini_subset,scene-0103_020,yaw,1.0,deg,17,Car,vehicle,48.0,>30m,61.9,2,0.0,0,0,,
nuscenes_mini_subset,scene-0103_020,yaw,1.0,deg,18,Pedestrian,pedestrian,28.7,15-30m,37.2,2,0.0,3,1,0.3333,24.77
nuscenes_mini_subset,scene-0103_020,yaw,1.0,deg,19,Truck,vehicle,53.8,>30m,88.0,0,0.0,5,5,1.0,22.57
nuscenes_mini_subset,scene-0103_020,yaw,1.0,deg,20,Car,vehicle,26.3,15-30m,172.4,1,0.22,3,3,1.0,29.42
nuscenes_mini_subset,scene-0103_020,yaw,1.0,deg,21,Car,vehicle,15.1,15-30m,408.6,0,0.0,120,120,1.0,25.98
nuscenes_mini_subset,scene-0103_020,yaw,1.0,deg,22,Pedestrian,pedestrian,56.8,>30m,12.4,2,0.0,2,0,0.0,22.91
nuscenes_mini_subset,scene-0103_020,yaw,1.0,deg,23,Car,vehicle,77.1,>30m,31.3,2,0.0,0,0,,
nuscenes_mini_subset,scene-0103_020,yaw,1.0,deg,24,Car,vehicle,27.5,15-30m,180.3,2,0.0,0,0,,
nuscenes_mini_subset,scene-0103_020,yaw,1.0,deg,25,Car,vehicle,42.2,>30m,87.2,2,0.0,0,0,,
nuscenes_mini_subset,scene-0103_020,yaw,2.0,deg,0,Car,vehicle,52.3,>30m,101.2,2,0.0,0,0,,
nuscenes_mini_subset,scene-0103_020,yaw,2.0,deg,1,Pedestrian,pedestrian,56.6,>30m,13.5,2,0.0,1,0,0.0,46.26
nuscenes_mini_subset,scene-0103_020,yaw,2.0,deg,2,Car,vehicle,17.4,15-30m,233.0,0,0.0,17,15,0.8824,45.79
nuscenes_mini_subset,scene-0103_020,yaw,2.0,deg,3,Car,vehicle,45.1,>30m,89.2,0,0.0,4,2,0.5,50.87
nuscenes_mini_subset,scene-0103_020,yaw,2.0,deg,4,Car,vehicle,74.7,>30m,37.7,2,0.0,1,0,0.0,44.67
nuscenes_mini_subset,scene-0103_020,yaw,2.0,deg,5,Car,vehicle,71.2,>30m,39.5,2,0.0,1,0,0.0,44.46
nuscenes_mini_subset,scene-0103_020,yaw,2.0,deg,6,Car,vehicle,49.7,>30m,91.8,2,0.0,0,0,,
nuscenes_mini_subset,scene-0103_020,yaw,2.0,deg,7,Car,vehicle,50.4,>30m,98.6,2,0.0,0,0,,
nuscenes_mini_subset,scene-0103_020,yaw,2.0,deg,8,Car,vehicle,79.3,>30m,37.5,2,0.0,1,0,0.0,44.54
nuscenes_mini_subset,scene-0103_020,yaw,2.0,deg,9,Car,vehicle,46.8,>30m,127.1,2,0.0,0,0,,
nuscenes_mini_subset,scene-0103_020,yaw,2.0,deg,10,Car,vehicle,37.3,>30m,68.6,0,0.0,10,4,0.4,45.7
nuscenes_mini_subset,scene-0103_020,yaw,2.0,deg,11,Car,vehicle,54.2,>30m,56.5,2,0.0,1,0,0.0,44.74
nuscenes_mini_subset,scene-0103_020,yaw,2.0,deg,12,Car,vehicle,21.2,15-30m,269.4,2,0.0,24,18,0.75,56.9
nuscenes_mini_subset,scene-0103_020,yaw,2.0,deg,14,Car,vehicle,61.9,>30m,57.4,2,0.0,1,0,0.0,44.88
nuscenes_mini_subset,scene-0103_020,yaw,2.0,deg,15,Car,vehicle,6.8,0-15m,201.4,0,0.93,85,80,0.9412,61.02
nuscenes_mini_subset,scene-0103_020,yaw,2.0,deg,16,Motorcycle,cyclist,38.1,>30m,21.5,0,0.0,0,0,,
nuscenes_mini_subset,scene-0103_020,yaw,2.0,deg,17,Car,vehicle,48.0,>30m,61.9,2,0.0,0,0,,
nuscenes_mini_subset,scene-0103_020,yaw,2.0,deg,18,Pedestrian,pedestrian,28.7,15-30m,37.2,2,0.0,3,0,0.0,49.26
nuscenes_mini_subset,scene-0103_020,yaw,2.0,deg,19,Truck,vehicle,53.8,>30m,88.0,0,0.0,5,3,0.6,45.26
nuscenes_mini_subset,scene-0103_020,yaw,2.0,deg,20,Car,vehicle,26.3,15-30m,172.4,1,0.22,3,3,1.0,58.28
nuscenes_mini_subset,scene-0103_020,yaw,2.0,deg,21,Car,vehicle,15.1,15-30m,408.6,0,0.0,120,116,0.9667,52.31
nuscenes_mini_subset,scene-0103_020,yaw,2.0,deg,22,Pedestrian,pedestrian,56.8,>30m,12.4,2,0.0,2,0,0.0,45.98
nuscenes_mini_subset,scene-0103_020,yaw,2.0,deg,23,Car,vehicle,77.1,>30m,31.3,2,0.0,0,0,,
nuscenes_mini_subset,scene-0103_020,yaw,2.0,deg,24,Car,vehicle,27.5,15-30m,180.3,2,0.0,0,0,,
nuscenes_mini_subset,scene-0103_020,yaw,2.0,deg,25,Car,vehicle,42.2,>30m,87.2,2,0.0,0,0,,
nuscenes_mini_subset,scene-0103_020,yaw,3.0,deg,0,Car,vehicle,52.3,>30m,101.2,2,0.0,0,0,,
nuscenes_mini_subset,scene-0103_020,yaw,3.0,deg,1,Pedestrian,pedestrian,56.6,>30m,13.5,2,0.0,1,0,0.0,69.66
nuscenes_mini_subset,scene-0103_020,yaw,3.0,deg,2,Car,vehicle,17.4,15-30m,233.0,0,0.0,17,15,0.8824,68.63
nuscenes_mini_subset,scene-0103_020,yaw,3.0,deg,3,Car,vehicle,45.1,>30m,89.2,0,0.0,4,0,0.0,75.81
nuscenes_mini_subset,scene-0103_020,yaw,3.0,deg,4,Car,vehicle,74.7,>30m,37.7,2,0.0,1,0,0.0,67.16
nuscenes_mini_subset,scene-0103_020,yaw,3.0,deg,5,Car,vehicle,71.2,>30m,39.5,2,0.0,1,0,0.0,66.6
nuscenes_mini_subset,scene-0103_020,yaw,3.0,deg,6,Car,vehicle,49.7,>30m,91.8,2,0.0,0,0,,
nuscenes_mini_subset,scene-0103_020,yaw,3.0,deg,7,Car,vehicle,50.4,>30m,98.6,2,0.0,0,0,,
nuscenes_mini_subset,scene-0103_020,yaw,3.0,deg,8,Car,vehicle,79.3,>30m,37.5,2,0.0,1,0,0.0,66.94
nuscenes_mini_subset,scene-0103_020,yaw,3.0,deg,9,Car,vehicle,46.8,>30m,127.1,2,0.0,0,0,,
nuscenes_mini_subset,scene-0103_020,yaw,3.0,deg,10,Car,vehicle,37.3,>30m,68.6,0,0.0,10,0,0.0,68.38
nuscenes_mini_subset,scene-0103_020,yaw,3.0,deg,11,Car,vehicle,54.2,>30m,56.5,2,0.0,1,0,0.0,67.0
nuscenes_mini_subset,scene-0103_020,yaw,3.0,deg,12,Car,vehicle,21.2,15-30m,269.4,2,0.0,24,15,0.625,86.16
nuscenes_mini_subset,scene-0103_020,yaw,3.0,deg,14,Car,vehicle,61.9,>30m,57.4,2,0.0,1,0,0.0,67.49
nuscenes_mini_subset,scene-0103_020,yaw,3.0,deg,15,Car,vehicle,6.8,0-15m,201.4,0,0.93,98,84,0.8571,90.68
nuscenes_mini_subset,scene-0103_020,yaw,3.0,deg,16,Motorcycle,cyclist,38.1,>30m,21.5,0,0.0,0,0,,
nuscenes_mini_subset,scene-0103_020,yaw,3.0,deg,17,Car,vehicle,48.0,>30m,61.9,2,0.0,0,0,,
nuscenes_mini_subset,scene-0103_020,yaw,3.0,deg,18,Pedestrian,pedestrian,28.7,15-30m,37.2,2,0.0,3,0,0.0,73.49
nuscenes_mini_subset,scene-0103_020,yaw,3.0,deg,19,Truck,vehicle,53.8,>30m,88.0,0,0.0,5,0,0.0,68.08
nuscenes_mini_subset,scene-0103_020,yaw,3.0,deg,20,Car,vehicle,26.3,15-30m,172.4,1,0.22,3,3,1.0,86.6
nuscenes_mini_subset,scene-0103_020,yaw,3.0,deg,21,Car,vehicle,15.1,15-30m,408.6,0,0.0,120,107,0.8917,79.01
nuscenes_mini_subset,scene-0103_020,yaw,3.0,deg,22,Pedestrian,pedestrian,56.8,>30m,12.4,2,0.0,2,0,0.0,69.22
nuscenes_mini_subset,scene-0103_020,yaw,3.0,deg,23,Car,vehicle,77.1,>30m,31.3,2,0.0,0,0,,
nuscenes_mini_subset,scene-0103_020,yaw,3.0,deg,24,Car,vehicle,27.5,15-30m,180.3,2,0.0,0,0,,
nuscenes_mini_subset,scene-0103_020,yaw,3.0,deg,25,Car,vehicle,42.2,>30m,87.2,2,0.0,0,0,,
nuscenes_mini_subset,scene-0103_020,pitch,0.0,deg,0,Car,vehicle,52.3,>30m,101.2,2,0.0,0,0,,
nuscenes_mini_subset,scene-0103_020,pitch,0.0,deg,1,Pedestrian,pedestrian,56.6,>30m,13.5,2,0.0,1,1,1.0,0.0
nuscenes_mini_subset,scene-0103_020,pitch,0.0,deg,2,Car,vehicle,17.4,15-30m,233.0,0,0.0,17,17,1.0,0.0
nuscenes_mini_subset,scene-0103_020,pitch,0.0,deg,3,Car,vehicle,45.1,>30m,89.2,0,0.0,4,4,1.0,0.0
nuscenes_mini_subset,scene-0103_020,pitch,0.0,deg,4,Car,vehicle,74.7,>30m,37.7,2,0.0,1,1,1.0,0.0
nuscenes_mini_subset,scene-0103_020,pitch,0.0,deg,5,Car,vehicle,71.2,>30m,39.5,2,0.0,1,1,1.0,0.0
nuscenes_mini_subset,scene-0103_020,pitch,0.0,deg,6,Car,vehicle,49.7,>30m,91.8,2,0.0,0,0,,
nuscenes_mini_subset,scene-0103_020,pitch,0.0,deg,7,Car,vehicle,50.4,>30m,98.6,2,0.0,0,0,,
nuscenes_mini_subset,scene-0103_020,pitch,0.0,deg,8,Car,vehicle,79.3,>30m,37.5,2,0.0,1,1,1.0,0.0
nuscenes_mini_subset,scene-0103_020,pitch,0.0,deg,9,Car,vehicle,46.8,>30m,127.1,2,0.0,0,0,,
nuscenes_mini_subset,scene-0103_020,pitch,0.0,deg,10,Car,vehicle,37.3,>30m,68.6,0,0.0,10,10,1.0,0.0
nuscenes_mini_subset,scene-0103_020,pitch,0.0,deg,11,Car,vehicle,54.2,>30m,56.5,2,0.0,1,1,1.0,0.0
nuscenes_mini_subset,scene-0103_020,pitch,0.0,deg,12,Car,vehicle,21.2,15-30m,269.4,2,0.0,24,24,1.0,0.0
nuscenes_mini_subset,scene-0103_020,pitch,0.0,deg,14,Car,vehicle,61.9,>30m,57.4,2,0.0,1,1,1.0,0.0
nuscenes_mini_subset,scene-0103_020,pitch,0.0,deg,15,Car,vehicle,6.8,0-15m,201.4,0,0.93,54,54,1.0,0.0
nuscenes_mini_subset,scene-0103_020,pitch,0.0,deg,16,Motorcycle,cyclist,38.1,>30m,21.5,0,0.0,0,0,,
nuscenes_mini_subset,scene-0103_020,pitch,0.0,deg,17,Car,vehicle,48.0,>30m,61.9,2,0.0,0,0,,
nuscenes_mini_subset,scene-0103_020,pitch,0.0,deg,18,Pedestrian,pedestrian,28.7,15-30m,37.2,2,0.0,3,3,1.0,0.0
nuscenes_mini_subset,scene-0103_020,pitch,0.0,deg,19,Truck,vehicle,53.8,>30m,88.0,0,0.0,5,5,1.0,0.0
nuscenes_mini_subset,scene-0103_020,pitch,0.0,deg,20,Car,vehicle,26.3,15-30m,172.4,1,0.22,3,3,1.0,0.0
nuscenes_mini_subset,scene-0103_020,pitch,0.0,deg,21,Car,vehicle,15.1,15-30m,408.6,0,0.0,120,120,1.0,0.0
nuscenes_mini_subset,scene-0103_020,pitch,0.0,deg,22,Pedestrian,pedestrian,56.8,>30m,12.4,2,0.0,2,2,1.0,0.0
nuscenes_mini_subset,scene-0103_020,pitch,0.0,deg,23,Car,vehicle,77.1,>30m,31.3,2,0.0,0,0,,
nuscenes_mini_subset,scene-0103_020,pitch,0.0,deg,24,Car,vehicle,27.5,15-30m,180.3,2,0.0,0,0,,
nuscenes_mini_subset,scene-0103_020,pitch,0.0,deg,25,Car,vehicle,42.2,>30m,87.2,2,0.0,0,0,,
nuscenes_mini_subset,scene-0103_020,pitch,0.25,deg,0,Car,vehicle,52.3,>30m,101.2,2,0.0,0,0,,
nuscenes_mini_subset,scene-0103_020,pitch,0.25,deg,1,Pedestrian,pedestrian,56.6,>30m,13.5,2,0.0,1,1,1.0,1.14
nuscenes_mini_subset,scene-0103_020,pitch,0.25,deg,2,Car,vehicle,17.4,15-30m,233.0,0,0.0,17,17,1.0,0.39
nuscenes_mini_subset,scene-0103_020,pitch,0.25,deg,3,Car,vehicle,45.1,>30m,89.2,0,0.0,4,4,1.0,2.16
nuscenes_mini_subset,scene-0103_020,pitch,0.25,deg,4,Car,vehicle,74.7,>30m,37.7,2,0.0,1,1,1.0,0.58
nuscenes_mini_subset,scene-0103_020,pitch,0.25,deg,5,Car,vehicle,71.2,>30m,39.5,2,0.0,1,1,1.0,0.51
nuscenes_mini_subset,scene-0103_020,pitch,0.25,deg,6,Car,vehicle,49.7,>30m,91.8,2,0.0,0,0,,
nuscenes_mini_subset,scene-0103_020,pitch,0.25,deg,7,Car,vehicle,50.4,>30m,98.6,2,0.0,0,0,,
nuscenes_mini_subset,scene-0103_020,pitch,0.25,deg,8,Car,vehicle,79.3,>30m,37.5,2,0.0,1,1,1.0,0.52
nuscenes_mini_subset,scene-0103_020,pitch,0.25,deg,9,Car,vehicle,46.8,>30m,127.1,2,0.0,0,0,,
nuscenes_mini_subset,scene-0103_020,pitch,0.25,deg,10,Car,vehicle,37.3,>30m,68.6,0,0.0,10,10,1.0,0.91
nuscenes_mini_subset,scene-0103_020,pitch,0.25,deg,11,Car,vehicle,54.2,>30m,56.5,2,0.0,1,1,1.0,0.61
nuscenes_mini_subset,scene-0103_020,pitch,0.25,deg,12,Car,vehicle,21.2,15-30m,269.4,2,0.0,24,24,1.0,2.73
nuscenes_mini_subset,scene-0103_020,pitch,0.25,deg,14,Car,vehicle,61.9,>30m,57.4,2,0.0,1,1,1.0,0.65
nuscenes_mini_subset,scene-0103_020,pitch,0.25,deg,15,Car,vehicle,6.8,0-15m,201.4,0,0.93,55,54,0.9818,3.1
nuscenes_mini_subset,scene-0103_020,pitch,0.25,deg,16,Motorcycle,cyclist,38.1,>30m,21.5,0,0.0,0,0,,
nuscenes_mini_subset,scene-0103_020,pitch,0.25,deg,17,Car,vehicle,48.0,>30m,61.9,2,0.0,0,0,,
nuscenes_mini_subset,scene-0103_020,pitch,0.25,deg,18,Pedestrian,pedestrian,28.7,15-30m,37.2,2,0.0,3,3,1.0,1.81
nuscenes_mini_subset,scene-0103_020,pitch,0.25,deg,19,Truck,vehicle,53.8,>30m,88.0,0,0.0,5,5,1.0,0.84
nuscenes_mini_subset,scene-0103_020,pitch,0.25,deg,20,Car,vehicle,26.3,15-30m,172.4,1,0.22,3,3,1.0,3.07
nuscenes_mini_subset,scene-0103_020,pitch,0.25,deg,21,Car,vehicle,15.1,15-30m,408.6,0,0.0,120,120,1.0,2.0
nuscenes_mini_subset,scene-0103_020,pitch,0.25,deg,22,Pedestrian,pedestrian,56.8,>30m,12.4,2,0.0,2,2,1.0,1.05
nuscenes_mini_subset,scene-0103_020,pitch,0.25,deg,23,Car,vehicle,77.1,>30m,31.3,2,0.0,0,0,,
nuscenes_mini_subset,scene-0103_020,pitch,0.25,deg,24,Car,vehicle,27.5,15-30m,180.3,2,0.0,0,0,,
nuscenes_mini_subset,scene-0103_020,pitch,0.25,deg,25,Car,vehicle,42.2,>30m,87.2,2,0.0,0,0,,
nuscenes_mini_subset,scene-0103_020,pitch,0.5,deg,0,Car,vehicle,52.3,>30m,101.2,2,0.0,0,0,,
nuscenes_mini_subset,scene-0103_020,pitch,0.5,deg,1,Pedestrian,pedestrian,56.6,>30m,13.5,2,0.0,1,1,1.0,2.27
nuscenes_mini_subset,scene-0103_020,pitch,0.5,deg,2,Car,vehicle,17.4,15-30m,233.0,0,0.0,17,17,1.0,0.77
nuscenes_mini_subset,scene-0103_020,pitch,0.5,deg,3,Car,vehicle,45.1,>30m,89.2,0,0.0,4,4,1.0,4.31
nuscenes_mini_subset,scene-0103_020,pitch,0.5,deg,4,Car,vehicle,74.7,>30m,37.7,2,0.0,1,1,1.0,1.17
nuscenes_mini_subset,scene-0103_020,pitch,0.5,deg,5,Car,vehicle,71.2,>30m,39.5,2,0.0,1,1,1.0,1.02
nuscenes_mini_subset,scene-0103_020,pitch,0.5,deg,6,Car,vehicle,49.7,>30m,91.8,2,0.0,0,0,,
nuscenes_mini_subset,scene-0103_020,pitch,0.5,deg,7,Car,vehicle,50.4,>30m,98.6,2,0.0,0,0,,
nuscenes_mini_subset,scene-0103_020,pitch,0.5,deg,8,Car,vehicle,79.3,>30m,37.5,2,0.0,1,1,1.0,1.04
nuscenes_mini_subset,scene-0103_020,pitch,0.5,deg,9,Car,vehicle,46.8,>30m,127.1,2,0.0,0,0,,
nuscenes_mini_subset,scene-0103_020,pitch,0.5,deg,10,Car,vehicle,37.3,>30m,68.6,0,0.0,10,10,1.0,1.82
nuscenes_mini_subset,scene-0103_020,pitch,0.5,deg,11,Car,vehicle,54.2,>30m,56.5,2,0.0,1,1,1.0,1.21
nuscenes_mini_subset,scene-0103_020,pitch,0.5,deg,12,Car,vehicle,21.2,15-30m,269.4,2,0.0,24,24,1.0,5.47
nuscenes_mini_subset,scene-0103_020,pitch,0.5,deg,14,Car,vehicle,61.9,>30m,57.4,2,0.0,1,1,1.0,1.3
nuscenes_mini_subset,scene-0103_020,pitch,0.5,deg,15,Car,vehicle,6.8,0-15m,201.4,0,0.93,56,54,0.9643,6.2
nuscenes_mini_subset,scene-0103_020,pitch,0.5,deg,16,Motorcycle,cyclist,38.1,>30m,21.5,0,0.0,0,0,,
nuscenes_mini_subset,scene-0103_020,pitch,0.5,deg,17,Car,vehicle,48.0,>30m,61.9,2,0.0,0,0,,
nuscenes_mini_subset,scene-0103_020,pitch,0.5,deg,18,Pedestrian,pedestrian,28.7,15-30m,37.2,2,0.0,3,3,1.0,3.61
nuscenes_mini_subset,scene-0103_020,pitch,0.5,deg,19,Truck,vehicle,53.8,>30m,88.0,0,0.0,5,5,1.0,1.68
nuscenes_mini_subset,scene-0103_020,pitch,0.5,deg,20,Car,vehicle,26.3,15-30m,172.4,1,0.22,3,3,1.0,6.15
nuscenes_mini_subset,scene-0103_020,pitch,0.5,deg,21,Car,vehicle,15.1,15-30m,408.6,0,0.0,120,120,1.0,4.0
nuscenes_mini_subset,scene-0103_020,pitch,0.5,deg,22,Pedestrian,pedestrian,56.8,>30m,12.4,2,0.0,2,2,1.0,2.11
nuscenes_mini_subset,scene-0103_020,pitch,0.5,deg,23,Car,vehicle,77.1,>30m,31.3,2,0.0,0,0,,
nuscenes_mini_subset,scene-0103_020,pitch,0.5,deg,24,Car,vehicle,27.5,15-30m,180.3,2,0.0,0,0,,
nuscenes_mini_subset,scene-0103_020,pitch,0.5,deg,25,Car,vehicle,42.2,>30m,87.2,2,0.0,0,0,,
nuscenes_mini_subset,scene-0103_020,pitch,1.0,deg,0,Car,vehicle,52.3,>30m,101.2,2,0.0,0,0,,
nuscenes_mini_subset,scene-0103_020,pitch,1.0,deg,1,Pedestrian,pedestrian,56.6,>30m,13.5,2,0.0,1,1,1.0,4.54
nuscenes_mini_subset,scene-0103_020,pitch,1.0,deg,2,Car,vehicle,17.4,15-30m,233.0,0,0.0,17,17,1.0,1.54
nuscenes_mini_subset,scene-0103_020,pitch,1.0,deg,3,Car,vehicle,45.1,>30m,89.2,0,0.0,4,4,1.0,8.63
nuscenes_mini_subset,scene-0103_020,pitch,1.0,deg,4,Car,vehicle,74.7,>30m,37.7,2,0.0,1,1,1.0,2.33
nuscenes_mini_subset,scene-0103_020,pitch,1.0,deg,5,Car,vehicle,71.2,>30m,39.5,2,0.0,1,0,0.0,2.04
nuscenes_mini_subset,scene-0103_020,pitch,1.0,deg,6,Car,vehicle,49.7,>30m,91.8,2,0.0,0,0,,
nuscenes_mini_subset,scene-0103_020,pitch,1.0,deg,7,Car,vehicle,50.4,>30m,98.6,2,0.0,0,0,,
nuscenes_mini_subset,scene-0103_020,pitch,1.0,deg,8,Car,vehicle,79.3,>30m,37.5,2,0.0,1,1,1.0,2.08
nuscenes_mini_subset,scene-0103_020,pitch,1.0,deg,9,Car,vehicle,46.8,>30m,127.1,2,0.0,0,0,,
nuscenes_mini_subset,scene-0103_020,pitch,1.0,deg,10,Car,vehicle,37.3,>30m,68.6,0,0.0,10,10,1.0,3.65
nuscenes_mini_subset,scene-0103_020,pitch,1.0,deg,11,Car,vehicle,54.2,>30m,56.5,2,0.0,1,1,1.0,2.42
nuscenes_mini_subset,scene-0103_020,pitch,1.0,deg,12,Car,vehicle,21.2,15-30m,269.4,2,0.0,24,24,1.0,10.93
nuscenes_mini_subset,scene-0103_020,pitch,1.0,deg,14,Car,vehicle,61.9,>30m,57.4,2,0.0,1,1,1.0,2.59
nuscenes_mini_subset,scene-0103_020,pitch,1.0,deg,15,Car,vehicle,6.8,0-15m,201.4,0,0.93,57,57,1.0,12.41
nuscenes_mini_subset,scene-0103_020,pitch,1.0,deg,16,Motorcycle,cyclist,38.1,>30m,21.5,0,0.0,0,0,,
nuscenes_mini_subset,scene-0103_020,pitch,1.0,deg,17,Car,vehicle,48.0,>30m,61.9,2,0.0,0,0,,
nuscenes_mini_subset,scene-0103_020,pitch,1.0,deg,18,Pedestrian,pedestrian,28.7,15-30m,37.2,2,0.0,3,3,1.0,7.22
nuscenes_mini_subset,scene-0103_020,pitch,1.0,deg,19,Truck,vehicle,53.8,>30m,88.0,0,0.0,5,5,1.0,3.35
nuscenes_mini_subset,scene-0103_020,pitch,1.0,deg,20,Car,vehicle,26.3,15-30m,172.4,1,0.22,3,3,1.0,12.29
nuscenes_mini_subset,scene-0103_020,pitch,1.0,deg,21,Car,vehicle,15.1,15-30m,408.6,0,0.0,120,120,1.0,8.0
nuscenes_mini_subset,scene-0103_020,pitch,1.0,deg,22,Pedestrian,pedestrian,56.8,>30m,12.4,2,0.0,2,2,1.0,4.21
nuscenes_mini_subset,scene-0103_020,pitch,1.0,deg,23,Car,vehicle,77.1,>30m,31.3,2,0.0,0,0,,
nuscenes_mini_subset,scene-0103_020,pitch,1.0,deg,24,Car,vehicle,27.5,15-30m,180.3,2,0.0,0,0,,
nuscenes_mini_subset,scene-0103_020,pitch,1.0,deg,25,Car,vehicle,42.2,>30m,87.2,2,0.0,0,0,,
nuscenes_mini_subset,scene-0103_020,pitch,2.0,deg,0,Car,vehicle,52.3,>30m,101.2,2,0.0,0,0,,
nuscenes_mini_subset,scene-0103_020,pitch,2.0,deg,1,Pedestrian,pedestrian,56.6,>30m,13.5,2,0.0,1,1,1.0,9.08
nuscenes_mini_subset,scene-0103_020,pitch,2.0,deg,2,Car,vehicle,17.4,15-30m,233.0,0,0.0,17,17,1.0,3.09
nuscenes_mini_subset,scene-0103_020,pitch,2.0,deg,3,Car,vehicle,45.1,>30m,89.2,0,0.0,4,0,0.0,17.26
nuscenes_mini_subset,scene-0103_020,pitch,2.0,deg,4,Car,vehicle,74.7,>30m,37.7,2,0.0,1,1,1.0,4.66
nuscenes_mini_subset,scene-0103_020,pitch,2.0,deg,5,Car,vehicle,71.2,>30m,39.5,2,0.0,1,0,0.0,4.08
nuscenes_mini_subset,scene-0103_020,pitch,2.0,deg,6,Car,vehicle,49.7,>30m,91.8,2,0.0,0,0,,
nuscenes_mini_subset,scene-0103_020,pitch,2.0,deg,7,Car,vehicle,50.4,>30m,98.6,2,0.0,0,0,,
nuscenes_mini_subset,scene-0103_020,pitch,2.0,deg,8,Car,vehicle,79.3,>30m,37.5,2,0.0,1,1,1.0,4.16
nuscenes_mini_subset,scene-0103_020,pitch,2.0,deg,9,Car,vehicle,46.8,>30m,127.1,2,0.0,0,0,,
nuscenes_mini_subset,scene-0103_020,pitch,2.0,deg,10,Car,vehicle,37.3,>30m,68.6,0,0.0,10,2,0.2,7.3
nuscenes_mini_subset,scene-0103_020,pitch,2.0,deg,11,Car,vehicle,54.2,>30m,56.5,2,0.0,1,1,1.0,4.85
nuscenes_mini_subset,scene-0103_020,pitch,2.0,deg,12,Car,vehicle,21.2,15-30m,269.4,2,0.0,24,21,0.875,21.86
nuscenes_mini_subset,scene-0103_020,pitch,2.0,deg,14,Car,vehicle,61.9,>30m,57.4,2,0.0,1,1,1.0,5.18
nuscenes_mini_subset,scene-0103_020,pitch,2.0,deg,15,Car,vehicle,6.8,0-15m,201.4,0,0.93,57,57,1.0,24.82
nuscenes_mini_subset,scene-0103_020,pitch,2.0,deg,16,Motorcycle,cyclist,38.1,>30m,21.5,0,0.0,0,0,,
nuscenes_mini_subset,scene-0103_020,pitch,2.0,deg,17,Car,vehicle,48.0,>30m,61.9,2,0.0,0,0,,
nuscenes_mini_subset,scene-0103_020,pitch,2.0,deg,18,Pedestrian,pedestrian,28.7,15-30m,37.2,2,0.0,3,3,1.0,14.45
nuscenes_mini_subset,scene-0103_020,pitch,2.0,deg,19,Truck,vehicle,53.8,>30m,88.0,0,0.0,5,5,1.0,6.7
nuscenes_mini_subset,scene-0103_020,pitch,2.0,deg,20,Car,vehicle,26.3,15-30m,172.4,1,0.22,3,3,1.0,24.59
nuscenes_mini_subset,scene-0103_020,pitch,2.0,deg,21,Car,vehicle,15.1,15-30m,408.6,0,0.0,120,120,1.0,15.99
nuscenes_mini_subset,scene-0103_020,pitch,2.0,deg,22,Pedestrian,pedestrian,56.8,>30m,12.4,2,0.0,2,2,1.0,8.42
nuscenes_mini_subset,scene-0103_020,pitch,2.0,deg,23,Car,vehicle,77.1,>30m,31.3,2,0.0,0,0,,
nuscenes_mini_subset,scene-0103_020,pitch,2.0,deg,24,Car,vehicle,27.5,15-30m,180.3,2,0.0,0,0,,
nuscenes_mini_subset,scene-0103_020,pitch,2.0,deg,25,Car,vehicle,42.2,>30m,87.2,2,0.0,0,0,,
nuscenes_mini_subset,scene-0103_020,pitch,3.0,deg,0,Car,vehicle,52.3,>30m,101.2,2,0.0,0,0,,
nuscenes_mini_subset,scene-0103_020,pitch,3.0,deg,1,Pedestrian,pedestrian,56.6,>30m,13.5,2,0.0,1,1,1.0,13.63
nuscenes_mini_subset,scene-0103_020,pitch,3.0,deg,2,Car,vehicle,17.4,15-30m,233.0,0,0.0,17,17,1.0,4.63
nuscenes_mini_subset,scene-0103_020,pitch,3.0,deg,3,Car,vehicle,45.1,>30m,89.2,0,0.0,4,0,0.0,25.89
nuscenes_mini_subset,scene-0103_020,pitch,3.0,deg,4,Car,vehicle,74.7,>30m,37.7,2,0.0,1,1,1.0,6.99
nuscenes_mini_subset,scene-0103_020,pitch,3.0,deg,5,Car,vehicle,71.2,>30m,39.5,2,0.0,1,0,0.0,6.11
nuscenes_mini_subset,scene-0103_020,pitch,3.0,deg,6,Car,vehicle,49.7,>30m,91.8,2,0.0,0,0,,
nuscenes_mini_subset,scene-0103_020,pitch,3.0,deg,7,Car,vehicle,50.4,>30m,98.6,2,0.0,0,0,,
nuscenes_mini_subset,scene-0103_020,pitch,3.0,deg,8,Car,vehicle,79.3,>30m,37.5,2,0.0,1,1,1.0,6.24
nuscenes_mini_subset,scene-0103_020,pitch,3.0,deg,9,Car,vehicle,46.8,>30m,127.1,2,0.0,0,0,,
nuscenes_mini_subset,scene-0103_020,pitch,3.0,deg,10,Car,vehicle,37.3,>30m,68.6,0,0.0,10,2,0.2,10.94
nuscenes_mini_subset,scene-0103_020,pitch,3.0,deg,11,Car,vehicle,54.2,>30m,56.5,2,0.0,1,1,1.0,7.27
nuscenes_mini_subset,scene-0103_020,pitch,3.0,deg,12,Car,vehicle,21.2,15-30m,269.4,2,0.0,24,21,0.875,32.78
nuscenes_mini_subset,scene-0103_020,pitch,3.0,deg,14,Car,vehicle,61.9,>30m,57.4,2,0.0,1,1,1.0,7.77
nuscenes_mini_subset,scene-0103_020,pitch,3.0,deg,15,Car,vehicle,6.8,0-15m,201.4,0,0.93,58,58,1.0,37.24
nuscenes_mini_subset,scene-0103_020,pitch,3.0,deg,16,Motorcycle,cyclist,38.1,>30m,21.5,0,0.0,0,0,,
nuscenes_mini_subset,scene-0103_020,pitch,3.0,deg,17,Car,vehicle,48.0,>30m,61.9,2,0.0,0,0,,
nuscenes_mini_subset,scene-0103_020,pitch,3.0,deg,18,Pedestrian,pedestrian,28.7,15-30m,37.2,2,0.0,3,3,1.0,21.68
nuscenes_mini_subset,scene-0103_020,pitch,3.0,deg,19,Truck,vehicle,53.8,>30m,88.0,0,0.0,5,5,1.0,10.05
nuscenes_mini_subset,scene-0103_020,pitch,3.0,deg,20,Car,vehicle,26.3,15-30m,172.4,1,0.22,3,0,0.0,36.89
nuscenes_mini_subset,scene-0103_020,pitch,3.0,deg,21,Car,vehicle,15.1,15-30m,408.6,0,0.0,120,110,0.9167,23.99
nuscenes_mini_subset,scene-0103_020,pitch,3.0,deg,22,Pedestrian,pedestrian,56.8,>30m,12.4,2,0.0,2,2,1.0,12.63
nuscenes_mini_subset,scene-0103_020,pitch,3.0,deg,23,Car,vehicle,77.1,>30m,31.3,2,0.0,0,0,,
nuscenes_mini_subset,scene-0103_020,pitch,3.0,deg,24,Car,vehicle,27.5,15-30m,180.3,2,0.0,0,0,,
nuscenes_mini_subset,scene-0103_020,pitch,3.0,deg,25,Car,vehicle,42.2,>30m,87.2,2,0.0,0,0,,
nuscenes_mini_subset,scene-0103_020,roll,0.0,deg,0,Car,vehicle,52.3,>30m,101.2,2,0.0,0,0,,
nuscenes_mini_subset,scene-0103_020,roll,0.0,deg,1,Pedestrian,pedestrian,56.6,>30m,13.5,2,0.0,1,1,1.0,0.0
nuscenes_mini_subset,scene-0103_020,roll,0.0,deg,2,Car,vehicle,17.4,15-30m,233.0,0,0.0,17,17,1.0,0.0
nuscenes_mini_subset,scene-0103_020,roll,0.0,deg,3,Car,vehicle,45.1,>30m,89.2,0,0.0,4,4,1.0,0.0
nuscenes_mini_subset,scene-0103_020,roll,0.0,deg,4,Car,vehicle,74.7,>30m,37.7,2,0.0,1,1,1.0,0.0
nuscenes_mini_subset,scene-0103_020,roll,0.0,deg,5,Car,vehicle,71.2,>30m,39.5,2,0.0,1,1,1.0,0.0
nuscenes_mini_subset,scene-0103_020,roll,0.0,deg,6,Car,vehicle,49.7,>30m,91.8,2,0.0,0,0,,
nuscenes_mini_subset,scene-0103_020,roll,0.0,deg,7,Car,vehicle,50.4,>30m,98.6,2,0.0,0,0,,
nuscenes_mini_subset,scene-0103_020,roll,0.0,deg,8,Car,vehicle,79.3,>30m,37.5,2,0.0,1,1,1.0,0.0
nuscenes_mini_subset,scene-0103_020,roll,0.0,deg,9,Car,vehicle,46.8,>30m,127.1,2,0.0,0,0,,
nuscenes_mini_subset,scene-0103_020,roll,0.0,deg,10,Car,vehicle,37.3,>30m,68.6,0,0.0,10,10,1.0,0.0
nuscenes_mini_subset,scene-0103_020,roll,0.0,deg,11,Car,vehicle,54.2,>30m,56.5,2,0.0,1,1,1.0,0.0
nuscenes_mini_subset,scene-0103_020,roll,0.0,deg,12,Car,vehicle,21.2,15-30m,269.4,2,0.0,24,24,1.0,0.0
nuscenes_mini_subset,scene-0103_020,roll,0.0,deg,14,Car,vehicle,61.9,>30m,57.4,2,0.0,1,1,1.0,0.0
nuscenes_mini_subset,scene-0103_020,roll,0.0,deg,15,Car,vehicle,6.8,0-15m,201.4,0,0.93,54,54,1.0,0.0
nuscenes_mini_subset,scene-0103_020,roll,0.0,deg,16,Motorcycle,cyclist,38.1,>30m,21.5,0,0.0,0,0,,
nuscenes_mini_subset,scene-0103_020,roll,0.0,deg,17,Car,vehicle,48.0,>30m,61.9,2,0.0,0,0,,
nuscenes_mini_subset,scene-0103_020,roll,0.0,deg,18,Pedestrian,pedestrian,28.7,15-30m,37.2,2,0.0,3,3,1.0,0.0
nuscenes_mini_subset,scene-0103_020,roll,0.0,deg,19,Truck,vehicle,53.8,>30m,88.0,0,0.0,5,5,1.0,0.0
nuscenes_mini_subset,scene-0103_020,roll,0.0,deg,20,Car,vehicle,26.3,15-30m,172.4,1,0.22,3,3,1.0,0.0
nuscenes_mini_subset,scene-0103_020,roll,0.0,deg,21,Car,vehicle,15.1,15-30m,408.6,0,0.0,120,120,1.0,0.0
nuscenes_mini_subset,scene-0103_020,roll,0.0,deg,22,Pedestrian,pedestrian,56.8,>30m,12.4,2,0.0,2,2,1.0,0.0
nuscenes_mini_subset,scene-0103_020,roll,0.0,deg,23,Car,vehicle,77.1,>30m,31.3,2,0.0,0,0,,
nuscenes_mini_subset,scene-0103_020,roll,0.0,deg,24,Car,vehicle,27.5,15-30m,180.3,2,0.0,0,0,,
nuscenes_mini_subset,scene-0103_020,roll,0.0,deg,25,Car,vehicle,42.2,>30m,87.2,2,0.0,0,0,,
nuscenes_mini_subset,scene-0103_020,roll,0.25,deg,0,Car,vehicle,52.3,>30m,101.2,2,0.0,0,0,,
nuscenes_mini_subset,scene-0103_020,roll,0.25,deg,1,Pedestrian,pedestrian,56.6,>30m,13.5,2,0.0,1,1,1.0,5.52
nuscenes_mini_subset,scene-0103_020,roll,0.25,deg,2,Car,vehicle,17.4,15-30m,233.0,0,0.0,17,17,1.0,5.71
nuscenes_mini_subset,scene-0103_020,roll,0.25,deg,3,Car,vehicle,45.1,>30m,89.2,0,0.0,4,4,1.0,5.58
nuscenes_mini_subset,scene-0103_020,roll,0.25,deg,4,Car,vehicle,74.7,>30m,37.7,2,0.0,1,1,1.0,5.51
nuscenes_mini_subset,scene-0103_020,roll,0.25,deg,5,Car,vehicle,71.2,>30m,39.5,2,0.0,1,1,1.0,5.53
nuscenes_mini_subset,scene-0103_020,roll,0.25,deg,6,Car,vehicle,49.7,>30m,91.8,2,0.0,0,0,,
nuscenes_mini_subset,scene-0103_020,roll,0.25,deg,7,Car,vehicle,50.4,>30m,98.6,2,0.0,0,0,,
nuscenes_mini_subset,scene-0103_020,roll,0.25,deg,8,Car,vehicle,79.3,>30m,37.5,2,0.0,1,1,1.0,5.51
nuscenes_mini_subset,scene-0103_020,roll,0.25,deg,9,Car,vehicle,46.8,>30m,127.1,2,0.0,0,0,,
nuscenes_mini_subset,scene-0103_020,roll,0.25,deg,10,Car,vehicle,37.3,>30m,68.6,0,0.0,10,10,1.0,5.59
nuscenes_mini_subset,scene-0103_020,roll,0.25,deg,11,Car,vehicle,54.2,>30m,56.5,2,0.0,1,1,1.0,5.55
nuscenes_mini_subset,scene-0103_020,roll,0.25,deg,12,Car,vehicle,21.2,15-30m,269.4,2,0.0,24,24,1.0,5.69
nuscenes_mini_subset,scene-0103_020,roll,0.25,deg,14,Car,vehicle,61.9,>30m,57.4,2,0.0,1,1,1.0,5.52
nuscenes_mini_subset,scene-0103_020,roll,0.25,deg,15,Car,vehicle,6.8,0-15m,201.4,0,0.93,55,54,0.9818,6.28
nuscenes_mini_subset,scene-0103_020,roll,0.25,deg,16,Motorcycle,cyclist,38.1,>30m,21.5,0,0.0,0,0,,
nuscenes_mini_subset,scene-0103_020,roll,0.25,deg,17,Car,vehicle,48.0,>30m,61.9,2,0.0,0,0,,
nuscenes_mini_subset,scene-0103_020,roll,0.25,deg,18,Pedestrian,pedestrian,28.7,15-30m,37.2,2,0.0,3,3,1.0,5.62
nuscenes_mini_subset,scene-0103_020,roll,0.25,deg,19,Truck,vehicle,53.8,>30m,88.0,0,0.0,5,5,1.0,5.53
nuscenes_mini_subset,scene-0103_020,roll,0.25,deg,20,Car,vehicle,26.3,15-30m,172.4,1,0.22,3,3,1.0,5.68
nuscenes_mini_subset,scene-0103_020,roll,0.25,deg,21,Car,vehicle,15.1,15-30m,408.6,0,0.0,120,120,1.0,5.77
nuscenes_mini_subset,scene-0103_020,roll,0.25,deg,22,Pedestrian,pedestrian,56.8,>30m,12.4,2,0.0,2,2,1.0,5.52
nuscenes_mini_subset,scene-0103_020,roll,0.25,deg,23,Car,vehicle,77.1,>30m,31.3,2,0.0,0,0,,
nuscenes_mini_subset,scene-0103_020,roll,0.25,deg,24,Car,vehicle,27.5,15-30m,180.3,2,0.0,0,0,,
nuscenes_mini_subset,scene-0103_020,roll,0.25,deg,25,Car,vehicle,42.2,>30m,87.2,2,0.0,0,0,,
nuscenes_mini_subset,scene-0103_020,roll,0.5,deg,0,Car,vehicle,52.3,>30m,101.2,2,0.0,0,0,,
nuscenes_mini_subset,scene-0103_020,roll,0.5,deg,1,Pedestrian,pedestrian,56.6,>30m,13.5,2,0.0,1,1,1.0,11.04
nuscenes_mini_subset,scene-0103_020,roll,0.5,deg,2,Car,vehicle,17.4,15-30m,233.0,0,0.0,17,17,1.0,11.43
nuscenes_mini_subset,scene-0103_020,roll,0.5,deg,3,Car,vehicle,45.1,>30m,89.2,0,0.0,4,4,1.0,11.16
nuscenes_mini_subset,scene-0103_020,roll,0.5,deg,4,Car,vehicle,74.7,>30m,37.7,2,0.0,1,1,1.0,11.03
nuscenes_mini_subset,scene-0103_020,roll,0.5,deg,5,Car,vehicle,71.2,>30m,39.5,2,0.0,1,1,1.0,11.05
nuscenes_mini_subset,scene-0103_020,roll,0.5,deg,6,Car,vehicle,49.7,>30m,91.8,2,0.0,0,0,,
nuscenes_mini_subset,scene-0103_020,roll,0.5,deg,7,Car,vehicle,50.4,>30m,98.6,2,0.0,0,0,,
nuscenes_mini_subset,scene-0103_020,roll,0.5,deg,8,Car,vehicle,79.3,>30m,37.5,2,0.0,1,1,1.0,11.02
nuscenes_mini_subset,scene-0103_020,roll,0.5,deg,9,Car,vehicle,46.8,>30m,127.1,2,0.0,0,0,,
nuscenes_mini_subset,scene-0103_020,roll,0.5,deg,10,Car,vehicle,37.3,>30m,68.6,0,0.0,10,10,1.0,11.17
nuscenes_mini_subset,scene-0103_020,roll,0.5,deg,11,Car,vehicle,54.2,>30m,56.5,2,0.0,1,1,1.0,11.09
nuscenes_mini_subset,scene-0103_020,roll,0.5,deg,12,Car,vehicle,21.2,15-30m,269.4,2,0.0,24,24,1.0,11.37
nuscenes_mini_subset,scene-0103_020,roll,0.5,deg,14,Car,vehicle,61.9,>30m,57.4,2,0.0,1,1,1.0,11.04
nuscenes_mini_subset,scene-0103_020,roll,0.5,deg,15,Car,vehicle,6.8,0-15m,201.4,0,0.93,56,55,0.9821,12.54
nuscenes_mini_subset,scene-0103_020,roll,0.5,deg,16,Motorcycle,cyclist,38.1,>30m,21.5,0,0.0,0,0,,
nuscenes_mini_subset,scene-0103_020,roll,0.5,deg,17,Car,vehicle,48.0,>30m,61.9,2,0.0,0,0,,
nuscenes_mini_subset,scene-0103_020,roll,0.5,deg,18,Pedestrian,pedestrian,28.7,15-30m,37.2,2,0.0,3,3,1.0,11.24
nuscenes_mini_subset,scene-0103_020,roll,0.5,deg,19,Truck,vehicle,53.8,>30m,88.0,0,0.0,5,5,1.0,11.05
nuscenes_mini_subset,scene-0103_020,roll,0.5,deg,20,Car,vehicle,26.3,15-30m,172.4,1,0.22,3,3,1.0,11.35
nuscenes_mini_subset,scene-0103_020,roll,0.5,deg,21,Car,vehicle,15.1,15-30m,408.6,0,0.0,120,120,1.0,11.54
nuscenes_mini_subset,scene-0103_020,roll,0.5,deg,22,Pedestrian,pedestrian,56.8,>30m,12.4,2,0.0,2,2,1.0,11.04
nuscenes_mini_subset,scene-0103_020,roll,0.5,deg,23,Car,vehicle,77.1,>30m,31.3,2,0.0,0,0,,
nuscenes_mini_subset,scene-0103_020,roll,0.5,deg,24,Car,vehicle,27.5,15-30m,180.3,2,0.0,0,0,,
nuscenes_mini_subset,scene-0103_020,roll,0.5,deg,25,Car,vehicle,42.2,>30m,87.2,2,0.0,0,0,,
nuscenes_mini_subset,scene-0103_020,roll,1.0,deg,0,Car,vehicle,52.3,>30m,101.2,2,0.0,0,0,,
nuscenes_mini_subset,scene-0103_020,roll,1.0,deg,1,Pedestrian,pedestrian,56.6,>30m,13.5,2,0.0,1,1,1.0,22.08
nuscenes_mini_subset,scene-0103_020,roll,1.0,deg,2,Car,vehicle,17.4,15-30m,233.0,0,0.0,17,17,1.0,22.84
nuscenes_mini_subset,scene-0103_020,roll,1.0,deg,3,Car,vehicle,45.1,>30m,89.2,0,0.0,4,4,1.0,22.31
nuscenes_mini_subset,scene-0103_020,roll,1.0,deg,4,Car,vehicle,74.7,>30m,37.7,2,0.0,1,1,1.0,22.05
nuscenes_mini_subset,scene-0103_020,roll,1.0,deg,5,Car,vehicle,71.2,>30m,39.5,2,0.0,1,1,1.0,22.1
nuscenes_mini_subset,scene-0103_020,roll,1.0,deg,6,Car,vehicle,49.7,>30m,91.8,2,0.0,0,0,,
nuscenes_mini_subset,scene-0103_020,roll,1.0,deg,7,Car,vehicle,50.4,>30m,98.6,2,0.0,0,0,,
nuscenes_mini_subset,scene-0103_020,roll,1.0,deg,8,Car,vehicle,79.3,>30m,37.5,2,0.0,1,1,1.0,22.04
nuscenes_mini_subset,scene-0103_020,roll,1.0,deg,9,Car,vehicle,46.8,>30m,127.1,2,0.0,0,0,,
nuscenes_mini_subset,scene-0103_020,roll,1.0,deg,10,Car,vehicle,37.3,>30m,68.6,0,0.0,10,8,0.8,22.34
nuscenes_mini_subset,scene-0103_020,roll,1.0,deg,11,Car,vehicle,54.2,>30m,56.5,2,0.0,1,1,1.0,22.18
nuscenes_mini_subset,scene-0103_020,roll,1.0,deg,12,Car,vehicle,21.2,15-30m,269.4,2,0.0,24,21,0.875,22.72
nuscenes_mini_subset,scene-0103_020,roll,1.0,deg,14,Car,vehicle,61.9,>30m,57.4,2,0.0,1,1,1.0,22.09
nuscenes_mini_subset,scene-0103_020,roll,1.0,deg,15,Car,vehicle,6.8,0-15m,201.4,0,0.93,57,56,0.9825,25.04
nuscenes_mini_subset,scene-0103_020,roll,1.0,deg,16,Motorcycle,cyclist,38.1,>30m,21.5,0,0.0,0,0,,
nuscenes_mini_subset,scene-0103_020,roll,1.0,deg,17,Car,vehicle,48.0,>30m,61.9,2,0.0,0,0,,
nuscenes_mini_subset,scene-0103_020,roll,1.0,deg,18,Pedestrian,pedestrian,28.7,15-30m,37.2,2,0.0,3,3,1.0,22.47
nuscenes_mini_subset,scene-0103_020,roll,1.0,deg,19,Truck,vehicle,53.8,>30m,88.0,0,0.0,5,0,0.0,22.1
nuscenes_mini_subset,scene-0103_020,roll,1.0,deg,20,Car,vehicle,26.3,15-30m,172.4,1,0.22,3,3,1.0,22.7
nuscenes_mini_subset,scene-0103_020,roll,1.0,deg,21,Car,vehicle,15.1,15-30m,408.6,0,0.0,120,109,0.9083,23.07
nuscenes_mini_subset,scene-0103_020,roll,1.0,deg,22,Pedestrian,pedestrian,56.8,>30m,12.4,2,0.0,2,2,1.0,22.09
nuscenes_mini_subset,scene-0103_020,roll,1.0,deg,23,Car,vehicle,77.1,>30m,31.3,2,0.0,0,0,,
nuscenes_mini_subset,scene-0103_020,roll,1.0,deg,24,Car,vehicle,27.5,15-30m,180.3,2,0.0,0,0,,
nuscenes_mini_subset,scene-0103_020,roll,1.0,deg,25,Car,vehicle,42.2,>30m,87.2,2,0.0,0,0,,
nuscenes_mini_subset,scene-0103_020,roll,2.0,deg,0,Car,vehicle,52.3,>30m,101.2,2,0.0,0,0,,
nuscenes_mini_subset,scene-0103_020,roll,2.0,deg,1,Pedestrian,pedestrian,56.6,>30m,13.5,2,0.0,1,0,0.0,44.16
nuscenes_mini_subset,scene-0103_020,roll,2.0,deg,2,Car,vehicle,17.4,15-30m,233.0,0,0.0,17,11,0.6471,45.65
nuscenes_mini_subset,scene-0103_020,roll,2.0,deg,3,Car,vehicle,45.1,>30m,89.2,0,0.0,4,0,0.0,44.62
nuscenes_mini_subset,scene-0103_020,roll,2.0,deg,4,Car,vehicle,74.7,>30m,37.7,2,0.0,1,0,0.0,44.09
nuscenes_mini_subset,scene-0103_020,roll,2.0,deg,5,Car,vehicle,71.2,>30m,39.5,2,0.0,1,0,0.0,44.2
nuscenes_mini_subset,scene-0103_020,roll,2.0,deg,6,Car,vehicle,49.7,>30m,91.8,2,0.0,0,0,,
nuscenes_mini_subset,scene-0103_020,roll,2.0,deg,7,Car,vehicle,50.4,>30m,98.6,2,0.0,0,0,,
nuscenes_mini_subset,scene-0103_020,roll,2.0,deg,8,Car,vehicle,79.3,>30m,37.5,2,0.0,1,0,0.0,44.07
nuscenes_mini_subset,scene-0103_020,roll,2.0,deg,9,Car,vehicle,46.8,>30m,127.1,2,0.0,0,0,,
nuscenes_mini_subset,scene-0103_020,roll,2.0,deg,10,Car,vehicle,37.3,>30m,68.6,0,0.0,10,8,0.8,44.66
nuscenes_mini_subset,scene-0103_020,roll,2.0,deg,11,Car,vehicle,54.2,>30m,56.5,2,0.0,1,0,0.0,44.34
nuscenes_mini_subset,scene-0103_020,roll,2.0,deg,12,Car,vehicle,21.2,15-30m,269.4,2,0.0,24,21,0.875,45.38
nuscenes_mini_subset,scene-0103_020,roll,2.0,deg,14,Car,vehicle,61.9,>30m,57.4,2,0.0,1,0,0.0,44.16
nuscenes_mini_subset,scene-0103_020,roll,2.0,deg,15,Car,vehicle,6.8,0-15m,201.4,0,0.93,57,57,1.0,49.9
nuscenes_mini_subset,scene-0103_020,roll,2.0,deg,16,Motorcycle,cyclist,38.1,>30m,21.5,0,0.0,0,0,,
nuscenes_mini_subset,scene-0103_020,roll,2.0,deg,17,Car,vehicle,48.0,>30m,61.9,2,0.0,0,0,,
nuscenes_mini_subset,scene-0103_020,roll,2.0,deg,18,Pedestrian,pedestrian,28.7,15-30m,37.2,2,0.0,3,0,0.0,44.93
nuscenes_mini_subset,scene-0103_020,roll,2.0,deg,19,Truck,vehicle,53.8,>30m,88.0,0,0.0,5,0,0.0,44.22
nuscenes_mini_subset,scene-0103_020,roll,2.0,deg,20,Car,vehicle,26.3,15-30m,172.4,1,0.22,3,3,1.0,45.36
nuscenes_mini_subset,scene-0103_020,roll,2.0,deg,21,Car,vehicle,15.1,15-30m,408.6,0,0.0,120,106,0.8833,46.06
nuscenes_mini_subset,scene-0103_020,roll,2.0,deg,22,Pedestrian,pedestrian,56.8,>30m,12.4,2,0.0,2,0,0.0,44.16
nuscenes_mini_subset,scene-0103_020,roll,2.0,deg,23,Car,vehicle,77.1,>30m,31.3,2,0.0,0,0,,
nuscenes_mini_subset,scene-0103_020,roll,2.0,deg,24,Car,vehicle,27.5,15-30m,180.3,2,0.0,0,0,,
nuscenes_mini_subset,scene-0103_020,roll,2.0,deg,25,Car,vehicle,42.2,>30m,87.2,2,0.0,0,0,,
nuscenes_mini_subset,scene-0103_020,roll,3.0,deg,0,Car,vehicle,52.3,>30m,101.2,2,0.0,0,0,,
nuscenes_mini_subset,scene-0103_020,roll,3.0,deg,1,Pedestrian,pedestrian,56.6,>30m,13.5,2,0.0,1,0,0.0,66.24
nuscenes_mini_subset,scene-0103_020,roll,3.0,deg,2,Car,vehicle,17.4,15-30m,233.0,0,0.0,17,8,0.4706,68.45
nuscenes_mini_subset,scene-0103_020,roll,3.0,deg,3,Car,vehicle,45.1,>30m,89.2,0,0.0,4,0,0.0,66.93
nuscenes_mini_subset,scene-0103_020,roll,3.0,deg,4,Car,vehicle,74.7,>30m,37.7,2,0.0,1,0,0.0,66.13
nuscenes_mini_subset,scene-0103_020,roll,3.0,deg,5,Car,vehicle,71.2,>30m,39.5,2,0.0,1,0,0.0,66.3
nuscenes_mini_subset,scene-0103_020,roll,3.0,deg,6,Car,vehicle,49.7,>30m,91.8,2,0.0,0,0,,
nuscenes_mini_subset,scene-0103_020,roll,3.0,deg,7,Car,vehicle,50.4,>30m,98.6,2,0.0,0,0,,
nuscenes_mini_subset,scene-0103_020,roll,3.0,deg,8,Car,vehicle,79.3,>30m,37.5,2,0.0,1,0,0.0,66.1
nuscenes_mini_subset,scene-0103_020,roll,3.0,deg,9,Car,vehicle,46.8,>30m,127.1,2,0.0,0,0,,
nuscenes_mini_subset,scene-0103_020,roll,3.0,deg,10,Car,vehicle,37.3,>30m,68.6,0,0.0,10,0,0.0,66.96
nuscenes_mini_subset,scene-0103_020,roll,3.0,deg,11,Car,vehicle,54.2,>30m,56.5,2,0.0,1,0,0.0,66.51
nuscenes_mini_subset,scene-0103_020,roll,3.0,deg,12,Car,vehicle,21.2,15-30m,269.4,2,0.0,24,14,0.5833,67.98
nuscenes_mini_subset,scene-0103_020,roll,3.0,deg,14,Car,vehicle,61.9,>30m,57.4,2,0.0,1,0,0.0,66.24
nuscenes_mini_subset,scene-0103_020,roll,3.0,deg,15,Car,vehicle,6.8,0-15m,201.4,0,0.93,57,57,1.0,74.61
nuscenes_mini_subset,scene-0103_020,roll,3.0,deg,16,Motorcycle,cyclist,38.1,>30m,21.5,0,0.0,0,0,,
nuscenes_mini_subset,scene-0103_020,roll,3.0,deg,17,Car,vehicle,48.0,>30m,61.9,2,0.0,0,0,,
nuscenes_mini_subset,scene-0103_020,roll,3.0,deg,18,Pedestrian,pedestrian,28.7,15-30m,37.2,2,0.0,3,0,0.0,67.41
nuscenes_mini_subset,scene-0103_020,roll,3.0,deg,19,Truck,vehicle,53.8,>30m,88.0,0,0.0,5,0,0.0,66.36
nuscenes_mini_subset,scene-0103_020,roll,3.0,deg,20,Car,vehicle,26.3,15-30m,172.4,1,0.22,3,3,1.0,68.01
nuscenes_mini_subset,scene-0103_020,roll,3.0,deg,21,Car,vehicle,15.1,15-30m,408.6,0,0.0,120,90,0.75,68.99
nuscenes_mini_subset,scene-0103_020,roll,3.0,deg,22,Pedestrian,pedestrian,56.8,>30m,12.4,2,0.0,2,0,0.0,66.24
nuscenes_mini_subset,scene-0103_020,roll,3.0,deg,23,Car,vehicle,77.1,>30m,31.3,2,0.0,0,0,,
nuscenes_mini_subset,scene-0103_020,roll,3.0,deg,24,Car,vehicle,27.5,15-30m,180.3,2,0.0,0,0,,
nuscenes_mini_subset,scene-0103_020,roll,3.0,deg,25,Car,vehicle,42.2,>30m,87.2,2,0.0,0,0,,
nuscenes_mini_subset,scene-0103_020,tx,0.0,m,0,Car,vehicle,52.3,>30m,101.2,2,0.0,0,0,,
nuscenes_mini_subset,scene-0103_020,tx,0.0,m,1,Pedestrian,pedestrian,56.6,>30m,13.5,2,0.0,1,1,1.0,0.0
nuscenes_mini_subset,scene-0103_020,tx,0.0,m,2,Car,vehicle,17.4,15-30m,233.0,0,0.0,17,17,1.0,0.0
nuscenes_mini_subset,scene-0103_020,tx,0.0,m,3,Car,vehicle,45.1,>30m,89.2,0,0.0,4,4,1.0,0.0
nuscenes_mini_subset,scene-0103_020,tx,0.0,m,4,Car,vehicle,74.7,>30m,37.7,2,0.0,1,1,1.0,0.0
nuscenes_mini_subset,scene-0103_020,tx,0.0,m,5,Car,vehicle,71.2,>30m,39.5,2,0.0,1,1,1.0,0.0
nuscenes_mini_subset,scene-0103_020,tx,0.0,m,6,Car,vehicle,49.7,>30m,91.8,2,0.0,0,0,,
nuscenes_mini_subset,scene-0103_020,tx,0.0,m,7,Car,vehicle,50.4,>30m,98.6,2,0.0,0,0,,
nuscenes_mini_subset,scene-0103_020,tx,0.0,m,8,Car,vehicle,79.3,>30m,37.5,2,0.0,1,1,1.0,0.0
nuscenes_mini_subset,scene-0103_020,tx,0.0,m,9,Car,vehicle,46.8,>30m,127.1,2,0.0,0,0,,
nuscenes_mini_subset,scene-0103_020,tx,0.0,m,10,Car,vehicle,37.3,>30m,68.6,0,0.0,10,10,1.0,0.0
nuscenes_mini_subset,scene-0103_020,tx,0.0,m,11,Car,vehicle,54.2,>30m,56.5,2,0.0,1,1,1.0,0.0
nuscenes_mini_subset,scene-0103_020,tx,0.0,m,12,Car,vehicle,21.2,15-30m,269.4,2,0.0,24,24,1.0,0.0
nuscenes_mini_subset,scene-0103_020,tx,0.0,m,14,Car,vehicle,61.9,>30m,57.4,2,0.0,1,1,1.0,0.0
nuscenes_mini_subset,scene-0103_020,tx,0.0,m,15,Car,vehicle,6.8,0-15m,201.4,0,0.93,54,54,1.0,0.0
nuscenes_mini_subset,scene-0103_020,tx,0.0,m,16,Motorcycle,cyclist,38.1,>30m,21.5,0,0.0,0,0,,
nuscenes_mini_subset,scene-0103_020,tx,0.0,m,17,Car,vehicle,48.0,>30m,61.9,2,0.0,0,0,,
nuscenes_mini_subset,scene-0103_020,tx,0.0,m,18,Pedestrian,pedestrian,28.7,15-30m,37.2,2,0.0,3,3,1.0,0.0
nuscenes_mini_subset,scene-0103_020,tx,0.0,m,19,Truck,vehicle,53.8,>30m,88.0,0,0.0,5,5,1.0,0.0
nuscenes_mini_subset,scene-0103_020,tx,0.0,m,20,Car,vehicle,26.3,15-30m,172.4,1,0.22,3,3,1.0,0.0
nuscenes_mini_subset,scene-0103_020,tx,0.0,m,21,Car,vehicle,15.1,15-30m,408.6,0,0.0,120,120,1.0,0.0
nuscenes_mini_subset,scene-0103_020,tx,0.0,m,22,Pedestrian,pedestrian,56.8,>30m,12.4,2,0.0,2,2,1.0,0.0
nuscenes_mini_subset,scene-0103_020,tx,0.0,m,23,Car,vehicle,77.1,>30m,31.3,2,0.0,0,0,,
nuscenes_mini_subset,scene-0103_020,tx,0.0,m,24,Car,vehicle,27.5,15-30m,180.3,2,0.0,0,0,,
nuscenes_mini_subset,scene-0103_020,tx,0.0,m,25,Car,vehicle,42.2,>30m,87.2,2,0.0,0,0,,
nuscenes_mini_subset,scene-0103_020,tx,0.02,m,0,Car,vehicle,52.3,>30m,101.2,2,0.0,0,0,,
nuscenes_mini_subset,scene-0103_020,tx,0.02,m,1,Pedestrian,pedestrian,56.6,>30m,13.5,2,0.0,1,1,1.0,0.45
nuscenes_mini_subset,scene-0103_020,tx,0.02,m,2,Car,vehicle,17.4,15-30m,233.0,0,0.0,17,17,1.0,1.58
nuscenes_mini_subset,scene-0103_020,tx,0.02,m,3,Car,vehicle,45.1,>30m,89.2,0,0.0,4,4,1.0,0.62
nuscenes_mini_subset,scene-0103_020,tx,0.02,m,4,Car,vehicle,74.7,>30m,37.7,2,0.0,1,1,1.0,0.34
nuscenes_mini_subset,scene-0103_020,tx,0.02,m,5,Car,vehicle,71.2,>30m,39.5,2,0.0,1,1,1.0,0.37
nuscenes_mini_subset,scene-0103_020,tx,0.02,m,6,Car,vehicle,49.7,>30m,91.8,2,0.0,0,0,,
nuscenes_mini_subset,scene-0103_020,tx,0.02,m,7,Car,vehicle,50.4,>30m,98.6,2,0.0,0,0,,
nuscenes_mini_subset,scene-0103_020,tx,0.02,m,8,Car,vehicle,79.3,>30m,37.5,2,0.0,1,1,1.0,0.32
nuscenes_mini_subset,scene-0103_020,tx,0.02,m,9,Car,vehicle,46.8,>30m,127.1,2,0.0,0,0,,
nuscenes_mini_subset,scene-0103_020,tx,0.02,m,10,Car,vehicle,37.3,>30m,68.6,0,0.0,10,10,1.0,0.71
nuscenes_mini_subset,scene-0103_020,tx,0.02,m,11,Car,vehicle,54.2,>30m,56.5,2,0.0,1,1,1.0,0.49
nuscenes_mini_subset,scene-0103_020,tx,0.02,m,12,Car,vehicle,21.2,15-30m,269.4,2,0.0,24,24,1.0,1.38
nuscenes_mini_subset,scene-0103_020,tx,0.02,m,14,Car,vehicle,61.9,>30m,57.4,2,0.0,1,1,1.0,0.42
nuscenes_mini_subset,scene-0103_020,tx,0.02,m,15,Car,vehicle,6.8,0-15m,201.4,0,0.93,53,53,1.0,3.93
nuscenes_mini_subset,scene-0103_020,tx,0.02,m,16,Motorcycle,cyclist,38.1,>30m,21.5,0,0.0,0,0,,
nuscenes_mini_subset,scene-0103_020,tx,0.02,m,17,Car,vehicle,48.0,>30m,61.9,2,0.0,0,0,,
nuscenes_mini_subset,scene-0103_020,tx,0.02,m,18,Pedestrian,pedestrian,28.7,15-30m,37.2,2,0.0,3,3,1.0,0.93
nuscenes_mini_subset,scene-0103_020,tx,0.02,m,19,Truck,vehicle,53.8,>30m,88.0,0,0.0,5,5,1.0,0.48
nuscenes_mini_subset,scene-0103_020,tx,0.02,m,20,Car,vehicle,26.3,15-30m,172.4,1,0.22,3,3,1.0,1.17
nuscenes_mini_subset,scene-0103_020,tx,0.02,m,21,Car,vehicle,15.1,15-30m,408.6,0,0.0,120,120,1.0,1.86
nuscenes_mini_subset,scene-0103_020,tx,0.02,m,22,Pedestrian,pedestrian,56.8,>30m,12.4,2,0.0,2,2,1.0,0.45
nuscenes_mini_subset,scene-0103_020,tx,0.02,m,23,Car,vehicle,77.1,>30m,31.3,2,0.0,0,0,,
nuscenes_mini_subset,scene-0103_020,tx,0.02,m,24,Car,vehicle,27.5,15-30m,180.3,2,0.0,0,0,,
nuscenes_mini_subset,scene-0103_020,tx,0.02,m,25,Car,vehicle,42.2,>30m,87.2,2,0.0,0,0,,
nuscenes_mini_subset,scene-0103_020,tx,0.05,m,0,Car,vehicle,52.3,>30m,101.2,2,0.0,0,0,,
nuscenes_mini_subset,scene-0103_020,tx,0.05,m,1,Pedestrian,pedestrian,56.6,>30m,13.5,2,0.0,1,1,1.0,1.12
nuscenes_mini_subset,scene-0103_020,tx,0.05,m,2,Car,vehicle,17.4,15-30m,233.0,0,0.0,17,17,1.0,3.94
nuscenes_mini_subset,scene-0103_020,tx,0.05,m,3,Car,vehicle,45.1,>30m,89.2,0,0.0,4,4,1.0,1.55
nuscenes_mini_subset,scene-0103_020,tx,0.05,m,4,Car,vehicle,74.7,>30m,37.7,2,0.0,1,1,1.0,0.86
nuscenes_mini_subset,scene-0103_020,tx,0.05,m,5,Car,vehicle,71.2,>30m,39.5,2,0.0,1,1,1.0,0.91
nuscenes_mini_subset,scene-0103_020,tx,0.05,m,6,Car,vehicle,49.7,>30m,91.8,2,0.0,0,0,,
nuscenes_mini_subset,scene-0103_020,tx,0.05,m,7,Car,vehicle,50.4,>30m,98.6,2,0.0,0,0,,
nuscenes_mini_subset,scene-0103_020,tx,0.05,m,8,Car,vehicle,79.3,>30m,37.5,2,0.0,1,1,1.0,0.81
nuscenes_mini_subset,scene-0103_020,tx,0.05,m,9,Car,vehicle,46.8,>30m,127.1,2,0.0,0,0,,
nuscenes_mini_subset,scene-0103_020,tx,0.05,m,10,Car,vehicle,37.3,>30m,68.6,0,0.0,10,10,1.0,1.78
nuscenes_mini_subset,scene-0103_020,tx,0.05,m,11,Car,vehicle,54.2,>30m,56.5,2,0.0,1,1,1.0,1.22
nuscenes_mini_subset,scene-0103_020,tx,0.05,m,12,Car,vehicle,21.2,15-30m,269.4,2,0.0,24,24,1.0,3.46
nuscenes_mini_subset,scene-0103_020,tx,0.05,m,14,Car,vehicle,61.9,>30m,57.4,2,0.0,1,1,1.0,1.04
nuscenes_mini_subset,scene-0103_020,tx,0.05,m,15,Car,vehicle,6.8,0-15m,201.4,0,0.93,50,49,0.98,9.77
nuscenes_mini_subset,scene-0103_020,tx,0.05,m,16,Motorcycle,cyclist,38.1,>30m,21.5,0,0.0,0,0,,
nuscenes_mini_subset,scene-0103_020,tx,0.05,m,17,Car,vehicle,48.0,>30m,61.9,2,0.0,0,0,,
nuscenes_mini_subset,scene-0103_020,tx,0.05,m,18,Pedestrian,pedestrian,28.7,15-30m,37.2,2,0.0,3,3,1.0,2.32
nuscenes_mini_subset,scene-0103_020,tx,0.05,m,19,Truck,vehicle,53.8,>30m,88.0,0,0.0,5,5,1.0,1.19
nuscenes_mini_subset,scene-0103_020,tx,0.05,m,20,Car,vehicle,26.3,15-30m,172.4,1,0.22,3,3,1.0,2.93
nuscenes_mini_subset,scene-0103_020,tx,0.05,m,21,Car,vehicle,15.1,15-30m,408.6,0,0.0,120,120,1.0,4.65
nuscenes_mini_subset,scene-0103_020,tx,0.05,m,22,Pedestrian,pedestrian,56.8,>30m,12.4,2,0.0,2,2,1.0,1.12
nuscenes_mini_subset,scene-0103_020,tx,0.05,m,23,Car,vehicle,77.1,>30m,31.3,2,0.0,0,0,,
nuscenes_mini_subset,scene-0103_020,tx,0.05,m,24,Car,vehicle,27.5,15-30m,180.3,2,0.0,0,0,,
nuscenes_mini_subset,scene-0103_020,tx,0.05,m,25,Car,vehicle,42.2,>30m,87.2,2,0.0,0,0,,
nuscenes_mini_subset,scene-0103_020,tx,0.1,m,0,Car,vehicle,52.3,>30m,101.2,2,0.0,0,0,,
nuscenes_mini_subset,scene-0103_020,tx,0.1,m,1,Pedestrian,pedestrian,56.6,>30m,13.5,2,0.0,1,1,1.0,2.25
nuscenes_mini_subset,scene-0103_020,tx,0.1,m,2,Car,vehicle,17.4,15-30m,233.0,0,0.0,17,17,1.0,7.88
nuscenes_mini_subset,scene-0103_020,tx,0.1,m,3,Car,vehicle,45.1,>30m,89.2,0,0.0,4,4,1.0,3.1
nuscenes_mini_subset,scene-0103_020,tx,0.1,m,4,Car,vehicle,74.7,>30m,37.7,2,0.0,1,1,1.0,1.72
nuscenes_mini_subset,scene-0103_020,tx,0.1,m,5,Car,vehicle,71.2,>30m,39.5,2,0.0,1,1,1.0,1.83
nuscenes_mini_subset,scene-0103_020,tx,0.1,m,6,Car,vehicle,49.7,>30m,91.8,2,0.0,0,0,,
nuscenes_mini_subset,scene-0103_020,tx,0.1,m,7,Car,vehicle,50.4,>30m,98.6,2,0.0,0,0,,
nuscenes_mini_subset,scene-0103_020,tx,0.1,m,8,Car,vehicle,79.3,>30m,37.5,2,0.0,1,1,1.0,1.62
nuscenes_mini_subset,scene-0103_020,tx,0.1,m,9,Car,vehicle,46.8,>30m,127.1,2,0.0,0,0,,
nuscenes_mini_subset,scene-0103_020,tx,0.1,m,10,Car,vehicle,37.3,>30m,68.6,0,0.0,10,10,1.0,3.56
nuscenes_mini_subset,scene-0103_020,tx,0.1,m,11,Car,vehicle,54.2,>30m,56.5,2,0.0,1,1,1.0,2.43
nuscenes_mini_subset,scene-0103_020,tx,0.1,m,12,Car,vehicle,21.2,15-30m,269.4,2,0.0,24,24,1.0,6.91
nuscenes_mini_subset,scene-0103_020,tx,0.1,m,14,Car,vehicle,61.9,>30m,57.4,2,0.0,1,1,1.0,2.09
nuscenes_mini_subset,scene-0103_020,tx,0.1,m,15,Car,vehicle,6.8,0-15m,201.4,0,0.93,46,46,1.0,19.41
nuscenes_mini_subset,scene-0103_020,tx,0.1,m,16,Motorcycle,cyclist,38.1,>30m,21.5,0,0.0,0,0,,
nuscenes_mini_subset,scene-0103_020,tx,0.1,m,17,Car,vehicle,48.0,>30m,61.9,2,0.0,0,0,,
nuscenes_mini_subset,scene-0103_020,tx,0.1,m,18,Pedestrian,pedestrian,28.7,15-30m,37.2,2,0.0,3,3,1.0,4.63
nuscenes_mini_subset,scene-0103_020,tx,0.1,m,19,Truck,vehicle,53.8,>30m,88.0,0,0.0,5,5,1.0,2.38
nuscenes_mini_subset,scene-0103_020,tx,0.1,m,20,Car,vehicle,26.3,15-30m,172.4,1,0.22,3,3,1.0,5.87
nuscenes_mini_subset,scene-0103_020,tx,0.1,m,21,Car,vehicle,15.1,15-30m,408.6,0,0.0,120,120,1.0,9.3
nuscenes_mini_subset,scene-0103_020,tx,0.1,m,22,Pedestrian,pedestrian,56.8,>30m,12.4,2,0.0,2,2,1.0,2.24
nuscenes_mini_subset,scene-0103_020,tx,0.1,m,23,Car,vehicle,77.1,>30m,31.3,2,0.0,0,0,,
nuscenes_mini_subset,scene-0103_020,tx,0.1,m,24,Car,vehicle,27.5,15-30m,180.3,2,0.0,0,0,,
nuscenes_mini_subset,scene-0103_020,tx,0.1,m,25,Car,vehicle,42.2,>30m,87.2,2,0.0,0,0,,
nuscenes_mini_subset,scene-0103_020,tx,0.2,m,0,Car,vehicle,52.3,>30m,101.2,2,0.0,0,0,,
nuscenes_mini_subset,scene-0103_020,tx,0.2,m,1,Pedestrian,pedestrian,56.6,>30m,13.5,2,0.0,1,1,1.0,4.49
nuscenes_mini_subset,scene-0103_020,tx,0.2,m,2,Car,vehicle,17.4,15-30m,233.0,0,0.0,17,17,1.0,15.76
nuscenes_mini_subset,scene-0103_020,tx,0.2,m,3,Car,vehicle,45.1,>30m,89.2,0,0.0,4,4,1.0,6.2
nuscenes_mini_subset,scene-0103_020,tx,0.2,m,4,Car,vehicle,74.7,>30m,37.7,2,0.0,1,1,1.0,3.44
nuscenes_mini_subset,scene-0103_020,tx,0.2,m,5,Car,vehicle,71.2,>30m,39.5,2,0.0,1,1,1.0,3.65
nuscenes_mini_subset,scene-0103_020,tx,0.2,m,6,Car,vehicle,49.7,>30m,91.8,2,0.0,0,0,,
nuscenes_mini_subset,scene-0103_020,tx,0.2,m,7,Car,vehicle,50.4,>30m,98.6,2,0.0,0,0,,
nuscenes_mini_subset,scene-0103_020,tx,0.2,m,8,Car,vehicle,79.3,>30m,37.5,2,0.0,1,1,1.0,3.24
nuscenes_mini_subset,scene-0103_020,tx,0.2,m,9,Car,vehicle,46.8,>30m,127.1,2,0.0,0,0,,
nuscenes_mini_subset,scene-0103_020,tx,0.2,m,10,Car,vehicle,37.3,>30m,68.6,0,0.0,10,9,0.9,7.11
nuscenes_mini_subset,scene-0103_020,tx,0.2,m,11,Car,vehicle,54.2,>30m,56.5,2,0.0,1,1,1.0,4.86
nuscenes_mini_subset,scene-0103_020,tx,0.2,m,12,Car,vehicle,21.2,15-30m,269.4,2,0.0,24,24,1.0,13.83
nuscenes_mini_subset,scene-0103_020,tx,0.2,m,14,Car,vehicle,61.9,>30m,57.4,2,0.0,1,1,1.0,4.18
nuscenes_mini_subset,scene-0103_020,tx,0.2,m,15,Car,vehicle,6.8,0-15m,201.4,0,0.93,38,38,1.0,38.17
nuscenes_mini_subset,scene-0103_020,tx,0.2,m,16,Motorcycle,cyclist,38.1,>30m,21.5,0,0.0,0,0,,
nuscenes_mini_subset,scene-0103_020,tx,0.2,m,17,Car,vehicle,48.0,>30m,61.9,2,0.0,0,0,,
nuscenes_mini_subset,scene-0103_020,tx,0.2,m,18,Pedestrian,pedestrian,28.7,15-30m,37.2,2,0.0,3,3,1.0,9.27
nuscenes_mini_subset,scene-0103_020,tx,0.2,m,19,Truck,vehicle,53.8,>30m,88.0,0,0.0,5,5,1.0,4.77
nuscenes_mini_subset,scene-0103_020,tx,0.2,m,20,Car,vehicle,26.3,15-30m,172.4,1,0.22,3,3,1.0,11.74
nuscenes_mini_subset,scene-0103_020,tx,0.2,m,21,Car,vehicle,15.1,15-30m,408.6,0,0.0,120,120,1.0,18.61
nuscenes_mini_subset,scene-0103_020,tx,0.2,m,22,Pedestrian,pedestrian,56.8,>30m,12.4,2,0.0,2,1,0.5,4.47
nuscenes_mini_subset,scene-0103_020,tx,0.2,m,23,Car,vehicle,77.1,>30m,31.3,2,0.0,0,0,,
nuscenes_mini_subset,scene-0103_020,tx,0.2,m,24,Car,vehicle,27.5,15-30m,180.3,2,0.0,0,0,,
nuscenes_mini_subset,scene-0103_020,tx,0.2,m,25,Car,vehicle,42.2,>30m,87.2,2,0.0,0,0,,
nuscenes_mini_subset,scene-0103_020,ty,0.0,m,0,Car,vehicle,52.3,>30m,101.2,2,0.0,0,0,,
nuscenes_mini_subset,scene-0103_020,ty,0.0,m,1,Pedestrian,pedestrian,56.6,>30m,13.5,2,0.0,1,1,1.0,0.0
nuscenes_mini_subset,scene-0103_020,ty,0.0,m,2,Car,vehicle,17.4,15-30m,233.0,0,0.0,17,17,1.0,0.0
nuscenes_mini_subset,scene-0103_020,ty,0.0,m,3,Car,vehicle,45.1,>30m,89.2,0,0.0,4,4,1.0,0.0
nuscenes_mini_subset,scene-0103_020,ty,0.0,m,4,Car,vehicle,74.7,>30m,37.7,2,0.0,1,1,1.0,0.0
nuscenes_mini_subset,scene-0103_020,ty,0.0,m,5,Car,vehicle,71.2,>30m,39.5,2,0.0,1,1,1.0,0.0
nuscenes_mini_subset,scene-0103_020,ty,0.0,m,6,Car,vehicle,49.7,>30m,91.8,2,0.0,0,0,,
nuscenes_mini_subset,scene-0103_020,ty,0.0,m,7,Car,vehicle,50.4,>30m,98.6,2,0.0,0,0,,
nuscenes_mini_subset,scene-0103_020,ty,0.0,m,8,Car,vehicle,79.3,>30m,37.5,2,0.0,1,1,1.0,0.0
nuscenes_mini_subset,scene-0103_020,ty,0.0,m,9,Car,vehicle,46.8,>30m,127.1,2,0.0,0,0,,
nuscenes_mini_subset,scene-0103_020,ty,0.0,m,10,Car,vehicle,37.3,>30m,68.6,0,0.0,10,10,1.0,0.0
nuscenes_mini_subset,scene-0103_020,ty,0.0,m,11,Car,vehicle,54.2,>30m,56.5,2,0.0,1,1,1.0,0.0
nuscenes_mini_subset,scene-0103_020,ty,0.0,m,12,Car,vehicle,21.2,15-30m,269.4,2,0.0,24,24,1.0,0.0
nuscenes_mini_subset,scene-0103_020,ty,0.0,m,14,Car,vehicle,61.9,>30m,57.4,2,0.0,1,1,1.0,0.0
nuscenes_mini_subset,scene-0103_020,ty,0.0,m,15,Car,vehicle,6.8,0-15m,201.4,0,0.93,54,54,1.0,0.0
nuscenes_mini_subset,scene-0103_020,ty,0.0,m,16,Motorcycle,cyclist,38.1,>30m,21.5,0,0.0,0,0,,
nuscenes_mini_subset,scene-0103_020,ty,0.0,m,17,Car,vehicle,48.0,>30m,61.9,2,0.0,0,0,,
nuscenes_mini_subset,scene-0103_020,ty,0.0,m,18,Pedestrian,pedestrian,28.7,15-30m,37.2,2,0.0,3,3,1.0,0.0
nuscenes_mini_subset,scene-0103_020,ty,0.0,m,19,Truck,vehicle,53.8,>30m,88.0,0,0.0,5,5,1.0,0.0
nuscenes_mini_subset,scene-0103_020,ty,0.0,m,20,Car,vehicle,26.3,15-30m,172.4,1,0.22,3,3,1.0,0.0
nuscenes_mini_subset,scene-0103_020,ty,0.0,m,21,Car,vehicle,15.1,15-30m,408.6,0,0.0,120,120,1.0,0.0
nuscenes_mini_subset,scene-0103_020,ty,0.0,m,22,Pedestrian,pedestrian,56.8,>30m,12.4,2,0.0,2,2,1.0,0.0
nuscenes_mini_subset,scene-0103_020,ty,0.0,m,23,Car,vehicle,77.1,>30m,31.3,2,0.0,0,0,,
nuscenes_mini_subset,scene-0103_020,ty,0.0,m,24,Car,vehicle,27.5,15-30m,180.3,2,0.0,0,0,,
nuscenes_mini_subset,scene-0103_020,ty,0.0,m,25,Car,vehicle,42.2,>30m,87.2,2,0.0,0,0,,
nuscenes_mini_subset,scene-0103_020,ty,0.02,m,0,Car,vehicle,52.3,>30m,101.2,2,0.0,0,0,,
nuscenes_mini_subset,scene-0103_020,ty,0.02,m,1,Pedestrian,pedestrian,56.6,>30m,13.5,2,0.0,1,1,1.0,0.09
nuscenes_mini_subset,scene-0103_020,ty,0.02,m,2,Car,vehicle,17.4,15-30m,233.0,0,0.0,17,17,1.0,0.11
nuscenes_mini_subset,scene-0103_020,ty,0.02,m,3,Car,vehicle,45.1,>30m,89.2,0,0.0,4,4,1.0,0.24
nuscenes_mini_subset,scene-0103_020,ty,0.02,m,4,Car,vehicle,74.7,>30m,37.7,2,0.0,1,1,1.0,0.04
nuscenes_mini_subset,scene-0103_020,ty,0.02,m,5,Car,vehicle,71.2,>30m,39.5,2,0.0,1,1,1.0,0.03
nuscenes_mini_subset,scene-0103_020,ty,0.02,m,6,Car,vehicle,49.7,>30m,91.8,2,0.0,0,0,,
nuscenes_mini_subset,scene-0103_020,ty,0.02,m,7,Car,vehicle,50.4,>30m,98.6,2,0.0,0,0,,
nuscenes_mini_subset,scene-0103_020,ty,0.02,m,8,Car,vehicle,79.3,>30m,37.5,2,0.0,1,1,1.0,0.03
nuscenes_mini_subset,scene-0103_020,ty,0.02,m,9,Car,vehicle,46.8,>30m,127.1,2,0.0,0,0,,
nuscenes_mini_subset,scene-0103_020,ty,0.02,m,10,Car,vehicle,37.3,>30m,68.6,0,0.0,10,10,1.0,0.12
nuscenes_mini_subset,scene-0103_020,ty,0.02,m,11,Car,vehicle,54.2,>30m,56.5,2,0.0,1,1,1.0,0.05
nuscenes_mini_subset,scene-0103_020,ty,0.02,m,12,Car,vehicle,21.2,15-30m,269.4,2,0.0,24,24,1.0,0.69
nuscenes_mini_subset,scene-0103_020,ty,0.02,m,14,Car,vehicle,61.9,>30m,57.4,2,0.0,1,1,1.0,0.05
nuscenes_mini_subset,scene-0103_020,ty,0.02,m,15,Car,vehicle,6.8,0-15m,201.4,0,0.93,56,56,1.0,2.18
nuscenes_mini_subset,scene-0103_020,ty,0.02,m,16,Motorcycle,cyclist,38.1,>30m,21.5,0,0.0,0,0,,
nuscenes_mini_subset,scene-0103_020,ty,0.02,m,17,Car,vehicle,48.0,>30m,61.9,2,0.0,0,0,,
nuscenes_mini_subset,scene-0103_020,ty,0.02,m,18,Pedestrian,pedestrian,28.7,15-30m,37.2,2,0.0,3,3,1.0,0.31
nuscenes_mini_subset,scene-0103_020,ty,0.02,m,19,Truck,vehicle,53.8,>30m,88.0,0,0.0,5,5,1.0,0.07
nuscenes_mini_subset,scene-0103_020,ty,0.02,m,20,Car,vehicle,26.3,15-30m,172.4,1,0.22,3,3,1.0,0.65
nuscenes_mini_subset,scene-0103_020,ty,0.02,m,21,Car,vehicle,15.1,15-30m,408.6,0,0.0,120,120,1.0,0.69
nuscenes_mini_subset,scene-0103_020,ty,0.02,m,22,Pedestrian,pedestrian,56.8,>30m,12.4,2,0.0,2,2,1.0,0.09
nuscenes_mini_subset,scene-0103_020,ty,0.02,m,23,Car,vehicle,77.1,>30m,31.3,2,0.0,0,0,,
nuscenes_mini_subset,scene-0103_020,ty,0.02,m,24,Car,vehicle,27.5,15-30m,180.3,2,0.0,0,0,,
nuscenes_mini_subset,scene-0103_020,ty,0.02,m,25,Car,vehicle,42.2,>30m,87.2,2,0.0,0,0,,
nuscenes_mini_subset,scene-0103_020,ty,0.05,m,0,Car,vehicle,52.3,>30m,101.2,2,0.0,0,0,,
nuscenes_mini_subset,scene-0103_020,ty,0.05,m,1,Pedestrian,pedestrian,56.6,>30m,13.5,2,0.0,1,1,1.0,0.23
nuscenes_mini_subset,scene-0103_020,ty,0.05,m,2,Car,vehicle,17.4,15-30m,233.0,0,0.0,17,17,1.0,0.28
nuscenes_mini_subset,scene-0103_020,ty,0.05,m,3,Car,vehicle,45.1,>30m,89.2,0,0.0,4,4,1.0,0.61
nuscenes_mini_subset,scene-0103_020,ty,0.05,m,4,Car,vehicle,74.7,>30m,37.7,2,0.0,1,1,1.0,0.09
nuscenes_mini_subset,scene-0103_020,ty,0.05,m,5,Car,vehicle,71.2,>30m,39.5,2,0.0,1,1,1.0,0.09
nuscenes_mini_subset,scene-0103_020,ty,0.05,m,6,Car,vehicle,49.7,>30m,91.8,2,0.0,0,0,,
nuscenes_mini_subset,scene-0103_020,ty,0.05,m,7,Car,vehicle,50.4,>30m,98.6,2,0.0,0,0,,
nuscenes_mini_subset,scene-0103_020,ty,0.05,m,8,Car,vehicle,79.3,>30m,37.5,2,0.0,1,1,1.0,0.08
nuscenes_mini_subset,scene-0103_020,ty,0.05,m,9,Car,vehicle,46.8,>30m,127.1,2,0.0,0,0,,
nuscenes_mini_subset,scene-0103_020,ty,0.05,m,10,Car,vehicle,37.3,>30m,68.6,0,0.0,10,10,1.0,0.3
nuscenes_mini_subset,scene-0103_020,ty,0.05,m,11,Car,vehicle,54.2,>30m,56.5,2,0.0,1,1,1.0,0.14
nuscenes_mini_subset,scene-0103_020,ty,0.05,m,12,Car,vehicle,21.2,15-30m,269.4,2,0.0,24,24,1.0,1.73
nuscenes_mini_subset,scene-0103_020,ty,0.05,m,14,Car,vehicle,61.9,>30m,57.4,2,0.0,1,1,1.0,0.12
nuscenes_mini_subset,scene-0103_020,ty,0.05,m,15,Car,vehicle,6.8,0-15m,201.4,0,0.93,57,57,1.0,5.42
nuscenes_mini_subset,scene-0103_020,ty,0.05,m,16,Motorcycle,cyclist,38.1,>30m,21.5,0,0.0,0,0,,
nuscenes_mini_subset,scene-0103_020,ty,0.05,m,17,Car,vehicle,48.0,>30m,61.9,2,0.0,0,0,,
nuscenes_mini_subset,scene-0103_020,ty,0.05,m,18,Pedestrian,pedestrian,28.7,15-30m,37.2,2,0.0,3,3,1.0,0.76
nuscenes_mini_subset,scene-0103_020,ty,0.05,m,19,Truck,vehicle,53.8,>30m,88.0,0,0.0,5,5,1.0,0.18
nuscenes_mini_subset,scene-0103_020,ty,0.05,m,20,Car,vehicle,26.3,15-30m,172.4,1,0.22,3,3,1.0,1.63
nuscenes_mini_subset,scene-0103_020,ty,0.05,m,21,Car,vehicle,15.1,15-30m,408.6,0,0.0,120,120,1.0,1.71
nuscenes_mini_subset,scene-0103_020,ty,0.05,m,22,Pedestrian,pedestrian,56.8,>30m,12.4,2,0.0,2,2,1.0,0.22
nuscenes_mini_subset,scene-0103_020,ty,0.05,m,23,Car,vehicle,77.1,>30m,31.3,2,0.0,0,0,,
nuscenes_mini_subset,scene-0103_020,ty,0.05,m,24,Car,vehicle,27.5,15-30m,180.3,2,0.0,0,0,,
nuscenes_mini_subset,scene-0103_020,ty,0.05,m,25,Car,vehicle,42.2,>30m,87.2,2,0.0,0,0,,
nuscenes_mini_subset,scene-0103_020,ty,0.1,m,0,Car,vehicle,52.3,>30m,101.2,2,0.0,0,0,,
nuscenes_mini_subset,scene-0103_020,ty,0.1,m,1,Pedestrian,pedestrian,56.6,>30m,13.5,2,0.0,1,1,1.0,0.47
nuscenes_mini_subset,scene-0103_020,ty,0.1,m,2,Car,vehicle,17.4,15-30m,233.0,0,0.0,17,17,1.0,0.57
nuscenes_mini_subset,scene-0103_020,ty,0.1,m,3,Car,vehicle,45.1,>30m,89.2,0,0.0,4,4,1.0,1.21
nuscenes_mini_subset,scene-0103_020,ty,0.1,m,4,Car,vehicle,74.7,>30m,37.7,2,0.0,1,1,1.0,0.18
nuscenes_mini_subset,scene-0103_020,ty,0.1,m,5,Car,vehicle,71.2,>30m,39.5,2,0.0,1,1,1.0,0.17
nuscenes_mini_subset,scene-0103_020,ty,0.1,m,6,Car,vehicle,49.7,>30m,91.8,2,0.0,0,0,,
nuscenes_mini_subset,scene-0103_020,ty,0.1,m,7,Car,vehicle,50.4,>30m,98.6,2,0.0,0,0,,
nuscenes_mini_subset,scene-0103_020,ty,0.1,m,8,Car,vehicle,79.3,>30m,37.5,2,0.0,1,1,1.0,0.16
nuscenes_mini_subset,scene-0103_020,ty,0.1,m,9,Car,vehicle,46.8,>30m,127.1,2,0.0,0,0,,
nuscenes_mini_subset,scene-0103_020,ty,0.1,m,10,Car,vehicle,37.3,>30m,68.6,0,0.0,10,10,1.0,0.59
nuscenes_mini_subset,scene-0103_020,ty,0.1,m,11,Car,vehicle,54.2,>30m,56.5,2,0.0,1,1,1.0,0.27
nuscenes_mini_subset,scene-0103_020,ty,0.1,m,12,Car,vehicle,21.2,15-30m,269.4,2,0.0,24,24,1.0,3.45
nuscenes_mini_subset,scene-0103_020,ty,0.1,m,14,Car,vehicle,61.9,>30m,57.4,2,0.0,1,1,1.0,0.25
nuscenes_mini_subset,scene-0103_020,ty,0.1,m,15,Car,vehicle,6.8,0-15m,201.4,0,0.93,60,59,0.9833,10.76
nuscenes_mini_subset,scene-0103_020,ty,0.1,m,16,Motorcycle,cyclist,38.1,>30m,21.5,0,0.0,0,0,,
nuscenes_mini_subset,scene-0103_020,ty,0.1,m,17,Car,vehicle,48.0,>30m,61.9,2,0.0,0,0,,
nuscenes_mini_subset,scene-0103_020,ty,0.1,m,18,Pedestrian,pedestrian,28.7,15-30m,37.2,2,0.0,3,3,1.0,1.52
nuscenes_mini_subset,scene-0103_020,ty,0.1,m,19,Truck,vehicle,53.8,>30m,88.0,0,0.0,5,5,1.0,0.37
nuscenes_mini_subset,scene-0103_020,ty,0.1,m,20,Car,vehicle,26.3,15-30m,172.4,1,0.22,3,3,1.0,3.26
nuscenes_mini_subset,scene-0103_020,ty,0.1,m,21,Car,vehicle,15.1,15-30m,408.6,0,0.0,120,120,1.0,3.41
nuscenes_mini_subset,scene-0103_020,ty,0.1,m,22,Pedestrian,pedestrian,56.8,>30m,12.4,2,0.0,2,2,1.0,0.43
nuscenes_mini_subset,scene-0103_020,ty,0.1,m,23,Car,vehicle,77.1,>30m,31.3,2,0.0,0,0,,
nuscenes_mini_subset,scene-0103_020,ty,0.1,m,24,Car,vehicle,27.5,15-30m,180.3,2,0.0,0,0,,
nuscenes_mini_subset,scene-0103_020,ty,0.1,m,25,Car,vehicle,42.2,>30m,87.2,2,0.0,0,0,,
nuscenes_mini_subset,scene-0103_020,ty,0.2,m,0,Car,vehicle,52.3,>30m,101.2,2,0.0,0,0,,
nuscenes_mini_subset,scene-0103_020,ty,0.2,m,1,Pedestrian,pedestrian,56.6,>30m,13.5,2,0.0,1,1,1.0,0.93
nuscenes_mini_subset,scene-0103_020,ty,0.2,m,2,Car,vehicle,17.4,15-30m,233.0,0,0.0,17,17,1.0,1.13
nuscenes_mini_subset,scene-0103_020,ty,0.2,m,3,Car,vehicle,45.1,>30m,89.2,0,0.0,4,4,1.0,2.42
nuscenes_mini_subset,scene-0103_020,ty,0.2,m,4,Car,vehicle,74.7,>30m,37.7,2,0.0,1,1,1.0,0.37
nuscenes_mini_subset,scene-0103_020,ty,0.2,m,5,Car,vehicle,71.2,>30m,39.5,2,0.0,1,1,1.0,0.34
nuscenes_mini_subset,scene-0103_020,ty,0.2,m,6,Car,vehicle,49.7,>30m,91.8,2,0.0,0,0,,
nuscenes_mini_subset,scene-0103_020,ty,0.2,m,7,Car,vehicle,50.4,>30m,98.6,2,0.0,0,0,,
nuscenes_mini_subset,scene-0103_020,ty,0.2,m,8,Car,vehicle,79.3,>30m,37.5,2,0.0,1,1,1.0,0.31
nuscenes_mini_subset,scene-0103_020,ty,0.2,m,9,Car,vehicle,46.8,>30m,127.1,2,0.0,0,0,,
nuscenes_mini_subset,scene-0103_020,ty,0.2,m,10,Car,vehicle,37.3,>30m,68.6,0,0.0,10,10,1.0,1.18
nuscenes_mini_subset,scene-0103_020,ty,0.2,m,11,Car,vehicle,54.2,>30m,56.5,2,0.0,1,1,1.0,0.54
nuscenes_mini_subset,scene-0103_020,ty,0.2,m,12,Car,vehicle,21.2,15-30m,269.4,2,0.0,24,24,1.0,6.86
nuscenes_mini_subset,scene-0103_020,ty,0.2,m,14,Car,vehicle,61.9,>30m,57.4,2,0.0,1,1,1.0,0.5
nuscenes_mini_subset,scene-0103_020,ty,0.2,m,15,Car,vehicle,6.8,0-15m,201.4,0,0.93,66,65,0.9848,21.2
nuscenes_mini_subset,scene-0103_020,ty,0.2,m,16,Motorcycle,cyclist,38.1,>30m,21.5,0,0.0,0,0,,
nuscenes_mini_subset,scene-0103_020,ty,0.2,m,17,Car,vehicle,48.0,>30m,61.9,2,0.0,0,0,,
nuscenes_mini_subset,scene-0103_020,ty,0.2,m,18,Pedestrian,pedestrian,28.7,15-30m,37.2,2,0.0,3,3,1.0,3.03
nuscenes_mini_subset,scene-0103_020,ty,0.2,m,19,Truck,vehicle,53.8,>30m,88.0,0,0.0,5,5,1.0,0.74
nuscenes_mini_subset,scene-0103_020,ty,0.2,m,20,Car,vehicle,26.3,15-30m,172.4,1,0.22,3,3,1.0,6.49
nuscenes_mini_subset,scene-0103_020,ty,0.2,m,21,Car,vehicle,15.1,15-30m,408.6,0,0.0,120,120,1.0,6.76
nuscenes_mini_subset,scene-0103_020,ty,0.2,m,22,Pedestrian,pedestrian,56.8,>30m,12.4,2,0.0,2,2,1.0,0.86
nuscenes_mini_subset,scene-0103_020,ty,0.2,m,23,Car,vehicle,77.1,>30m,31.3,2,0.0,0,0,,
nuscenes_mini_subset,scene-0103_020,ty,0.2,m,24,Car,vehicle,27.5,15-30m,180.3,2,0.0,0,0,,
nuscenes_mini_subset,scene-0103_020,ty,0.2,m,25,Car,vehicle,42.2,>30m,87.2,2,0.0,0,0,,
nuscenes_mini_subset,scene-0103_020,tz,0.0,m,0,Car,vehicle,52.3,>30m,101.2,2,0.0,0,0,,
nuscenes_mini_subset,scene-0103_020,tz,0.0,m,1,Pedestrian,pedestrian,56.6,>30m,13.5,2,0.0,1,1,1.0,0.0
nuscenes_mini_subset,scene-0103_020,tz,0.0,m,2,Car,vehicle,17.4,15-30m,233.0,0,0.0,17,17,1.0,0.0
nuscenes_mini_subset,scene-0103_020,tz,0.0,m,3,Car,vehicle,45.1,>30m,89.2,0,0.0,4,4,1.0,0.0
nuscenes_mini_subset,scene-0103_020,tz,0.0,m,4,Car,vehicle,74.7,>30m,37.7,2,0.0,1,1,1.0,0.0
nuscenes_mini_subset,scene-0103_020,tz,0.0,m,5,Car,vehicle,71.2,>30m,39.5,2,0.0,1,1,1.0,0.0
nuscenes_mini_subset,scene-0103_020,tz,0.0,m,6,Car,vehicle,49.7,>30m,91.8,2,0.0,0,0,,
nuscenes_mini_subset,scene-0103_020,tz,0.0,m,7,Car,vehicle,50.4,>30m,98.6,2,0.0,0,0,,
nuscenes_mini_subset,scene-0103_020,tz,0.0,m,8,Car,vehicle,79.3,>30m,37.5,2,0.0,1,1,1.0,0.0
nuscenes_mini_subset,scene-0103_020,tz,0.0,m,9,Car,vehicle,46.8,>30m,127.1,2,0.0,0,0,,
nuscenes_mini_subset,scene-0103_020,tz,0.0,m,10,Car,vehicle,37.3,>30m,68.6,0,0.0,10,10,1.0,0.0
nuscenes_mini_subset,scene-0103_020,tz,0.0,m,11,Car,vehicle,54.2,>30m,56.5,2,0.0,1,1,1.0,0.0
nuscenes_mini_subset,scene-0103_020,tz,0.0,m,12,Car,vehicle,21.2,15-30m,269.4,2,0.0,24,24,1.0,0.0
nuscenes_mini_subset,scene-0103_020,tz,0.0,m,14,Car,vehicle,61.9,>30m,57.4,2,0.0,1,1,1.0,0.0
nuscenes_mini_subset,scene-0103_020,tz,0.0,m,15,Car,vehicle,6.8,0-15m,201.4,0,0.93,54,54,1.0,0.0
nuscenes_mini_subset,scene-0103_020,tz,0.0,m,16,Motorcycle,cyclist,38.1,>30m,21.5,0,0.0,0,0,,
nuscenes_mini_subset,scene-0103_020,tz,0.0,m,17,Car,vehicle,48.0,>30m,61.9,2,0.0,0,0,,
nuscenes_mini_subset,scene-0103_020,tz,0.0,m,18,Pedestrian,pedestrian,28.7,15-30m,37.2,2,0.0,3,3,1.0,0.0
nuscenes_mini_subset,scene-0103_020,tz,0.0,m,19,Truck,vehicle,53.8,>30m,88.0,0,0.0,5,5,1.0,0.0
nuscenes_mini_subset,scene-0103_020,tz,0.0,m,20,Car,vehicle,26.3,15-30m,172.4,1,0.22,3,3,1.0,0.0
nuscenes_mini_subset,scene-0103_020,tz,0.0,m,21,Car,vehicle,15.1,15-30m,408.6,0,0.0,120,120,1.0,0.0
nuscenes_mini_subset,scene-0103_020,tz,0.0,m,22,Pedestrian,pedestrian,56.8,>30m,12.4,2,0.0,2,2,1.0,0.0
nuscenes_mini_subset,scene-0103_020,tz,0.0,m,23,Car,vehicle,77.1,>30m,31.3,2,0.0,0,0,,
nuscenes_mini_subset,scene-0103_020,tz,0.0,m,24,Car,vehicle,27.5,15-30m,180.3,2,0.0,0,0,,
nuscenes_mini_subset,scene-0103_020,tz,0.0,m,25,Car,vehicle,42.2,>30m,87.2,2,0.0,0,0,,
nuscenes_mini_subset,scene-0103_020,tz,0.02,m,0,Car,vehicle,52.3,>30m,101.2,2,0.0,0,0,,
nuscenes_mini_subset,scene-0103_020,tz,0.02,m,1,Pedestrian,pedestrian,56.6,>30m,13.5,2,0.0,1,1,1.0,0.45
nuscenes_mini_subset,scene-0103_020,tz,0.02,m,2,Car,vehicle,17.4,15-30m,233.0,0,0.0,17,17,1.0,1.58
nuscenes_mini_subset,scene-0103_020,tz,0.02,m,3,Car,vehicle,45.1,>30m,89.2,0,0.0,4,4,1.0,0.62
nuscenes_mini_subset,scene-0103_020,tz,0.02,m,4,Car,vehicle,74.7,>30m,37.7,2,0.0,1,1,1.0,0.34
nuscenes_mini_subset,scene-0103_020,tz,0.02,m,5,Car,vehicle,71.2,>30m,39.5,2,0.0,1,1,1.0,0.36
nuscenes_mini_subset,scene-0103_020,tz,0.02,m,6,Car,vehicle,49.7,>30m,91.8,2,0.0,0,0,,
nuscenes_mini_subset,scene-0103_020,tz,0.02,m,7,Car,vehicle,50.4,>30m,98.6,2,0.0,0,0,,
nuscenes_mini_subset,scene-0103_020,tz,0.02,m,8,Car,vehicle,79.3,>30m,37.5,2,0.0,1,1,1.0,0.32
nuscenes_mini_subset,scene-0103_020,tz,0.02,m,9,Car,vehicle,46.8,>30m,127.1,2,0.0,0,0,,
nuscenes_mini_subset,scene-0103_020,tz,0.02,m,10,Car,vehicle,37.3,>30m,68.6,0,0.0,10,10,1.0,0.71
nuscenes_mini_subset,scene-0103_020,tz,0.02,m,11,Car,vehicle,54.2,>30m,56.5,2,0.0,1,1,1.0,0.49
nuscenes_mini_subset,scene-0103_020,tz,0.02,m,12,Car,vehicle,21.2,15-30m,269.4,2,0.0,24,24,1.0,1.39
nuscenes_mini_subset,scene-0103_020,tz,0.02,m,14,Car,vehicle,61.9,>30m,57.4,2,0.0,1,1,1.0,0.42
nuscenes_mini_subset,scene-0103_020,tz,0.02,m,15,Car,vehicle,6.8,0-15m,201.4,0,0.93,54,54,1.0,3.94
nuscenes_mini_subset,scene-0103_020,tz,0.02,m,16,Motorcycle,cyclist,38.1,>30m,21.5,0,0.0,0,0,,
nuscenes_mini_subset,scene-0103_020,tz,0.02,m,17,Car,vehicle,48.0,>30m,61.9,2,0.0,0,0,,
nuscenes_mini_subset,scene-0103_020,tz,0.02,m,18,Pedestrian,pedestrian,28.7,15-30m,37.2,2,0.0,3,3,1.0,0.92
nuscenes_mini_subset,scene-0103_020,tz,0.02,m,19,Truck,vehicle,53.8,>30m,88.0,0,0.0,5,5,1.0,0.48
nuscenes_mini_subset,scene-0103_020,tz,0.02,m,20,Car,vehicle,26.3,15-30m,172.4,1,0.22,3,3,1.0,1.17
nuscenes_mini_subset,scene-0103_020,tz,0.02,m,21,Car,vehicle,15.1,15-30m,408.6,0,0.0,120,120,1.0,1.87
nuscenes_mini_subset,scene-0103_020,tz,0.02,m,22,Pedestrian,pedestrian,56.8,>30m,12.4,2,0.0,2,2,1.0,0.45
nuscenes_mini_subset,scene-0103_020,tz,0.02,m,23,Car,vehicle,77.1,>30m,31.3,2,0.0,0,0,,
nuscenes_mini_subset,scene-0103_020,tz,0.02,m,24,Car,vehicle,27.5,15-30m,180.3,2,0.0,0,0,,
nuscenes_mini_subset,scene-0103_020,tz,0.02,m,25,Car,vehicle,42.2,>30m,87.2,2,0.0,0,0,,
nuscenes_mini_subset,scene-0103_020,tz,0.05,m,0,Car,vehicle,52.3,>30m,101.2,2,0.0,0,0,,
nuscenes_mini_subset,scene-0103_020,tz,0.05,m,1,Pedestrian,pedestrian,56.6,>30m,13.5,2,0.0,1,1,1.0,1.13
nuscenes_mini_subset,scene-0103_020,tz,0.05,m,2,Car,vehicle,17.4,15-30m,233.0,0,0.0,17,17,1.0,3.94
nuscenes_mini_subset,scene-0103_020,tz,0.05,m,3,Car,vehicle,45.1,>30m,89.2,0,0.0,4,4,1.0,1.54
nuscenes_mini_subset,scene-0103_020,tz,0.05,m,4,Car,vehicle,74.7,>30m,37.7,2,0.0,1,1,1.0,0.86
nuscenes_mini_subset,scene-0103_020,tz,0.05,m,5,Car,vehicle,71.2,>30m,39.5,2,0.0,1,1,1.0,0.91
nuscenes_mini_subset,scene-0103_020,tz,0.05,m,6,Car,vehicle,49.7,>30m,91.8,2,0.0,0,0,,
nuscenes_mini_subset,scene-0103_020,tz,0.05,m,7,Car,vehicle,50.4,>30m,98.6,2,0.0,0,0,,
nuscenes_mini_subset,scene-0103_020,tz,0.05,m,8,Car,vehicle,79.3,>30m,37.5,2,0.0,1,1,1.0,0.81
nuscenes_mini_subset,scene-0103_020,tz,0.05,m,9,Car,vehicle,46.8,>30m,127.1,2,0.0,0,0,,
nuscenes_mini_subset,scene-0103_020,tz,0.05,m,10,Car,vehicle,37.3,>30m,68.6,0,0.0,10,10,1.0,1.78
nuscenes_mini_subset,scene-0103_020,tz,0.05,m,11,Car,vehicle,54.2,>30m,56.5,2,0.0,1,1,1.0,1.21
nuscenes_mini_subset,scene-0103_020,tz,0.05,m,12,Car,vehicle,21.2,15-30m,269.4,2,0.0,24,24,1.0,3.49
nuscenes_mini_subset,scene-0103_020,tz,0.05,m,14,Car,vehicle,61.9,>30m,57.4,2,0.0,1,1,1.0,1.05
nuscenes_mini_subset,scene-0103_020,tz,0.05,m,15,Car,vehicle,6.8,0-15m,201.4,0,0.93,55,54,0.9818,9.86
nuscenes_mini_subset,scene-0103_020,tz,0.05,m,16,Motorcycle,cyclist,38.1,>30m,21.5,0,0.0,0,0,,
nuscenes_mini_subset,scene-0103_020,tz,0.05,m,17,Car,vehicle,48.0,>30m,61.9,2,0.0,0,0,,
nuscenes_mini_subset,scene-0103_020,tz,0.05,m,18,Pedestrian,pedestrian,28.7,15-30m,37.2,2,0.0,3,3,1.0,2.31
nuscenes_mini_subset,scene-0103_020,tz,0.05,m,19,Truck,vehicle,53.8,>30m,88.0,0,0.0,5,5,1.0,1.19
nuscenes_mini_subset,scene-0103_020,tz,0.05,m,20,Car,vehicle,26.3,15-30m,172.4,1,0.22,3,3,1.0,2.92
nuscenes_mini_subset,scene-0103_020,tz,0.05,m,21,Car,vehicle,15.1,15-30m,408.6,0,0.0,120,120,1.0,4.69
nuscenes_mini_subset,scene-0103_020,tz,0.05,m,22,Pedestrian,pedestrian,56.8,>30m,12.4,2,0.0,2,2,1.0,1.12
nuscenes_mini_subset,scene-0103_020,tz,0.05,m,23,Car,vehicle,77.1,>30m,31.3,2,0.0,0,0,,
nuscenes_mini_subset,scene-0103_020,tz,0.05,m,24,Car,vehicle,27.5,15-30m,180.3,2,0.0,0,0,,
nuscenes_mini_subset,scene-0103_020,tz,0.05,m,25,Car,vehicle,42.2,>30m,87.2,2,0.0,0,0,,
nuscenes_mini_subset,scene-0103_020,tz,0.1,m,0,Car,vehicle,52.3,>30m,101.2,2,0.0,0,0,,
nuscenes_mini_subset,scene-0103_020,tz,0.1,m,1,Pedestrian,pedestrian,56.6,>30m,13.5,2,0.0,1,1,1.0,2.25
nuscenes_mini_subset,scene-0103_020,tz,0.1,m,2,Car,vehicle,17.4,15-30m,233.0,0,0.0,17,17,1.0,7.88
nuscenes_mini_subset,scene-0103_020,tz,0.1,m,3,Car,vehicle,45.1,>30m,89.2,0,0.0,4,4,1.0,3.09
nuscenes_mini_subset,scene-0103_020,tz,0.1,m,4,Car,vehicle,74.7,>30m,37.7,2,0.0,1,1,1.0,1.72
nuscenes_mini_subset,scene-0103_020,tz,0.1,m,5,Car,vehicle,71.2,>30m,39.5,2,0.0,1,1,1.0,1.82
nuscenes_mini_subset,scene-0103_020,tz,0.1,m,6,Car,vehicle,49.7,>30m,91.8,2,0.0,0,0,,
nuscenes_mini_subset,scene-0103_020,tz,0.1,m,7,Car,vehicle,50.4,>30m,98.6,2,0.0,0,0,,
nuscenes_mini_subset,scene-0103_020,tz,0.1,m,8,Car,vehicle,79.3,>30m,37.5,2,0.0,1,1,1.0,1.62
nuscenes_mini_subset,scene-0103_020,tz,0.1,m,9,Car,vehicle,46.8,>30m,127.1,2,0.0,0,0,,
nuscenes_mini_subset,scene-0103_020,tz,0.1,m,10,Car,vehicle,37.3,>30m,68.6,0,0.0,10,10,1.0,3.55
nuscenes_mini_subset,scene-0103_020,tz,0.1,m,11,Car,vehicle,54.2,>30m,56.5,2,0.0,1,1,1.0,2.43
nuscenes_mini_subset,scene-0103_020,tz,0.1,m,12,Car,vehicle,21.2,15-30m,269.4,2,0.0,24,24,1.0,6.97
nuscenes_mini_subset,scene-0103_020,tz,0.1,m,14,Car,vehicle,61.9,>30m,57.4,2,0.0,1,1,1.0,2.09
nuscenes_mini_subset,scene-0103_020,tz,0.1,m,15,Car,vehicle,6.8,0-15m,201.4,0,0.93,55,54,0.9818,19.71
nuscenes_mini_subset,scene-0103_020,tz,0.1,m,16,Motorcycle,cyclist,38.1,>30m,21.5,0,0.0,0,0,,
nuscenes_mini_subset,scene-0103_020,tz,0.1,m,17,Car,vehicle,48.0,>30m,61.9,2,0.0,0,0,,
nuscenes_mini_subset,scene-0103_020,tz,0.1,m,18,Pedestrian,pedestrian,28.7,15-30m,37.2,2,0.0,3,3,1.0,4.61
nuscenes_mini_subset,scene-0103_020,tz,0.1,m,19,Truck,vehicle,53.8,>30m,88.0,0,0.0,5,5,1.0,2.38
nuscenes_mini_subset,scene-0103_020,tz,0.1,m,20,Car,vehicle,26.3,15-30m,172.4,1,0.22,3,3,1.0,5.84
nuscenes_mini_subset,scene-0103_020,tz,0.1,m,21,Car,vehicle,15.1,15-30m,408.6,0,0.0,120,120,1.0,9.37
nuscenes_mini_subset,scene-0103_020,tz,0.1,m,22,Pedestrian,pedestrian,56.8,>30m,12.4,2,0.0,2,2,1.0,2.24
nuscenes_mini_subset,scene-0103_020,tz,0.1,m,23,Car,vehicle,77.1,>30m,31.3,2,0.0,0,0,,
nuscenes_mini_subset,scene-0103_020,tz,0.1,m,24,Car,vehicle,27.5,15-30m,180.3,2,0.0,0,0,,
nuscenes_mini_subset,scene-0103_020,tz,0.1,m,25,Car,vehicle,42.2,>30m,87.2,2,0.0,0,0,,
nuscenes_mini_subset,scene-0103_020,tz,0.2,m,0,Car,vehicle,52.3,>30m,101.2,2,0.0,0,0,,
nuscenes_mini_subset,scene-0103_020,tz,0.2,m,1,Pedestrian,pedestrian,56.6,>30m,13.5,2,0.0,1,1,1.0,4.5
nuscenes_mini_subset,scene-0103_020,tz,0.2,m,2,Car,vehicle,17.4,15-30m,233.0,0,0.0,17,17,1.0,15.75
nuscenes_mini_subset,scene-0103_020,tz,0.2,m,3,Car,vehicle,45.1,>30m,89.2,0,0.0,4,4,1.0,6.17
nuscenes_mini_subset,scene-0103_020,tz,0.2,m,4,Car,vehicle,74.7,>30m,37.7,2,0.0,1,1,1.0,3.44
nuscenes_mini_subset,scene-0103_020,tz,0.2,m,5,Car,vehicle,71.2,>30m,39.5,2,0.0,1,1,1.0,3.65
nuscenes_mini_subset,scene-0103_020,tz,0.2,m,6,Car,vehicle,49.7,>30m,91.8,2,0.0,0,0,,
nuscenes_mini_subset,scene-0103_020,tz,0.2,m,7,Car,vehicle,50.4,>30m,98.6,2,0.0,0,0,,
nuscenes_mini_subset,scene-0103_020,tz,0.2,m,8,Car,vehicle,79.3,>30m,37.5,2,0.0,1,1,1.0,3.24
nuscenes_mini_subset,scene-0103_020,tz,0.2,m,9,Car,vehicle,46.8,>30m,127.1,2,0.0,0,0,,
nuscenes_mini_subset,scene-0103_020,tz,0.2,m,10,Car,vehicle,37.3,>30m,68.6,0,0.0,10,10,1.0,7.1
nuscenes_mini_subset,scene-0103_020,tz,0.2,m,11,Car,vehicle,54.2,>30m,56.5,2,0.0,1,1,1.0,4.85
nuscenes_mini_subset,scene-0103_020,tz,0.2,m,12,Car,vehicle,21.2,15-30m,269.4,2,0.0,24,24,1.0,13.94
nuscenes_mini_subset,scene-0103_020,tz,0.2,m,14,Car,vehicle,61.9,>30m,57.4,2,0.0,1,1,1.0,4.18
nuscenes_mini_subset,scene-0103_020,tz,0.2,m,15,Car,vehicle,6.8,0-15m,201.4,0,0.93,56,55,0.9821,39.39
nuscenes_mini_subset,scene-0103_020,tz,0.2,m,16,Motorcycle,cyclist,38.1,>30m,21.5,0,0.0,0,0,,
nuscenes_mini_subset,scene-0103_020,tz,0.2,m,17,Car,vehicle,48.0,>30m,61.9,2,0.0,0,0,,
nuscenes_mini_subset,scene-0103_020,tz,0.2,m,18,Pedestrian,pedestrian,28.7,15-30m,37.2,2,0.0,3,3,1.0,9.23
nuscenes_mini_subset,scene-0103_020,tz,0.2,m,19,Truck,vehicle,53.8,>30m,88.0,0,0.0,5,5,1.0,4.76
nuscenes_mini_subset,scene-0103_020,tz,0.2,m,20,Car,vehicle,26.3,15-30m,172.4,1,0.22,3,3,1.0,11.67
nuscenes_mini_subset,scene-0103_020,tz,0.2,m,21,Car,vehicle,15.1,15-30m,408.6,0,0.0,120,120,1.0,18.73
nuscenes_mini_subset,scene-0103_020,tz,0.2,m,22,Pedestrian,pedestrian,56.8,>30m,12.4,2,0.0,2,2,1.0,4.48
nuscenes_mini_subset,scene-0103_020,tz,0.2,m,23,Car,vehicle,77.1,>30m,31.3,2,0.0,0,0,,
nuscenes_mini_subset,scene-0103_020,tz,0.2,m,24,Car,vehicle,27.5,15-30m,180.3,2,0.0,0,0,,
nuscenes_mini_subset,scene-0103_020,tz,0.2,m,25,Car,vehicle,42.2,>30m,87.2,2,0.0,0,0,,
nuscenes_mini_subset,scene-0103_024,yaw,0.0,deg,0,Car,vehicle,46.6,>30m,124.3,2,0.0,0,0,,
nuscenes_mini_subset,scene-0103_024,yaw,0.0,deg,1,Pedestrian,pedestrian,53.6,>30m,14.2,2,0.0,1,1,1.0,0.0
nuscenes_mini_subset,scene-0103_024,yaw,0.0,deg,2,Car,vehicle,26.1,15-30m,104.8,0,0.0,4,4,1.0,0.0
nuscenes_mini_subset,scene-0103_024,yaw,0.0,deg,3,Car,vehicle,39.3,>30m,114.1,1,0.0,5,5,1.0,0.0
nuscenes_mini_subset,scene-0103_024,yaw,0.0,deg,4,Car,vehicle,68.5,>30m,41.9,2,0.0,0,0,,
nuscenes_mini_subset,scene-0103_024,yaw,0.0,deg,5,Car,vehicle,64.9,>30m,44.3,2,0.0,0,0,,
nuscenes_mini_subset,scene-0103_024,yaw,0.0,deg,6,Car,vehicle,43.7,>30m,112.0,2,0.0,0,0,,
nuscenes_mini_subset,scene-0103_024,yaw,0.0,deg,7,Car,vehicle,44.5,>30m,121.5,2,0.0,0,0,,
nuscenes_mini_subset,scene-0103_024,yaw,0.0,deg,8,Car,vehicle,73.1,>30m,41.4,2,0.0,0,0,,
nuscenes_mini_subset,scene-0103_024,yaw,0.0,deg,9,Car,vehicle,41.3,>30m,82.5,0,0.5,3,3,1.0,0.0
nuscenes_mini_subset,scene-0103_024,yaw,0.0,deg,10,Car,vehicle,31.1,>30m,87.5,0,0.0,10,10,1.0,0.0
nuscenes_mini_subset,scene-0103_024,yaw,0.0,deg,11,Car,vehicle,47.9,>30m,65.9,2,0.0,0,0,,
nuscenes_mini_subset,scene-0103_024,yaw,0.0,deg,12,Car,vehicle,15.9,15-30m,194.5,2,0.61,10,10,1.0,0.0
nuscenes_mini_subset,scene-0103_024,yaw,0.0,deg,14,Car,vehicle,55.7,>30m,65.5,2,0.0,1,1,1.0,0.0
nuscenes_mini_subset,scene-0103_024,yaw,0.0,deg,15,Pedestrian,pedestrian,38.0,>30m,29.1,2,0.0,2,2,1.0,0.0
nuscenes_mini_subset,scene-0103_024,yaw,0.0,deg,16,Motorcycle,cyclist,32.1,>30m,29.7,0,0.0,1,1,1.0,0.0
nuscenes_mini_subset,scene-0103_024,yaw,0.0,deg,17,Bicycle,cyclist,61.6,>30m,19.6,0,0.0,2,2,1.0,0.0
nuscenes_mini_subset,scene-0103_024,yaw,0.0,deg,18,Car,vehicle,41.8,>30m,74.0,2,0.0,0,0,,
nuscenes_mini_subset,scene-0103_024,yaw,0.0,deg,19,Pedestrian,pedestrian,25.8,15-30m,41.8,0,0.0,6,6,1.0,0.0
nuscenes_mini_subset,scene-0103_024,yaw,0.0,deg,20,Truck,vehicle,47.5,>30m,103.3,0,0.0,10,10,1.0,0.0
nuscenes_mini_subset,scene-0103_024,yaw,0.0,deg,21,Car,vehicle,9.0,0-15m,274.1,0,0.83,110,110,1.0,0.0
nuscenes_mini_subset,scene-0103_024,yaw,0.0,deg,22,Pedestrian,pedestrian,53.5,>30m,13.3,2,0.0,0,0,,
nuscenes_mini_subset,scene-0103_024,yaw,0.0,deg,23,Car,vehicle,70.9,>30m,34.6,2,0.0,0,0,,
nuscenes_mini_subset,scene-0103_024,yaw,0.0,deg,24,Car,vehicle,21.6,15-30m,267.3,0,0.0,18,18,1.0,0.0
nuscenes_mini_subset,scene-0103_024,yaw,0.0,deg,25,Car,vehicle,36.0,>30m,107.2,1,0.0,3,3,1.0,0.0
nuscenes_mini_subset,scene-0103_024,yaw,0.25,deg,0,Car,vehicle,46.6,>30m,124.3,2,0.0,0,0,,
nuscenes_mini_subset,scene-0103_024,yaw,0.25,deg,1,Pedestrian,pedestrian,53.6,>30m,14.2,2,0.0,1,1,1.0,5.75
nuscenes_mini_subset,scene-0103_024,yaw,0.25,deg,2,Car,vehicle,26.1,15-30m,104.8,0,0.0,4,4,1.0,5.66
nuscenes_mini_subset,scene-0103_024,yaw,0.25,deg,3,Car,vehicle,39.3,>30m,114.1,1,0.0,5,5,1.0,6.8
nuscenes_mini_subset,scene-0103_024,yaw,0.25,deg,4,Car,vehicle,68.5,>30m,41.9,2,0.0,0,0,,
nuscenes_mini_subset,scene-0103_024,yaw,0.25,deg,5,Car,vehicle,64.9,>30m,44.3,2,0.0,0,0,,
nuscenes_mini_subset,scene-0103_024,yaw,0.25,deg,6,Car,vehicle,43.7,>30m,112.0,2,0.0,0,0,,
nuscenes_mini_subset,scene-0103_024,yaw,0.25,deg,7,Car,vehicle,44.5,>30m,121.5,2,0.0,0,0,,
nuscenes_mini_subset,scene-0103_024,yaw,0.25,deg,8,Car,vehicle,73.1,>30m,41.4,2,0.0,0,0,,
nuscenes_mini_subset,scene-0103_024,yaw,0.25,deg,9,Car,vehicle,41.3,>30m,82.5,0,0.5,3,3,1.0,7.37
nuscenes_mini_subset,scene-0103_024,yaw,0.25,deg,10,Car,vehicle,31.1,>30m,87.5,0,0.0,10,10,1.0,5.83
nuscenes_mini_subset,scene-0103_024,yaw,0.25,deg,11,Car,vehicle,47.9,>30m,65.9,2,0.0,0,0,,
nuscenes_mini_subset,scene-0103_024,yaw,0.25,deg,12,Car,vehicle,15.9,15-30m,194.5,2,0.61,9,9,1.0,7.66
nuscenes_mini_subset,scene-0103_024,yaw,0.25,deg,14,Car,vehicle,55.7,>30m,65.5,2,0.0,1,1,1.0,5.6
nuscenes_mini_subset,scene-0103_024,yaw,0.25,deg,15,Pedestrian,pedestrian,38.0,>30m,29.1,2,0.0,2,2,1.0,6.04
nuscenes_mini_subset,scene-0103_024,yaw,0.25,deg,16,Motorcycle,cyclist,32.1,>30m,29.7,0,0.0,1,1,1.0,6.19
nuscenes_mini_subset,scene-0103_024,yaw,0.25,deg,17,Bicycle,cyclist,61.6,>30m,19.6,0,0.0,2,2,1.0,5.55
nuscenes_mini_subset,scene-0103_024,yaw,0.25,deg,18,Car,vehicle,41.8,>30m,74.0,2,0.0,0,0,,
nuscenes_mini_subset,scene-0103_024,yaw,0.25,deg,19,Pedestrian,pedestrian,25.8,15-30m,41.8,0,0.0,6,6,1.0,6.39
nuscenes_mini_subset,scene-0103_024,yaw,0.25,deg,20,Truck,vehicle,47.5,>30m,103.3,0,0.0,10,10,1.0,5.65
nuscenes_mini_subset,scene-0103_024,yaw,0.25,deg,21,Car,vehicle,9.0,0-15m,274.1,0,0.83,104,104,1.0,7.72
nuscenes_mini_subset,scene-0103_024,yaw,0.25,deg,22,Pedestrian,pedestrian,53.5,>30m,13.3,2,0.0,0,0,,
nuscenes_mini_subset,scene-0103_024,yaw,0.25,deg,23,Car,vehicle,70.9,>30m,34.6,2,0.0,0,0,,
nuscenes_mini_subset,scene-0103_024,yaw,0.25,deg,24,Car,vehicle,21.6,15-30m,267.3,0,0.0,18,18,1.0,6.74
nuscenes_mini_subset,scene-0103_024,yaw,0.25,deg,25,Car,vehicle,36.0,>30m,107.2,1,0.0,3,3,1.0,5.71
nuscenes_mini_subset,scene-0103_024,yaw,0.5,deg,0,Car,vehicle,46.6,>30m,124.3,2,0.0,0,0,,
nuscenes_mini_subset,scene-0103_024,yaw,0.5,deg,1,Pedestrian,pedestrian,53.6,>30m,14.2,2,0.0,1,0,0.0,11.51
nuscenes_mini_subset,scene-0103_024,yaw,0.5,deg,2,Car,vehicle,26.1,15-30m,104.8,0,0.0,4,4,1.0,11.31
nuscenes_mini_subset,scene-0103_024,yaw,0.5,deg,3,Car,vehicle,39.3,>30m,114.1,1,0.0,5,5,1.0,13.57
nuscenes_mini_subset,scene-0103_024,yaw,0.5,deg,4,Car,vehicle,68.5,>30m,41.9,2,0.0,0,0,,
nuscenes_mini_subset,scene-0103_024,yaw,0.5,deg,5,Car,vehicle,64.9,>30m,44.3,2,0.0,0,0,,
nuscenes_mini_subset,scene-0103_024,yaw,0.5,deg,6,Car,vehicle,43.7,>30m,112.0,2,0.0,0,0,,
nuscenes_mini_subset,scene-0103_024,yaw,0.5,deg,7,Car,vehicle,44.5,>30m,121.5,2,0.0,0,0,,
nuscenes_mini_subset,scene-0103_024,yaw,0.5,deg,8,Car,vehicle,73.1,>30m,41.4,2,0.0,0,0,,
nuscenes_mini_subset,scene-0103_024,yaw,0.5,deg,9,Car,vehicle,41.3,>30m,82.5,0,0.5,4,3,0.75,14.7
nuscenes_mini_subset,scene-0103_024,yaw,0.5,deg,10,Car,vehicle,31.1,>30m,87.5,0,0.0,10,10,1.0,11.65
nuscenes_mini_subset,scene-0103_024,yaw,0.5,deg,11,Car,vehicle,47.9,>30m,65.9,2,0.0,0,0,,
nuscenes_mini_subset,scene-0103_024,yaw,0.5,deg,12,Car,vehicle,15.9,15-30m,194.5,2,0.61,8,8,1.0,15.27
nuscenes_mini_subset,scene-0103_024,yaw,0.5,deg,14,Car,vehicle,55.7,>30m,65.5,2,0.0,1,1,1.0,11.21
nuscenes_mini_subset,scene-0103_024,yaw,0.5,deg,15,Pedestrian,pedestrian,38.0,>30m,29.1,2,0.0,2,2,1.0,12.09
nuscenes_mini_subset,scene-0103_024,yaw,0.5,deg,16,Motorcycle,cyclist,32.1,>30m,29.7,0,0.0,1,0,0.0,12.36
nuscenes_mini_subset,scene-0103_024,yaw,0.5,deg,17,Bicycle,cyclist,61.6,>30m,19.6,0,0.0,2,1,0.5,11.1
nuscenes_mini_subset,scene-0103_024,yaw,0.5,deg,18,Car,vehicle,41.8,>30m,74.0,2,0.0,0,0,,
nuscenes_mini_subset,scene-0103_024,yaw,0.5,deg,19,Pedestrian,pedestrian,25.8,15-30m,41.8,0,0.0,6,6,1.0,12.76
nuscenes_mini_subset,scene-0103_024,yaw,0.5,deg,20,Truck,vehicle,47.5,>30m,103.3,0,0.0,10,10,1.0,11.3
nuscenes_mini_subset,scene-0103_024,yaw,0.5,deg,21,Car,vehicle,9.0,0-15m,274.1,0,0.83,100,100,1.0,15.44
nuscenes_mini_subset,scene-0103_024,yaw,0.5,deg,22,Pedestrian,pedestrian,53.5,>30m,13.3,2,0.0,0,0,,
nuscenes_mini_subset,scene-0103_024,yaw,0.5,deg,23,Car,vehicle,70.9,>30m,34.6,2,0.0,0,0,,
nuscenes_mini_subset,scene-0103_024,yaw,0.5,deg,24,Car,vehicle,21.6,15-30m,267.3,0,0.0,18,18,1.0,13.5
nuscenes_mini_subset,scene-0103_024,yaw,0.5,deg,25,Car,vehicle,36.0,>30m,107.2,1,0.0,3,2,0.6667,11.42
nuscenes_mini_subset,scene-0103_024,yaw,1.0,deg,0,Car,vehicle,46.6,>30m,124.3,2,0.0,0,0,,
nuscenes_mini_subset,scene-0103_024,yaw,1.0,deg,1,Pedestrian,pedestrian,53.6,>30m,14.2,2,0.0,1,0,0.0,23.07
nuscenes_mini_subset,scene-0103_024,yaw,1.0,deg,2,Car,vehicle,26.1,15-30m,104.8,0,0.0,4,3,0.75,22.61
nuscenes_mini_subset,scene-0103_024,yaw,1.0,deg,3,Car,vehicle,39.3,>30m,114.1,1,0.0,5,5,1.0,27.03
nuscenes_mini_subset,scene-0103_024,yaw,1.0,deg,4,Car,vehicle,68.5,>30m,41.9,2,0.0,0,0,,
nuscenes_mini_subset,scene-0103_024,yaw,1.0,deg,5,Car,vehicle,64.9,>30m,44.3,2,0.0,0,0,,
nuscenes_mini_subset,scene-0103_024,yaw,1.0,deg,6,Car,vehicle,43.7,>30m,112.0,2,0.0,0,0,,
nuscenes_mini_subset,scene-0103_024,yaw,1.0,deg,7,Car,vehicle,44.5,>30m,121.5,2,0.0,0,0,,
nuscenes_mini_subset,scene-0103_024,yaw,1.0,deg,8,Car,vehicle,73.1,>30m,41.4,2,0.0,0,0,,
nuscenes_mini_subset,scene-0103_024,yaw,1.0,deg,9,Car,vehicle,41.3,>30m,82.5,0,0.5,5,3,0.6,29.25
nuscenes_mini_subset,scene-0103_024,yaw,1.0,deg,10,Car,vehicle,31.1,>30m,87.5,0,0.0,10,9,0.9,23.25
nuscenes_mini_subset,scene-0103_024,yaw,1.0,deg,11,Car,vehicle,47.9,>30m,65.9,2,0.0,0,0,,
nuscenes_mini_subset,scene-0103_024,yaw,1.0,deg,12,Car,vehicle,15.9,15-30m,194.5,2,0.61,7,7,1.0,30.48
nuscenes_mini_subset,scene-0103_024,yaw,1.0,deg,14,Car,vehicle,55.7,>30m,65.5,2,0.0,1,1,1.0,22.44
nuscenes_mini_subset,scene-0103_024,yaw,1.0,deg,15,Pedestrian,pedestrian,38.0,>30m,29.1,2,0.0,2,0,0.0,24.25
nuscenes_mini_subset,scene-0103_024,yaw,1.0,deg,16,Motorcycle,cyclist,32.1,>30m,29.7,0,0.0,1,0,0.0,24.65
nuscenes_mini_subset,scene-0103_024,yaw,1.0,deg,17,Bicycle,cyclist,61.6,>30m,19.6,0,0.0,2,0,0.0,22.22
nuscenes_mini_subset,scene-0103_024,yaw,1.0,deg,18,Car,vehicle,41.8,>30m,74.0,2,0.0,0,0,,
nuscenes_mini_subset,scene-0103_024,yaw,1.0,deg,19,Pedestrian,pedestrian,25.8,15-30m,41.8,0,0.0,6,3,0.5,25.43
nuscenes_mini_subset,scene-0103_024,yaw,1.0,deg,20,Truck,vehicle,47.5,>30m,103.3,0,0.0,10,10,1.0,22.63
nuscenes_mini_subset,scene-0103_024,yaw,1.0,deg,21,Car,vehicle,9.0,0-15m,274.1,0,0.83,92,92,1.0,30.85
nuscenes_mini_subset,scene-0103_024,yaw,1.0,deg,22,Pedestrian,pedestrian,53.5,>30m,13.3,2,0.0,0,0,,
nuscenes_mini_subset,scene-0103_024,yaw,1.0,deg,23,Car,vehicle,70.9,>30m,34.6,2,0.0,0,0,,
nuscenes_mini_subset,scene-0103_024,yaw,1.0,deg,24,Car,vehicle,21.6,15-30m,267.3,0,0.0,18,18,1.0,27.11
nuscenes_mini_subset,scene-0103_024,yaw,1.0,deg,25,Car,vehicle,36.0,>30m,107.2,1,0.0,3,2,0.6667,22.8
nuscenes_mini_subset,scene-0103_024,yaw,2.0,deg,0,Car,vehicle,46.6,>30m,124.3,2,0.0,0,0,,
nuscenes_mini_subset,scene-0103_024,yaw,2.0,deg,1,Pedestrian,pedestrian,53.6,>30m,14.2,2,0.0,1,0,0.0,46.31
nuscenes_mini_subset,scene-0103_024,yaw,2.0,deg,2,Car,vehicle,26.1,15-30m,104.8,0,0.0,4,2,0.5,45.15
nuscenes_mini_subset,scene-0103_024,yaw,2.0,deg,3,Car,vehicle,39.3,>30m,114.1,1,0.0,5,5,1.0,53.64
nuscenes_mini_subset,scene-0103_024,yaw,2.0,deg,4,Car,vehicle,68.5,>30m,41.9,2,0.0,0,0,,
nuscenes_mini_subset,scene-0103_024,yaw,2.0,deg,5,Car,vehicle,64.9,>30m,44.3,2,0.0,0,0,,
nuscenes_mini_subset,scene-0103_024,yaw,2.0,deg,6,Car,vehicle,43.7,>30m,112.0,2,0.0,0,0,,
nuscenes_mini_subset,scene-0103_024,yaw,2.0,deg,7,Car,vehicle,44.5,>30m,121.5,2,0.0,0,0,,
nuscenes_mini_subset,scene-0103_024,yaw,2.0,deg,8,Car,vehicle,73.1,>30m,41.4,2,0.0,0,0,,
nuscenes_mini_subset,scene-0103_024,yaw,2.0,deg,9,Car,vehicle,41.3,>30m,82.5,0,0.5,5,3,0.6,57.94
nuscenes_mini_subset,scene-0103_024,yaw,2.0,deg,10,Car,vehicle,31.1,>30m,87.5,0,0.0,10,5,0.5,46.35
nuscenes_mini_subset,scene-0103_024,yaw,2.0,deg,11,Car,vehicle,47.9,>30m,65.9,2,0.0,0,0,,
nuscenes_mini_subset,scene-0103_024,yaw,2.0,deg,12,Car,vehicle,15.9,15-30m,194.5,2,0.61,4,4,1.0,59.74
nuscenes_mini_subset,scene-0103_024,yaw,2.0,deg,14,Car,vehicle,55.7,>30m,65.5,2,0.0,1,0,0.0,44.99
nuscenes_mini_subset,scene-0103_024,yaw,2.0,deg,15,Pedestrian,pedestrian,38.0,>30m,29.1,2,0.0,2,0,0.0,48.76
nuscenes_mini_subset,scene-0103_024,yaw,2.0,deg,16,Motorcycle,cyclist,32.1,>30m,29.7,0,0.0,1,0,0.0,49.02
nuscenes_mini_subset,scene-0103_024,yaw,2.0,deg,17,Bicycle,cyclist,61.6,>30m,19.6,0,0.0,2,0,0.0,44.51
nuscenes_mini_subset,scene-0103_024,yaw,2.0,deg,18,Car,vehicle,41.8,>30m,74.0,2,0.0,0,0,,
nuscenes_mini_subset,scene-0103_024,yaw,2.0,deg,19,Pedestrian,pedestrian,25.8,15-30m,41.8,0,0.0,6,0,0.0,50.54
nuscenes_mini_subset,scene-0103_024,yaw,2.0,deg,20,Truck,vehicle,47.5,>30m,103.3,0,0.0,10,9,0.9,45.39
nuscenes_mini_subset,scene-0103_024,yaw,2.0,deg,21,Car,vehicle,9.0,0-15m,274.1,0,0.83,77,77,1.0,61.63
nuscenes_mini_subset,scene-0103_024,yaw,2.0,deg,22,Pedestrian,pedestrian,53.5,>30m,13.3,2,0.0,0,0,,
nuscenes_mini_subset,scene-0103_024,yaw,2.0,deg,23,Car,vehicle,70.9,>30m,34.6,2,0.0,0,0,,
nuscenes_mini_subset,scene-0103_024,yaw,2.0,deg,24,Car,vehicle,21.6,15-30m,267.3,0,0.0,18,18,1.0,54.66
nuscenes_mini_subset,scene-0103_024,yaw,2.0,deg,25,Car,vehicle,36.0,>30m,107.2,1,0.0,3,0,0.0,45.48
nuscenes_mini_subset,scene-0103_024,yaw,3.0,deg,0,Car,vehicle,46.6,>30m,124.3,2,0.0,0,0,,
nuscenes_mini_subset,scene-0103_024,yaw,3.0,deg,1,Pedestrian,pedestrian,53.6,>30m,14.2,2,0.0,1,0,0.0,69.75
nuscenes_mini_subset,scene-0103_024,yaw,3.0,deg,2,Car,vehicle,26.1,15-30m,104.8,0,0.0,4,1,0.25,67.66
nuscenes_mini_subset,scene-0103_024,yaw,3.0,deg,3,Car,vehicle,39.3,>30m,114.1,1,0.0,5,2,0.4,79.83
nuscenes_mini_subset,scene-0103_024,yaw,3.0,deg,4,Car,vehicle,68.5,>30m,41.9,2,0.0,0,0,,
nuscenes_mini_subset,scene-0103_024,yaw,3.0,deg,5,Car,vehicle,64.9,>30m,44.3,2,0.0,0,0,,
nuscenes_mini_subset,scene-0103_024,yaw,3.0,deg,6,Car,vehicle,43.7,>30m,112.0,2,0.0,0,0,,
nuscenes_mini_subset,scene-0103_024,yaw,3.0,deg,7,Car,vehicle,44.5,>30m,121.5,2,0.0,0,0,,
nuscenes_mini_subset,scene-0103_024,yaw,3.0,deg,8,Car,vehicle,73.1,>30m,41.4,2,0.0,0,0,,
nuscenes_mini_subset,scene-0103_024,yaw,3.0,deg,9,Car,vehicle,41.3,>30m,82.5,0,0.5,5,2,0.4,86.09
nuscenes_mini_subset,scene-0103_024,yaw,3.0,deg,10,Car,vehicle,31.1,>30m,87.5,0,0.0,10,2,0.2,69.3
nuscenes_mini_subset,scene-0103_024,yaw,3.0,deg,11,Car,vehicle,47.9,>30m,65.9,2,0.0,0,0,,
nuscenes_mini_subset,scene-0103_024,yaw,3.0,deg,12,Car,vehicle,15.9,15-30m,194.5,2,0.61,4,4,1.0,90.55
nuscenes_mini_subset,scene-0103_024,yaw,3.0,deg,14,Car,vehicle,55.7,>30m,65.5,2,0.0,1,0,0.0,67.66
nuscenes_mini_subset,scene-0103_024,yaw,3.0,deg,15,Pedestrian,pedestrian,38.0,>30m,29.1,2,0.0,2,0,0.0,73.56
nuscenes_mini_subset,scene-0103_024,yaw,3.0,deg,16,Motorcycle,cyclist,32.1,>30m,29.7,0,0.0,1,0,0.0,73.14
nuscenes_mini_subset,scene-0103_024,yaw,3.0,deg,17,Bicycle,cyclist,61.6,>30m,19.6,0,0.0,2,0,0.0,66.88
nuscenes_mini_subset,scene-0103_024,yaw,3.0,deg,18,Car,vehicle,41.8,>30m,74.0,2,0.0,0,0,,
nuscenes_mini_subset,scene-0103_024,yaw,3.0,deg,19,Pedestrian,pedestrian,25.8,15-30m,41.8,0,0.0,6,0,0.0,75.35
nuscenes_mini_subset,scene-0103_024,yaw,3.0,deg,20,Truck,vehicle,47.5,>30m,103.3,0,0.0,10,6,0.6,68.28
nuscenes_mini_subset,scene-0103_024,yaw,3.0,deg,21,Car,vehicle,9.0,0-15m,274.1,0,0.83,62,62,1.0,92.33
nuscenes_mini_subset,scene-0103_024,yaw,3.0,deg,22,Pedestrian,pedestrian,53.5,>30m,13.3,2,0.0,0,0,,
nuscenes_mini_subset,scene-0103_024,yaw,3.0,deg,23,Car,vehicle,70.9,>30m,34.6,2,0.0,0,0,,
nuscenes_mini_subset,scene-0103_024,yaw,3.0,deg,24,Car,vehicle,21.6,15-30m,267.3,0,0.0,18,15,0.8333,82.69
nuscenes_mini_subset,scene-0103_024,yaw,3.0,deg,25,Car,vehicle,36.0,>30m,107.2,1,0.0,3,0,0.0,68.06
nuscenes_mini_subset,scene-0103_024,pitch,0.0,deg,0,Car,vehicle,46.6,>30m,124.3,2,0.0,0,0,,
nuscenes_mini_subset,scene-0103_024,pitch,0.0,deg,1,Pedestrian,pedestrian,53.6,>30m,14.2,2,0.0,1,1,1.0,0.0
nuscenes_mini_subset,scene-0103_024,pitch,0.0,deg,2,Car,vehicle,26.1,15-30m,104.8,0,0.0,4,4,1.0,0.0
nuscenes_mini_subset,scene-0103_024,pitch,0.0,deg,3,Car,vehicle,39.3,>30m,114.1,1,0.0,5,5,1.0,0.0
nuscenes_mini_subset,scene-0103_024,pitch,0.0,deg,4,Car,vehicle,68.5,>30m,41.9,2,0.0,0,0,,
nuscenes_mini_subset,scene-0103_024,pitch,0.0,deg,5,Car,vehicle,64.9,>30m,44.3,2,0.0,0,0,,
nuscenes_mini_subset,scene-0103_024,pitch,0.0,deg,6,Car,vehicle,43.7,>30m,112.0,2,0.0,0,0,,
nuscenes_mini_subset,scene-0103_024,pitch,0.0,deg,7,Car,vehicle,44.5,>30m,121.5,2,0.0,0,0,,
nuscenes_mini_subset,scene-0103_024,pitch,0.0,deg,8,Car,vehicle,73.1,>30m,41.4,2,0.0,0,0,,
nuscenes_mini_subset,scene-0103_024,pitch,0.0,deg,9,Car,vehicle,41.3,>30m,82.5,0,0.5,3,3,1.0,0.0
nuscenes_mini_subset,scene-0103_024,pitch,0.0,deg,10,Car,vehicle,31.1,>30m,87.5,0,0.0,10,10,1.0,0.0
nuscenes_mini_subset,scene-0103_024,pitch,0.0,deg,11,Car,vehicle,47.9,>30m,65.9,2,0.0,0,0,,
nuscenes_mini_subset,scene-0103_024,pitch,0.0,deg,12,Car,vehicle,15.9,15-30m,194.5,2,0.61,10,10,1.0,0.0
nuscenes_mini_subset,scene-0103_024,pitch,0.0,deg,14,Car,vehicle,55.7,>30m,65.5,2,0.0,1,1,1.0,0.0
nuscenes_mini_subset,scene-0103_024,pitch,0.0,deg,15,Pedestrian,pedestrian,38.0,>30m,29.1,2,0.0,2,2,1.0,0.0
nuscenes_mini_subset,scene-0103_024,pitch,0.0,deg,16,Motorcycle,cyclist,32.1,>30m,29.7,0,0.0,1,1,1.0,0.0
nuscenes_mini_subset,scene-0103_024,pitch,0.0,deg,17,Bicycle,cyclist,61.6,>30m,19.6,0,0.0,2,2,1.0,0.0
nuscenes_mini_subset,scene-0103_024,pitch,0.0,deg,18,Car,vehicle,41.8,>30m,74.0,2,0.0,0,0,,
nuscenes_mini_subset,scene-0103_024,pitch,0.0,deg,19,Pedestrian,pedestrian,25.8,15-30m,41.8,0,0.0,6,6,1.0,0.0
nuscenes_mini_subset,scene-0103_024,pitch,0.0,deg,20,Truck,vehicle,47.5,>30m,103.3,0,0.0,10,10,1.0,0.0
nuscenes_mini_subset,scene-0103_024,pitch,0.0,deg,21,Car,vehicle,9.0,0-15m,274.1,0,0.83,110,110,1.0,0.0
nuscenes_mini_subset,scene-0103_024,pitch,0.0,deg,22,Pedestrian,pedestrian,53.5,>30m,13.3,2,0.0,0,0,,
nuscenes_mini_subset,scene-0103_024,pitch,0.0,deg,23,Car,vehicle,70.9,>30m,34.6,2,0.0,0,0,,
nuscenes_mini_subset,scene-0103_024,pitch,0.0,deg,24,Car,vehicle,21.6,15-30m,267.3,0,0.0,18,18,1.0,0.0
nuscenes_mini_subset,scene-0103_024,pitch,0.0,deg,25,Car,vehicle,36.0,>30m,107.2,1,0.0,3,3,1.0,0.0
nuscenes_mini_subset,scene-0103_024,pitch,0.25,deg,0,Car,vehicle,46.6,>30m,124.3,2,0.0,0,0,,
nuscenes_mini_subset,scene-0103_024,pitch,0.25,deg,1,Pedestrian,pedestrian,53.6,>30m,14.2,2,0.0,1,1,1.0,1.16
nuscenes_mini_subset,scene-0103_024,pitch,0.25,deg,2,Car,vehicle,26.1,15-30m,104.8,0,0.0,4,4,1.0,0.45
nuscenes_mini_subset,scene-0103_024,pitch,0.25,deg,3,Car,vehicle,39.3,>30m,114.1,1,0.0,5,5,1.0,2.57
nuscenes_mini_subset,scene-0103_024,pitch,0.25,deg,4,Car,vehicle,68.5,>30m,41.9,2,0.0,0,0,,
nuscenes_mini_subset,scene-0103_024,pitch,0.25,deg,5,Car,vehicle,64.9,>30m,44.3,2,0.0,0,0,,
nuscenes_mini_subset,scene-0103_024,pitch,0.25,deg,6,Car,vehicle,43.7,>30m,112.0,2,0.0,0,0,,
nuscenes_mini_subset,scene-0103_024,pitch,0.25,deg,7,Car,vehicle,44.5,>30m,121.5,2,0.0,0,0,,
nuscenes_mini_subset,scene-0103_024,pitch,0.25,deg,8,Car,vehicle,73.1,>30m,41.4,2,0.0,0,0,,
nuscenes_mini_subset,scene-0103_024,pitch,0.25,deg,9,Car,vehicle,41.3,>30m,82.5,0,0.5,3,3,1.0,3.11
nuscenes_mini_subset,scene-0103_024,pitch,0.25,deg,10,Car,vehicle,31.1,>30m,87.5,0,0.0,10,10,1.0,1.1
nuscenes_mini_subset,scene-0103_024,pitch,0.25,deg,11,Car,vehicle,47.9,>30m,65.9,2,0.0,0,0,,
nuscenes_mini_subset,scene-0103_024,pitch,0.25,deg,12,Car,vehicle,15.9,15-30m,194.5,2,0.61,10,10,1.0,3.34
nuscenes_mini_subset,scene-0103_024,pitch,0.25,deg,14,Car,vehicle,55.7,>30m,65.5,2,0.0,1,1,1.0,0.7
nuscenes_mini_subset,scene-0103_024,pitch,0.25,deg,15,Pedestrian,pedestrian,38.0,>30m,29.1,2,0.0,2,2,1.0,1.66
nuscenes_mini_subset,scene-0103_024,pitch,0.25,deg,16,Motorcycle,cyclist,32.1,>30m,29.7,0,0.0,1,1,1.0,1.78
nuscenes_mini_subset,scene-0103_024,pitch,0.25,deg,17,Bicycle,cyclist,61.6,>30m,19.6,0,0.0,2,2,1.0,0.46
nuscenes_mini_subset,scene-0103_024,pitch,0.25,deg,18,Car,vehicle,41.8,>30m,74.0,2,0.0,0,0,,
nuscenes_mini_subset,scene-0103_024,pitch,0.25,deg,19,Pedestrian,pedestrian,25.8,15-30m,41.8,0,0.0,6,6,1.0,2.03
nuscenes_mini_subset,scene-0103_024,pitch,0.25,deg,20,Truck,vehicle,47.5,>30m,103.3,0,0.0,10,10,1.0,0.85
nuscenes_mini_subset,scene-0103_024,pitch,0.25,deg,21,Car,vehicle,9.0,0-15m,274.1,0,0.83,109,109,1.0,3.28
nuscenes_mini_subset,scene-0103_024,pitch,0.25,deg,22,Pedestrian,pedestrian,53.5,>30m,13.3,2,0.0,0,0,,
nuscenes_mini_subset,scene-0103_024,pitch,0.25,deg,23,Car,vehicle,70.9,>30m,34.6,2,0.0,0,0,,
nuscenes_mini_subset,scene-0103_024,pitch,0.25,deg,24,Car,vehicle,21.6,15-30m,267.3,0,0.0,18,18,1.0,2.47
nuscenes_mini_subset,scene-0103_024,pitch,0.25,deg,25,Car,vehicle,36.0,>30m,107.2,1,0.0,3,3,1.0,0.84
nuscenes_mini_subset,scene-0103_024,pitch,0.5,deg,0,Car,vehicle,46.6,>30m,124.3,2,0.0,0,0,,
nuscenes_mini_subset,scene-0103_024,pitch,0.5,deg,1,Pedestrian,pedestrian,53.6,>30m,14.2,2,0.0,1,1,1.0,2.32
nuscenes_mini_subset,scene-0103_024,pitch,0.5,deg,2,Car,vehicle,26.1,15-30m,104.8,0,0.0,4,4,1.0,0.9
nuscenes_mini_subset,scene-0103_024,pitch,0.5,deg,3,Car,vehicle,39.3,>30m,114.1,1,0.0,5,5,1.0,5.13
nuscenes_mini_subset,scene-0103_024,pitch,0.5,deg,4,Car,vehicle,68.5,>30m,41.9,2,0.0,0,0,,
nuscenes_mini_subset,scene-0103_024,pitch,0.5,deg,5,Car,vehicle,64.9,>30m,44.3,2,0.0,0,0,,
nuscenes_mini_subset,scene-0103_024,pitch,0.5,deg,6,Car,vehicle,43.7,>30m,112.0,2,0.0,0,0,,
nuscenes_mini_subset,scene-0103_024,pitch,0.5,deg,7,Car,vehicle,44.5,>30m,121.5,2,0.0,0,0,,
nuscenes_mini_subset,scene-0103_024,pitch,0.5,deg,8,Car,vehicle,73.1,>30m,41.4,2,0.0,0,0,,
nuscenes_mini_subset,scene-0103_024,pitch,0.5,deg,9,Car,vehicle,41.3,>30m,82.5,0,0.5,3,3,1.0,6.22
nuscenes_mini_subset,scene-0103_024,pitch,0.5,deg,10,Car,vehicle,31.1,>30m,87.5,0,0.0,10,10,1.0,2.21
nuscenes_mini_subset,scene-0103_024,pitch,0.5,deg,11,Car,vehicle,47.9,>30m,65.9,2,0.0,0,0,,
nuscenes_mini_subset,scene-0103_024,pitch,0.5,deg,12,Car,vehicle,15.9,15-30m,194.5,2,0.61,10,10,1.0,6.68
nuscenes_mini_subset,scene-0103_024,pitch,0.5,deg,14,Car,vehicle,55.7,>30m,65.5,2,0.0,1,1,1.0,1.4
nuscenes_mini_subset,scene-0103_024,pitch,0.5,deg,15,Pedestrian,pedestrian,38.0,>30m,29.1,2,0.0,2,2,1.0,3.32
nuscenes_mini_subset,scene-0103_024,pitch,0.5,deg,16,Motorcycle,cyclist,32.1,>30m,29.7,0,0.0,1,0,0.0,3.55
nuscenes_mini_subset,scene-0103_024,pitch,0.5,deg,17,Bicycle,cyclist,61.6,>30m,19.6,0,0.0,2,2,1.0,0.92
nuscenes_mini_subset,scene-0103_024,pitch,0.5,deg,18,Car,vehicle,41.8,>30m,74.0,2,0.0,0,0,,
nuscenes_mini_subset,scene-0103_024,pitch,0.5,deg,19,Pedestrian,pedestrian,25.8,15-30m,41.8,0,0.0,6,6,1.0,4.05
nuscenes_mini_subset,scene-0103_024,pitch,0.5,deg,20,Truck,vehicle,47.5,>30m,103.3,0,0.0,10,10,1.0,1.7
nuscenes_mini_subset,scene-0103_024,pitch,0.5,deg,21,Car,vehicle,9.0,0-15m,274.1,0,0.83,109,109,1.0,6.56
nuscenes_mini_subset,scene-0103_024,pitch,0.5,deg,22,Pedestrian,pedestrian,53.5,>30m,13.3,2,0.0,0,0,,
nuscenes_mini_subset,scene-0103_024,pitch,0.5,deg,23,Car,vehicle,70.9,>30m,34.6,2,0.0,0,0,,
nuscenes_mini_subset,scene-0103_024,pitch,0.5,deg,24,Car,vehicle,21.6,15-30m,267.3,0,0.0,18,18,1.0,4.95
nuscenes_mini_subset,scene-0103_024,pitch,0.5,deg,25,Car,vehicle,36.0,>30m,107.2,1,0.0,3,3,1.0,1.68
nuscenes_mini_subset,scene-0103_024,pitch,1.0,deg,0,Car,vehicle,46.6,>30m,124.3,2,0.0,0,0,,
nuscenes_mini_subset,scene-0103_024,pitch,1.0,deg,1,Pedestrian,pedestrian,53.6,>30m,14.2,2,0.0,1,1,1.0,4.63
nuscenes_mini_subset,scene-0103_024,pitch,1.0,deg,2,Car,vehicle,26.1,15-30m,104.8,0,0.0,4,4,1.0,1.8
nuscenes_mini_subset,scene-0103_024,pitch,1.0,deg,3,Car,vehicle,39.3,>30m,114.1,1,0.0,5,5,1.0,10.26
nuscenes_mini_subset,scene-0103_024,pitch,1.0,deg,4,Car,vehicle,68.5,>30m,41.9,2,0.0,0,0,,
nuscenes_mini_subset,scene-0103_024,pitch,1.0,deg,5,Car,vehicle,64.9,>30m,44.3,2,0.0,0,0,,
nuscenes_mini_subset,scene-0103_024,pitch,1.0,deg,6,Car,vehicle,43.7,>30m,112.0,2,0.0,0,0,,
nuscenes_mini_subset,scene-0103_024,pitch,1.0,deg,7,Car,vehicle,44.5,>30m,121.5,2,0.0,0,0,,
nuscenes_mini_subset,scene-0103_024,pitch,1.0,deg,8,Car,vehicle,73.1,>30m,41.4,2,0.0,0,0,,
nuscenes_mini_subset,scene-0103_024,pitch,1.0,deg,9,Car,vehicle,41.3,>30m,82.5,0,0.5,3,3,1.0,12.45
nuscenes_mini_subset,scene-0103_024,pitch,1.0,deg,10,Car,vehicle,31.1,>30m,87.5,0,0.0,10,10,1.0,4.42
nuscenes_mini_subset,scene-0103_024,pitch,1.0,deg,11,Car,vehicle,47.9,>30m,65.9,2,0.0,0,0,,
nuscenes_mini_subset,scene-0103_024,pitch,1.0,deg,12,Car,vehicle,15.9,15-30m,194.5,2,0.61,10,10,1.0,13.36
nuscenes_mini_subset,scene-0103_024,pitch,1.0,deg,14,Car,vehicle,55.7,>30m,65.5,2,0.0,1,1,1.0,2.8
nuscenes_mini_subset,scene-0103_024,pitch,1.0,deg,15,Pedestrian,pedestrian,38.0,>30m,29.1,2,0.0,2,2,1.0,6.63
nuscenes_mini_subset,scene-0103_024,pitch,1.0,deg,16,Motorcycle,cyclist,32.1,>30m,29.7,0,0.0,1,0,0.0,7.11
nuscenes_mini_subset,scene-0103_024,pitch,1.0,deg,17,Bicycle,cyclist,61.6,>30m,19.6,0,0.0,2,2,1.0,1.85
nuscenes_mini_subset,scene-0103_024,pitch,1.0,deg,18,Car,vehicle,41.8,>30m,74.0,2,0.0,0,0,,
nuscenes_mini_subset,scene-0103_024,pitch,1.0,deg,19,Pedestrian,pedestrian,25.8,15-30m,41.8,0,0.0,6,6,1.0,8.11
nuscenes_mini_subset,scene-0103_024,pitch,1.0,deg,20,Truck,vehicle,47.5,>30m,103.3,0,0.0,10,10,1.0,3.41
nuscenes_mini_subset,scene-0103_024,pitch,1.0,deg,21,Car,vehicle,9.0,0-15m,274.1,0,0.83,108,108,1.0,13.1
nuscenes_mini_subset,scene-0103_024,pitch,1.0,deg,22,Pedestrian,pedestrian,53.5,>30m,13.3,2,0.0,0,0,,
nuscenes_mini_subset,scene-0103_024,pitch,1.0,deg,23,Car,vehicle,70.9,>30m,34.6,2,0.0,0,0,,
nuscenes_mini_subset,scene-0103_024,pitch,1.0,deg,24,Car,vehicle,21.6,15-30m,267.3,0,0.0,18,18,1.0,9.89
nuscenes_mini_subset,scene-0103_024,pitch,1.0,deg,25,Car,vehicle,36.0,>30m,107.2,1,0.0,3,3,1.0,3.36
nuscenes_mini_subset,scene-0103_024,pitch,2.0,deg,0,Car,vehicle,46.6,>30m,124.3,2,0.0,0,0,,
nuscenes_mini_subset,scene-0103_024,pitch,2.0,deg,1,Pedestrian,pedestrian,53.6,>30m,14.2,2,0.0,1,1,1.0,9.26
nuscenes_mini_subset,scene-0103_024,pitch,2.0,deg,2,Car,vehicle,26.1,15-30m,104.8,0,0.0,4,3,0.75,3.6
nuscenes_mini_subset,scene-0103_024,pitch,2.0,deg,3,Car,vehicle,39.3,>30m,114.1,1,0.0,5,0,0.0,20.53
nuscenes_mini_subset,scene-0103_024,pitch,2.0,deg,4,Car,vehicle,68.5,>30m,41.9,2,0.0,0,0,,
nuscenes_mini_subset,scene-0103_024,pitch,2.0,deg,5,Car,vehicle,64.9,>30m,44.3,2,0.0,0,0,,
nuscenes_mini_subset,scene-0103_024,pitch,2.0,deg,6,Car,vehicle,43.7,>30m,112.0,2,0.0,0,0,,
nuscenes_mini_subset,scene-0103_024,pitch,2.0,deg,7,Car,vehicle,44.5,>30m,121.5,2,0.0,0,0,,
nuscenes_mini_subset,scene-0103_024,pitch,2.0,deg,8,Car,vehicle,73.1,>30m,41.4,2,0.0,0,0,,
nuscenes_mini_subset,scene-0103_024,pitch,2.0,deg,9,Car,vehicle,41.3,>30m,82.5,0,0.5,3,0,0.0,24.9
nuscenes_mini_subset,scene-0103_024,pitch,2.0,deg,10,Car,vehicle,31.1,>30m,87.5,0,0.0,10,10,1.0,8.84
nuscenes_mini_subset,scene-0103_024,pitch,2.0,deg,11,Car,vehicle,47.9,>30m,65.9,2,0.0,0,0,,
nuscenes_mini_subset,scene-0103_024,pitch,2.0,deg,12,Car,vehicle,15.9,15-30m,194.5,2,0.61,10,4,0.4,26.72
nuscenes_mini_subset,scene-0103_024,pitch,2.0,deg,14,Car,vehicle,55.7,>30m,65.5,2,0.0,1,1,1.0,5.6
nuscenes_mini_subset,scene-0103_024,pitch,2.0,deg,15,Pedestrian,pedestrian,38.0,>30m,29.1,2,0.0,2,2,1.0,13.27
nuscenes_mini_subset,scene-0103_024,pitch,2.0,deg,16,Motorcycle,cyclist,32.1,>30m,29.7,0,0.0,1,0,0.0,14.22
nuscenes_mini_subset,scene-0103_024,pitch,2.0,deg,17,Bicycle,cyclist,61.6,>30m,19.6,0,0.0,2,2,1.0,3.69
nuscenes_mini_subset,scene-0103_024,pitch,2.0,deg,18,Car,vehicle,41.8,>30m,74.0,2,0.0,0,0,,
nuscenes_mini_subset,scene-0103_024,pitch,2.0,deg,19,Pedestrian,pedestrian,25.8,15-30m,41.8,0,0.0,6,6,1.0,16.22
nuscenes_mini_subset,scene-0103_024,pitch,2.0,deg,20,Truck,vehicle,47.5,>30m,103.3,0,0.0,10,10,1.0,6.81
nuscenes_mini_subset,scene-0103_024,pitch,2.0,deg,21,Car,vehicle,9.0,0-15m,274.1,0,0.83,105,105,1.0,26.09
nuscenes_mini_subset,scene-0103_024,pitch,2.0,deg,22,Pedestrian,pedestrian,53.5,>30m,13.3,2,0.0,0,0,,
nuscenes_mini_subset,scene-0103_024,pitch,2.0,deg,23,Car,vehicle,70.9,>30m,34.6,2,0.0,0,0,,
nuscenes_mini_subset,scene-0103_024,pitch,2.0,deg,24,Car,vehicle,21.6,15-30m,267.3,0,0.0,18,18,1.0,19.78
nuscenes_mini_subset,scene-0103_024,pitch,2.0,deg,25,Car,vehicle,36.0,>30m,107.2,1,0.0,3,3,1.0,6.73
nuscenes_mini_subset,scene-0103_024,pitch,3.0,deg,0,Car,vehicle,46.6,>30m,124.3,2,0.0,0,0,,
nuscenes_mini_subset,scene-0103_024,pitch,3.0,deg,1,Pedestrian,pedestrian,53.6,>30m,14.2,2,0.0,1,1,1.0,13.89
nuscenes_mini_subset,scene-0103_024,pitch,3.0,deg,2,Car,vehicle,26.1,15-30m,104.8,0,0.0,4,3,0.75,5.41
nuscenes_mini_subset,scene-0103_024,pitch,3.0,deg,3,Car,vehicle,39.3,>30m,114.1,1,0.0,5,0,0.0,30.8
nuscenes_mini_subset,scene-0103_024,pitch,3.0,deg,4,Car,vehicle,68.5,>30m,41.9,2,0.0,0,0,,
nuscenes_mini_subset,scene-0103_024,pitch,3.0,deg,5,Car,vehicle,64.9,>30m,44.3,2,0.0,0,0,,
nuscenes_mini_subset,scene-0103_024,pitch,3.0,deg,6,Car,vehicle,43.7,>30m,112.0,2,0.0,0,0,,
nuscenes_mini_subset,scene-0103_024,pitch,3.0,deg,7,Car,vehicle,44.5,>30m,121.5,2,0.0,0,0,,
nuscenes_mini_subset,scene-0103_024,pitch,3.0,deg,8,Car,vehicle,73.1,>30m,41.4,2,0.0,0,0,,
nuscenes_mini_subset,scene-0103_024,pitch,3.0,deg,9,Car,vehicle,41.3,>30m,82.5,0,0.5,3,0,0.0,37.36
nuscenes_mini_subset,scene-0103_024,pitch,3.0,deg,10,Car,vehicle,31.1,>30m,87.5,0,0.0,10,10,1.0,13.26
nuscenes_mini_subset,scene-0103_024,pitch,3.0,deg,11,Car,vehicle,47.9,>30m,65.9,2,0.0,0,0,,
nuscenes_mini_subset,scene-0103_024,pitch,3.0,deg,12,Car,vehicle,15.9,15-30m,194.5,2,0.61,10,2,0.2,40.06
nuscenes_mini_subset,scene-0103_024,pitch,3.0,deg,14,Car,vehicle,55.7,>30m,65.5,2,0.0,1,1,1.0,8.39
nuscenes_mini_subset,scene-0103_024,pitch,3.0,deg,15,Pedestrian,pedestrian,38.0,>30m,29.1,2,0.0,2,2,1.0,19.89
nuscenes_mini_subset,scene-0103_024,pitch,3.0,deg,16,Motorcycle,cyclist,32.1,>30m,29.7,0,0.0,1,0,0.0,21.33
nuscenes_mini_subset,scene-0103_024,pitch,3.0,deg,17,Bicycle,cyclist,61.6,>30m,19.6,0,0.0,2,2,1.0,5.54
nuscenes_mini_subset,scene-0103_024,pitch,3.0,deg,18,Car,vehicle,41.8,>30m,74.0,2,0.0,0,0,,
nuscenes_mini_subset,scene-0103_024,pitch,3.0,deg,19,Pedestrian,pedestrian,25.8,15-30m,41.8,0,0.0,6,4,0.6667,24.33
nuscenes_mini_subset,scene-0103_024,pitch,3.0,deg,20,Truck,vehicle,47.5,>30m,103.3,0,0.0,10,10,1.0,10.21
nuscenes_mini_subset,scene-0103_024,pitch,3.0,deg,21,Car,vehicle,9.0,0-15m,274.1,0,0.83,105,105,1.0,39.12
nuscenes_mini_subset,scene-0103_024,pitch,3.0,deg,22,Pedestrian,pedestrian,53.5,>30m,13.3,2,0.0,0,0,,
nuscenes_mini_subset,scene-0103_024,pitch,3.0,deg,23,Car,vehicle,70.9,>30m,34.6,2,0.0,0,0,,
nuscenes_mini_subset,scene-0103_024,pitch,3.0,deg,24,Car,vehicle,21.6,15-30m,267.3,0,0.0,18,18,1.0,29.67
nuscenes_mini_subset,scene-0103_024,pitch,3.0,deg,25,Car,vehicle,36.0,>30m,107.2,1,0.0,3,3,1.0,10.09
nuscenes_mini_subset,scene-0103_024,roll,0.0,deg,0,Car,vehicle,46.6,>30m,124.3,2,0.0,0,0,,
nuscenes_mini_subset,scene-0103_024,roll,0.0,deg,1,Pedestrian,pedestrian,53.6,>30m,14.2,2,0.0,1,1,1.0,0.0
nuscenes_mini_subset,scene-0103_024,roll,0.0,deg,2,Car,vehicle,26.1,15-30m,104.8,0,0.0,4,4,1.0,0.0
nuscenes_mini_subset,scene-0103_024,roll,0.0,deg,3,Car,vehicle,39.3,>30m,114.1,1,0.0,5,5,1.0,0.0
nuscenes_mini_subset,scene-0103_024,roll,0.0,deg,4,Car,vehicle,68.5,>30m,41.9,2,0.0,0,0,,
nuscenes_mini_subset,scene-0103_024,roll,0.0,deg,5,Car,vehicle,64.9,>30m,44.3,2,0.0,0,0,,
nuscenes_mini_subset,scene-0103_024,roll,0.0,deg,6,Car,vehicle,43.7,>30m,112.0,2,0.0,0,0,,
nuscenes_mini_subset,scene-0103_024,roll,0.0,deg,7,Car,vehicle,44.5,>30m,121.5,2,0.0,0,0,,
nuscenes_mini_subset,scene-0103_024,roll,0.0,deg,8,Car,vehicle,73.1,>30m,41.4,2,0.0,0,0,,
nuscenes_mini_subset,scene-0103_024,roll,0.0,deg,9,Car,vehicle,41.3,>30m,82.5,0,0.5,3,3,1.0,0.0
nuscenes_mini_subset,scene-0103_024,roll,0.0,deg,10,Car,vehicle,31.1,>30m,87.5,0,0.0,10,10,1.0,0.0
nuscenes_mini_subset,scene-0103_024,roll,0.0,deg,11,Car,vehicle,47.9,>30m,65.9,2,0.0,0,0,,
nuscenes_mini_subset,scene-0103_024,roll,0.0,deg,12,Car,vehicle,15.9,15-30m,194.5,2,0.61,10,10,1.0,0.0
nuscenes_mini_subset,scene-0103_024,roll,0.0,deg,14,Car,vehicle,55.7,>30m,65.5,2,0.0,1,1,1.0,0.0
nuscenes_mini_subset,scene-0103_024,roll,0.0,deg,15,Pedestrian,pedestrian,38.0,>30m,29.1,2,0.0,2,2,1.0,0.0
nuscenes_mini_subset,scene-0103_024,roll,0.0,deg,16,Motorcycle,cyclist,32.1,>30m,29.7,0,0.0,1,1,1.0,0.0
nuscenes_mini_subset,scene-0103_024,roll,0.0,deg,17,Bicycle,cyclist,61.6,>30m,19.6,0,0.0,2,2,1.0,0.0
nuscenes_mini_subset,scene-0103_024,roll,0.0,deg,18,Car,vehicle,41.8,>30m,74.0,2,0.0,0,0,,
nuscenes_mini_subset,scene-0103_024,roll,0.0,deg,19,Pedestrian,pedestrian,25.8,15-30m,41.8,0,0.0,6,6,1.0,0.0
nuscenes_mini_subset,scene-0103_024,roll,0.0,deg,20,Truck,vehicle,47.5,>30m,103.3,0,0.0,10,10,1.0,0.0
nuscenes_mini_subset,scene-0103_024,roll,0.0,deg,21,Car,vehicle,9.0,0-15m,274.1,0,0.83,110,110,1.0,0.0
nuscenes_mini_subset,scene-0103_024,roll,0.0,deg,22,Pedestrian,pedestrian,53.5,>30m,13.3,2,0.0,0,0,,
nuscenes_mini_subset,scene-0103_024,roll,0.0,deg,23,Car,vehicle,70.9,>30m,34.6,2,0.0,0,0,,
nuscenes_mini_subset,scene-0103_024,roll,0.0,deg,24,Car,vehicle,21.6,15-30m,267.3,0,0.0,18,18,1.0,0.0
nuscenes_mini_subset,scene-0103_024,roll,0.0,deg,25,Car,vehicle,36.0,>30m,107.2,1,0.0,3,3,1.0,0.0
nuscenes_mini_subset,scene-0103_024,roll,0.25,deg,0,Car,vehicle,46.6,>30m,124.3,2,0.0,0,0,,
nuscenes_mini_subset,scene-0103_024,roll,0.25,deg,1,Pedestrian,pedestrian,53.6,>30m,14.2,2,0.0,1,1,1.0,5.52
nuscenes_mini_subset,scene-0103_024,roll,0.25,deg,2,Car,vehicle,26.1,15-30m,104.8,0,0.0,4,4,1.0,5.62
nuscenes_mini_subset,scene-0103_024,roll,0.25,deg,3,Car,vehicle,39.3,>30m,114.1,1,0.0,5,5,1.0,5.59
nuscenes_mini_subset,scene-0103_024,roll,0.25,deg,4,Car,vehicle,68.5,>30m,41.9,2,0.0,0,0,,
nuscenes_mini_subset,scene-0103_024,roll,0.25,deg,5,Car,vehicle,64.9,>30m,44.3,2,0.0,0,0,,
nuscenes_mini_subset,scene-0103_024,roll,0.25,deg,6,Car,vehicle,43.7,>30m,112.0,2,0.0,0,0,,
nuscenes_mini_subset,scene-0103_024,roll,0.25,deg,7,Car,vehicle,44.5,>30m,121.5,2,0.0,0,0,,
nuscenes_mini_subset,scene-0103_024,roll,0.25,deg,8,Car,vehicle,73.1,>30m,41.4,2,0.0,0,0,,
nuscenes_mini_subset,scene-0103_024,roll,0.25,deg,9,Car,vehicle,41.3,>30m,82.5,0,0.5,3,3,1.0,5.59
nuscenes_mini_subset,scene-0103_024,roll,0.25,deg,10,Car,vehicle,31.1,>30m,87.5,0,0.0,10,10,1.0,5.6
nuscenes_mini_subset,scene-0103_024,roll,0.25,deg,11,Car,vehicle,47.9,>30m,65.9,2,0.0,0,0,,
nuscenes_mini_subset,scene-0103_024,roll,0.25,deg,12,Car,vehicle,15.9,15-30m,194.5,2,0.61,10,10,1.0,5.7
nuscenes_mini_subset,scene-0103_024,roll,0.25,deg,14,Car,vehicle,55.7,>30m,65.5,2,0.0,1,1,1.0,5.52
nuscenes_mini_subset,scene-0103_024,roll,0.25,deg,15,Pedestrian,pedestrian,38.0,>30m,29.1,2,0.0,2,2,1.0,5.55
nuscenes_mini_subset,scene-0103_024,roll,0.25,deg,16,Motorcycle,cyclist,32.1,>30m,29.7,0,0.0,1,1,1.0,5.61
nuscenes_mini_subset,scene-0103_024,roll,0.25,deg,17,Bicycle,cyclist,61.6,>30m,19.6,0,0.0,2,2,1.0,5.52
nuscenes_mini_subset,scene-0103_024,roll,0.25,deg,18,Car,vehicle,41.8,>30m,74.0,2,0.0,0,0,,
nuscenes_mini_subset,scene-0103_024,roll,0.25,deg,19,Pedestrian,pedestrian,25.8,15-30m,41.8,0,0.0,6,6,1.0,5.63
nuscenes_mini_subset,scene-0103_024,roll,0.25,deg,20,Truck,vehicle,47.5,>30m,103.3,0,0.0,10,10,1.0,5.53
nuscenes_mini_subset,scene-0103_024,roll,0.25,deg,21,Car,vehicle,9.0,0-15m,274.1,0,0.83,110,110,1.0,6.05
nuscenes_mini_subset,scene-0103_024,roll,0.25,deg,22,Pedestrian,pedestrian,53.5,>30m,13.3,2,0.0,0,0,,
nuscenes_mini_subset,scene-0103_024,roll,0.25,deg,23,Car,vehicle,70.9,>30m,34.6,2,0.0,0,0,,
nuscenes_mini_subset,scene-0103_024,roll,0.25,deg,24,Car,vehicle,21.6,15-30m,267.3,0,0.0,18,18,1.0,5.67
nuscenes_mini_subset,scene-0103_024,roll,0.25,deg,25,Car,vehicle,36.0,>30m,107.2,1,0.0,3,3,1.0,5.58
nuscenes_mini_subset,scene-0103_024,roll,0.5,deg,0,Car,vehicle,46.6,>30m,124.3,2,0.0,0,0,,
nuscenes_mini_subset,scene-0103_024,roll,0.5,deg,1,Pedestrian,pedestrian,53.6,>30m,14.2,2,0.0,1,1,1.0,11.04
nuscenes_mini_subset,scene-0103_024,roll,0.5,deg,2,Car,vehicle,26.1,15-30m,104.8,0,0.0,4,4,1.0,11.24
nuscenes_mini_subset,scene-0103_024,roll,0.5,deg,3,Car,vehicle,39.3,>30m,114.1,1,0.0,5,5,1.0,11.18
nuscenes_mini_subset,scene-0103_024,roll,0.5,deg,4,Car,vehicle,68.5,>30m,41.9,2,0.0,0,0,,
nuscenes_mini_subset,scene-0103_024,roll,0.5,deg,5,Car,vehicle,64.9,>30m,44.3,2,0.0,0,0,,
nuscenes_mini_subset,scene-0103_024,roll,0.5,deg,6,Car,vehicle,43.7,>30m,112.0,2,0.0,0,0,,
nuscenes_mini_subset,scene-0103_024,roll,0.5,deg,7,Car,vehicle,44.5,>30m,121.5,2,0.0,0,0,,
nuscenes_mini_subset,scene-0103_024,roll,0.5,deg,8,Car,vehicle,73.1,>30m,41.4,2,0.0,0,0,,
nuscenes_mini_subset,scene-0103_024,roll,0.5,deg,9,Car,vehicle,41.3,>30m,82.5,0,0.5,3,3,1.0,11.18
nuscenes_mini_subset,scene-0103_024,roll,0.5,deg,10,Car,vehicle,31.1,>30m,87.5,0,0.0,10,10,1.0,11.2
nuscenes_mini_subset,scene-0103_024,roll,0.5,deg,11,Car,vehicle,47.9,>30m,65.9,2,0.0,0,0,,
nuscenes_mini_subset,scene-0103_024,roll,0.5,deg,12,Car,vehicle,15.9,15-30m,194.5,2,0.61,10,10,1.0,11.4
nuscenes_mini_subset,scene-0103_024,roll,0.5,deg,14,Car,vehicle,55.7,>30m,65.5,2,0.0,1,1,1.0,11.04
nuscenes_mini_subset,scene-0103_024,roll,0.5,deg,15,Pedestrian,pedestrian,38.0,>30m,29.1,2,0.0,2,2,1.0,11.1
nuscenes_mini_subset,scene-0103_024,roll,0.5,deg,16,Motorcycle,cyclist,32.1,>30m,29.7,0,0.0,1,1,1.0,11.21
nuscenes_mini_subset,scene-0103_024,roll,0.5,deg,17,Bicycle,cyclist,61.6,>30m,19.6,0,0.0,2,2,1.0,11.04
nuscenes_mini_subset,scene-0103_024,roll,0.5,deg,18,Car,vehicle,41.8,>30m,74.0,2,0.0,0,0,,
nuscenes_mini_subset,scene-0103_024,roll,0.5,deg,19,Pedestrian,pedestrian,25.8,15-30m,41.8,0,0.0,6,6,1.0,11.26
nuscenes_mini_subset,scene-0103_024,roll,0.5,deg,20,Truck,vehicle,47.5,>30m,103.3,0,0.0,10,10,1.0,11.06
nuscenes_mini_subset,scene-0103_024,roll,0.5,deg,21,Car,vehicle,9.0,0-15m,274.1,0,0.83,110,110,1.0,12.1
nuscenes_mini_subset,scene-0103_024,roll,0.5,deg,22,Pedestrian,pedestrian,53.5,>30m,13.3,2,0.0,0,0,,
nuscenes_mini_subset,scene-0103_024,roll,0.5,deg,23,Car,vehicle,70.9,>30m,34.6,2,0.0,0,0,,
nuscenes_mini_subset,scene-0103_024,roll,0.5,deg,24,Car,vehicle,21.6,15-30m,267.3,0,0.0,18,18,1.0,11.33
nuscenes_mini_subset,scene-0103_024,roll,0.5,deg,25,Car,vehicle,36.0,>30m,107.2,1,0.0,3,3,1.0,11.16
nuscenes_mini_subset,scene-0103_024,roll,1.0,deg,0,Car,vehicle,46.6,>30m,124.3,2,0.0,0,0,,
nuscenes_mini_subset,scene-0103_024,roll,1.0,deg,1,Pedestrian,pedestrian,53.6,>30m,14.2,2,0.0,1,0,0.0,22.07
nuscenes_mini_subset,scene-0103_024,roll,1.0,deg,2,Car,vehicle,26.1,15-30m,104.8,0,0.0,4,4,1.0,22.47
nuscenes_mini_subset,scene-0103_024,roll,1.0,deg,3,Car,vehicle,39.3,>30m,114.1,1,0.0,5,5,1.0,22.36
nuscenes_mini_subset,scene-0103_024,roll,1.0,deg,4,Car,vehicle,68.5,>30m,41.9,2,0.0,0,0,,
nuscenes_mini_subset,scene-0103_024,roll,1.0,deg,5,Car,vehicle,64.9,>30m,44.3,2,0.0,0,0,,
nuscenes_mini_subset,scene-0103_024,roll,1.0,deg,6,Car,vehicle,43.7,>30m,112.0,2,0.0,0,0,,
nuscenes_mini_subset,scene-0103_024,roll,1.0,deg,7,Car,vehicle,44.5,>30m,121.5,2,0.0,0,0,,
nuscenes_mini_subset,scene-0103_024,roll,1.0,deg,8,Car,vehicle,73.1,>30m,41.4,2,0.0,0,0,,
nuscenes_mini_subset,scene-0103_024,roll,1.0,deg,9,Car,vehicle,41.3,>30m,82.5,0,0.5,3,3,1.0,22.36
nuscenes_mini_subset,scene-0103_024,roll,1.0,deg,10,Car,vehicle,31.1,>30m,87.5,0,0.0,10,9,0.9,22.4
nuscenes_mini_subset,scene-0103_024,roll,1.0,deg,11,Car,vehicle,47.9,>30m,65.9,2,0.0,0,0,,
nuscenes_mini_subset,scene-0103_024,roll,1.0,deg,12,Car,vehicle,15.9,15-30m,194.5,2,0.61,10,10,1.0,22.79
nuscenes_mini_subset,scene-0103_024,roll,1.0,deg,14,Car,vehicle,55.7,>30m,65.5,2,0.0,1,1,1.0,22.08
nuscenes_mini_subset,scene-0103_024,roll,1.0,deg,15,Pedestrian,pedestrian,38.0,>30m,29.1,2,0.0,2,2,1.0,22.19
nuscenes_mini_subset,scene-0103_024,roll,1.0,deg,16,Motorcycle,cyclist,32.1,>30m,29.7,0,0.0,1,1,1.0,22.41
nuscenes_mini_subset,scene-0103_024,roll,1.0,deg,17,Bicycle,cyclist,61.6,>30m,19.6,0,0.0,2,2,1.0,22.07
nuscenes_mini_subset,scene-0103_024,roll,1.0,deg,18,Car,vehicle,41.8,>30m,74.0,2,0.0,0,0,,
nuscenes_mini_subset,scene-0103_024,roll,1.0,deg,19,Pedestrian,pedestrian,25.8,15-30m,41.8,0,0.0,6,6,1.0,22.52
nuscenes_mini_subset,scene-0103_024,roll,1.0,deg,20,Truck,vehicle,47.5,>30m,103.3,0,0.0,10,5,0.5,22.12
nuscenes_mini_subset,scene-0103_024,roll,1.0,deg,21,Car,vehicle,9.0,0-15m,274.1,0,0.83,111,111,1.0,24.15
nuscenes_mini_subset,scene-0103_024,roll,1.0,deg,22,Pedestrian,pedestrian,53.5,>30m,13.3,2,0.0,0,0,,
nuscenes_mini_subset,scene-0103_024,roll,1.0,deg,23,Car,vehicle,70.9,>30m,34.6,2,0.0,0,0,,
nuscenes_mini_subset,scene-0103_024,roll,1.0,deg,24,Car,vehicle,21.6,15-30m,267.3,0,0.0,18,18,1.0,22.64
nuscenes_mini_subset,scene-0103_024,roll,1.0,deg,25,Car,vehicle,36.0,>30m,107.2,1,0.0,3,3,1.0,22.31
nuscenes_mini_subset,scene-0103_024,roll,2.0,deg,0,Car,vehicle,46.6,>30m,124.3,2,0.0,0,0,,
nuscenes_mini_subset,scene-0103_024,roll,2.0,deg,1,Pedestrian,pedestrian,53.6,>30m,14.2,2,0.0,1,0,0.0,44.14
nuscenes_mini_subset,scene-0103_024,roll,2.0,deg,2,Car,vehicle,26.1,15-30m,104.8,0,0.0,4,3,0.75,44.92
nuscenes_mini_subset,scene-0103_024,roll,2.0,deg,3,Car,vehicle,39.3,>30m,114.1,1,0.0,5,5,1.0,44.71
nuscenes_mini_subset,scene-0103_024,roll,2.0,deg,4,Car,vehicle,68.5,>30m,41.9,2,0.0,0,0,,
nuscenes_mini_subset,scene-0103_024,roll,2.0,deg,5,Car,vehicle,64.9,>30m,44.3,2,0.0,0,0,,
nuscenes_mini_subset,scene-0103_024,roll,2.0,deg,6,Car,vehicle,43.7,>30m,112.0,2,0.0,0,0,,
nuscenes_mini_subset,scene-0103_024,roll,2.0,deg,7,Car,vehicle,44.5,>30m,121.5,2,0.0,0,0,,
nuscenes_mini_subset,scene-0103_024,roll,2.0,deg,8,Car,vehicle,73.1,>30m,41.4,2,0.0,0,0,,
nuscenes_mini_subset,scene-0103_024,roll,2.0,deg,9,Car,vehicle,41.3,>30m,82.5,0,0.5,3,3,1.0,44.72
nuscenes_mini_subset,scene-0103_024,roll,2.0,deg,10,Car,vehicle,31.1,>30m,87.5,0,0.0,10,9,0.9,44.77
nuscenes_mini_subset,scene-0103_024,roll,2.0,deg,11,Car,vehicle,47.9,>30m,65.9,2,0.0,0,0,,
nuscenes_mini_subset,scene-0103_024,roll,2.0,deg,12,Car,vehicle,15.9,15-30m,194.5,2,0.61,10,2,0.2,45.51
nuscenes_mini_subset,scene-0103_024,roll,2.0,deg,14,Car,vehicle,55.7,>30m,65.5,2,0.0,1,0,0.0,44.16
nuscenes_mini_subset,scene-0103_024,roll,2.0,deg,15,Pedestrian,pedestrian,38.0,>30m,29.1,2,0.0,2,0,0.0,44.36
nuscenes_mini_subset,scene-0103_024,roll,2.0,deg,16,Motorcycle,cyclist,32.1,>30m,29.7,0,0.0,1,1,1.0,44.8
nuscenes_mini_subset,scene-0103_024,roll,2.0,deg,17,Bicycle,cyclist,61.6,>30m,19.6,0,0.0,2,0,0.0,44.13
nuscenes_mini_subset,scene-0103_024,roll,2.0,deg,18,Car,vehicle,41.8,>30m,74.0,2,0.0,0,0,,
nuscenes_mini_subset,scene-0103_024,roll,2.0,deg,19,Pedestrian,pedestrian,25.8,15-30m,41.8,0,0.0,6,4,0.6667,45.02
nuscenes_mini_subset,scene-0103_024,roll,2.0,deg,20,Truck,vehicle,47.5,>30m,103.3,0,0.0,10,5,0.5,44.23
nuscenes_mini_subset,scene-0103_024,roll,2.0,deg,21,Car,vehicle,9.0,0-15m,274.1,0,0.83,112,112,1.0,48.14
nuscenes_mini_subset,scene-0103_024,roll,2.0,deg,22,Pedestrian,pedestrian,53.5,>30m,13.3,2,0.0,0,0,,
nuscenes_mini_subset,scene-0103_024,roll,2.0,deg,23,Car,vehicle,70.9,>30m,34.6,2,0.0,0,0,,
nuscenes_mini_subset,scene-0103_024,roll,2.0,deg,24,Car,vehicle,21.6,15-30m,267.3,0,0.0,18,18,1.0,45.21
nuscenes_mini_subset,scene-0103_024,roll,2.0,deg,25,Car,vehicle,36.0,>30m,107.2,1,0.0,3,3,1.0,44.6
nuscenes_mini_subset,scene-0103_024,roll,3.0,deg,0,Car,vehicle,46.6,>30m,124.3,2,0.0,0,0,,
nuscenes_mini_subset,scene-0103_024,roll,3.0,deg,1,Pedestrian,pedestrian,53.6,>30m,14.2,2,0.0,1,0,0.0,66.21
nuscenes_mini_subset,scene-0103_024,roll,3.0,deg,2,Car,vehicle,26.1,15-30m,104.8,0,0.0,4,1,0.25,67.35
nuscenes_mini_subset,scene-0103_024,roll,3.0,deg,3,Car,vehicle,39.3,>30m,114.1,1,0.0,5,0,0.0,67.08
nuscenes_mini_subset,scene-0103_024,roll,3.0,deg,4,Car,vehicle,68.5,>30m,41.9,2,0.0,0,0,,
nuscenes_mini_subset,scene-0103_024,roll,3.0,deg,5,Car,vehicle,64.9,>30m,44.3,2,0.0,0,0,,
nuscenes_mini_subset,scene-0103_024,roll,3.0,deg,6,Car,vehicle,43.7,>30m,112.0,2,0.0,0,0,,
nuscenes_mini_subset,scene-0103_024,roll,3.0,deg,7,Car,vehicle,44.5,>30m,121.5,2,0.0,0,0,,
nuscenes_mini_subset,scene-0103_024,roll,3.0,deg,8,Car,vehicle,73.1,>30m,41.4,2,0.0,0,0,,
nuscenes_mini_subset,scene-0103_024,roll,3.0,deg,9,Car,vehicle,41.3,>30m,82.5,0,0.5,3,0,0.0,67.09
nuscenes_mini_subset,scene-0103_024,roll,3.0,deg,10,Car,vehicle,31.1,>30m,87.5,0,0.0,10,0,0.0,67.13
nuscenes_mini_subset,scene-0103_024,roll,3.0,deg,11,Car,vehicle,47.9,>30m,65.9,2,0.0,0,0,,
nuscenes_mini_subset,scene-0103_024,roll,3.0,deg,12,Car,vehicle,15.9,15-30m,194.5,2,0.61,10,0,0.0,68.2
nuscenes_mini_subset,scene-0103_024,roll,3.0,deg,14,Car,vehicle,55.7,>30m,65.5,2,0.0,1,0,0.0,66.24
nuscenes_mini_subset,scene-0103_024,roll,3.0,deg,15,Pedestrian,pedestrian,38.0,>30m,29.1,2,0.0,2,0,0.0,66.51
nuscenes_mini_subset,scene-0103_024,roll,3.0,deg,16,Motorcycle,cyclist,32.1,>30m,29.7,0,0.0,1,0,0.0,67.17
nuscenes_mini_subset,scene-0103_024,roll,3.0,deg,17,Bicycle,cyclist,61.6,>30m,19.6,0,0.0,2,0,0.0,66.19
nuscenes_mini_subset,scene-0103_024,roll,3.0,deg,18,Car,vehicle,41.8,>30m,74.0,2,0.0,0,0,,
nuscenes_mini_subset,scene-0103_024,roll,3.0,deg,19,Pedestrian,pedestrian,25.8,15-30m,41.8,0,0.0,6,1,0.1667,67.51
nuscenes_mini_subset,scene-0103_024,roll,3.0,deg,20,Truck,vehicle,47.5,>30m,103.3,0,0.0,10,2,0.2,66.35
nuscenes_mini_subset,scene-0103_024,roll,3.0,deg,21,Car,vehicle,9.0,0-15m,274.1,0,0.83,115,106,0.9217,71.99
nuscenes_mini_subset,scene-0103_024,roll,3.0,deg,22,Pedestrian,pedestrian,53.5,>30m,13.3,2,0.0,0,0,,
nuscenes_mini_subset,scene-0103_024,roll,3.0,deg,23,Car,vehicle,70.9,>30m,34.6,2,0.0,0,0,,
nuscenes_mini_subset,scene-0103_024,roll,3.0,deg,24,Car,vehicle,21.6,15-30m,267.3,0,0.0,18,18,1.0,67.73
nuscenes_mini_subset,scene-0103_024,roll,3.0,deg,25,Car,vehicle,36.0,>30m,107.2,1,0.0,3,0,0.0,66.87
nuscenes_mini_subset,scene-0103_024,tx,0.0,m,0,Car,vehicle,46.6,>30m,124.3,2,0.0,0,0,,
nuscenes_mini_subset,scene-0103_024,tx,0.0,m,1,Pedestrian,pedestrian,53.6,>30m,14.2,2,0.0,1,1,1.0,0.0
nuscenes_mini_subset,scene-0103_024,tx,0.0,m,2,Car,vehicle,26.1,15-30m,104.8,0,0.0,4,4,1.0,0.0
nuscenes_mini_subset,scene-0103_024,tx,0.0,m,3,Car,vehicle,39.3,>30m,114.1,1,0.0,5,5,1.0,0.0
nuscenes_mini_subset,scene-0103_024,tx,0.0,m,4,Car,vehicle,68.5,>30m,41.9,2,0.0,0,0,,
nuscenes_mini_subset,scene-0103_024,tx,0.0,m,5,Car,vehicle,64.9,>30m,44.3,2,0.0,0,0,,
nuscenes_mini_subset,scene-0103_024,tx,0.0,m,6,Car,vehicle,43.7,>30m,112.0,2,0.0,0,0,,
nuscenes_mini_subset,scene-0103_024,tx,0.0,m,7,Car,vehicle,44.5,>30m,121.5,2,0.0,0,0,,
nuscenes_mini_subset,scene-0103_024,tx,0.0,m,8,Car,vehicle,73.1,>30m,41.4,2,0.0,0,0,,
nuscenes_mini_subset,scene-0103_024,tx,0.0,m,9,Car,vehicle,41.3,>30m,82.5,0,0.5,3,3,1.0,0.0
nuscenes_mini_subset,scene-0103_024,tx,0.0,m,10,Car,vehicle,31.1,>30m,87.5,0,0.0,10,10,1.0,0.0
nuscenes_mini_subset,scene-0103_024,tx,0.0,m,11,Car,vehicle,47.9,>30m,65.9,2,0.0,0,0,,
nuscenes_mini_subset,scene-0103_024,tx,0.0,m,12,Car,vehicle,15.9,15-30m,194.5,2,0.61,10,10,1.0,0.0
nuscenes_mini_subset,scene-0103_024,tx,0.0,m,14,Car,vehicle,55.7,>30m,65.5,2,0.0,1,1,1.0,0.0
nuscenes_mini_subset,scene-0103_024,tx,0.0,m,15,Pedestrian,pedestrian,38.0,>30m,29.1,2,0.0,2,2,1.0,0.0
nuscenes_mini_subset,scene-0103_024,tx,0.0,m,16,Motorcycle,cyclist,32.1,>30m,29.7,0,0.0,1,1,1.0,0.0
nuscenes_mini_subset,scene-0103_024,tx,0.0,m,17,Bicycle,cyclist,61.6,>30m,19.6,0,0.0,2,2,1.0,0.0
nuscenes_mini_subset,scene-0103_024,tx,0.0,m,18,Car,vehicle,41.8,>30m,74.0,2,0.0,0,0,,
nuscenes_mini_subset,scene-0103_024,tx,0.0,m,19,Pedestrian,pedestrian,25.8,15-30m,41.8,0,0.0,6,6,1.0,0.0
nuscenes_mini_subset,scene-0103_024,tx,0.0,m,20,Truck,vehicle,47.5,>30m,103.3,0,0.0,10,10,1.0,0.0
nuscenes_mini_subset,scene-0103_024,tx,0.0,m,21,Car,vehicle,9.0,0-15m,274.1,0,0.83,110,110,1.0,0.0
nuscenes_mini_subset,scene-0103_024,tx,0.0,m,22,Pedestrian,pedestrian,53.5,>30m,13.3,2,0.0,0,0,,
nuscenes_mini_subset,scene-0103_024,tx,0.0,m,23,Car,vehicle,70.9,>30m,34.6,2,0.0,0,0,,
nuscenes_mini_subset,scene-0103_024,tx,0.0,m,24,Car,vehicle,21.6,15-30m,267.3,0,0.0,18,18,1.0,0.0
nuscenes_mini_subset,scene-0103_024,tx,0.0,m,25,Car,vehicle,36.0,>30m,107.2,1,0.0,3,3,1.0,0.0
nuscenes_mini_subset,scene-0103_024,tx,0.02,m,0,Car,vehicle,46.6,>30m,124.3,2,0.0,0,0,,
nuscenes_mini_subset,scene-0103_024,tx,0.02,m,1,Pedestrian,pedestrian,53.6,>30m,14.2,2,0.0,1,1,1.0,0.48
nuscenes_mini_subset,scene-0103_024,tx,0.02,m,2,Car,vehicle,26.1,15-30m,104.8,0,0.0,4,4,1.0,1.05
nuscenes_mini_subset,scene-0103_024,tx,0.02,m,3,Car,vehicle,39.3,>30m,114.1,1,0.0,5,5,1.0,0.74
nuscenes_mini_subset,scene-0103_024,tx,0.02,m,4,Car,vehicle,68.5,>30m,41.9,2,0.0,0,0,,
nuscenes_mini_subset,scene-0103_024,tx,0.02,m,5,Car,vehicle,64.9,>30m,44.3,2,0.0,0,0,,
nuscenes_mini_subset,scene-0103_024,tx,0.02,m,6,Car,vehicle,43.7,>30m,112.0,2,0.0,0,0,,
nuscenes_mini_subset,scene-0103_024,tx,0.02,m,7,Car,vehicle,44.5,>30m,121.5,2,0.0,0,0,,
nuscenes_mini_subset,scene-0103_024,tx,0.02,m,8,Car,vehicle,73.1,>30m,41.4,2,0.0,0,0,,
nuscenes_mini_subset,scene-0103_024,tx,0.02,m,9,Car,vehicle,41.3,>30m,82.5,0,0.5,3,3,1.0,0.7
nuscenes_mini_subset,scene-0103_024,tx,0.02,m,10,Car,vehicle,31.1,>30m,87.5,0,0.0,10,10,1.0,0.87
nuscenes_mini_subset,scene-0103_024,tx,0.02,m,11,Car,vehicle,47.9,>30m,65.9,2,0.0,0,0,,
nuscenes_mini_subset,scene-0103_024,tx,0.02,m,12,Car,vehicle,15.9,15-30m,194.5,2,0.61,10,10,1.0,1.79
nuscenes_mini_subset,scene-0103_024,tx,0.02,m,14,Car,vehicle,55.7,>30m,65.5,2,0.0,1,1,1.0,0.46
nuscenes_mini_subset,scene-0103_024,tx,0.02,m,15,Pedestrian,pedestrian,38.0,>30m,29.1,2,0.0,2,2,1.0,0.68
nuscenes_mini_subset,scene-0103_024,tx,0.02,m,16,Motorcycle,cyclist,32.1,>30m,29.7,0,0.0,1,1,1.0,0.83
nuscenes_mini_subset,scene-0103_024,tx,0.02,m,17,Bicycle,cyclist,61.6,>30m,19.6,0,0.0,2,2,1.0,0.41
nuscenes_mini_subset,scene-0103_024,tx,0.02,m,18,Car,vehicle,41.8,>30m,74.0,2,0.0,0,0,,
nuscenes_mini_subset,scene-0103_024,tx,0.02,m,19,Pedestrian,pedestrian,25.8,15-30m,41.8,0,0.0,6,6,1.0,1.04
nuscenes_mini_subset,scene-0103_024,tx,0.02,m,20,Truck,vehicle,47.5,>30m,103.3,0,0.0,10,10,1.0,0.53
nuscenes_mini_subset,scene-0103_024,tx,0.02,m,21,Car,vehicle,9.0,0-15m,274.1,0,0.83,111,111,1.0,3.19
nuscenes_mini_subset,scene-0103_024,tx,0.02,m,22,Pedestrian,pedestrian,53.5,>30m,13.3,2,0.0,0,0,,
nuscenes_mini_subset,scene-0103_024,tx,0.02,m,23,Car,vehicle,70.9,>30m,34.6,2,0.0,0,0,,
nuscenes_mini_subset,scene-0103_024,tx,0.02,m,24,Car,vehicle,21.6,15-30m,267.3,0,0.0,18,18,1.0,1.35
nuscenes_mini_subset,scene-0103_024,tx,0.02,m,25,Car,vehicle,36.0,>30m,107.2,1,0.0,3,3,1.0,0.72
nuscenes_mini_subset,scene-0103_024,tx,0.05,m,0,Car,vehicle,46.6,>30m,124.3,2,0.0,0,0,,
nuscenes_mini_subset,scene-0103_024,tx,0.05,m,1,Pedestrian,pedestrian,53.6,>30m,14.2,2,0.0,1,1,1.0,1.19
nuscenes_mini_subset,scene-0103_024,tx,0.05,m,2,Car,vehicle,26.1,15-30m,104.8,0,0.0,4,4,1.0,2.63
nuscenes_mini_subset,scene-0103_024,tx,0.05,m,3,Car,vehicle,39.3,>30m,114.1,1,0.0,5,5,1.0,1.84
nuscenes_mini_subset,scene-0103_024,tx,0.05,m,4,Car,vehicle,68.5,>30m,41.9,2,0.0,0,0,,
nuscenes_mini_subset,scene-0103_024,tx,0.05,m,5,Car,vehicle,64.9,>30m,44.3,2,0.0,0,0,,
nuscenes_mini_subset,scene-0103_024,tx,0.05,m,6,Car,vehicle,43.7,>30m,112.0,2,0.0,0,0,,
nuscenes_mini_subset,scene-0103_024,tx,0.05,m,7,Car,vehicle,44.5,>30m,121.5,2,0.0,0,0,,
nuscenes_mini_subset,scene-0103_024,tx,0.05,m,8,Car,vehicle,73.1,>30m,41.4,2,0.0,0,0,,
nuscenes_mini_subset,scene-0103_024,tx,0.05,m,9,Car,vehicle,41.3,>30m,82.5,0,0.5,3,3,1.0,1.75
nuscenes_mini_subset,scene-0103_024,tx,0.05,m,10,Car,vehicle,31.1,>30m,87.5,0,0.0,10,10,1.0,2.17
nuscenes_mini_subset,scene-0103_024,tx,0.05,m,11,Car,vehicle,47.9,>30m,65.9,2,0.0,0,0,,
nuscenes_mini_subset,scene-0103_024,tx,0.05,m,12,Car,vehicle,15.9,15-30m,194.5,2,0.61,10,10,1.0,4.48
nuscenes_mini_subset,scene-0103_024,tx,0.05,m,14,Car,vehicle,55.7,>30m,65.5,2,0.0,1,1,1.0,1.15
nuscenes_mini_subset,scene-0103_024,tx,0.05,m,15,Pedestrian,pedestrian,38.0,>30m,29.1,2,0.0,2,2,1.0,1.71
nuscenes_mini_subset,scene-0103_024,tx,0.05,m,16,Motorcycle,cyclist,32.1,>30m,29.7,0,0.0,1,1,1.0,2.09
nuscenes_mini_subset,scene-0103_024,tx,0.05,m,17,Bicycle,cyclist,61.6,>30m,19.6,0,0.0,2,2,1.0,1.02
nuscenes_mini_subset,scene-0103_024,tx,0.05,m,18,Car,vehicle,41.8,>30m,74.0,2,0.0,0,0,,
nuscenes_mini_subset,scene-0103_024,tx,0.05,m,19,Pedestrian,pedestrian,25.8,15-30m,41.8,0,0.0,6,6,1.0,2.61
nuscenes_mini_subset,scene-0103_024,tx,0.05,m,20,Truck,vehicle,47.5,>30m,103.3,0,0.0,10,9,0.9,1.32
nuscenes_mini_subset,scene-0103_024,tx,0.05,m,21,Car,vehicle,9.0,0-15m,274.1,0,0.83,116,116,1.0,7.99
nuscenes_mini_subset,scene-0103_024,tx,0.05,m,22,Pedestrian,pedestrian,53.5,>30m,13.3,2,0.0,0,0,,
nuscenes_mini_subset,scene-0103_024,tx,0.05,m,23,Car,vehicle,70.9,>30m,34.6,2,0.0,0,0,,
nuscenes_mini_subset,scene-0103_024,tx,0.05,m,24,Car,vehicle,21.6,15-30m,267.3,0,0.0,18,18,1.0,3.39
nuscenes_mini_subset,scene-0103_024,tx,0.05,m,25,Car,vehicle,36.0,>30m,107.2,1,0.0,3,3,1.0,1.8
nuscenes_mini_subset,scene-0103_024,tx,0.1,m,0,Car,vehicle,46.6,>30m,124.3,2,0.0,0,0,,
nuscenes_mini_subset,scene-0103_024,tx,0.1,m,1,Pedestrian,pedestrian,53.6,>30m,14.2,2,0.0,1,1,1.0,2.38
nuscenes_mini_subset,scene-0103_024,tx,0.1,m,2,Car,vehicle,26.1,15-30m,104.8,0,0.0,4,4,1.0,5.26
nuscenes_mini_subset,scene-0103_024,tx,0.1,m,3,Car,vehicle,39.3,>30m,114.1,1,0.0,5,5,1.0,3.68
nuscenes_mini_subset,scene-0103_024,tx,0.1,m,4,Car,vehicle,68.5,>30m,41.9,2,0.0,0,0,,
nuscenes_mini_subset,scene-0103_024,tx,0.1,m,5,Car,vehicle,64.9,>30m,44.3,2,0.0,0,0,,
nuscenes_mini_subset,scene-0103_024,tx,0.1,m,6,Car,vehicle,43.7,>30m,112.0,2,0.0,0,0,,
nuscenes_mini_subset,scene-0103_024,tx,0.1,m,7,Car,vehicle,44.5,>30m,121.5,2,0.0,0,0,,
nuscenes_mini_subset,scene-0103_024,tx,0.1,m,8,Car,vehicle,73.1,>30m,41.4,2,0.0,0,0,,
nuscenes_mini_subset,scene-0103_024,tx,0.1,m,9,Car,vehicle,41.3,>30m,82.5,0,0.5,3,3,1.0,3.49
nuscenes_mini_subset,scene-0103_024,tx,0.1,m,10,Car,vehicle,31.1,>30m,87.5,0,0.0,10,10,1.0,4.34
nuscenes_mini_subset,scene-0103_024,tx,0.1,m,11,Car,vehicle,47.9,>30m,65.9,2,0.0,0,0,,
nuscenes_mini_subset,scene-0103_024,tx,0.1,m,12,Car,vehicle,15.9,15-30m,194.5,2,0.61,11,11,1.0,8.95
nuscenes_mini_subset,scene-0103_024,tx,0.1,m,14,Car,vehicle,55.7,>30m,65.5,2,0.0,1,1,1.0,2.29
nuscenes_mini_subset,scene-0103_024,tx,0.1,m,15,Pedestrian,pedestrian,38.0,>30m,29.1,2,0.0,2,2,1.0,3.42
nuscenes_mini_subset,scene-0103_024,tx,0.1,m,16,Motorcycle,cyclist,32.1,>30m,29.7,0,0.0,1,1,1.0,4.17
nuscenes_mini_subset,scene-0103_024,tx,0.1,m,17,Bicycle,cyclist,61.6,>30m,19.6,0,0.0,2,2,1.0,2.04
nuscenes_mini_subset,scene-0103_024,tx,0.1,m,18,Car,vehicle,41.8,>30m,74.0,2,0.0,0,0,,
nuscenes_mini_subset,scene-0103_024,tx,0.1,m,19,Pedestrian,pedestrian,25.8,15-30m,41.8,0,0.0,6,5,0.8333,5.22
nuscenes_mini_subset,scene-0103_024,tx,0.1,m,20,Truck,vehicle,47.5,>30m,103.3,0,0.0,10,9,0.9,2.63
nuscenes_mini_subset,scene-0103_024,tx,0.1,m,21,Car,vehicle,9.0,0-15m,274.1,0,0.83,119,119,1.0,15.98
nuscenes_mini_subset,scene-0103_024,tx,0.1,m,22,Pedestrian,pedestrian,53.5,>30m,13.3,2,0.0,0,0,,
nuscenes_mini_subset,scene-0103_024,tx,0.1,m,23,Car,vehicle,70.9,>30m,34.6,2,0.0,0,0,,
nuscenes_mini_subset,scene-0103_024,tx,0.1,m,24,Car,vehicle,21.6,15-30m,267.3,0,0.0,18,18,1.0,6.77
nuscenes_mini_subset,scene-0103_024,tx,0.1,m,25,Car,vehicle,36.0,>30m,107.2,1,0.0,3,3,1.0,3.6
nuscenes_mini_subset,scene-0103_024,tx,0.2,m,0,Car,vehicle,46.6,>30m,124.3,2,0.0,0,0,,
nuscenes_mini_subset,scene-0103_024,tx,0.2,m,1,Pedestrian,pedestrian,53.6,>30m,14.2,2,0.0,1,1,1.0,4.75
nuscenes_mini_subset,scene-0103_024,tx,0.2,m,2,Car,vehicle,26.1,15-30m,104.8,0,0.0,4,3,0.75,10.53
nuscenes_mini_subset,scene-0103_024,tx,0.2,m,3,Car,vehicle,39.3,>30m,114.1,1,0.0,5,5,1.0,7.36
nuscenes_mini_subset,scene-0103_024,tx,0.2,m,4,Car,vehicle,68.5,>30m,41.9,2,0.0,0,0,,
nuscenes_mini_subset,scene-0103_024,tx,0.2,m,5,Car,vehicle,64.9,>30m,44.3,2,0.0,0,0,,
nuscenes_mini_subset,scene-0103_024,tx,0.2,m,6,Car,vehicle,43.7,>30m,112.0,2,0.0,0,0,,
nuscenes_mini_subset,scene-0103_024,tx,0.2,m,7,Car,vehicle,44.5,>30m,121.5,2,0.0,0,0,,
nuscenes_mini_subset,scene-0103_024,tx,0.2,m,8,Car,vehicle,73.1,>30m,41.4,2,0.0,0,0,,
nuscenes_mini_subset,scene-0103_024,tx,0.2,m,9,Car,vehicle,41.3,>30m,82.5,0,0.5,3,3,1.0,6.98
nuscenes_mini_subset,scene-0103_024,tx,0.2,m,10,Car,vehicle,31.1,>30m,87.5,0,0.0,10,9,0.9,8.67
nuscenes_mini_subset,scene-0103_024,tx,0.2,m,11,Car,vehicle,47.9,>30m,65.9,2,0.0,0,0,,
nuscenes_mini_subset,scene-0103_024,tx,0.2,m,12,Car,vehicle,15.9,15-30m,194.5,2,0.61,12,12,1.0,17.91
nuscenes_mini_subset,scene-0103_024,tx,0.2,m,14,Car,vehicle,55.7,>30m,65.5,2,0.0,1,1,1.0,4.59
nuscenes_mini_subset,scene-0103_024,tx,0.2,m,15,Pedestrian,pedestrian,38.0,>30m,29.1,2,0.0,2,1,0.5,6.84
nuscenes_mini_subset,scene-0103_024,tx,0.2,m,16,Motorcycle,cyclist,32.1,>30m,29.7,0,0.0,1,1,1.0,8.34
nuscenes_mini_subset,scene-0103_024,tx,0.2,m,17,Bicycle,cyclist,61.6,>30m,19.6,0,0.0,2,2,1.0,4.08
nuscenes_mini_subset,scene-0103_024,tx,0.2,m,18,Car,vehicle,41.8,>30m,74.0,2,0.0,0,0,,
nuscenes_mini_subset,scene-0103_024,tx,0.2,m,19,Pedestrian,pedestrian,25.8,15-30m,41.8,0,0.0,6,5,0.8333,10.45
nuscenes_mini_subset,scene-0103_024,tx,0.2,m,20,Truck,vehicle,47.5,>30m,103.3,0,0.0,10,9,0.9,5.27
nuscenes_mini_subset,scene-0103_024,tx,0.2,m,21,Car,vehicle,9.0,0-15m,274.1,0,0.83,130,130,1.0,31.96
nuscenes_mini_subset,scene-0103_024,tx,0.2,m,22,Pedestrian,pedestrian,53.5,>30m,13.3,2,0.0,0,0,,
nuscenes_mini_subset,scene-0103_024,tx,0.2,m,23,Car,vehicle,70.9,>30m,34.6,2,0.0,0,0,,
nuscenes_mini_subset,scene-0103_024,tx,0.2,m,24,Car,vehicle,21.6,15-30m,267.3,0,0.0,18,18,1.0,13.55
nuscenes_mini_subset,scene-0103_024,tx,0.2,m,25,Car,vehicle,36.0,>30m,107.2,1,0.0,3,3,1.0,7.19
nuscenes_mini_subset,scene-0103_024,ty,0.0,m,0,Car,vehicle,46.6,>30m,124.3,2,0.0,0,0,,
nuscenes_mini_subset,scene-0103_024,ty,0.0,m,1,Pedestrian,pedestrian,53.6,>30m,14.2,2,0.0,1,1,1.0,0.0
nuscenes_mini_subset,scene-0103_024,ty,0.0,m,2,Car,vehicle,26.1,15-30m,104.8,0,0.0,4,4,1.0,0.0
nuscenes_mini_subset,scene-0103_024,ty,0.0,m,3,Car,vehicle,39.3,>30m,114.1,1,0.0,5,5,1.0,0.0
nuscenes_mini_subset,scene-0103_024,ty,0.0,m,4,Car,vehicle,68.5,>30m,41.9,2,0.0,0,0,,
nuscenes_mini_subset,scene-0103_024,ty,0.0,m,5,Car,vehicle,64.9,>30m,44.3,2,0.0,0,0,,
nuscenes_mini_subset,scene-0103_024,ty,0.0,m,6,Car,vehicle,43.7,>30m,112.0,2,0.0,0,0,,
nuscenes_mini_subset,scene-0103_024,ty,0.0,m,7,Car,vehicle,44.5,>30m,121.5,2,0.0,0,0,,
nuscenes_mini_subset,scene-0103_024,ty,0.0,m,8,Car,vehicle,73.1,>30m,41.4,2,0.0,0,0,,
nuscenes_mini_subset,scene-0103_024,ty,0.0,m,9,Car,vehicle,41.3,>30m,82.5,0,0.5,3,3,1.0,0.0
nuscenes_mini_subset,scene-0103_024,ty,0.0,m,10,Car,vehicle,31.1,>30m,87.5,0,0.0,10,10,1.0,0.0
nuscenes_mini_subset,scene-0103_024,ty,0.0,m,11,Car,vehicle,47.9,>30m,65.9,2,0.0,0,0,,
nuscenes_mini_subset,scene-0103_024,ty,0.0,m,12,Car,vehicle,15.9,15-30m,194.5,2,0.61,10,10,1.0,0.0
nuscenes_mini_subset,scene-0103_024,ty,0.0,m,14,Car,vehicle,55.7,>30m,65.5,2,0.0,1,1,1.0,0.0
nuscenes_mini_subset,scene-0103_024,ty,0.0,m,15,Pedestrian,pedestrian,38.0,>30m,29.1,2,0.0,2,2,1.0,0.0
nuscenes_mini_subset,scene-0103_024,ty,0.0,m,16,Motorcycle,cyclist,32.1,>30m,29.7,0,0.0,1,1,1.0,0.0
nuscenes_mini_subset,scene-0103_024,ty,0.0,m,17,Bicycle,cyclist,61.6,>30m,19.6,0,0.0,2,2,1.0,0.0
nuscenes_mini_subset,scene-0103_024,ty,0.0,m,18,Car,vehicle,41.8,>30m,74.0,2,0.0,0,0,,
nuscenes_mini_subset,scene-0103_024,ty,0.0,m,19,Pedestrian,pedestrian,25.8,15-30m,41.8,0,0.0,6,6,1.0,0.0
nuscenes_mini_subset,scene-0103_024,ty,0.0,m,20,Truck,vehicle,47.5,>30m,103.3,0,0.0,10,10,1.0,0.0
nuscenes_mini_subset,scene-0103_024,ty,0.0,m,21,Car,vehicle,9.0,0-15m,274.1,0,0.83,110,110,1.0,0.0
nuscenes_mini_subset,scene-0103_024,ty,0.0,m,22,Pedestrian,pedestrian,53.5,>30m,13.3,2,0.0,0,0,,
nuscenes_mini_subset,scene-0103_024,ty,0.0,m,23,Car,vehicle,70.9,>30m,34.6,2,0.0,0,0,,
nuscenes_mini_subset,scene-0103_024,ty,0.0,m,24,Car,vehicle,21.6,15-30m,267.3,0,0.0,18,18,1.0,0.0
nuscenes_mini_subset,scene-0103_024,ty,0.0,m,25,Car,vehicle,36.0,>30m,107.2,1,0.0,3,3,1.0,0.0
nuscenes_mini_subset,scene-0103_024,ty,0.02,m,0,Car,vehicle,46.6,>30m,124.3,2,0.0,0,0,,
nuscenes_mini_subset,scene-0103_024,ty,0.02,m,1,Pedestrian,pedestrian,53.6,>30m,14.2,2,0.0,1,1,1.0,0.1
nuscenes_mini_subset,scene-0103_024,ty,0.02,m,2,Car,vehicle,26.1,15-30m,104.8,0,0.0,4,4,1.0,0.09
nuscenes_mini_subset,scene-0103_024,ty,0.02,m,3,Car,vehicle,39.3,>30m,114.1,1,0.0,5,5,1.0,0.34
nuscenes_mini_subset,scene-0103_024,ty,0.02,m,4,Car,vehicle,68.5,>30m,41.9,2,0.0,0,0,,
nuscenes_mini_subset,scene-0103_024,ty,0.02,m,5,Car,vehicle,64.9,>30m,44.3,2,0.0,0,0,,
nuscenes_mini_subset,scene-0103_024,ty,0.02,m,6,Car,vehicle,43.7,>30m,112.0,2,0.0,0,0,,
nuscenes_mini_subset,scene-0103_024,ty,0.02,m,7,Car,vehicle,44.5,>30m,121.5,2,0.0,0,0,,
nuscenes_mini_subset,scene-0103_024,ty,0.02,m,8,Car,vehicle,73.1,>30m,41.4,2,0.0,0,0,,
nuscenes_mini_subset,scene-0103_024,ty,0.02,m,9,Car,vehicle,41.3,>30m,82.5,0,0.5,3,3,1.0,0.39
nuscenes_mini_subset,scene-0103_024,ty,0.02,m,10,Car,vehicle,31.1,>30m,87.5,0,0.0,10,10,1.0,0.17
nuscenes_mini_subset,scene-0103_024,ty,0.02,m,11,Car,vehicle,47.9,>30m,65.9,2,0.0,0,0,,
nuscenes_mini_subset,scene-0103_024,ty,0.02,m,12,Car,vehicle,15.9,15-30m,194.5,2,0.61,10,10,1.0,1.1
nuscenes_mini_subset,scene-0103_024,ty,0.02,m,14,Car,vehicle,55.7,>30m,65.5,2,0.0,1,1,1.0,0.06
nuscenes_mini_subset,scene-0103_024,ty,0.02,m,15,Pedestrian,pedestrian,38.0,>30m,29.1,2,0.0,2,2,1.0,0.21
nuscenes_mini_subset,scene-0103_024,ty,0.02,m,16,Motorcycle,cyclist,32.1,>30m,29.7,0,0.0,1,1,1.0,0.27
nuscenes_mini_subset,scene-0103_024,ty,0.02,m,17,Bicycle,cyclist,61.6,>30m,19.6,0,0.0,2,2,1.0,0.03
nuscenes_mini_subset,scene-0103_024,ty,0.02,m,18,Car,vehicle,41.8,>30m,74.0,2,0.0,0,0,,
nuscenes_mini_subset,scene-0103_024,ty,0.02,m,19,Pedestrian,pedestrian,25.8,15-30m,41.8,0,0.0,6,6,1.0,0.39
nuscenes_mini_subset,scene-0103_024,ty,0.02,m,20,Truck,vehicle,47.5,>30m,103.3,0,0.0,10,10,1.0,0.08
nuscenes_mini_subset,scene-0103_024,ty,0.02,m,21,Car,vehicle,9.0,0-15m,274.1,0,0.83,110,110,1.0,1.9
nuscenes_mini_subset,scene-0103_024,ty,0.02,m,22,Pedestrian,pedestrian,53.5,>30m,13.3,2,0.0,0,0,,
nuscenes_mini_subset,scene-0103_024,ty,0.02,m,23,Car,vehicle,70.9,>30m,34.6,2,0.0,0,0,,
nuscenes_mini_subset,scene-0103_024,ty,0.02,m,24,Car,vehicle,21.6,15-30m,267.3,0,0.0,18,18,1.0,0.61
nuscenes_mini_subset,scene-0103_024,ty,0.02,m,25,Car,vehicle,36.0,>30m,107.2,1,0.0,3,3,1.0,0.11
nuscenes_mini_subset,scene-0103_024,ty,0.05,m,0,Car,vehicle,46.6,>30m,124.3,2,0.0,0,0,,
nuscenes_mini_subset,scene-0103_024,ty,0.05,m,1,Pedestrian,pedestrian,53.6,>30m,14.2,2,0.0,1,1,1.0,0.25
nuscenes_mini_subset,scene-0103_024,ty,0.05,m,2,Car,vehicle,26.1,15-30m,104.8,0,0.0,4,4,1.0,0.22
nuscenes_mini_subset,scene-0103_024,ty,0.05,m,3,Car,vehicle,39.3,>30m,114.1,1,0.0,5,5,1.0,0.86
nuscenes_mini_subset,scene-0103_024,ty,0.05,m,4,Car,vehicle,68.5,>30m,41.9,2,0.0,0,0,,
nuscenes_mini_subset,scene-0103_024,ty,0.05,m,5,Car,vehicle,64.9,>30m,44.3,2,0.0,0,0,,
nuscenes_mini_subset,scene-0103_024,ty,0.05,m,6,Car,vehicle,43.7,>30m,112.0,2,0.0,0,0,,
nuscenes_mini_subset,scene-0103_024,ty,0.05,m,7,Car,vehicle,44.5,>30m,121.5,2,0.0,0,0,,
nuscenes_mini_subset,scene-0103_024,ty,0.05,m,8,Car,vehicle,73.1,>30m,41.4,2,0.0,0,0,,
nuscenes_mini_subset,scene-0103_024,ty,0.05,m,9,Car,vehicle,41.3,>30m,82.5,0,0.5,3,3,1.0,0.99
nuscenes_mini_subset,scene-0103_024,ty,0.05,m,10,Car,vehicle,31.1,>30m,87.5,0,0.0,10,10,1.0,0.44
nuscenes_mini_subset,scene-0103_024,ty,0.05,m,11,Car,vehicle,47.9,>30m,65.9,2,0.0,0,0,,
nuscenes_mini_subset,scene-0103_024,ty,0.05,m,12,Car,vehicle,15.9,15-30m,194.5,2,0.61,10,10,1.0,2.75
nuscenes_mini_subset,scene-0103_024,ty,0.05,m,14,Car,vehicle,55.7,>30m,65.5,2,0.0,1,1,1.0,0.15
nuscenes_mini_subset,scene-0103_024,ty,0.05,m,15,Pedestrian,pedestrian,38.0,>30m,29.1,2,0.0,2,2,1.0,0.52
nuscenes_mini_subset,scene-0103_024,ty,0.05,m,16,Motorcycle,cyclist,32.1,>30m,29.7,0,0.0,1,1,1.0,0.67
nuscenes_mini_subset,scene-0103_024,ty,0.05,m,17,Bicycle,cyclist,61.6,>30m,19.6,0,0.0,2,2,1.0,0.09
nuscenes_mini_subset,scene-0103_024,ty,0.05,m,18,Car,vehicle,41.8,>30m,74.0,2,0.0,0,0,,
nuscenes_mini_subset,scene-0103_024,ty,0.05,m,19,Pedestrian,pedestrian,25.8,15-30m,41.8,0,0.0,6,6,1.0,0.96
nuscenes_mini_subset,scene-0103_024,ty,0.05,m,20,Truck,vehicle,47.5,>30m,103.3,0,0.0,10,10,1.0,0.21
nuscenes_mini_subset,scene-0103_024,ty,0.05,m,21,Car,vehicle,9.0,0-15m,274.1,0,0.83,112,112,1.0,4.74
nuscenes_mini_subset,scene-0103_024,ty,0.05,m,22,Pedestrian,pedestrian,53.5,>30m,13.3,2,0.0,0,0,,
nuscenes_mini_subset,scene-0103_024,ty,0.05,m,23,Car,vehicle,70.9,>30m,34.6,2,0.0,0,0,,
nuscenes_mini_subset,scene-0103_024,ty,0.05,m,24,Car,vehicle,21.6,15-30m,267.3,0,0.0,18,18,1.0,1.53
nuscenes_mini_subset,scene-0103_024,ty,0.05,m,25,Car,vehicle,36.0,>30m,107.2,1,0.0,3,3,1.0,0.28
nuscenes_mini_subset,scene-0103_024,ty,0.1,m,0,Car,vehicle,46.6,>30m,124.3,2,0.0,0,0,,
nuscenes_mini_subset,scene-0103_024,ty,0.1,m,1,Pedestrian,pedestrian,53.6,>30m,14.2,2,0.0,1,1,1.0,0.5
nuscenes_mini_subset,scene-0103_024,ty,0.1,m,2,Car,vehicle,26.1,15-30m,104.8,0,0.0,4,4,1.0,0.44
nuscenes_mini_subset,scene-0103_024,ty,0.1,m,3,Car,vehicle,39.3,>30m,114.1,1,0.0,5,5,1.0,1.71
nuscenes_mini_subset,scene-0103_024,ty,0.1,m,4,Car,vehicle,68.5,>30m,41.9,2,0.0,0,0,,
nuscenes_mini_subset,scene-0103_024,ty,0.1,m,5,Car,vehicle,64.9,>30m,44.3,2,0.0,0,0,,
nuscenes_mini_subset,scene-0103_024,ty,0.1,m,6,Car,vehicle,43.7,>30m,112.0,2,0.0,0,0,,
nuscenes_mini_subset,scene-0103_024,ty,0.1,m,7,Car,vehicle,44.5,>30m,121.5,2,0.0,0,0,,
nuscenes_mini_subset,scene-0103_024,ty,0.1,m,8,Car,vehicle,73.1,>30m,41.4,2,0.0,0,0,,
nuscenes_mini_subset,scene-0103_024,ty,0.1,m,9,Car,vehicle,41.3,>30m,82.5,0,0.5,3,3,1.0,1.97
nuscenes_mini_subset,scene-0103_024,ty,0.1,m,10,Car,vehicle,31.1,>30m,87.5,0,0.0,10,10,1.0,0.87
nuscenes_mini_subset,scene-0103_024,ty,0.1,m,11,Car,vehicle,47.9,>30m,65.9,2,0.0,0,0,,
nuscenes_mini_subset,scene-0103_024,ty,0.1,m,12,Car,vehicle,15.9,15-30m,194.5,2,0.61,11,11,1.0,5.47
nuscenes_mini_subset,scene-0103_024,ty,0.1,m,14,Car,vehicle,55.7,>30m,65.5,2,0.0,1,1,1.0,0.3
nuscenes_mini_subset,scene-0103_024,ty,0.1,m,15,Pedestrian,pedestrian,38.0,>30m,29.1,2,0.0,2,2,1.0,1.04
nuscenes_mini_subset,scene-0103_024,ty,0.1,m,16,Motorcycle,cyclist,32.1,>30m,29.7,0,0.0,1,1,1.0,1.34
nuscenes_mini_subset,scene-0103_024,ty,0.1,m,17,Bicycle,cyclist,61.6,>30m,19.6,0,0.0,2,2,1.0,0.17
nuscenes_mini_subset,scene-0103_024,ty,0.1,m,18,Car,vehicle,41.8,>30m,74.0,2,0.0,0,0,,
nuscenes_mini_subset,scene-0103_024,ty,0.1,m,19,Pedestrian,pedestrian,25.8,15-30m,41.8,0,0.0,6,6,1.0,1.92
nuscenes_mini_subset,scene-0103_024,ty,0.1,m,20,Truck,vehicle,47.5,>30m,103.3,0,0.0,10,10,1.0,0.41
nuscenes_mini_subset,scene-0103_024,ty,0.1,m,21,Car,vehicle,9.0,0-15m,274.1,0,0.83,116,116,1.0,9.41
nuscenes_mini_subset,scene-0103_024,ty,0.1,m,22,Pedestrian,pedestrian,53.5,>30m,13.3,2,0.0,0,0,,
nuscenes_mini_subset,scene-0103_024,ty,0.1,m,23,Car,vehicle,70.9,>30m,34.6,2,0.0,0,0,,
nuscenes_mini_subset,scene-0103_024,ty,0.1,m,24,Car,vehicle,21.6,15-30m,267.3,0,0.0,18,18,1.0,3.06
nuscenes_mini_subset,scene-0103_024,ty,0.1,m,25,Car,vehicle,36.0,>30m,107.2,1,0.0,3,3,1.0,0.55
nuscenes_mini_subset,scene-0103_024,ty,0.2,m,0,Car,vehicle,46.6,>30m,124.3,2,0.0,0,0,,
nuscenes_mini_subset,scene-0103_024,ty,0.2,m,1,Pedestrian,pedestrian,53.6,>30m,14.2,2,0.0,1,1,1.0,1.01
nuscenes_mini_subset,scene-0103_024,ty,0.2,m,2,Car,vehicle,26.1,15-30m,104.8,0,0.0,4,4,1.0,0.88
nuscenes_mini_subset,scene-0103_024,ty,0.2,m,3,Car,vehicle,39.3,>30m,114.1,1,0.0,5,5,1.0,3.41
nuscenes_mini_subset,scene-0103_024,ty,0.2,m,4,Car,vehicle,68.5,>30m,41.9,2,0.0,0,0,,
nuscenes_mini_subset,scene-0103_024,ty,0.2,m,5,Car,vehicle,64.9,>30m,44.3,2,0.0,0,0,,
nuscenes_mini_subset,scene-0103_024,ty,0.2,m,6,Car,vehicle,43.7,>30m,112.0,2,0.0,0,0,,
nuscenes_mini_subset,scene-0103_024,ty,0.2,m,7,Car,vehicle,44.5,>30m,121.5,2,0.0,0,0,,
nuscenes_mini_subset,scene-0103_024,ty,0.2,m,8,Car,vehicle,73.1,>30m,41.4,2,0.0,0,0,,
nuscenes_mini_subset,scene-0103_024,ty,0.2,m,9,Car,vehicle,41.3,>30m,82.5,0,0.5,3,3,1.0,3.93
nuscenes_mini_subset,scene-0103_024,ty,0.2,m,10,Car,vehicle,31.1,>30m,87.5,0,0.0,10,10,1.0,1.74
nuscenes_mini_subset,scene-0103_024,ty,0.2,m,11,Car,vehicle,47.9,>30m,65.9,2,0.0,0,0,,
nuscenes_mini_subset,scene-0103_024,ty,0.2,m,12,Car,vehicle,15.9,15-30m,194.5,2,0.61,11,11,1.0,10.87
nuscenes_mini_subset,scene-0103_024,ty,0.2,m,14,Car,vehicle,55.7,>30m,65.5,2,0.0,1,1,1.0,0.59
nuscenes_mini_subset,scene-0103_024,ty,0.2,m,15,Pedestrian,pedestrian,38.0,>30m,29.1,2,0.0,2,2,1.0,2.07
nuscenes_mini_subset,scene-0103_024,ty,0.2,m,16,Motorcycle,cyclist,32.1,>30m,29.7,0,0.0,1,1,1.0,2.68
nuscenes_mini_subset,scene-0103_024,ty,0.2,m,17,Bicycle,cyclist,61.6,>30m,19.6,0,0.0,2,2,1.0,0.35
nuscenes_mini_subset,scene-0103_024,ty,0.2,m,18,Car,vehicle,41.8,>30m,74.0,2,0.0,0,0,,
nuscenes_mini_subset,scene-0103_024,ty,0.2,m,19,Pedestrian,pedestrian,25.8,15-30m,41.8,0,0.0,6,6,1.0,3.83
nuscenes_mini_subset,scene-0103_024,ty,0.2,m,20,Truck,vehicle,47.5,>30m,103.3,0,0.0,10,10,1.0,0.82
nuscenes_mini_subset,scene-0103_024,ty,0.2,m,21,Car,vehicle,9.0,0-15m,274.1,0,0.83,123,123,1.0,18.59
nuscenes_mini_subset,scene-0103_024,ty,0.2,m,22,Pedestrian,pedestrian,53.5,>30m,13.3,2,0.0,0,0,,
nuscenes_mini_subset,scene-0103_024,ty,0.2,m,23,Car,vehicle,70.9,>30m,34.6,2,0.0,0,0,,
nuscenes_mini_subset,scene-0103_024,ty,0.2,m,24,Car,vehicle,21.6,15-30m,267.3,0,0.0,18,18,1.0,6.08
nuscenes_mini_subset,scene-0103_024,ty,0.2,m,25,Car,vehicle,36.0,>30m,107.2,1,0.0,3,3,1.0,1.1
nuscenes_mini_subset,scene-0103_024,tz,0.0,m,0,Car,vehicle,46.6,>30m,124.3,2,0.0,0,0,,
nuscenes_mini_subset,scene-0103_024,tz,0.0,m,1,Pedestrian,pedestrian,53.6,>30m,14.2,2,0.0,1,1,1.0,0.0
nuscenes_mini_subset,scene-0103_024,tz,0.0,m,2,Car,vehicle,26.1,15-30m,104.8,0,0.0,4,4,1.0,0.0
nuscenes_mini_subset,scene-0103_024,tz,0.0,m,3,Car,vehicle,39.3,>30m,114.1,1,0.0,5,5,1.0,0.0
nuscenes_mini_subset,scene-0103_024,tz,0.0,m,4,Car,vehicle,68.5,>30m,41.9,2,0.0,0,0,,
nuscenes_mini_subset,scene-0103_024,tz,0.0,m,5,Car,vehicle,64.9,>30m,44.3,2,0.0,0,0,,
nuscenes_mini_subset,scene-0103_024,tz,0.0,m,6,Car,vehicle,43.7,>30m,112.0,2,0.0,0,0,,
nuscenes_mini_subset,scene-0103_024,tz,0.0,m,7,Car,vehicle,44.5,>30m,121.5,2,0.0,0,0,,
nuscenes_mini_subset,scene-0103_024,tz,0.0,m,8,Car,vehicle,73.1,>30m,41.4,2,0.0,0,0,,
nuscenes_mini_subset,scene-0103_024,tz,0.0,m,9,Car,vehicle,41.3,>30m,82.5,0,0.5,3,3,1.0,0.0
nuscenes_mini_subset,scene-0103_024,tz,0.0,m,10,Car,vehicle,31.1,>30m,87.5,0,0.0,10,10,1.0,0.0
nuscenes_mini_subset,scene-0103_024,tz,0.0,m,11,Car,vehicle,47.9,>30m,65.9,2,0.0,0,0,,
nuscenes_mini_subset,scene-0103_024,tz,0.0,m,12,Car,vehicle,15.9,15-30m,194.5,2,0.61,10,10,1.0,0.0
nuscenes_mini_subset,scene-0103_024,tz,0.0,m,14,Car,vehicle,55.7,>30m,65.5,2,0.0,1,1,1.0,0.0
nuscenes_mini_subset,scene-0103_024,tz,0.0,m,15,Pedestrian,pedestrian,38.0,>30m,29.1,2,0.0,2,2,1.0,0.0
nuscenes_mini_subset,scene-0103_024,tz,0.0,m,16,Motorcycle,cyclist,32.1,>30m,29.7,0,0.0,1,1,1.0,0.0
nuscenes_mini_subset,scene-0103_024,tz,0.0,m,17,Bicycle,cyclist,61.6,>30m,19.6,0,0.0,2,2,1.0,0.0
nuscenes_mini_subset,scene-0103_024,tz,0.0,m,18,Car,vehicle,41.8,>30m,74.0,2,0.0,0,0,,
nuscenes_mini_subset,scene-0103_024,tz,0.0,m,19,Pedestrian,pedestrian,25.8,15-30m,41.8,0,0.0,6,6,1.0,0.0
nuscenes_mini_subset,scene-0103_024,tz,0.0,m,20,Truck,vehicle,47.5,>30m,103.3,0,0.0,10,10,1.0,0.0
nuscenes_mini_subset,scene-0103_024,tz,0.0,m,21,Car,vehicle,9.0,0-15m,274.1,0,0.83,110,110,1.0,0.0
nuscenes_mini_subset,scene-0103_024,tz,0.0,m,22,Pedestrian,pedestrian,53.5,>30m,13.3,2,0.0,0,0,,
nuscenes_mini_subset,scene-0103_024,tz,0.0,m,23,Car,vehicle,70.9,>30m,34.6,2,0.0,0,0,,
nuscenes_mini_subset,scene-0103_024,tz,0.0,m,24,Car,vehicle,21.6,15-30m,267.3,0,0.0,18,18,1.0,0.0
nuscenes_mini_subset,scene-0103_024,tz,0.0,m,25,Car,vehicle,36.0,>30m,107.2,1,0.0,3,3,1.0,0.0
nuscenes_mini_subset,scene-0103_024,tz,0.02,m,0,Car,vehicle,46.6,>30m,124.3,2,0.0,0,0,,
nuscenes_mini_subset,scene-0103_024,tz,0.02,m,1,Pedestrian,pedestrian,53.6,>30m,14.2,2,0.0,1,1,1.0,0.48
nuscenes_mini_subset,scene-0103_024,tz,0.02,m,2,Car,vehicle,26.1,15-30m,104.8,0,0.0,4,4,1.0,1.05
nuscenes_mini_subset,scene-0103_024,tz,0.02,m,3,Car,vehicle,39.3,>30m,114.1,1,0.0,5,5,1.0,0.73
nuscenes_mini_subset,scene-0103_024,tz,0.02,m,4,Car,vehicle,68.5,>30m,41.9,2,0.0,0,0,,
nuscenes_mini_subset,scene-0103_024,tz,0.02,m,5,Car,vehicle,64.9,>30m,44.3,2,0.0,0,0,,
nuscenes_mini_subset,scene-0103_024,tz,0.02,m,6,Car,vehicle,43.7,>30m,112.0,2,0.0,0,0,,
nuscenes_mini_subset,scene-0103_024,tz,0.02,m,7,Car,vehicle,44.5,>30m,121.5,2,0.0,0,0,,
nuscenes_mini_subset,scene-0103_024,tz,0.02,m,8,Car,vehicle,73.1,>30m,41.4,2,0.0,0,0,,
nuscenes_mini_subset,scene-0103_024,tz,0.02,m,9,Car,vehicle,41.3,>30m,82.5,0,0.5,3,3,1.0,0.69
nuscenes_mini_subset,scene-0103_024,tz,0.02,m,10,Car,vehicle,31.1,>30m,87.5,0,0.0,10,10,1.0,0.87
nuscenes_mini_subset,scene-0103_024,tz,0.02,m,11,Car,vehicle,47.9,>30m,65.9,2,0.0,0,0,,
nuscenes_mini_subset,scene-0103_024,tz,0.02,m,12,Car,vehicle,15.9,15-30m,194.5,2,0.61,10,10,1.0,1.81
nuscenes_mini_subset,scene-0103_024,tz,0.02,m,14,Car,vehicle,55.7,>30m,65.5,2,0.0,1,1,1.0,0.46
nuscenes_mini_subset,scene-0103_024,tz,0.02,m,15,Pedestrian,pedestrian,38.0,>30m,29.1,2,0.0,2,2,1.0,0.69
nuscenes_mini_subset,scene-0103_024,tz,0.02,m,16,Motorcycle,cyclist,32.1,>30m,29.7,0,0.0,1,1,1.0,0.83
nuscenes_mini_subset,scene-0103_024,tz,0.02,m,17,Bicycle,cyclist,61.6,>30m,19.6,0,0.0,2,2,1.0,0.41
nuscenes_mini_subset,scene-0103_024,tz,0.02,m,18,Car,vehicle,41.8,>30m,74.0,2,0.0,0,0,,
nuscenes_mini_subset,scene-0103_024,tz,0.02,m,19,Pedestrian,pedestrian,25.8,15-30m,41.8,0,0.0,6,6,1.0,1.04
nuscenes_mini_subset,scene-0103_024,tz,0.02,m,20,Truck,vehicle,47.5,>30m,103.3,0,0.0,10,10,1.0,0.53
nuscenes_mini_subset,scene-0103_024,tz,0.02,m,21,Car,vehicle,9.0,0-15m,274.1,0,0.83,110,110,1.0,3.24
nuscenes_mini_subset,scene-0103_024,tz,0.02,m,22,Pedestrian,pedestrian,53.5,>30m,13.3,2,0.0,0,0,,
nuscenes_mini_subset,scene-0103_024,tz,0.02,m,23,Car,vehicle,70.9,>30m,34.6,2,0.0,0,0,,
nuscenes_mini_subset,scene-0103_024,tz,0.02,m,24,Car,vehicle,21.6,15-30m,267.3,0,0.0,18,18,1.0,1.37
nuscenes_mini_subset,scene-0103_024,tz,0.02,m,25,Car,vehicle,36.0,>30m,107.2,1,0.0,3,3,1.0,0.72
nuscenes_mini_subset,scene-0103_024,tz,0.05,m,0,Car,vehicle,46.6,>30m,124.3,2,0.0,0,0,,
nuscenes_mini_subset,scene-0103_024,tz,0.05,m,1,Pedestrian,pedestrian,53.6,>30m,14.2,2,0.0,1,1,1.0,1.19
nuscenes_mini_subset,scene-0103_024,tz,0.05,m,2,Car,vehicle,26.1,15-30m,104.8,0,0.0,4,4,1.0,2.63
nuscenes_mini_subset,scene-0103_024,tz,0.05,m,3,Car,vehicle,39.3,>30m,114.1,1,0.0,5,5,1.0,1.83
nuscenes_mini_subset,scene-0103_024,tz,0.05,m,4,Car,vehicle,68.5,>30m,41.9,2,0.0,0,0,,
nuscenes_mini_subset,scene-0103_024,tz,0.05,m,5,Car,vehicle,64.9,>30m,44.3,2,0.0,0,0,,
nuscenes_mini_subset,scene-0103_024,tz,0.05,m,6,Car,vehicle,43.7,>30m,112.0,2,0.0,0,0,,
nuscenes_mini_subset,scene-0103_024,tz,0.05,m,7,Car,vehicle,44.5,>30m,121.5,2,0.0,0,0,,
nuscenes_mini_subset,scene-0103_024,tz,0.05,m,8,Car,vehicle,73.1,>30m,41.4,2,0.0,0,0,,
nuscenes_mini_subset,scene-0103_024,tz,0.05,m,9,Car,vehicle,41.3,>30m,82.5,0,0.5,3,3,1.0,1.73
nuscenes_mini_subset,scene-0103_024,tz,0.05,m,10,Car,vehicle,31.1,>30m,87.5,0,0.0,10,10,1.0,2.17
nuscenes_mini_subset,scene-0103_024,tz,0.05,m,11,Car,vehicle,47.9,>30m,65.9,2,0.0,0,0,,
nuscenes_mini_subset,scene-0103_024,tz,0.05,m,12,Car,vehicle,15.9,15-30m,194.5,2,0.61,10,10,1.0,4.52
nuscenes_mini_subset,scene-0103_024,tz,0.05,m,14,Car,vehicle,55.7,>30m,65.5,2,0.0,1,1,1.0,1.15
nuscenes_mini_subset,scene-0103_024,tz,0.05,m,15,Pedestrian,pedestrian,38.0,>30m,29.1,2,0.0,2,2,1.0,1.72
nuscenes_mini_subset,scene-0103_024,tz,0.05,m,16,Motorcycle,cyclist,32.1,>30m,29.7,0,0.0,1,1,1.0,2.08
nuscenes_mini_subset,scene-0103_024,tz,0.05,m,17,Bicycle,cyclist,61.6,>30m,19.6,0,0.0,2,2,1.0,1.02
nuscenes_mini_subset,scene-0103_024,tz,0.05,m,18,Car,vehicle,41.8,>30m,74.0,2,0.0,0,0,,
nuscenes_mini_subset,scene-0103_024,tz,0.05,m,19,Pedestrian,pedestrian,25.8,15-30m,41.8,0,0.0,6,6,1.0,2.6
nuscenes_mini_subset,scene-0103_024,tz,0.05,m,20,Truck,vehicle,47.5,>30m,103.3,0,0.0,10,10,1.0,1.32
nuscenes_mini_subset,scene-0103_024,tz,0.05,m,21,Car,vehicle,9.0,0-15m,274.1,0,0.83,110,110,1.0,8.09
nuscenes_mini_subset,scene-0103_024,tz,0.05,m,22,Pedestrian,pedestrian,53.5,>30m,13.3,2,0.0,0,0,,
nuscenes_mini_subset,scene-0103_024,tz,0.05,m,23,Car,vehicle,70.9,>30m,34.6,2,0.0,0,0,,
nuscenes_mini_subset,scene-0103_024,tz,0.05,m,24,Car,vehicle,21.6,15-30m,267.3,0,0.0,18,18,1.0,3.41
nuscenes_mini_subset,scene-0103_024,tz,0.05,m,25,Car,vehicle,36.0,>30m,107.2,1,0.0,3,3,1.0,1.8
nuscenes_mini_subset,scene-0103_024,tz,0.1,m,0,Car,vehicle,46.6,>30m,124.3,2,0.0,0,0,,
nuscenes_mini_subset,scene-0103_024,tz,0.1,m,1,Pedestrian,pedestrian,53.6,>30m,14.2,2,0.0,1,1,1.0,2.38
nuscenes_mini_subset,scene-0103_024,tz,0.1,m,2,Car,vehicle,26.1,15-30m,104.8,0,0.0,4,4,1.0,5.26
nuscenes_mini_subset,scene-0103_024,tz,0.1,m,3,Car,vehicle,39.3,>30m,114.1,1,0.0,5,5,1.0,3.66
nuscenes_mini_subset,scene-0103_024,tz,0.1,m,4,Car,vehicle,68.5,>30m,41.9,2,0.0,0,0,,
nuscenes_mini_subset,scene-0103_024,tz,0.1,m,5,Car,vehicle,64.9,>30m,44.3,2,0.0,0,0,,
nuscenes_mini_subset,scene-0103_024,tz,0.1,m,6,Car,vehicle,43.7,>30m,112.0,2,0.0,0,0,,
nuscenes_mini_subset,scene-0103_024,tz,0.1,m,7,Car,vehicle,44.5,>30m,121.5,2,0.0,0,0,,
nuscenes_mini_subset,scene-0103_024,tz,0.1,m,8,Car,vehicle,73.1,>30m,41.4,2,0.0,0,0,,
nuscenes_mini_subset,scene-0103_024,tz,0.1,m,9,Car,vehicle,41.3,>30m,82.5,0,0.5,3,3,1.0,3.47
nuscenes_mini_subset,scene-0103_024,tz,0.1,m,10,Car,vehicle,31.1,>30m,87.5,0,0.0,10,10,1.0,4.33
nuscenes_mini_subset,scene-0103_024,tz,0.1,m,11,Car,vehicle,47.9,>30m,65.9,2,0.0,0,0,,
nuscenes_mini_subset,scene-0103_024,tz,0.1,m,12,Car,vehicle,15.9,15-30m,194.5,2,0.61,10,10,1.0,9.03
nuscenes_mini_subset,scene-0103_024,tz,0.1,m,14,Car,vehicle,55.7,>30m,65.5,2,0.0,1,1,1.0,2.3
nuscenes_mini_subset,scene-0103_024,tz,0.1,m,15,Pedestrian,pedestrian,38.0,>30m,29.1,2,0.0,2,2,1.0,3.43
nuscenes_mini_subset,scene-0103_024,tz,0.1,m,16,Motorcycle,cyclist,32.1,>30m,29.7,0,0.0,1,1,1.0,4.16
nuscenes_mini_subset,scene-0103_024,tz,0.1,m,17,Bicycle,cyclist,61.6,>30m,19.6,0,0.0,2,2,1.0,2.04
nuscenes_mini_subset,scene-0103_024,tz,0.1,m,18,Car,vehicle,41.8,>30m,74.0,2,0.0,0,0,,
nuscenes_mini_subset,scene-0103_024,tz,0.1,m,19,Pedestrian,pedestrian,25.8,15-30m,41.8,0,0.0,6,6,1.0,5.2
nuscenes_mini_subset,scene-0103_024,tz,0.1,m,20,Truck,vehicle,47.5,>30m,103.3,0,0.0,10,10,1.0,2.64
nuscenes_mini_subset,scene-0103_024,tz,0.1,m,21,Car,vehicle,9.0,0-15m,274.1,0,0.83,110,110,1.0,16.18
nuscenes_mini_subset,scene-0103_024,tz,0.1,m,22,Pedestrian,pedestrian,53.5,>30m,13.3,2,0.0,0,0,,
nuscenes_mini_subset,scene-0103_024,tz,0.1,m,23,Car,vehicle,70.9,>30m,34.6,2,0.0,0,0,,
nuscenes_mini_subset,scene-0103_024,tz,0.1,m,24,Car,vehicle,21.6,15-30m,267.3,0,0.0,18,18,1.0,6.83
nuscenes_mini_subset,scene-0103_024,tz,0.1,m,25,Car,vehicle,36.0,>30m,107.2,1,0.0,3,3,1.0,3.59
nuscenes_mini_subset,scene-0103_024,tz,0.2,m,0,Car,vehicle,46.6,>30m,124.3,2,0.0,0,0,,
nuscenes_mini_subset,scene-0103_024,tz,0.2,m,1,Pedestrian,pedestrian,53.6,>30m,14.2,2,0.0,1,1,1.0,4.76
nuscenes_mini_subset,scene-0103_024,tz,0.2,m,2,Car,vehicle,26.1,15-30m,104.8,0,0.0,4,4,1.0,10.52
nuscenes_mini_subset,scene-0103_024,tz,0.2,m,3,Car,vehicle,39.3,>30m,114.1,1,0.0,5,5,1.0,7.32
nuscenes_mini_subset,scene-0103_024,tz,0.2,m,4,Car,vehicle,68.5,>30m,41.9,2,0.0,0,0,,
nuscenes_mini_subset,scene-0103_024,tz,0.2,m,5,Car,vehicle,64.9,>30m,44.3,2,0.0,0,0,,
nuscenes_mini_subset,scene-0103_024,tz,0.2,m,6,Car,vehicle,43.7,>30m,112.0,2,0.0,0,0,,
nuscenes_mini_subset,scene-0103_024,tz,0.2,m,7,Car,vehicle,44.5,>30m,121.5,2,0.0,0,0,,
nuscenes_mini_subset,scene-0103_024,tz,0.2,m,8,Car,vehicle,73.1,>30m,41.4,2,0.0,0,0,,
nuscenes_mini_subset,scene-0103_024,tz,0.2,m,9,Car,vehicle,41.3,>30m,82.5,0,0.5,3,3,1.0,6.94
nuscenes_mini_subset,scene-0103_024,tz,0.2,m,10,Car,vehicle,31.1,>30m,87.5,0,0.0,10,10,1.0,8.66
nuscenes_mini_subset,scene-0103_024,tz,0.2,m,11,Car,vehicle,47.9,>30m,65.9,2,0.0,0,0,,
nuscenes_mini_subset,scene-0103_024,tz,0.2,m,12,Car,vehicle,15.9,15-30m,194.5,2,0.61,10,10,1.0,18.06
nuscenes_mini_subset,scene-0103_024,tz,0.2,m,14,Car,vehicle,55.7,>30m,65.5,2,0.0,1,1,1.0,4.59
nuscenes_mini_subset,scene-0103_024,tz,0.2,m,15,Pedestrian,pedestrian,38.0,>30m,29.1,2,0.0,2,2,1.0,6.87
nuscenes_mini_subset,scene-0103_024,tz,0.2,m,16,Motorcycle,cyclist,32.1,>30m,29.7,0,0.0,1,1,1.0,8.32
nuscenes_mini_subset,scene-0103_024,tz,0.2,m,17,Bicycle,cyclist,61.6,>30m,19.6,0,0.0,2,2,1.0,4.08
nuscenes_mini_subset,scene-0103_024,tz,0.2,m,18,Car,vehicle,41.8,>30m,74.0,2,0.0,0,0,,
nuscenes_mini_subset,scene-0103_024,tz,0.2,m,19,Pedestrian,pedestrian,25.8,15-30m,41.8,0,0.0,6,6,1.0,10.41
nuscenes_mini_subset,scene-0103_024,tz,0.2,m,20,Truck,vehicle,47.5,>30m,103.3,0,0.0,10,10,1.0,5.27
nuscenes_mini_subset,scene-0103_024,tz,0.2,m,21,Car,vehicle,9.0,0-15m,274.1,0,0.83,110,110,1.0,32.34
nuscenes_mini_subset,scene-0103_024,tz,0.2,m,22,Pedestrian,pedestrian,53.5,>30m,13.3,2,0.0,0,0,,
nuscenes_mini_subset,scene-0103_024,tz,0.2,m,23,Car,vehicle,70.9,>30m,34.6,2,0.0,0,0,,
nuscenes_mini_subset,scene-0103_024,tz,0.2,m,24,Car,vehicle,21.6,15-30m,267.3,0,0.0,18,18,1.0,13.65
nuscenes_mini_subset,scene-0103_024,tz,0.2,m,25,Car,vehicle,36.0,>30m,107.2,1,0.0,3,3,1.0,7.19
nuscenes_mini_subset,scene-0103_028,yaw,0.0,deg,0,Car,vehicle,38.0,>30m,139.4,2,0.23,0,0,,
nuscenes_mini_subset,scene-0103_028,yaw,0.0,deg,1,Pedestrian,pedestrian,47.1,>30m,16.7,2,0.0,0,0,,
nuscenes_mini_subset,scene-0103_028,yaw,0.0,deg,2,Car,vehicle,30.8,>30m,94.6,1,0.48,0,0,,
nuscenes_mini_subset,scene-0103_028,yaw,0.0,deg,3,Car,vehicle,59.0,>30m,50.7,2,0.0,0,0,,
nuscenes_mini_subset,scene-0103_028,yaw,0.0,deg,4,Car,vehicle,55.4,>30m,53.7,1,0.0,0,0,,
nuscenes_mini_subset,scene-0103_028,yaw,0.0,deg,5,Car,vehicle,34.6,>30m,162.7,0,0.0,4,4,1.0,0.0
nuscenes_mini_subset,scene-0103_028,yaw,0.0,deg,6,Car,vehicle,35.7,>30m,179.1,1,0.0,0,0,,
nuscenes_mini_subset,scene-0103_028,yaw,0.0,deg,7,Car,vehicle,63.6,>30m,49.3,2,0.0,0,0,,
nuscenes_mini_subset,scene-0103_028,yaw,0.0,deg,8,Car,vehicle,21.7,15-30m,145.5,0,0.0,27,27,1.0,0.0
nuscenes_mini_subset,scene-0103_028,yaw,0.0,deg,9,Car,vehicle,38.5,>30m,87.3,2,0.0,4,4,1.0,0.0
nuscenes_mini_subset,scene-0103_028,yaw,0.0,deg,11,Car,vehicle,46.2,>30m,83.9,2,0.0,2,2,1.0,0.0
nuscenes_mini_subset,scene-0103_028,yaw,0.0,deg,12,Pedestrian,pedestrian,31.4,>30m,39.8,2,0.0,1,1,1.0,0.0
nuscenes_mini_subset,scene-0103_028,yaw,0.0,deg,13,Motorcycle,cyclist,23.2,15-30m,49.5,0,0.0,2,2,1.0,0.0
nuscenes_mini_subset,scene-0103_028,yaw,0.0,deg,14,Bicycle,cyclist,41.2,>30m,29.5,0,0.0,3,3,1.0,0.0
nuscenes_mini_subset,scene-0103_028,yaw,0.0,deg,15,Car,vehicle,32.3,>30m,103.7,1,0.0,5,5,1.0,0.0
nuscenes_mini_subset,scene-0103_028,yaw,0.0,deg,16,Pedestrian,pedestrian,19.7,15-30m,64.0,0,0.0,9,9,1.0,0.0
nuscenes_mini_subset,scene-0103_028,yaw,0.0,deg,17,Truck,vehicle,38.0,>30m,140.9,0,0.0,23,23,1.0,0.0
nuscenes_mini_subset,scene-0103_028,yaw,0.0,deg,18,Pedestrian,pedestrian,47.0,>30m,15.5,2,0.0,0,0,,
nuscenes_mini_subset,scene-0103_028,yaw,0.0,deg,19,Car,vehicle,61.4,>30m,41.0,2,0.0,0,0,,
nuscenes_mini_subset,scene-0103_028,yaw,0.0,deg,20,Car,vehicle,44.1,>30m,64.3,2,0.0,1,1,1.0,0.0
nuscenes_mini_subset,scene-0103_028,yaw,0.0,deg,21,Car,vehicle,13.5,0-15m,59.4,0,0.93,3,3,1.0,0.0
nuscenes_mini_subset,scene-0103_028,yaw,0.0,deg,22,Car,vehicle,26.6,15-30m,161.0,1,0.0,14,14,1.0,0.0
nuscenes_mini_subset,scene-0103_028,yaw,0.25,deg,0,Car,vehicle,38.0,>30m,139.4,2,0.23,0,0,,
nuscenes_mini_subset,scene-0103_028,yaw,0.25,deg,1,Pedestrian,pedestrian,47.1,>30m,16.7,2,0.0,0,0,,
nuscenes_mini_subset,scene-0103_028,yaw,0.25,deg,2,Car,vehicle,30.8,>30m,94.6,1,0.48,1,1,1.0,
nuscenes_mini_subset,scene-0103_028,yaw,0.25,deg,3,Car,vehicle,59.0,>30m,50.7,2,0.0,0,0,,
nuscenes_mini_subset,scene-0103_028,yaw,0.25,deg,4,Car,vehicle,55.4,>30m,53.7,1,0.0,0,0,,
nuscenes_mini_subset,scene-0103_028,yaw,0.25,deg,5,Car,vehicle,34.6,>30m,162.7,0,0.0,4,4,1.0,6.58
nuscenes_mini_subset,scene-0103_028,yaw,0.25,deg,6,Car,vehicle,35.7,>30m,179.1,1,0.0,0,0,,
nuscenes_mini_subset,scene-0103_028,yaw,0.25,deg,7,Car,vehicle,63.6,>30m,49.3,2,0.0,0,0,,
nuscenes_mini_subset,scene-0103_028,yaw,0.25,deg,8,Car,vehicle,21.7,15-30m,145.5,0,0.0,27,27,1.0,6.08
nuscenes_mini_subset,scene-0103_028,yaw,0.25,deg,9,Car,vehicle,38.5,>30m,87.3,2,0.0,4,4,1.0,5.7
nuscenes_mini_subset,scene-0103_028,yaw,0.25,deg,11,Car,vehicle,46.2,>30m,83.9,2,0.0,2,2,1.0,5.68
nuscenes_mini_subset,scene-0103_028,yaw,0.25,deg,12,Pedestrian,pedestrian,31.4,>30m,39.8,2,0.0,1,1,1.0,6.39
nuscenes_mini_subset,scene-0103_028,yaw,0.25,deg,13,Motorcycle,cyclist,23.2,15-30m,49.5,0,0.0,2,2,1.0,6.79
nuscenes_mini_subset,scene-0103_028,yaw,0.25,deg,14,Bicycle,cyclist,41.2,>30m,29.5,0,0.0,3,3,1.0,5.64
nuscenes_mini_subset,scene-0103_028,yaw,0.25,deg,15,Car,vehicle,32.3,>30m,103.7,1,0.0,5,5,1.0,5.73
nuscenes_mini_subset,scene-0103_028,yaw,0.25,deg,16,Pedestrian,pedestrian,19.7,15-30m,64.0,0,0.0,9,9,1.0,6.98
nuscenes_mini_subset,scene-0103_028,yaw,0.25,deg,17,Truck,vehicle,38.0,>30m,140.9,0,0.0,23,23,1.0,5.78
nuscenes_mini_subset,scene-0103_028,yaw,0.25,deg,18,Pedestrian,pedestrian,47.0,>30m,15.5,2,0.0,0,0,,
nuscenes_mini_subset,scene-0103_028,yaw,0.25,deg,19,Car,vehicle,61.4,>30m,41.0,2,0.0,0,0,,
nuscenes_mini_subset,scene-0103_028,yaw,0.25,deg,20,Car,vehicle,44.1,>30m,64.3,2,0.0,1,1,1.0,5.65
nuscenes_mini_subset,scene-0103_028,yaw,0.25,deg,21,Car,vehicle,13.5,0-15m,59.4,0,0.93,2,2,1.0,8.07
nuscenes_mini_subset,scene-0103_028,yaw,0.25,deg,22,Car,vehicle,26.6,15-30m,161.0,1,0.0,14,14,1.0,5.88
nuscenes_mini_subset,scene-0103_028,yaw,0.5,deg,0,Car,vehicle,38.0,>30m,139.4,2,0.23,0,0,,
nuscenes_mini_subset,scene-0103_028,yaw,0.5,deg,1,Pedestrian,pedestrian,47.1,>30m,16.7,2,0.0,0,0,,
nuscenes_mini_subset,scene-0103_028,yaw,0.5,deg,2,Car,vehicle,30.8,>30m,94.6,1,0.48,2,2,1.0,
nuscenes_mini_subset,scene-0103_028,yaw,0.5,deg,3,Car,vehicle,59.0,>30m,50.7,2,0.0,0,0,,
nuscenes_mini_subset,scene-0103_028,yaw,0.5,deg,4,Car,vehicle,55.4,>30m,53.7,1,0.0,0,0,,
nuscenes_mini_subset,scene-0103_028,yaw,0.5,deg,5,Car,vehicle,34.6,>30m,162.7,0,0.0,4,4,1.0,13.13
nuscenes_mini_subset,scene-0103_028,yaw,0.5,deg,6,Car,vehicle,35.7,>30m,179.1,1,0.0,0,0,,
nuscenes_mini_subset,scene-0103_028,yaw,0.5,deg,7,Car,vehicle,63.6,>30m,49.3,2,0.0,0,0,,
nuscenes_mini_subset,scene-0103_028,yaw,0.5,deg,8,Car,vehicle,21.7,15-30m,145.5,0,0.0,27,26,0.963,12.14
nuscenes_mini_subset,scene-0103_028,yaw,0.5,deg,9,Car,vehicle,38.5,>30m,87.3,2,0.0,4,4,1.0,11.39
nuscenes_mini_subset,scene-0103_028,yaw,0.5,deg,11,Car,vehicle,46.2,>30m,83.9,2,0.0,2,2,1.0,11.37
nuscenes_mini_subset,scene-0103_028,yaw,0.5,deg,12,Pedestrian,pedestrian,31.4,>30m,39.8,2,0.0,1,1,1.0,12.81
nuscenes_mini_subset,scene-0103_028,yaw,0.5,deg,13,Motorcycle,cyclist,23.2,15-30m,49.5,0,0.0,2,2,1.0,13.55
nuscenes_mini_subset,scene-0103_028,yaw,0.5,deg,14,Bicycle,cyclist,41.2,>30m,29.5,0,0.0,3,2,0.6667,11.29
nuscenes_mini_subset,scene-0103_028,yaw,0.5,deg,15,Car,vehicle,32.3,>30m,103.7,1,0.0,5,4,0.8,11.46
nuscenes_mini_subset,scene-0103_028,yaw,0.5,deg,16,Pedestrian,pedestrian,19.7,15-30m,64.0,0,0.0,9,8,0.8889,13.93
nuscenes_mini_subset,scene-0103_028,yaw,0.5,deg,17,Truck,vehicle,38.0,>30m,140.9,0,0.0,23,23,1.0,11.58
nuscenes_mini_subset,scene-0103_028,yaw,0.5,deg,18,Pedestrian,pedestrian,47.0,>30m,15.5,2,0.0,0,0,,
nuscenes_mini_subset,scene-0103_028,yaw,0.5,deg,19,Car,vehicle,61.4,>30m,41.0,2,0.0,0,0,,
nuscenes_mini_subset,scene-0103_028,yaw,0.5,deg,20,Car,vehicle,44.1,>30m,64.3,2,0.0,1,1,1.0,11.28
nuscenes_mini_subset,scene-0103_028,yaw,0.5,deg,21,Car,vehicle,13.5,0-15m,59.4,0,0.93,1,1,1.0,16.16
nuscenes_mini_subset,scene-0103_028,yaw,0.5,deg,22,Car,vehicle,26.6,15-30m,161.0,1,0.0,14,14,1.0,11.74
nuscenes_mini_subset,scene-0103_028,yaw,1.0,deg,0,Car,vehicle,38.0,>30m,139.4,2,0.23,0,0,,
nuscenes_mini_subset,scene-0103_028,yaw,1.0,deg,1,Pedestrian,pedestrian,47.1,>30m,16.7,2,0.0,0,0,,
nuscenes_mini_subset,scene-0103_028,yaw,1.0,deg,2,Car,vehicle,30.8,>30m,94.6,1,0.48,3,3,1.0,
nuscenes_mini_subset,scene-0103_028,yaw,1.0,deg,3,Car,vehicle,59.0,>30m,50.7,2,0.0,0,0,,
nuscenes_mini_subset,scene-0103_028,yaw,1.0,deg,4,Car,vehicle,55.4,>30m,53.7,1,0.0,0,0,,
nuscenes_mini_subset,scene-0103_028,yaw,1.0,deg,5,Car,vehicle,34.6,>30m,162.7,0,0.0,4,4,1.0,26.17
nuscenes_mini_subset,scene-0103_028,yaw,1.0,deg,6,Car,vehicle,35.7,>30m,179.1,1,0.0,0,0,,
nuscenes_mini_subset,scene-0103_028,yaw,1.0,deg,7,Car,vehicle,63.6,>30m,49.3,2,0.0,0,0,,
nuscenes_mini_subset,scene-0103_028,yaw,1.0,deg,8,Car,vehicle,21.7,15-30m,145.5,0,0.0,27,25,0.9259,24.23
nuscenes_mini_subset,scene-0103_028,yaw,1.0,deg,9,Car,vehicle,38.5,>30m,87.3,2,0.0,4,4,1.0,22.74
nuscenes_mini_subset,scene-0103_028,yaw,1.0,deg,11,Car,vehicle,46.2,>30m,83.9,2,0.0,2,2,1.0,22.77
nuscenes_mini_subset,scene-0103_028,yaw,1.0,deg,12,Pedestrian,pedestrian,31.4,>30m,39.8,2,0.0,1,0,0.0,25.71
nuscenes_mini_subset,scene-0103_028,yaw,1.0,deg,13,Motorcycle,cyclist,23.2,15-30m,49.5,0,0.0,2,1,0.5,27.0
nuscenes_mini_subset,scene-0103_028,yaw,1.0,deg,14,Bicycle,cyclist,41.2,>30m,29.5,0,0.0,3,1,0.3333,22.61
nuscenes_mini_subset,scene-0103_028,yaw,1.0,deg,15,Car,vehicle,32.3,>30m,103.7,1,0.0,5,3,0.6,22.89
nuscenes_mini_subset,scene-0103_028,yaw,1.0,deg,16,Pedestrian,pedestrian,19.7,15-30m,64.0,0,0.0,9,5,0.5556,27.74
nuscenes_mini_subset,scene-0103_028,yaw,1.0,deg,17,Truck,vehicle,38.0,>30m,140.9,0,0.0,23,22,0.9565,23.2
nuscenes_mini_subset,scene-0103_028,yaw,1.0,deg,18,Pedestrian,pedestrian,47.0,>30m,15.5,2,0.0,0,0,,
nuscenes_mini_subset,scene-0103_028,yaw,1.0,deg,19,Car,vehicle,61.4,>30m,41.0,2,0.0,0,0,,
nuscenes_mini_subset,scene-0103_028,yaw,1.0,deg,20,Car,vehicle,44.1,>30m,64.3,2,0.0,1,0,0.0,22.54
nuscenes_mini_subset,scene-0103_028,yaw,1.0,deg,21,Car,vehicle,13.5,0-15m,59.4,0,0.93,0,0,,
nuscenes_mini_subset,scene-0103_028,yaw,1.0,deg,22,Car,vehicle,26.6,15-30m,161.0,1,0.0,14,13,0.9286,23.43
nuscenes_mini_subset,scene-0103_028,yaw,2.0,deg,0,Car,vehicle,38.0,>30m,139.4,2,0.23,0,0,,
nuscenes_mini_subset,scene-0103_028,yaw,2.0,deg,1,Pedestrian,pedestrian,47.1,>30m,16.7,2,0.0,0,0,,
nuscenes_mini_subset,scene-0103_028,yaw,2.0,deg,2,Car,vehicle,30.8,>30m,94.6,1,0.48,3,3,1.0,
nuscenes_mini_subset,scene-0103_028,yaw,2.0,deg,3,Car,vehicle,59.0,>30m,50.7,2,0.0,0,0,,
nuscenes_mini_subset,scene-0103_028,yaw,2.0,deg,4,Car,vehicle,55.4,>30m,53.7,1,0.0,0,0,,
nuscenes_mini_subset,scene-0103_028,yaw,2.0,deg,5,Car,vehicle,34.6,>30m,162.7,0,0.0,4,4,1.0,51.97
nuscenes_mini_subset,scene-0103_028,yaw,2.0,deg,6,Car,vehicle,35.7,>30m,179.1,1,0.0,0,0,,
nuscenes_mini_subset,scene-0103_028,yaw,2.0,deg,7,Car,vehicle,63.6,>30m,49.3,2,0.0,0,0,,
nuscenes_mini_subset,scene-0103_028,yaw,2.0,deg,8,Car,vehicle,21.7,15-30m,145.5,0,0.0,27,21,0.7778,48.23
nuscenes_mini_subset,scene-0103_028,yaw,2.0,deg,9,Car,vehicle,38.5,>30m,87.3,2,0.0,4,1,0.25,45.36
nuscenes_mini_subset,scene-0103_028,yaw,2.0,deg,11,Car,vehicle,46.2,>30m,83.9,2,0.0,2,2,1.0,45.67
nuscenes_mini_subset,scene-0103_028,yaw,2.0,deg,12,Pedestrian,pedestrian,31.4,>30m,39.8,2,0.0,1,0,0.0,51.79
nuscenes_mini_subset,scene-0103_028,yaw,2.0,deg,13,Motorcycle,cyclist,23.2,15-30m,49.5,0,0.0,2,0,0.0,53.58
nuscenes_mini_subset,scene-0103_028,yaw,2.0,deg,14,Bicycle,cyclist,41.2,>30m,29.5,0,0.0,3,0,0.0,45.33
nuscenes_mini_subset,scene-0103_028,yaw,2.0,deg,15,Car,vehicle,32.3,>30m,103.7,1,0.0,5,0,0.0,45.65
nuscenes_mini_subset,scene-0103_028,yaw,2.0,deg,16,Pedestrian,pedestrian,19.7,15-30m,64.0,0,0.0,9,0,0.0,55.03
nuscenes_mini_subset,scene-0103_028,yaw,2.0,deg,17,Truck,vehicle,38.0,>30m,140.9,0,0.0,23,19,0.8261,46.59
nuscenes_mini_subset,scene-0103_028,yaw,2.0,deg,18,Pedestrian,pedestrian,47.0,>30m,15.5,2,0.0,0,0,,
nuscenes_mini_subset,scene-0103_028,yaw,2.0,deg,19,Car,vehicle,61.4,>30m,41.0,2,0.0,0,0,,
nuscenes_mini_subset,scene-0103_028,yaw,2.0,deg,20,Car,vehicle,44.1,>30m,64.3,2,0.0,1,0,0.0,44.99
nuscenes_mini_subset,scene-0103_028,yaw,2.0,deg,21,Car,vehicle,13.5,0-15m,59.4,0,0.93,0,0,,
nuscenes_mini_subset,scene-0103_028,yaw,2.0,deg,22,Car,vehicle,26.6,15-30m,161.0,1,0.0,14,12,0.8571,46.69
nuscenes_mini_subset,scene-0103_028,yaw,3.0,deg,0,Car,vehicle,38.0,>30m,139.4,2,0.23,0,0,,
nuscenes_mini_subset,scene-0103_028,yaw,3.0,deg,1,Pedestrian,pedestrian,47.1,>30m,16.7,2,0.0,0,0,,
nuscenes_mini_subset,scene-0103_028,yaw,3.0,deg,2,Car,vehicle,30.8,>30m,94.6,1,0.48,3,3,1.0,
nuscenes_mini_subset,scene-0103_028,yaw,3.0,deg,3,Car,vehicle,59.0,>30m,50.7,2,0.0,0,0,,
nuscenes_mini_subset,scene-0103_028,yaw,3.0,deg,4,Car,vehicle,55.4,>30m,53.7,1,0.0,0,0,,
nuscenes_mini_subset,scene-0103_028,yaw,3.0,deg,5,Car,vehicle,34.6,>30m,162.7,0,0.0,4,4,1.0,77.42
nuscenes_mini_subset,scene-0103_028,yaw,3.0,deg,6,Car,vehicle,35.7,>30m,179.1,1,0.0,0,0,,
nuscenes_mini_subset,scene-0103_028,yaw,3.0,deg,7,Car,vehicle,63.6,>30m,49.3,2,0.0,0,0,,
nuscenes_mini_subset,scene-0103_028,yaw,3.0,deg,8,Car,vehicle,21.7,15-30m,145.5,0,0.0,27,15,0.5556,72.02
nuscenes_mini_subset,scene-0103_028,yaw,3.0,deg,9,Car,vehicle,38.5,>30m,87.3,2,0.0,4,0,0.0,67.88
nuscenes_mini_subset,scene-0103_028,yaw,3.0,deg,11,Car,vehicle,46.2,>30m,83.9,2,0.0,2,0,0.0,68.74
nuscenes_mini_subset,scene-0103_028,yaw,3.0,deg,12,Pedestrian,pedestrian,31.4,>30m,39.8,2,0.0,1,0,0.0,78.26
nuscenes_mini_subset,scene-0103_028,yaw,3.0,deg,13,Motorcycle,cyclist,23.2,15-30m,49.5,0,0.0,2,0,0.0,79.76
nuscenes_mini_subset,scene-0103_028,yaw,3.0,deg,14,Bicycle,cyclist,41.2,>30m,29.5,0,0.0,3,0,0.0,68.19
nuscenes_mini_subset,scene-0103_028,yaw,3.0,deg,15,Car,vehicle,32.3,>30m,103.7,1,0.0,5,0,0.0,68.29
nuscenes_mini_subset,scene-0103_028,yaw,3.0,deg,16,Pedestrian,pedestrian,19.7,15-30m,64.0,0,0.0,9,0,0.0,81.87
nuscenes_mini_subset,scene-0103_028,yaw,3.0,deg,17,Truck,vehicle,38.0,>30m,140.9,0,0.0,23,15,0.6522,70.17
nuscenes_mini_subset,scene-0103_028,yaw,3.0,deg,18,Pedestrian,pedestrian,47.0,>30m,15.5,2,0.0,0,0,,
nuscenes_mini_subset,scene-0103_028,yaw,3.0,deg,19,Car,vehicle,61.4,>30m,41.0,2,0.0,0,0,,
nuscenes_mini_subset,scene-0103_028,yaw,3.0,deg,20,Car,vehicle,44.1,>30m,64.3,2,0.0,1,0,0.0,67.36
nuscenes_mini_subset,scene-0103_028,yaw,3.0,deg,21,Car,vehicle,13.5,0-15m,59.4,0,0.93,0,0,,
nuscenes_mini_subset,scene-0103_028,yaw,3.0,deg,22,Car,vehicle,26.6,15-30m,161.0,1,0.0,14,6,0.4286,69.8
nuscenes_mini_subset,scene-0103_028,pitch,0.0,deg,0,Car,vehicle,38.0,>30m,139.4,2,0.23,0,0,,
nuscenes_mini_subset,scene-0103_028,pitch,0.0,deg,1,Pedestrian,pedestrian,47.1,>30m,16.7,2,0.0,0,0,,
nuscenes_mini_subset,scene-0103_028,pitch,0.0,deg,2,Car,vehicle,30.8,>30m,94.6,1,0.48,0,0,,
nuscenes_mini_subset,scene-0103_028,pitch,0.0,deg,3,Car,vehicle,59.0,>30m,50.7,2,0.0,0,0,,
nuscenes_mini_subset,scene-0103_028,pitch,0.0,deg,4,Car,vehicle,55.4,>30m,53.7,1,0.0,0,0,,
nuscenes_mini_subset,scene-0103_028,pitch,0.0,deg,5,Car,vehicle,34.6,>30m,162.7,0,0.0,4,4,1.0,0.0
nuscenes_mini_subset,scene-0103_028,pitch,0.0,deg,6,Car,vehicle,35.7,>30m,179.1,1,0.0,0,0,,
nuscenes_mini_subset,scene-0103_028,pitch,0.0,deg,7,Car,vehicle,63.6,>30m,49.3,2,0.0,0,0,,
nuscenes_mini_subset,scene-0103_028,pitch,0.0,deg,8,Car,vehicle,21.7,15-30m,145.5,0,0.0,27,27,1.0,0.0
nuscenes_mini_subset,scene-0103_028,pitch,0.0,deg,9,Car,vehicle,38.5,>30m,87.3,2,0.0,4,4,1.0,0.0
nuscenes_mini_subset,scene-0103_028,pitch,0.0,deg,11,Car,vehicle,46.2,>30m,83.9,2,0.0,2,2,1.0,0.0
nuscenes_mini_subset,scene-0103_028,pitch,0.0,deg,12,Pedestrian,pedestrian,31.4,>30m,39.8,2,0.0,1,1,1.0,0.0
nuscenes_mini_subset,scene-0103_028,pitch,0.0,deg,13,Motorcycle,cyclist,23.2,15-30m,49.5,0,0.0,2,2,1.0,0.0
nuscenes_mini_subset,scene-0103_028,pitch,0.0,deg,14,Bicycle,cyclist,41.2,>30m,29.5,0,0.0,3,3,1.0,0.0
nuscenes_mini_subset,scene-0103_028,pitch,0.0,deg,15,Car,vehicle,32.3,>30m,103.7,1,0.0,5,5,1.0,0.0
nuscenes_mini_subset,scene-0103_028,pitch,0.0,deg,16,Pedestrian,pedestrian,19.7,15-30m,64.0,0,0.0,9,9,1.0,0.0
nuscenes_mini_subset,scene-0103_028,pitch,0.0,deg,17,Truck,vehicle,38.0,>30m,140.9,0,0.0,23,23,1.0,0.0
nuscenes_mini_subset,scene-0103_028,pitch,0.0,deg,18,Pedestrian,pedestrian,47.0,>30m,15.5,2,0.0,0,0,,
nuscenes_mini_subset,scene-0103_028,pitch,0.0,deg,19,Car,vehicle,61.4,>30m,41.0,2,0.0,0,0,,
nuscenes_mini_subset,scene-0103_028,pitch,0.0,deg,20,Car,vehicle,44.1,>30m,64.3,2,0.0,1,1,1.0,0.0
nuscenes_mini_subset,scene-0103_028,pitch,0.0,deg,21,Car,vehicle,13.5,0-15m,59.4,0,0.93,3,3,1.0,0.0
nuscenes_mini_subset,scene-0103_028,pitch,0.0,deg,22,Car,vehicle,26.6,15-30m,161.0,1,0.0,14,14,1.0,0.0
nuscenes_mini_subset,scene-0103_028,pitch,0.25,deg,0,Car,vehicle,38.0,>30m,139.4,2,0.23,0,0,,
nuscenes_mini_subset,scene-0103_028,pitch,0.25,deg,1,Pedestrian,pedestrian,47.1,>30m,16.7,2,0.0,0,0,,
nuscenes_mini_subset,scene-0103_028,pitch,0.25,deg,2,Car,vehicle,30.8,>30m,94.6,1,0.48,0,0,,
nuscenes_mini_subset,scene-0103_028,pitch,0.25,deg,3,Car,vehicle,59.0,>30m,50.7,2,0.0,0,0,,
nuscenes_mini_subset,scene-0103_028,pitch,0.25,deg,4,Car,vehicle,55.4,>30m,53.7,1,0.0,0,0,,
nuscenes_mini_subset,scene-0103_028,pitch,0.25,deg,5,Car,vehicle,34.6,>30m,162.7,0,0.0,4,4,1.0,2.3
nuscenes_mini_subset,scene-0103_028,pitch,0.25,deg,6,Car,vehicle,35.7,>30m,179.1,1,0.0,0,0,,
nuscenes_mini_subset,scene-0103_028,pitch,0.25,deg,7,Car,vehicle,63.6,>30m,49.3,2,0.0,0,0,,
nuscenes_mini_subset,scene-0103_028,pitch,0.25,deg,8,Car,vehicle,21.7,15-30m,145.5,0,0.0,27,27,1.0,1.52
nuscenes_mini_subset,scene-0103_028,pitch,0.25,deg,9,Car,vehicle,38.5,>30m,87.3,2,0.0,4,4,1.0,0.85
nuscenes_mini_subset,scene-0103_028,pitch,0.25,deg,11,Car,vehicle,46.2,>30m,83.9,2,0.0,2,2,1.0,0.92
nuscenes_mini_subset,scene-0103_028,pitch,0.25,deg,12,Pedestrian,pedestrian,31.4,>30m,39.8,2,0.0,1,1,1.0,2.17
nuscenes_mini_subset,scene-0103_028,pitch,0.25,deg,13,Motorcycle,cyclist,23.2,15-30m,49.5,0,0.0,2,2,1.0,2.49
nuscenes_mini_subset,scene-0103_028,pitch,0.25,deg,14,Bicycle,cyclist,41.2,>30m,29.5,0,0.0,3,3,1.0,0.77
nuscenes_mini_subset,scene-0103_028,pitch,0.25,deg,15,Car,vehicle,32.3,>30m,103.7,1,0.0,5,5,1.0,0.9
nuscenes_mini_subset,scene-0103_028,pitch,0.25,deg,16,Pedestrian,pedestrian,19.7,15-30m,64.0,0,0.0,9,9,1.0,2.66
nuscenes_mini_subset,scene-0103_028,pitch,0.25,deg,17,Truck,vehicle,38.0,>30m,140.9,0,0.0,23,23,1.0,1.17
nuscenes_mini_subset,scene-0103_028,pitch,0.25,deg,18,Pedestrian,pedestrian,47.0,>30m,15.5,2,0.0,0,0,,
nuscenes_mini_subset,scene-0103_028,pitch,0.25,deg,19,Car,vehicle,61.4,>30m,41.0,2,0.0,0,0,,
nuscenes_mini_subset,scene-0103_028,pitch,0.25,deg,20,Car,vehicle,44.1,>30m,64.3,2,0.0,1,1,1.0,0.69
nuscenes_mini_subset,scene-0103_028,pitch,0.25,deg,21,Car,vehicle,13.5,0-15m,59.4,0,0.93,3,3,1.0,3.68
nuscenes_mini_subset,scene-0103_028,pitch,0.25,deg,22,Car,vehicle,26.6,15-30m,161.0,1,0.0,14,14,1.0,1.2
nuscenes_mini_subset,scene-0103_028,pitch,0.5,deg,0,Car,vehicle,38.0,>30m,139.4,2,0.23,0,0,,
nuscenes_mini_subset,scene-0103_028,pitch,0.5,deg,1,Pedestrian,pedestrian,47.1,>30m,16.7,2,0.0,0,0,,
nuscenes_mini_subset,scene-0103_028,pitch,0.5,deg,2,Car,vehicle,30.8,>30m,94.6,1,0.48,0,0,,
nuscenes_mini_subset,scene-0103_028,pitch,0.5,deg,3,Car,vehicle,59.0,>30m,50.7,2,0.0,0,0,,
nuscenes_mini_subset,scene-0103_028,pitch,0.5,deg,4,Car,vehicle,55.4,>30m,53.7,1,0.0,0,0,,
nuscenes_mini_subset,scene-0103_028,pitch,0.5,deg,5,Car,vehicle,34.6,>30m,162.7,0,0.0,4,4,1.0,4.61
nuscenes_mini_subset,scene-0103_028,pitch,0.5,deg,6,Car,vehicle,35.7,>30m,179.1,1,0.0,0,0,,
nuscenes_mini_subset,scene-0103_028,pitch,0.5,deg,7,Car,vehicle,63.6,>30m,49.3,2,0.0,0,0,,
nuscenes_mini_subset,scene-0103_028,pitch,0.5,deg,8,Car,vehicle,21.7,15-30m,145.5,0,0.0,27,27,1.0,3.05
nuscenes_mini_subset,scene-0103_028,pitch,0.5,deg,9,Car,vehicle,38.5,>30m,87.3,2,0.0,4,4,1.0,1.7
nuscenes_mini_subset,scene-0103_028,pitch,0.5,deg,11,Car,vehicle,46.2,>30m,83.9,2,0.0,2,2,1.0,1.84
nuscenes_mini_subset,scene-0103_028,pitch,0.5,deg,12,Pedestrian,pedestrian,31.4,>30m,39.8,2,0.0,1,1,1.0,4.34
nuscenes_mini_subset,scene-0103_028,pitch,0.5,deg,13,Motorcycle,cyclist,23.2,15-30m,49.5,0,0.0,2,2,1.0,4.98
nuscenes_mini_subset,scene-0103_028,pitch,0.5,deg,14,Bicycle,cyclist,41.2,>30m,29.5,0,0.0,3,3,1.0,1.54
nuscenes_mini_subset,scene-0103_028,pitch,0.5,deg,15,Car,vehicle,32.3,>30m,103.7,1,0.0,5,5,1.0,1.8
nuscenes_mini_subset,scene-0103_028,pitch,0.5,deg,16,Pedestrian,pedestrian,19.7,15-30m,64.0,0,0.0,9,7,0.7778,5.33
nuscenes_mini_subset,scene-0103_028,pitch,0.5,deg,17,Truck,vehicle,38.0,>30m,140.9,0,0.0,23,23,1.0,2.35
nuscenes_mini_subset,scene-0103_028,pitch,0.5,deg,18,Pedestrian,pedestrian,47.0,>30m,15.5,2,0.0,0,0,,
nuscenes_mini_subset,scene-0103_028,pitch,0.5,deg,19,Car,vehicle,61.4,>30m,41.0,2,0.0,0,0,,
nuscenes_mini_subset,scene-0103_028,pitch,0.5,deg,20,Car,vehicle,44.1,>30m,64.3,2,0.0,1,1,1.0,1.39
nuscenes_mini_subset,scene-0103_028,pitch,0.5,deg,21,Car,vehicle,13.5,0-15m,59.4,0,0.93,3,3,1.0,7.36
nuscenes_mini_subset,scene-0103_028,pitch,0.5,deg,22,Car,vehicle,26.6,15-30m,161.0,1,0.0,14,14,1.0,2.39
nuscenes_mini_subset,scene-0103_028,pitch,1.0,deg,0,Car,vehicle,38.0,>30m,139.4,2,0.23,0,0,,
nuscenes_mini_subset,scene-0103_028,pitch,1.0,deg,1,Pedestrian,pedestrian,47.1,>30m,16.7,2,0.0,0,0,,
nuscenes_mini_subset,scene-0103_028,pitch,1.0,deg,2,Car,vehicle,30.8,>30m,94.6,1,0.48,0,0,,
nuscenes_mini_subset,scene-0103_028,pitch,1.0,deg,3,Car,vehicle,59.0,>30m,50.7,2,0.0,0,0,,
nuscenes_mini_subset,scene-0103_028,pitch,1.0,deg,4,Car,vehicle,55.4,>30m,53.7,1,0.0,0,0,,
nuscenes_mini_subset,scene-0103_028,pitch,1.0,deg,5,Car,vehicle,34.6,>30m,162.7,0,0.0,4,4,1.0,9.21
nuscenes_mini_subset,scene-0103_028,pitch,1.0,deg,6,Car,vehicle,35.7,>30m,179.1,1,0.0,0,0,,
nuscenes_mini_subset,scene-0103_028,pitch,1.0,deg,7,Car,vehicle,63.6,>30m,49.3,2,0.0,0,0,,
nuscenes_mini_subset,scene-0103_028,pitch,1.0,deg,8,Car,vehicle,21.7,15-30m,145.5,0,0.0,27,27,1.0,6.09
nuscenes_mini_subset,scene-0103_028,pitch,1.0,deg,9,Car,vehicle,38.5,>30m,87.3,2,0.0,4,4,1.0,3.41
nuscenes_mini_subset,scene-0103_028,pitch,1.0,deg,11,Car,vehicle,46.2,>30m,83.9,2,0.0,2,2,1.0,3.68
nuscenes_mini_subset,scene-0103_028,pitch,1.0,deg,12,Pedestrian,pedestrian,31.4,>30m,39.8,2,0.0,1,1,1.0,8.67
nuscenes_mini_subset,scene-0103_028,pitch,1.0,deg,13,Motorcycle,cyclist,23.2,15-30m,49.5,0,0.0,2,2,1.0,9.95
nuscenes_mini_subset,scene-0103_028,pitch,1.0,deg,14,Bicycle,cyclist,41.2,>30m,29.5,0,0.0,3,3,1.0,3.09
nuscenes_mini_subset,scene-0103_028,pitch,1.0,deg,15,Car,vehicle,32.3,>30m,103.7,1,0.0,5,5,1.0,3.59
nuscenes_mini_subset,scene-0103_028,pitch,1.0,deg,16,Pedestrian,pedestrian,19.7,15-30m,64.0,0,0.0,9,7,0.7778,10.65
nuscenes_mini_subset,scene-0103_028,pitch,1.0,deg,17,Truck,vehicle,38.0,>30m,140.9,0,0.0,23,23,1.0,4.7
nuscenes_mini_subset,scene-0103_028,pitch,1.0,deg,18,Pedestrian,pedestrian,47.0,>30m,15.5,2,0.0,0,0,,
nuscenes_mini_subset,scene-0103_028,pitch,1.0,deg,19,Car,vehicle,61.4,>30m,41.0,2,0.0,0,0,,
nuscenes_mini_subset,scene-0103_028,pitch,1.0,deg,20,Car,vehicle,44.1,>30m,64.3,2,0.0,1,1,1.0,2.77
nuscenes_mini_subset,scene-0103_028,pitch,1.0,deg,21,Car,vehicle,13.5,0-15m,59.4,0,0.93,3,3,1.0,14.71
nuscenes_mini_subset,scene-0103_028,pitch,1.0,deg,22,Car,vehicle,26.6,15-30m,161.0,1,0.0,14,14,1.0,4.78
nuscenes_mini_subset,scene-0103_028,pitch,2.0,deg,0,Car,vehicle,38.0,>30m,139.4,2,0.23,0,0,,
nuscenes_mini_subset,scene-0103_028,pitch,2.0,deg,1,Pedestrian,pedestrian,47.1,>30m,16.7,2,0.0,0,0,,
nuscenes_mini_subset,scene-0103_028,pitch,2.0,deg,2,Car,vehicle,30.8,>30m,94.6,1,0.48,0,0,,
nuscenes_mini_subset,scene-0103_028,pitch,2.0,deg,3,Car,vehicle,59.0,>30m,50.7,2,0.0,0,0,,
nuscenes_mini_subset,scene-0103_028,pitch,2.0,deg,4,Car,vehicle,55.4,>30m,53.7,1,0.0,0,0,,
nuscenes_mini_subset,scene-0103_028,pitch,2.0,deg,5,Car,vehicle,34.6,>30m,162.7,0,0.0,4,4,1.0,18.43
nuscenes_mini_subset,scene-0103_028,pitch,2.0,deg,6,Car,vehicle,35.7,>30m,179.1,1,0.0,0,0,,
nuscenes_mini_subset,scene-0103_028,pitch,2.0,deg,7,Car,vehicle,63.6,>30m,49.3,2,0.0,0,0,,
nuscenes_mini_subset,scene-0103_028,pitch,2.0,deg,8,Car,vehicle,21.7,15-30m,145.5,0,0.0,27,27,1.0,12.19
nuscenes_mini_subset,scene-0103_028,pitch,2.0,deg,9,Car,vehicle,38.5,>30m,87.3,2,0.0,4,4,1.0,6.82
nuscenes_mini_subset,scene-0103_028,pitch,2.0,deg,11,Car,vehicle,46.2,>30m,83.9,2,0.0,2,2,1.0,7.35
nuscenes_mini_subset,scene-0103_028,pitch,2.0,deg,12,Pedestrian,pedestrian,31.4,>30m,39.8,2,0.0,1,0,0.0,17.34
nuscenes_mini_subset,scene-0103_028,pitch,2.0,deg,13,Motorcycle,cyclist,23.2,15-30m,49.5,0,0.0,2,0,0.0,19.91
nuscenes_mini_subset,scene-0103_028,pitch,2.0,deg,14,Bicycle,cyclist,41.2,>30m,29.5,0,0.0,3,3,1.0,6.17
nuscenes_mini_subset,scene-0103_028,pitch,2.0,deg,15,Car,vehicle,32.3,>30m,103.7,1,0.0,5,5,1.0,7.18
nuscenes_mini_subset,scene-0103_028,pitch,2.0,deg,16,Pedestrian,pedestrian,19.7,15-30m,64.0,0,0.0,9,7,0.7778,21.31
nuscenes_mini_subset,scene-0103_028,pitch,2.0,deg,17,Truck,vehicle,38.0,>30m,140.9,0,0.0,23,23,1.0,9.39
nuscenes_mini_subset,scene-0103_028,pitch,2.0,deg,18,Pedestrian,pedestrian,47.0,>30m,15.5,2,0.0,0,0,,
nuscenes_mini_subset,scene-0103_028,pitch,2.0,deg,19,Car,vehicle,61.4,>30m,41.0,2,0.0,0,0,,
nuscenes_mini_subset,scene-0103_028,pitch,2.0,deg,20,Car,vehicle,44.1,>30m,64.3,2,0.0,1,1,1.0,5.55
nuscenes_mini_subset,scene-0103_028,pitch,2.0,deg,21,Car,vehicle,13.5,0-15m,59.4,0,0.93,2,2,1.0,29.23
nuscenes_mini_subset,scene-0103_028,pitch,2.0,deg,22,Car,vehicle,26.6,15-30m,161.0,1,0.0,14,14,1.0,9.57
nuscenes_mini_subset,scene-0103_028,pitch,3.0,deg,0,Car,vehicle,38.0,>30m,139.4,2,0.23,0,0,,
nuscenes_mini_subset,scene-0103_028,pitch,3.0,deg,1,Pedestrian,pedestrian,47.1,>30m,16.7,2,0.0,0,0,,
nuscenes_mini_subset,scene-0103_028,pitch,3.0,deg,2,Car,vehicle,30.8,>30m,94.6,1,0.48,0,0,,
nuscenes_mini_subset,scene-0103_028,pitch,3.0,deg,3,Car,vehicle,59.0,>30m,50.7,2,0.0,0,0,,
nuscenes_mini_subset,scene-0103_028,pitch,3.0,deg,4,Car,vehicle,55.4,>30m,53.7,1,0.0,0,0,,
nuscenes_mini_subset,scene-0103_028,pitch,3.0,deg,5,Car,vehicle,34.6,>30m,162.7,0,0.0,4,0,0.0,27.64
nuscenes_mini_subset,scene-0103_028,pitch,3.0,deg,6,Car,vehicle,35.7,>30m,179.1,1,0.0,0,0,,
nuscenes_mini_subset,scene-0103_028,pitch,3.0,deg,7,Car,vehicle,63.6,>30m,49.3,2,0.0,0,0,,
nuscenes_mini_subset,scene-0103_028,pitch,3.0,deg,8,Car,vehicle,21.7,15-30m,145.5,0,0.0,27,16,0.5926,18.28
nuscenes_mini_subset,scene-0103_028,pitch,3.0,deg,9,Car,vehicle,38.5,>30m,87.3,2,0.0,4,4,1.0,10.23
nuscenes_mini_subset,scene-0103_028,pitch,3.0,deg,11,Car,vehicle,46.2,>30m,83.9,2,0.0,2,2,1.0,11.03
nuscenes_mini_subset,scene-0103_028,pitch,3.0,deg,12,Pedestrian,pedestrian,31.4,>30m,39.8,2,0.0,1,0,0.0,26.01
nuscenes_mini_subset,scene-0103_028,pitch,3.0,deg,13,Motorcycle,cyclist,23.2,15-30m,49.5,0,0.0,2,0,0.0,29.87
nuscenes_mini_subset,scene-0103_028,pitch,3.0,deg,14,Bicycle,cyclist,41.2,>30m,29.5,0,0.0,3,3,1.0,9.25
nuscenes_mini_subset,scene-0103_028,pitch,3.0,deg,15,Car,vehicle,32.3,>30m,103.7,1,0.0,5,5,1.0,10.78
nuscenes_mini_subset,scene-0103_028,pitch,3.0,deg,16,Pedestrian,pedestrian,19.7,15-30m,64.0,0,0.0,9,7,0.7778,31.97
nuscenes_mini_subset,scene-0103_028,pitch,3.0,deg,17,Truck,vehicle,38.0,>30m,140.9,0,0.0,23,23,1.0,14.09
nuscenes_mini_subset,scene-0103_028,pitch,3.0,deg,18,Pedestrian,pedestrian,47.0,>30m,15.5,2,0.0,0,0,,
nuscenes_mini_subset,scene-0103_028,pitch,3.0,deg,19,Car,vehicle,61.4,>30m,41.0,2,0.0,0,0,,
nuscenes_mini_subset,scene-0103_028,pitch,3.0,deg,20,Car,vehicle,44.1,>30m,64.3,2,0.0,1,1,1.0,8.32
nuscenes_mini_subset,scene-0103_028,pitch,3.0,deg,21,Car,vehicle,13.5,0-15m,59.4,0,0.93,2,2,1.0,43.83
nuscenes_mini_subset,scene-0103_028,pitch,3.0,deg,22,Car,vehicle,26.6,15-30m,161.0,1,0.0,14,14,1.0,14.35
nuscenes_mini_subset,scene-0103_028,roll,0.0,deg,0,Car,vehicle,38.0,>30m,139.4,2,0.23,0,0,,
nuscenes_mini_subset,scene-0103_028,roll,0.0,deg,1,Pedestrian,pedestrian,47.1,>30m,16.7,2,0.0,0,0,,
nuscenes_mini_subset,scene-0103_028,roll,0.0,deg,2,Car,vehicle,30.8,>30m,94.6,1,0.48,0,0,,
nuscenes_mini_subset,scene-0103_028,roll,0.0,deg,3,Car,vehicle,59.0,>30m,50.7,2,0.0,0,0,,
nuscenes_mini_subset,scene-0103_028,roll,0.0,deg,4,Car,vehicle,55.4,>30m,53.7,1,0.0,0,0,,
nuscenes_mini_subset,scene-0103_028,roll,0.0,deg,5,Car,vehicle,34.6,>30m,162.7,0,0.0,4,4,1.0,0.0
nuscenes_mini_subset,scene-0103_028,roll,0.0,deg,6,Car,vehicle,35.7,>30m,179.1,1,0.0,0,0,,
nuscenes_mini_subset,scene-0103_028,roll,0.0,deg,7,Car,vehicle,63.6,>30m,49.3,2,0.0,0,0,,
nuscenes_mini_subset,scene-0103_028,roll,0.0,deg,8,Car,vehicle,21.7,15-30m,145.5,0,0.0,27,27,1.0,0.0
nuscenes_mini_subset,scene-0103_028,roll,0.0,deg,9,Car,vehicle,38.5,>30m,87.3,2,0.0,4,4,1.0,0.0
nuscenes_mini_subset,scene-0103_028,roll,0.0,deg,11,Car,vehicle,46.2,>30m,83.9,2,0.0,2,2,1.0,0.0
nuscenes_mini_subset,scene-0103_028,roll,0.0,deg,12,Pedestrian,pedestrian,31.4,>30m,39.8,2,0.0,1,1,1.0,0.0
nuscenes_mini_subset,scene-0103_028,roll,0.0,deg,13,Motorcycle,cyclist,23.2,15-30m,49.5,0,0.0,2,2,1.0,0.0
nuscenes_mini_subset,scene-0103_028,roll,0.0,deg,14,Bicycle,cyclist,41.2,>30m,29.5,0,0.0,3,3,1.0,0.0
nuscenes_mini_subset,scene-0103_028,roll,0.0,deg,15,Car,vehicle,32.3,>30m,103.7,1,0.0,5,5,1.0,0.0
nuscenes_mini_subset,scene-0103_028,roll,0.0,deg,16,Pedestrian,pedestrian,19.7,15-30m,64.0,0,0.0,9,9,1.0,0.0
nuscenes_mini_subset,scene-0103_028,roll,0.0,deg,17,Truck,vehicle,38.0,>30m,140.9,0,0.0,23,23,1.0,0.0
nuscenes_mini_subset,scene-0103_028,roll,0.0,deg,18,Pedestrian,pedestrian,47.0,>30m,15.5,2,0.0,0,0,,
nuscenes_mini_subset,scene-0103_028,roll,0.0,deg,19,Car,vehicle,61.4,>30m,41.0,2,0.0,0,0,,
nuscenes_mini_subset,scene-0103_028,roll,0.0,deg,20,Car,vehicle,44.1,>30m,64.3,2,0.0,1,1,1.0,0.0
nuscenes_mini_subset,scene-0103_028,roll,0.0,deg,21,Car,vehicle,13.5,0-15m,59.4,0,0.93,3,3,1.0,0.0
nuscenes_mini_subset,scene-0103_028,roll,0.0,deg,22,Car,vehicle,26.6,15-30m,161.0,1,0.0,14,14,1.0,0.0
nuscenes_mini_subset,scene-0103_028,roll,0.25,deg,0,Car,vehicle,38.0,>30m,139.4,2,0.23,0,0,,
nuscenes_mini_subset,scene-0103_028,roll,0.25,deg,1,Pedestrian,pedestrian,47.1,>30m,16.7,2,0.0,0,0,,
nuscenes_mini_subset,scene-0103_028,roll,0.25,deg,2,Car,vehicle,30.8,>30m,94.6,1,0.48,0,0,,
nuscenes_mini_subset,scene-0103_028,roll,0.25,deg,3,Car,vehicle,59.0,>30m,50.7,2,0.0,0,0,,
nuscenes_mini_subset,scene-0103_028,roll,0.25,deg,4,Car,vehicle,55.4,>30m,53.7,1,0.0,0,0,,
nuscenes_mini_subset,scene-0103_028,roll,0.25,deg,5,Car,vehicle,34.6,>30m,162.7,0,0.0,4,4,1.0,5.6
nuscenes_mini_subset,scene-0103_028,roll,0.25,deg,6,Car,vehicle,35.7,>30m,179.1,1,0.0,0,0,,
nuscenes_mini_subset,scene-0103_028,roll,0.25,deg,7,Car,vehicle,63.6,>30m,49.3,2,0.0,0,0,,
nuscenes_mini_subset,scene-0103_028,roll,0.25,deg,8,Car,vehicle,21.7,15-30m,145.5,0,0.0,27,27,1.0,5.67
nuscenes_mini_subset,scene-0103_028,roll,0.25,deg,9,Car,vehicle,38.5,>30m,87.3,2,0.0,4,4,1.0,5.56
nuscenes_mini_subset,scene-0103_028,roll,0.25,deg,11,Car,vehicle,46.2,>30m,83.9,2,0.0,2,2,1.0,5.54
nuscenes_mini_subset,scene-0103_028,roll,0.25,deg,12,Pedestrian,pedestrian,31.4,>30m,39.8,2,0.0,1,1,1.0,5.56
nuscenes_mini_subset,scene-0103_028,roll,0.25,deg,13,Motorcycle,cyclist,23.2,15-30m,49.5,0,0.0,2,2,1.0,5.67
nuscenes_mini_subset,scene-0103_028,roll,0.25,deg,14,Bicycle,cyclist,41.2,>30m,29.5,0,0.0,3,3,1.0,5.54
nuscenes_mini_subset,scene-0103_028,roll,0.25,deg,15,Car,vehicle,32.3,>30m,103.7,1,0.0,5,5,1.0,5.58
nuscenes_mini_subset,scene-0103_028,roll,0.25,deg,16,Pedestrian,pedestrian,19.7,15-30m,64.0,0,0.0,9,9,1.0,5.69
nuscenes_mini_subset,scene-0103_028,roll,0.25,deg,17,Truck,vehicle,38.0,>30m,140.9,0,0.0,23,23,1.0,5.54
nuscenes_mini_subset,scene-0103_028,roll,0.25,deg,18,Pedestrian,pedestrian,47.0,>30m,15.5,2,0.0,0,0,,
nuscenes_mini_subset,scene-0103_028,roll,0.25,deg,19,Car,vehicle,61.4,>30m,41.0,2,0.0,0,0,,
nuscenes_mini_subset,scene-0103_028,roll,0.25,deg,20,Car,vehicle,44.1,>30m,64.3,2,0.0,1,1,1.0,5.56
nuscenes_mini_subset,scene-0103_028,roll,0.25,deg,21,Car,vehicle,13.5,0-15m,59.4,0,0.93,3,3,1.0,5.81
nuscenes_mini_subset,scene-0103_028,roll,0.25,deg,22,Car,vehicle,26.6,15-30m,161.0,1,0.0,14,14,1.0,5.61
nuscenes_mini_subset,scene-0103_028,roll,0.5,deg,0,Car,vehicle,38.0,>30m,139.4,2,0.23,0,0,,
nuscenes_mini_subset,scene-0103_028,roll,0.5,deg,1,Pedestrian,pedestrian,47.1,>30m,16.7,2,0.0,0,0,,
nuscenes_mini_subset,scene-0103_028,roll,0.5,deg,2,Car,vehicle,30.8,>30m,94.6,1,0.48,0,0,,
nuscenes_mini_subset,scene-0103_028,roll,0.5,deg,3,Car,vehicle,59.0,>30m,50.7,2,0.0,0,0,,
nuscenes_mini_subset,scene-0103_028,roll,0.5,deg,4,Car,vehicle,55.4,>30m,53.7,1,0.0,0,0,,
nuscenes_mini_subset,scene-0103_028,roll,0.5,deg,5,Car,vehicle,34.6,>30m,162.7,0,0.0,4,4,1.0,11.21
nuscenes_mini_subset,scene-0103_028,roll,0.5,deg,6,Car,vehicle,35.7,>30m,179.1,1,0.0,0,0,,
nuscenes_mini_subset,scene-0103_028,roll,0.5,deg,7,Car,vehicle,63.6,>30m,49.3,2,0.0,0,0,,
nuscenes_mini_subset,scene-0103_028,roll,0.5,deg,8,Car,vehicle,21.7,15-30m,145.5,0,0.0,27,27,1.0,11.33
nuscenes_mini_subset,scene-0103_028,roll,0.5,deg,9,Car,vehicle,38.5,>30m,87.3,2,0.0,4,4,1.0,11.12
nuscenes_mini_subset,scene-0103_028,roll,0.5,deg,11,Car,vehicle,46.2,>30m,83.9,2,0.0,2,2,1.0,11.07
nuscenes_mini_subset,scene-0103_028,roll,0.5,deg,12,Pedestrian,pedestrian,31.4,>30m,39.8,2,0.0,1,1,1.0,11.11
nuscenes_mini_subset,scene-0103_028,roll,0.5,deg,13,Motorcycle,cyclist,23.2,15-30m,49.5,0,0.0,2,2,1.0,11.33
nuscenes_mini_subset,scene-0103_028,roll,0.5,deg,14,Bicycle,cyclist,41.2,>30m,29.5,0,0.0,3,3,1.0,11.08
nuscenes_mini_subset,scene-0103_028,roll,0.5,deg,15,Car,vehicle,32.3,>30m,103.7,1,0.0,5,5,1.0,11.17
nuscenes_mini_subset,scene-0103_028,roll,0.5,deg,16,Pedestrian,pedestrian,19.7,15-30m,64.0,0,0.0,9,9,1.0,11.38
nuscenes_mini_subset,scene-0103_028,roll,0.5,deg,17,Truck,vehicle,38.0,>30m,140.9,0,0.0,23,23,1.0,11.09
nuscenes_mini_subset,scene-0103_028,roll,0.5,deg,18,Pedestrian,pedestrian,47.0,>30m,15.5,2,0.0,0,0,,
nuscenes_mini_subset,scene-0103_028,roll,0.5,deg,19,Car,vehicle,61.4,>30m,41.0,2,0.0,0,0,,
nuscenes_mini_subset,scene-0103_028,roll,0.5,deg,20,Car,vehicle,44.1,>30m,64.3,2,0.0,1,1,1.0,11.11
nuscenes_mini_subset,scene-0103_028,roll,0.5,deg,21,Car,vehicle,13.5,0-15m,59.4,0,0.93,3,3,1.0,11.62
nuscenes_mini_subset,scene-0103_028,roll,0.5,deg,22,Car,vehicle,26.6,15-30m,161.0,1,0.0,14,14,1.0,11.22
nuscenes_mini_subset,scene-0103_028,roll,1.0,deg,0,Car,vehicle,38.0,>30m,139.4,2,0.23,0,0,,
nuscenes_mini_subset,scene-0103_028,roll,1.0,deg,1,Pedestrian,pedestrian,47.1,>30m,16.7,2,0.0,0,0,,
nuscenes_mini_subset,scene-0103_028,roll,1.0,deg,2,Car,vehicle,30.8,>30m,94.6,1,0.48,0,0,,
nuscenes_mini_subset,scene-0103_028,roll,1.0,deg,3,Car,vehicle,59.0,>30m,50.7,2,0.0,0,0,,
nuscenes_mini_subset,scene-0103_028,roll,1.0,deg,4,Car,vehicle,55.4,>30m,53.7,1,0.0,0,0,,
nuscenes_mini_subset,scene-0103_028,roll,1.0,deg,5,Car,vehicle,34.6,>30m,162.7,0,0.0,4,4,1.0,22.4
nuscenes_mini_subset,scene-0103_028,roll,1.0,deg,6,Car,vehicle,35.7,>30m,179.1,1,0.0,0,0,,
nuscenes_mini_subset,scene-0103_028,roll,1.0,deg,7,Car,vehicle,63.6,>30m,49.3,2,0.0,0,0,,
nuscenes_mini_subset,scene-0103_028,roll,1.0,deg,8,Car,vehicle,21.7,15-30m,145.5,0,0.0,27,27,1.0,22.65
nuscenes_mini_subset,scene-0103_028,roll,1.0,deg,9,Car,vehicle,38.5,>30m,87.3,2,0.0,4,1,0.25,22.24
nuscenes_mini_subset,scene-0103_028,roll,1.0,deg,11,Car,vehicle,46.2,>30m,83.9,2,0.0,2,2,1.0,22.13
nuscenes_mini_subset,scene-0103_028,roll,1.0,deg,12,Pedestrian,pedestrian,31.4,>30m,39.8,2,0.0,1,0,0.0,22.21
nuscenes_mini_subset,scene-0103_028,roll,1.0,deg,13,Motorcycle,cyclist,23.2,15-30m,49.5,0,0.0,2,2,1.0,22.64
nuscenes_mini_subset,scene-0103_028,roll,1.0,deg,14,Bicycle,cyclist,41.2,>30m,29.5,0,0.0,3,3,1.0,22.16
nuscenes_mini_subset,scene-0103_028,roll,1.0,deg,15,Car,vehicle,32.3,>30m,103.7,1,0.0,5,5,1.0,22.33
nuscenes_mini_subset,scene-0103_028,roll,1.0,deg,16,Pedestrian,pedestrian,19.7,15-30m,64.0,0,0.0,9,8,0.8889,22.74
nuscenes_mini_subset,scene-0103_028,roll,1.0,deg,17,Truck,vehicle,38.0,>30m,140.9,0,0.0,23,23,1.0,22.17
nuscenes_mini_subset,scene-0103_028,roll,1.0,deg,18,Pedestrian,pedestrian,47.0,>30m,15.5,2,0.0,0,0,,
nuscenes_mini_subset,scene-0103_028,roll,1.0,deg,19,Car,vehicle,61.4,>30m,41.0,2,0.0,0,0,,
nuscenes_mini_subset,scene-0103_028,roll,1.0,deg,20,Car,vehicle,44.1,>30m,64.3,2,0.0,1,1,1.0,22.22
nuscenes_mini_subset,scene-0103_028,roll,1.0,deg,21,Car,vehicle,13.5,0-15m,59.4,0,0.93,3,3,1.0,23.21
nuscenes_mini_subset,scene-0103_028,roll,1.0,deg,22,Car,vehicle,26.6,15-30m,161.0,1,0.0,14,8,0.5714,22.44
nuscenes_mini_subset,scene-0103_028,roll,2.0,deg,0,Car,vehicle,38.0,>30m,139.4,2,0.23,0,0,,
nuscenes_mini_subset,scene-0103_028,roll,2.0,deg,1,Pedestrian,pedestrian,47.1,>30m,16.7,2,0.0,0,0,,
nuscenes_mini_subset,scene-0103_028,roll,2.0,deg,2,Car,vehicle,30.8,>30m,94.6,1,0.48,0,0,,
nuscenes_mini_subset,scene-0103_028,roll,2.0,deg,3,Car,vehicle,59.0,>30m,50.7,2,0.0,0,0,,
nuscenes_mini_subset,scene-0103_028,roll,2.0,deg,4,Car,vehicle,55.4,>30m,53.7,1,0.0,0,0,,
nuscenes_mini_subset,scene-0103_028,roll,2.0,deg,5,Car,vehicle,34.6,>30m,162.7,0,0.0,4,4,1.0,44.78
nuscenes_mini_subset,scene-0103_028,roll,2.0,deg,6,Car,vehicle,35.7,>30m,179.1,1,0.0,0,0,,
nuscenes_mini_subset,scene-0103_028,roll,2.0,deg,7,Car,vehicle,63.6,>30m,49.3,2,0.0,0,0,,
nuscenes_mini_subset,scene-0103_028,roll,2.0,deg,8,Car,vehicle,21.7,15-30m,145.5,0,0.0,27,24,0.8889,45.24
nuscenes_mini_subset,scene-0103_028,roll,2.0,deg,9,Car,vehicle,38.5,>30m,87.3,2,0.0,4,1,0.25,44.48
nuscenes_mini_subset,scene-0103_028,roll,2.0,deg,11,Car,vehicle,46.2,>30m,83.9,2,0.0,2,0,0.0,44.24
nuscenes_mini_subset,scene-0103_028,roll,2.0,deg,12,Pedestrian,pedestrian,31.4,>30m,39.8,2,0.0,1,0,0.0,44.39
nuscenes_mini_subset,scene-0103_028,roll,2.0,deg,13,Motorcycle,cyclist,23.2,15-30m,49.5,0,0.0,2,2,1.0,45.23
nuscenes_mini_subset,scene-0103_028,roll,2.0,deg,14,Bicycle,cyclist,41.2,>30m,29.5,0,0.0,3,0,0.0,44.29
nuscenes_mini_subset,scene-0103_028,roll,2.0,deg,15,Car,vehicle,32.3,>30m,103.7,1,0.0,5,1,0.2,44.63
nuscenes_mini_subset,scene-0103_028,roll,2.0,deg,16,Pedestrian,pedestrian,19.7,15-30m,64.0,0,0.0,9,8,0.8889,45.44
nuscenes_mini_subset,scene-0103_028,roll,2.0,deg,17,Truck,vehicle,38.0,>30m,140.9,0,0.0,23,11,0.4783,44.32
nuscenes_mini_subset,scene-0103_028,roll,2.0,deg,18,Pedestrian,pedestrian,47.0,>30m,15.5,2,0.0,0,0,,
nuscenes_mini_subset,scene-0103_028,roll,2.0,deg,19,Car,vehicle,61.4,>30m,41.0,2,0.0,0,0,,
nuscenes_mini_subset,scene-0103_028,roll,2.0,deg,20,Car,vehicle,44.1,>30m,64.3,2,0.0,1,0,0.0,44.41
nuscenes_mini_subset,scene-0103_028,roll,2.0,deg,21,Car,vehicle,13.5,0-15m,59.4,0,0.93,3,3,1.0,46.28
nuscenes_mini_subset,scene-0103_028,roll,2.0,deg,22,Car,vehicle,26.6,15-30m,161.0,1,0.0,14,7,0.5,44.86
nuscenes_mini_subset,scene-0103_028,roll,3.0,deg,0,Car,vehicle,38.0,>30m,139.4,2,0.23,0,0,,
nuscenes_mini_subset,scene-0103_028,roll,3.0,deg,1,Pedestrian,pedestrian,47.1,>30m,16.7,2,0.0,0,0,,
nuscenes_mini_subset,scene-0103_028,roll,3.0,deg,2,Car,vehicle,30.8,>30m,94.6,1,0.48,0,0,,
nuscenes_mini_subset,scene-0103_028,roll,3.0,deg,3,Car,vehicle,59.0,>30m,50.7,2,0.0,0,0,,
nuscenes_mini_subset,scene-0103_028,roll,3.0,deg,4,Car,vehicle,55.4,>30m,53.7,1,0.0,0,0,,
nuscenes_mini_subset,scene-0103_028,roll,3.0,deg,5,Car,vehicle,34.6,>30m,162.7,0,0.0,4,0,0.0,67.14
nuscenes_mini_subset,scene-0103_028,roll,3.0,deg,6,Car,vehicle,35.7,>30m,179.1,1,0.0,0,0,,
nuscenes_mini_subset,scene-0103_028,roll,3.0,deg,7,Car,vehicle,63.6,>30m,49.3,2,0.0,0,0,,
nuscenes_mini_subset,scene-0103_028,roll,3.0,deg,8,Car,vehicle,21.7,15-30m,145.5,0,0.0,27,11,0.4074,67.8
nuscenes_mini_subset,scene-0103_028,roll,3.0,deg,9,Car,vehicle,38.5,>30m,87.3,2,0.0,4,0,0.0,66.71
nuscenes_mini_subset,scene-0103_028,roll,3.0,deg,11,Car,vehicle,46.2,>30m,83.9,2,0.0,2,0,0.0,66.33
nuscenes_mini_subset,scene-0103_028,roll,3.0,deg,12,Pedestrian,pedestrian,31.4,>30m,39.8,2,0.0,1,0,0.0,66.56
nuscenes_mini_subset,scene-0103_028,roll,3.0,deg,13,Motorcycle,cyclist,23.2,15-30m,49.5,0,0.0,2,1,0.5,67.78
nuscenes_mini_subset,scene-0103_028,roll,3.0,deg,14,Bicycle,cyclist,41.2,>30m,29.5,0,0.0,3,0,0.0,66.41
nuscenes_mini_subset,scene-0103_028,roll,3.0,deg,15,Car,vehicle,32.3,>30m,103.7,1,0.0,5,0,0.0,66.91
nuscenes_mini_subset,scene-0103_028,roll,3.0,deg,16,Pedestrian,pedestrian,19.7,15-30m,64.0,0,0.0,9,5,0.5556,68.11
nuscenes_mini_subset,scene-0103_028,roll,3.0,deg,17,Truck,vehicle,38.0,>30m,140.9,0,0.0,23,4,0.1739,66.46
nuscenes_mini_subset,scene-0103_028,roll,3.0,deg,18,Pedestrian,pedestrian,47.0,>30m,15.5,2,0.0,0,0,,
nuscenes_mini_subset,scene-0103_028,roll,3.0,deg,19,Car,vehicle,61.4,>30m,41.0,2,0.0,0,0,,
nuscenes_mini_subset,scene-0103_028,roll,3.0,deg,20,Car,vehicle,44.1,>30m,64.3,2,0.0,1,0,0.0,66.59
nuscenes_mini_subset,scene-0103_028,roll,3.0,deg,21,Car,vehicle,13.5,0-15m,59.4,0,0.93,3,3,1.0,69.24
nuscenes_mini_subset,scene-0103_028,roll,3.0,deg,22,Car,vehicle,26.6,15-30m,161.0,1,0.0,14,5,0.3571,67.26
nuscenes_mini_subset,scene-0103_028,tx,0.0,m,0,Car,vehicle,38.0,>30m,139.4,2,0.23,0,0,,
nuscenes_mini_subset,scene-0103_028,tx,0.0,m,1,Pedestrian,pedestrian,47.1,>30m,16.7,2,0.0,0,0,,
nuscenes_mini_subset,scene-0103_028,tx,0.0,m,2,Car,vehicle,30.8,>30m,94.6,1,0.48,0,0,,
nuscenes_mini_subset,scene-0103_028,tx,0.0,m,3,Car,vehicle,59.0,>30m,50.7,2,0.0,0,0,,
nuscenes_mini_subset,scene-0103_028,tx,0.0,m,4,Car,vehicle,55.4,>30m,53.7,1,0.0,0,0,,
nuscenes_mini_subset,scene-0103_028,tx,0.0,m,5,Car,vehicle,34.6,>30m,162.7,0,0.0,4,4,1.0,0.0
nuscenes_mini_subset,scene-0103_028,tx,0.0,m,6,Car,vehicle,35.7,>30m,179.1,1,0.0,0,0,,
nuscenes_mini_subset,scene-0103_028,tx,0.0,m,7,Car,vehicle,63.6,>30m,49.3,2,0.0,0,0,,
nuscenes_mini_subset,scene-0103_028,tx,0.0,m,8,Car,vehicle,21.7,15-30m,145.5,0,0.0,27,27,1.0,0.0
nuscenes_mini_subset,scene-0103_028,tx,0.0,m,9,Car,vehicle,38.5,>30m,87.3,2,0.0,4,4,1.0,0.0
nuscenes_mini_subset,scene-0103_028,tx,0.0,m,11,Car,vehicle,46.2,>30m,83.9,2,0.0,2,2,1.0,0.0
nuscenes_mini_subset,scene-0103_028,tx,0.0,m,12,Pedestrian,pedestrian,31.4,>30m,39.8,2,0.0,1,1,1.0,0.0
nuscenes_mini_subset,scene-0103_028,tx,0.0,m,13,Motorcycle,cyclist,23.2,15-30m,49.5,0,0.0,2,2,1.0,0.0
nuscenes_mini_subset,scene-0103_028,tx,0.0,m,14,Bicycle,cyclist,41.2,>30m,29.5,0,0.0,3,3,1.0,0.0
nuscenes_mini_subset,scene-0103_028,tx,0.0,m,15,Car,vehicle,32.3,>30m,103.7,1,0.0,5,5,1.0,0.0
nuscenes_mini_subset,scene-0103_028,tx,0.0,m,16,Pedestrian,pedestrian,19.7,15-30m,64.0,0,0.0,9,9,1.0,0.0
nuscenes_mini_subset,scene-0103_028,tx,0.0,m,17,Truck,vehicle,38.0,>30m,140.9,0,0.0,23,23,1.0,0.0
nuscenes_mini_subset,scene-0103_028,tx,0.0,m,18,Pedestrian,pedestrian,47.0,>30m,15.5,2,0.0,0,0,,
nuscenes_mini_subset,scene-0103_028,tx,0.0,m,19,Car,vehicle,61.4,>30m,41.0,2,0.0,0,0,,
nuscenes_mini_subset,scene-0103_028,tx,0.0,m,20,Car,vehicle,44.1,>30m,64.3,2,0.0,1,1,1.0,0.0
nuscenes_mini_subset,scene-0103_028,tx,0.0,m,21,Car,vehicle,13.5,0-15m,59.4,0,0.93,3,3,1.0,0.0
nuscenes_mini_subset,scene-0103_028,tx,0.0,m,22,Car,vehicle,26.6,15-30m,161.0,1,0.0,14,14,1.0,0.0
nuscenes_mini_subset,scene-0103_028,tx,0.02,m,0,Car,vehicle,38.0,>30m,139.4,2,0.23,0,0,,
nuscenes_mini_subset,scene-0103_028,tx,0.02,m,1,Pedestrian,pedestrian,47.1,>30m,16.7,2,0.0,0,0,,
nuscenes_mini_subset,scene-0103_028,tx,0.02,m,2,Car,vehicle,30.8,>30m,94.6,1,0.48,0,0,,
nuscenes_mini_subset,scene-0103_028,tx,0.02,m,3,Car,vehicle,59.0,>30m,50.7,2,0.0,0,0,,
nuscenes_mini_subset,scene-0103_028,tx,0.02,m,4,Car,vehicle,55.4,>30m,53.7,1,0.0,0,0,,
nuscenes_mini_subset,scene-0103_028,tx,0.02,m,5,Car,vehicle,34.6,>30m,162.7,0,0.0,4,4,1.0,0.85
nuscenes_mini_subset,scene-0103_028,tx,0.02,m,6,Car,vehicle,35.7,>30m,179.1,1,0.0,0,0,,
nuscenes_mini_subset,scene-0103_028,tx,0.02,m,7,Car,vehicle,63.6,>30m,49.3,2,0.0,0,0,,
nuscenes_mini_subset,scene-0103_028,tx,0.02,m,8,Car,vehicle,21.7,15-30m,145.5,0,0.0,27,27,1.0,1.27
nuscenes_mini_subset,scene-0103_028,tx,0.02,m,9,Car,vehicle,38.5,>30m,87.3,2,0.0,4,4,1.0,0.7
nuscenes_mini_subset,scene-0103_028,tx,0.02,m,11,Car,vehicle,46.2,>30m,83.9,2,0.0,2,2,1.0,0.57
nuscenes_mini_subset,scene-0103_028,tx,0.02,m,12,Pedestrian,pedestrian,31.4,>30m,39.8,2,0.0,1,1,1.0,0.85
nuscenes_mini_subset,scene-0103_028,tx,0.02,m,13,Motorcycle,cyclist,23.2,15-30m,49.5,0,0.0,2,2,1.0,1.2
nuscenes_mini_subset,scene-0103_028,tx,0.02,m,14,Bicycle,cyclist,41.2,>30m,29.5,0,0.0,3,3,1.0,0.61
nuscenes_mini_subset,scene-0103_028,tx,0.02,m,15,Car,vehicle,32.3,>30m,103.7,1,0.0,5,5,1.0,0.82
nuscenes_mini_subset,scene-0103_028,tx,0.02,m,16,Pedestrian,pedestrian,19.7,15-30m,64.0,0,0.0,9,9,1.0,1.43
nuscenes_mini_subset,scene-0103_028,tx,0.02,m,17,Truck,vehicle,38.0,>30m,140.9,0,0.0,23,23,1.0,0.69
nuscenes_mini_subset,scene-0103_028,tx,0.02,m,18,Pedestrian,pedestrian,47.0,>30m,15.5,2,0.0,0,0,,
nuscenes_mini_subset,scene-0103_028,tx,0.02,m,19,Car,vehicle,61.4,>30m,41.0,2,0.0,0,0,,
nuscenes_mini_subset,scene-0103_028,tx,0.02,m,20,Car,vehicle,44.1,>30m,64.3,2,0.0,1,1,1.0,0.6
nuscenes_mini_subset,scene-0103_028,tx,0.02,m,21,Car,vehicle,13.5,0-15m,59.4,0,0.93,3,3,1.0,2.03
nuscenes_mini_subset,scene-0103_028,tx,0.02,m,22,Car,vehicle,26.6,15-30m,161.0,1,0.0,14,14,1.0,1.03
nuscenes_mini_subset,scene-0103_028,tx,0.05,m,0,Car,vehicle,38.0,>30m,139.4,2,0.23,0,0,,
nuscenes_mini_subset,scene-0103_028,tx,0.05,m,1,Pedestrian,pedestrian,47.1,>30m,16.7,2,0.0,0,0,,
nuscenes_mini_subset,scene-0103_028,tx,0.05,m,2,Car,vehicle,30.8,>30m,94.6,1,0.48,0,0,,
nuscenes_mini_subset,scene-0103_028,tx,0.05,m,3,Car,vehicle,59.0,>30m,50.7,2,0.0,0,0,,
nuscenes_mini_subset,scene-0103_028,tx,0.05,m,4,Car,vehicle,55.4,>30m,53.7,1,0.0,0,0,,
nuscenes_mini_subset,scene-0103_028,tx,0.05,m,5,Car,vehicle,34.6,>30m,162.7,0,0.0,4,4,1.0,2.12
nuscenes_mini_subset,scene-0103_028,tx,0.05,m,6,Car,vehicle,35.7,>30m,179.1,1,0.0,0,0,,
nuscenes_mini_subset,scene-0103_028,tx,0.05,m,7,Car,vehicle,63.6,>30m,49.3,2,0.0,0,0,,
nuscenes_mini_subset,scene-0103_028,tx,0.05,m,8,Car,vehicle,21.7,15-30m,145.5,0,0.0,27,27,1.0,3.17
nuscenes_mini_subset,scene-0103_028,tx,0.05,m,9,Car,vehicle,38.5,>30m,87.3,2,0.0,4,4,1.0,1.74
nuscenes_mini_subset,scene-0103_028,tx,0.05,m,11,Car,vehicle,46.2,>30m,83.9,2,0.0,2,2,1.0,1.43
nuscenes_mini_subset,scene-0103_028,tx,0.05,m,12,Pedestrian,pedestrian,31.4,>30m,39.8,2,0.0,1,1,1.0,2.12
nuscenes_mini_subset,scene-0103_028,tx,0.05,m,13,Motorcycle,cyclist,23.2,15-30m,49.5,0,0.0,2,2,1.0,3.0
nuscenes_mini_subset,scene-0103_028,tx,0.05,m,14,Bicycle,cyclist,41.2,>30m,29.5,0,0.0,3,3,1.0,1.53
nuscenes_mini_subset,scene-0103_028,tx,0.05,m,15,Car,vehicle,32.3,>30m,103.7,1,0.0,5,5,1.0,2.05
nuscenes_mini_subset,scene-0103_028,tx,0.05,m,16,Pedestrian,pedestrian,19.7,15-30m,64.0,0,0.0,9,9,1.0,3.58
nuscenes_mini_subset,scene-0103_028,tx,0.05,m,17,Truck,vehicle,38.0,>30m,140.9,0,0.0,23,23,1.0,1.71
nuscenes_mini_subset,scene-0103_028,tx,0.05,m,18,Pedestrian,pedestrian,47.0,>30m,15.5,2,0.0,0,0,,
nuscenes_mini_subset,scene-0103_028,tx,0.05,m,19,Car,vehicle,61.4,>30m,41.0,2,0.0,0,0,,
nuscenes_mini_subset,scene-0103_028,tx,0.05,m,20,Car,vehicle,44.1,>30m,64.3,2,0.0,1,1,1.0,1.5
nuscenes_mini_subset,scene-0103_028,tx,0.05,m,21,Car,vehicle,13.5,0-15m,59.4,0,0.93,3,3,1.0,5.09
nuscenes_mini_subset,scene-0103_028,tx,0.05,m,22,Car,vehicle,26.6,15-30m,161.0,1,0.0,14,14,1.0,2.56
nuscenes_mini_subset,scene-0103_028,tx,0.1,m,0,Car,vehicle,38.0,>30m,139.4,2,0.23,0,0,,
nuscenes_mini_subset,scene-0103_028,tx,0.1,m,1,Pedestrian,pedestrian,47.1,>30m,16.7,2,0.0,0,0,,
nuscenes_mini_subset,scene-0103_028,tx,0.1,m,2,Car,vehicle,30.8,>30m,94.6,1,0.48,0,0,,
nuscenes_mini_subset,scene-0103_028,tx,0.1,m,3,Car,vehicle,59.0,>30m,50.7,2,0.0,0,0,,
nuscenes_mini_subset,scene-0103_028,tx,0.1,m,4,Car,vehicle,55.4,>30m,53.7,1,0.0,0,0,,
nuscenes_mini_subset,scene-0103_028,tx,0.1,m,5,Car,vehicle,34.6,>30m,162.7,0,0.0,4,4,1.0,4.23
nuscenes_mini_subset,scene-0103_028,tx,0.1,m,6,Car,vehicle,35.7,>30m,179.1,1,0.0,0,0,,
nuscenes_mini_subset,scene-0103_028,tx,0.1,m,7,Car,vehicle,63.6,>30m,49.3,2,0.0,0,0,,
nuscenes_mini_subset,scene-0103_028,tx,0.1,m,8,Car,vehicle,21.7,15-30m,145.5,0,0.0,27,27,1.0,6.34
nuscenes_mini_subset,scene-0103_028,tx,0.1,m,9,Car,vehicle,38.5,>30m,87.3,2,0.0,4,4,1.0,3.48
nuscenes_mini_subset,scene-0103_028,tx,0.1,m,11,Car,vehicle,46.2,>30m,83.9,2,0.0,2,2,1.0,2.85
nuscenes_mini_subset,scene-0103_028,tx,0.1,m,12,Pedestrian,pedestrian,31.4,>30m,39.8,2,0.0,1,1,1.0,4.24
nuscenes_mini_subset,scene-0103_028,tx,0.1,m,13,Motorcycle,cyclist,23.2,15-30m,49.5,0,0.0,2,2,1.0,6.01
nuscenes_mini_subset,scene-0103_028,tx,0.1,m,14,Bicycle,cyclist,41.2,>30m,29.5,0,0.0,3,3,1.0,3.05
nuscenes_mini_subset,scene-0103_028,tx,0.1,m,15,Car,vehicle,32.3,>30m,103.7,1,0.0,5,5,1.0,4.1
nuscenes_mini_subset,scene-0103_028,tx,0.1,m,16,Pedestrian,pedestrian,19.7,15-30m,64.0,0,0.0,9,9,1.0,7.16
nuscenes_mini_subset,scene-0103_028,tx,0.1,m,17,Truck,vehicle,38.0,>30m,140.9,0,0.0,23,23,1.0,3.43
nuscenes_mini_subset,scene-0103_028,tx,0.1,m,18,Pedestrian,pedestrian,47.0,>30m,15.5,2,0.0,0,0,,
nuscenes_mini_subset,scene-0103_028,tx,0.1,m,19,Car,vehicle,61.4,>30m,41.0,2,0.0,0,0,,
nuscenes_mini_subset,scene-0103_028,tx,0.1,m,20,Car,vehicle,44.1,>30m,64.3,2,0.0,1,1,1.0,3.0
nuscenes_mini_subset,scene-0103_028,tx,0.1,m,21,Car,vehicle,13.5,0-15m,59.4,0,0.93,4,4,1.0,10.17
nuscenes_mini_subset,scene-0103_028,tx,0.1,m,22,Car,vehicle,26.6,15-30m,161.0,1,0.0,14,14,1.0,5.13
nuscenes_mini_subset,scene-0103_028,tx,0.2,m,0,Car,vehicle,38.0,>30m,139.4,2,0.23,0,0,,
nuscenes_mini_subset,scene-0103_028,tx,0.2,m,1,Pedestrian,pedestrian,47.1,>30m,16.7,2,0.0,0,0,,
nuscenes_mini_subset,scene-0103_028,tx,0.2,m,2,Car,vehicle,30.8,>30m,94.6,1,0.48,0,0,,
nuscenes_mini_subset,scene-0103_028,tx,0.2,m,3,Car,vehicle,59.0,>30m,50.7,2,0.0,0,0,,
nuscenes_mini_subset,scene-0103_028,tx,0.2,m,4,Car,vehicle,55.4,>30m,53.7,1,0.0,0,0,,
nuscenes_mini_subset,scene-0103_028,tx,0.2,m,5,Car,vehicle,34.6,>30m,162.7,0,0.0,4,4,1.0,8.46
nuscenes_mini_subset,scene-0103_028,tx,0.2,m,6,Car,vehicle,35.7,>30m,179.1,1,0.0,0,0,,
nuscenes_mini_subset,scene-0103_028,tx,0.2,m,7,Car,vehicle,63.6,>30m,49.3,2,0.0,0,0,,
nuscenes_mini_subset,scene-0103_028,tx,0.2,m,8,Car,vehicle,21.7,15-30m,145.5,0,0.0,27,27,1.0,12.69
nuscenes_mini_subset,scene-0103_028,tx,0.2,m,9,Car,vehicle,38.5,>30m,87.3,2,0.0,4,4,1.0,6.97
nuscenes_mini_subset,scene-0103_028,tx,0.2,m,11,Car,vehicle,46.2,>30m,83.9,2,0.0,2,2,1.0,5.71
nuscenes_mini_subset,scene-0103_028,tx,0.2,m,12,Pedestrian,pedestrian,31.4,>30m,39.8,2,0.0,1,1,1.0,8.49
nuscenes_mini_subset,scene-0103_028,tx,0.2,m,13,Motorcycle,cyclist,23.2,15-30m,49.5,0,0.0,2,2,1.0,12.02
nuscenes_mini_subset,scene-0103_028,tx,0.2,m,14,Bicycle,cyclist,41.2,>30m,29.5,0,0.0,3,2,0.6667,6.11
nuscenes_mini_subset,scene-0103_028,tx,0.2,m,15,Car,vehicle,32.3,>30m,103.7,1,0.0,5,5,1.0,8.19
nuscenes_mini_subset,scene-0103_028,tx,0.2,m,16,Pedestrian,pedestrian,19.7,15-30m,64.0,0,0.0,9,9,1.0,14.32
nuscenes_mini_subset,scene-0103_028,tx,0.2,m,17,Truck,vehicle,38.0,>30m,140.9,0,0.0,23,23,1.0,6.85
nuscenes_mini_subset,scene-0103_028,tx,0.2,m,18,Pedestrian,pedestrian,47.0,>30m,15.5,2,0.0,0,0,,
nuscenes_mini_subset,scene-0103_028,tx,0.2,m,19,Car,vehicle,61.4,>30m,41.0,2,0.0,0,0,,
nuscenes_mini_subset,scene-0103_028,tx,0.2,m,20,Car,vehicle,44.1,>30m,64.3,2,0.0,1,1,1.0,6.01
nuscenes_mini_subset,scene-0103_028,tx,0.2,m,21,Car,vehicle,13.5,0-15m,59.4,0,0.93,6,6,1.0,20.35
nuscenes_mini_subset,scene-0103_028,tx,0.2,m,22,Car,vehicle,26.6,15-30m,161.0,1,0.0,14,14,1.0,10.26
nuscenes_mini_subset,scene-0103_028,ty,0.0,m,0,Car,vehicle,38.0,>30m,139.4,2,0.23,0,0,,
nuscenes_mini_subset,scene-0103_028,ty,0.0,m,1,Pedestrian,pedestrian,47.1,>30m,16.7,2,0.0,0,0,,
nuscenes_mini_subset,scene-0103_028,ty,0.0,m,2,Car,vehicle,30.8,>30m,94.6,1,0.48,0,0,,
nuscenes_mini_subset,scene-0103_028,ty,0.0,m,3,Car,vehicle,59.0,>30m,50.7,2,0.0,0,0,,
nuscenes_mini_subset,scene-0103_028,ty,0.0,m,4,Car,vehicle,55.4,>30m,53.7,1,0.0,0,0,,
nuscenes_mini_subset,scene-0103_028,ty,0.0,m,5,Car,vehicle,34.6,>30m,162.7,0,0.0,4,4,1.0,0.0
nuscenes_mini_subset,scene-0103_028,ty,0.0,m,6,Car,vehicle,35.7,>30m,179.1,1,0.0,0,0,,
nuscenes_mini_subset,scene-0103_028,ty,0.0,m,7,Car,vehicle,63.6,>30m,49.3,2,0.0,0,0,,
nuscenes_mini_subset,scene-0103_028,ty,0.0,m,8,Car,vehicle,21.7,15-30m,145.5,0,0.0,27,27,1.0,0.0
nuscenes_mini_subset,scene-0103_028,ty,0.0,m,9,Car,vehicle,38.5,>30m,87.3,2,0.0,4,4,1.0,0.0
nuscenes_mini_subset,scene-0103_028,ty,0.0,m,11,Car,vehicle,46.2,>30m,83.9,2,0.0,2,2,1.0,0.0
nuscenes_mini_subset,scene-0103_028,ty,0.0,m,12,Pedestrian,pedestrian,31.4,>30m,39.8,2,0.0,1,1,1.0,0.0
nuscenes_mini_subset,scene-0103_028,ty,0.0,m,13,Motorcycle,cyclist,23.2,15-30m,49.5,0,0.0,2,2,1.0,0.0
nuscenes_mini_subset,scene-0103_028,ty,0.0,m,14,Bicycle,cyclist,41.2,>30m,29.5,0,0.0,3,3,1.0,0.0
nuscenes_mini_subset,scene-0103_028,ty,0.0,m,15,Car,vehicle,32.3,>30m,103.7,1,0.0,5,5,1.0,0.0
nuscenes_mini_subset,scene-0103_028,ty,0.0,m,16,Pedestrian,pedestrian,19.7,15-30m,64.0,0,0.0,9,9,1.0,0.0
nuscenes_mini_subset,scene-0103_028,ty,0.0,m,17,Truck,vehicle,38.0,>30m,140.9,0,0.0,23,23,1.0,0.0
nuscenes_mini_subset,scene-0103_028,ty,0.0,m,18,Pedestrian,pedestrian,47.0,>30m,15.5,2,0.0,0,0,,
nuscenes_mini_subset,scene-0103_028,ty,0.0,m,19,Car,vehicle,61.4,>30m,41.0,2,0.0,0,0,,
nuscenes_mini_subset,scene-0103_028,ty,0.0,m,20,Car,vehicle,44.1,>30m,64.3,2,0.0,1,1,1.0,0.0
nuscenes_mini_subset,scene-0103_028,ty,0.0,m,21,Car,vehicle,13.5,0-15m,59.4,0,0.93,3,3,1.0,0.0
nuscenes_mini_subset,scene-0103_028,ty,0.0,m,22,Car,vehicle,26.6,15-30m,161.0,1,0.0,14,14,1.0,0.0
nuscenes_mini_subset,scene-0103_028,ty,0.02,m,0,Car,vehicle,38.0,>30m,139.4,2,0.23,0,0,,
nuscenes_mini_subset,scene-0103_028,ty,0.02,m,1,Pedestrian,pedestrian,47.1,>30m,16.7,2,0.0,0,0,,
nuscenes_mini_subset,scene-0103_028,ty,0.02,m,2,Car,vehicle,30.8,>30m,94.6,1,0.48,0,0,,
nuscenes_mini_subset,scene-0103_028,ty,0.02,m,3,Car,vehicle,59.0,>30m,50.7,2,0.0,0,0,,
nuscenes_mini_subset,scene-0103_028,ty,0.02,m,4,Car,vehicle,55.4,>30m,53.7,1,0.0,0,0,,
nuscenes_mini_subset,scene-0103_028,ty,0.02,m,5,Car,vehicle,34.6,>30m,162.7,0,0.0,4,4,1.0,0.35
nuscenes_mini_subset,scene-0103_028,ty,0.02,m,6,Car,vehicle,35.7,>30m,179.1,1,0.0,0,0,,
nuscenes_mini_subset,scene-0103_028,ty,0.02,m,7,Car,vehicle,63.6,>30m,49.3,2,0.0,0,0,,
nuscenes_mini_subset,scene-0103_028,ty,0.02,m,8,Car,vehicle,21.7,15-30m,145.5,0,0.0,27,27,1.0,0.35
nuscenes_mini_subset,scene-0103_028,ty,0.02,m,9,Car,vehicle,38.5,>30m,87.3,2,0.0,4,4,1.0,0.11
nuscenes_mini_subset,scene-0103_028,ty,0.02,m,11,Car,vehicle,46.2,>30m,83.9,2,0.0,2,2,1.0,0.1
nuscenes_mini_subset,scene-0103_028,ty,0.02,m,12,Pedestrian,pedestrian,31.4,>30m,39.8,2,0.0,1,1,1.0,0.34
nuscenes_mini_subset,scene-0103_028,ty,0.02,m,13,Motorcycle,cyclist,23.2,15-30m,49.5,0,0.0,2,2,1.0,0.54
nuscenes_mini_subset,scene-0103_028,ty,0.02,m,14,Bicycle,cyclist,41.2,>30m,29.5,0,0.0,3,3,1.0,0.09
nuscenes_mini_subset,scene-0103_028,ty,0.02,m,15,Car,vehicle,32.3,>30m,103.7,1,0.0,5,5,1.0,0.13
nuscenes_mini_subset,scene-0103_028,ty,0.02,m,16,Pedestrian,pedestrian,19.7,15-30m,64.0,0,0.0,9,9,1.0,0.69
nuscenes_mini_subset,scene-0103_028,ty,0.02,m,17,Truck,vehicle,38.0,>30m,140.9,0,0.0,23,23,1.0,0.15
nuscenes_mini_subset,scene-0103_028,ty,0.02,m,18,Pedestrian,pedestrian,47.0,>30m,15.5,2,0.0,0,0,,
nuscenes_mini_subset,scene-0103_028,ty,0.02,m,19,Car,vehicle,61.4,>30m,41.0,2,0.0,0,0,,
nuscenes_mini_subset,scene-0103_028,ty,0.02,m,20,Car,vehicle,44.1,>30m,64.3,2,0.0,1,1,1.0,0.08
nuscenes_mini_subset,scene-0103_028,ty,0.02,m,21,Car,vehicle,13.5,0-15m,59.4,0,0.93,3,3,1.0,1.37
nuscenes_mini_subset,scene-0103_028,ty,0.02,m,22,Car,vehicle,26.6,15-30m,161.0,1,0.0,14,14,1.0,0.22
nuscenes_mini_subset,scene-0103_028,ty,0.05,m,0,Car,vehicle,38.0,>30m,139.4,2,0.23,0,0,,
nuscenes_mini_subset,scene-0103_028,ty,0.05,m,1,Pedestrian,pedestrian,47.1,>30m,16.7,2,0.0,0,0,,
nuscenes_mini_subset,scene-0103_028,ty,0.05,m,2,Car,vehicle,30.8,>30m,94.6,1,0.48,0,0,,
nuscenes_mini_subset,scene-0103_028,ty,0.05,m,3,Car,vehicle,59.0,>30m,50.7,2,0.0,0,0,,
nuscenes_mini_subset,scene-0103_028,ty,0.05,m,4,Car,vehicle,55.4,>30m,53.7,1,0.0,0,0,,
nuscenes_mini_subset,scene-0103_028,ty,0.05,m,5,Car,vehicle,34.6,>30m,162.7,0,0.0,4,4,1.0,0.88
nuscenes_mini_subset,scene-0103_028,ty,0.05,m,6,Car,vehicle,35.7,>30m,179.1,1,0.0,0,0,,
nuscenes_mini_subset,scene-0103_028,ty,0.05,m,7,Car,vehicle,63.6,>30m,49.3,2,0.0,0,0,,
nuscenes_mini_subset,scene-0103_028,ty,0.05,m,8,Car,vehicle,21.7,15-30m,145.5,0,0.0,27,27,1.0,0.88
nuscenes_mini_subset,scene-0103_028,ty,0.05,m,9,Car,vehicle,38.5,>30m,87.3,2,0.0,4,4,1.0,0.27
nuscenes_mini_subset,scene-0103_028,ty,0.05,m,11,Car,vehicle,46.2,>30m,83.9,2,0.0,2,2,1.0,0.24
nuscenes_mini_subset,scene-0103_028,ty,0.05,m,12,Pedestrian,pedestrian,31.4,>30m,39.8,2,0.0,1,1,1.0,0.84
nuscenes_mini_subset,scene-0103_028,ty,0.05,m,13,Motorcycle,cyclist,23.2,15-30m,49.5,0,0.0,2,2,1.0,1.35
nuscenes_mini_subset,scene-0103_028,ty,0.05,m,14,Bicycle,cyclist,41.2,>30m,29.5,0,0.0,3,3,1.0,0.22
nuscenes_mini_subset,scene-0103_028,ty,0.05,m,15,Car,vehicle,32.3,>30m,103.7,1,0.0,5,5,1.0,0.34
nuscenes_mini_subset,scene-0103_028,ty,0.05,m,16,Pedestrian,pedestrian,19.7,15-30m,64.0,0,0.0,9,9,1.0,1.73
nuscenes_mini_subset,scene-0103_028,ty,0.05,m,17,Truck,vehicle,38.0,>30m,140.9,0,0.0,23,23,1.0,0.37
nuscenes_mini_subset,scene-0103_028,ty,0.05,m,18,Pedestrian,pedestrian,47.0,>30m,15.5,2,0.0,0,0,,
nuscenes_mini_subset,scene-0103_028,ty,0.05,m,19,Car,vehicle,61.4,>30m,41.0,2,0.0,0,0,,
nuscenes_mini_subset,scene-0103_028,ty,0.05,m,20,Car,vehicle,44.1,>30m,64.3,2,0.0,1,1,1.0,0.19
nuscenes_mini_subset,scene-0103_028,ty,0.05,m,21,Car,vehicle,13.5,0-15m,59.4,0,0.93,3,3,1.0,3.41
nuscenes_mini_subset,scene-0103_028,ty,0.05,m,22,Car,vehicle,26.6,15-30m,161.0,1,0.0,14,14,1.0,0.56
nuscenes_mini_subset,scene-0103_028,ty,0.1,m,0,Car,vehicle,38.0,>30m,139.4,2,0.23,0,0,,
nuscenes_mini_subset,scene-0103_028,ty,0.1,m,1,Pedestrian,pedestrian,47.1,>30m,16.7,2,0.0,0,0,,
nuscenes_mini_subset,scene-0103_028,ty,0.1,m,2,Car,vehicle,30.8,>30m,94.6,1,0.48,1,0,0.0,
nuscenes_mini_subset,scene-0103_028,ty,0.1,m,3,Car,vehicle,59.0,>30m,50.7,2,0.0,0,0,,
nuscenes_mini_subset,scene-0103_028,ty,0.1,m,4,Car,vehicle,55.4,>30m,53.7,1,0.0,0,0,,
nuscenes_mini_subset,scene-0103_028,ty,0.1,m,5,Car,vehicle,34.6,>30m,162.7,0,0.0,4,4,1.0,1.76
nuscenes_mini_subset,scene-0103_028,ty,0.1,m,6,Car,vehicle,35.7,>30m,179.1,1,0.0,0,0,,
nuscenes_mini_subset,scene-0103_028,ty,0.1,m,7,Car,vehicle,63.6,>30m,49.3,2,0.0,0,0,,
nuscenes_mini_subset,scene-0103_028,ty,0.1,m,8,Car,vehicle,21.7,15-30m,145.5,0,0.0,27,27,1.0,1.75
nuscenes_mini_subset,scene-0103_028,ty,0.1,m,9,Car,vehicle,38.5,>30m,87.3,2,0.0,4,4,1.0,0.54
nuscenes_mini_subset,scene-0103_028,ty,0.1,m,11,Car,vehicle,46.2,>30m,83.9,2,0.0,2,2,1.0,0.48
nuscenes_mini_subset,scene-0103_028,ty,0.1,m,12,Pedestrian,pedestrian,31.4,>30m,39.8,2,0.0,1,1,1.0,1.68
nuscenes_mini_subset,scene-0103_028,ty,0.1,m,13,Motorcycle,cyclist,23.2,15-30m,49.5,0,0.0,2,2,1.0,2.7
nuscenes_mini_subset,scene-0103_028,ty,0.1,m,14,Bicycle,cyclist,41.2,>30m,29.5,0,0.0,3,3,1.0,0.43
nuscenes_mini_subset,scene-0103_028,ty,0.1,m,15,Car,vehicle,32.3,>30m,103.7,1,0.0,5,5,1.0,0.67
nuscenes_mini_subset,scene-0103_028,ty,0.1,m,16,Pedestrian,pedestrian,19.7,15-30m,64.0,0,0.0,9,9,1.0,3.44
nuscenes_mini_subset,scene-0103_028,ty,0.1,m,17,Truck,vehicle,38.0,>30m,140.9,0,0.0,23,23,1.0,0.74
nuscenes_mini_subset,scene-0103_028,ty,0.1,m,18,Pedestrian,pedestrian,47.0,>30m,15.5,2,0.0,0,0,,
nuscenes_mini_subset,scene-0103_028,ty,0.1,m,19,Car,vehicle,61.4,>30m,41.0,2,0.0,0,0,,
nuscenes_mini_subset,scene-0103_028,ty,0.1,m,20,Car,vehicle,44.1,>30m,64.3,2,0.0,1,1,1.0,0.38
nuscenes_mini_subset,scene-0103_028,ty,0.1,m,21,Car,vehicle,13.5,0-15m,59.4,0,0.93,3,3,1.0,6.78
nuscenes_mini_subset,scene-0103_028,ty,0.1,m,22,Car,vehicle,26.6,15-30m,161.0,1,0.0,14,14,1.0,1.12
nuscenes_mini_subset,scene-0103_028,ty,0.2,m,0,Car,vehicle,38.0,>30m,139.4,2,0.23,0,0,,
nuscenes_mini_subset,scene-0103_028,ty,0.2,m,1,Pedestrian,pedestrian,47.1,>30m,16.7,2,0.0,0,0,,
nuscenes_mini_subset,scene-0103_028,ty,0.2,m,2,Car,vehicle,30.8,>30m,94.6,1,0.48,1,1,1.0,
nuscenes_mini_subset,scene-0103_028,ty,0.2,m,3,Car,vehicle,59.0,>30m,50.7,2,0.0,0,0,,
nuscenes_mini_subset,scene-0103_028,ty,0.2,m,4,Car,vehicle,55.4,>30m,53.7,1,0.0,0,0,,
nuscenes_mini_subset,scene-0103_028,ty,0.2,m,5,Car,vehicle,34.6,>30m,162.7,0,0.0,4,4,1.0,3.52
nuscenes_mini_subset,scene-0103_028,ty,0.2,m,6,Car,vehicle,35.7,>30m,179.1,1,0.0,0,0,,
nuscenes_mini_subset,scene-0103_028,ty,0.2,m,7,Car,vehicle,63.6,>30m,49.3,2,0.0,0,0,,
nuscenes_mini_subset,scene-0103_028,ty,0.2,m,8,Car,vehicle,21.7,15-30m,145.5,0,0.0,27,27,1.0,3.47
nuscenes_mini_subset,scene-0103_028,ty,0.2,m,9,Car,vehicle,38.5,>30m,87.3,2,0.0,4,4,1.0,1.09
nuscenes_mini_subset,scene-0103_028,ty,0.2,m,11,Car,vehicle,46.2,>30m,83.9,2,0.0,2,2,1.0,0.95
nuscenes_mini_subset,scene-0103_028,ty,0.2,m,12,Pedestrian,pedestrian,31.4,>30m,39.8,2,0.0,1,1,1.0,3.35
nuscenes_mini_subset,scene-0103_028,ty,0.2,m,13,Motorcycle,cyclist,23.2,15-30m,49.5,0,0.0,2,2,1.0,5.37
nuscenes_mini_subset,scene-0103_028,ty,0.2,m,14,Bicycle,cyclist,41.2,>30m,29.5,0,0.0,3,3,1.0,0.86
nuscenes_mini_subset,scene-0103_028,ty,0.2,m,15,Car,vehicle,32.3,>30m,103.7,1,0.0,5,5,1.0,1.34
nuscenes_mini_subset,scene-0103_028,ty,0.2,m,16,Pedestrian,pedestrian,19.7,15-30m,64.0,0,0.0,9,9,1.0,6.84
nuscenes_mini_subset,scene-0103_028,ty,0.2,m,17,Truck,vehicle,38.0,>30m,140.9,0,0.0,23,23,1.0,1.47
nuscenes_mini_subset,scene-0103_028,ty,0.2,m,18,Pedestrian,pedestrian,47.0,>30m,15.5,2,0.0,0,0,,
nuscenes_mini_subset,scene-0103_028,ty,0.2,m,19,Car,vehicle,61.4,>30m,41.0,2,0.0,0,0,,
nuscenes_mini_subset,scene-0103_028,ty,0.2,m,20,Car,vehicle,44.1,>30m,64.3,2,0.0,1,1,1.0,0.76
nuscenes_mini_subset,scene-0103_028,ty,0.2,m,21,Car,vehicle,13.5,0-15m,59.4,0,0.93,5,5,1.0,13.46
nuscenes_mini_subset,scene-0103_028,ty,0.2,m,22,Car,vehicle,26.6,15-30m,161.0,1,0.0,14,14,1.0,2.22
nuscenes_mini_subset,scene-0103_028,tz,0.0,m,0,Car,vehicle,38.0,>30m,139.4,2,0.23,0,0,,
nuscenes_mini_subset,scene-0103_028,tz,0.0,m,1,Pedestrian,pedestrian,47.1,>30m,16.7,2,0.0,0,0,,
nuscenes_mini_subset,scene-0103_028,tz,0.0,m,2,Car,vehicle,30.8,>30m,94.6,1,0.48,0,0,,
nuscenes_mini_subset,scene-0103_028,tz,0.0,m,3,Car,vehicle,59.0,>30m,50.7,2,0.0,0,0,,
nuscenes_mini_subset,scene-0103_028,tz,0.0,m,4,Car,vehicle,55.4,>30m,53.7,1,0.0,0,0,,
nuscenes_mini_subset,scene-0103_028,tz,0.0,m,5,Car,vehicle,34.6,>30m,162.7,0,0.0,4,4,1.0,0.0
nuscenes_mini_subset,scene-0103_028,tz,0.0,m,6,Car,vehicle,35.7,>30m,179.1,1,0.0,0,0,,
nuscenes_mini_subset,scene-0103_028,tz,0.0,m,7,Car,vehicle,63.6,>30m,49.3,2,0.0,0,0,,
nuscenes_mini_subset,scene-0103_028,tz,0.0,m,8,Car,vehicle,21.7,15-30m,145.5,0,0.0,27,27,1.0,0.0
nuscenes_mini_subset,scene-0103_028,tz,0.0,m,9,Car,vehicle,38.5,>30m,87.3,2,0.0,4,4,1.0,0.0
nuscenes_mini_subset,scene-0103_028,tz,0.0,m,11,Car,vehicle,46.2,>30m,83.9,2,0.0,2,2,1.0,0.0
nuscenes_mini_subset,scene-0103_028,tz,0.0,m,12,Pedestrian,pedestrian,31.4,>30m,39.8,2,0.0,1,1,1.0,0.0
nuscenes_mini_subset,scene-0103_028,tz,0.0,m,13,Motorcycle,cyclist,23.2,15-30m,49.5,0,0.0,2,2,1.0,0.0
nuscenes_mini_subset,scene-0103_028,tz,0.0,m,14,Bicycle,cyclist,41.2,>30m,29.5,0,0.0,3,3,1.0,0.0
nuscenes_mini_subset,scene-0103_028,tz,0.0,m,15,Car,vehicle,32.3,>30m,103.7,1,0.0,5,5,1.0,0.0
nuscenes_mini_subset,scene-0103_028,tz,0.0,m,16,Pedestrian,pedestrian,19.7,15-30m,64.0,0,0.0,9,9,1.0,0.0
nuscenes_mini_subset,scene-0103_028,tz,0.0,m,17,Truck,vehicle,38.0,>30m,140.9,0,0.0,23,23,1.0,0.0
nuscenes_mini_subset,scene-0103_028,tz,0.0,m,18,Pedestrian,pedestrian,47.0,>30m,15.5,2,0.0,0,0,,
nuscenes_mini_subset,scene-0103_028,tz,0.0,m,19,Car,vehicle,61.4,>30m,41.0,2,0.0,0,0,,
nuscenes_mini_subset,scene-0103_028,tz,0.0,m,20,Car,vehicle,44.1,>30m,64.3,2,0.0,1,1,1.0,0.0
nuscenes_mini_subset,scene-0103_028,tz,0.0,m,21,Car,vehicle,13.5,0-15m,59.4,0,0.93,3,3,1.0,0.0
nuscenes_mini_subset,scene-0103_028,tz,0.0,m,22,Car,vehicle,26.6,15-30m,161.0,1,0.0,14,14,1.0,0.0
nuscenes_mini_subset,scene-0103_028,tz,0.02,m,0,Car,vehicle,38.0,>30m,139.4,2,0.23,0,0,,
nuscenes_mini_subset,scene-0103_028,tz,0.02,m,1,Pedestrian,pedestrian,47.1,>30m,16.7,2,0.0,0,0,,
nuscenes_mini_subset,scene-0103_028,tz,0.02,m,2,Car,vehicle,30.8,>30m,94.6,1,0.48,0,0,,
nuscenes_mini_subset,scene-0103_028,tz,0.02,m,3,Car,vehicle,59.0,>30m,50.7,2,0.0,0,0,,
nuscenes_mini_subset,scene-0103_028,tz,0.02,m,4,Car,vehicle,55.4,>30m,53.7,1,0.0,0,0,,
nuscenes_mini_subset,scene-0103_028,tz,0.02,m,5,Car,vehicle,34.6,>30m,162.7,0,0.0,4,4,1.0,0.84
nuscenes_mini_subset,scene-0103_028,tz,0.02,m,6,Car,vehicle,35.7,>30m,179.1,1,0.0,0,0,,
nuscenes_mini_subset,scene-0103_028,tz,0.02,m,7,Car,vehicle,63.6,>30m,49.3,2,0.0,0,0,,
nuscenes_mini_subset,scene-0103_028,tz,0.02,m,8,Car,vehicle,21.7,15-30m,145.5,0,0.0,27,27,1.0,1.27
nuscenes_mini_subset,scene-0103_028,tz,0.02,m,9,Car,vehicle,38.5,>30m,87.3,2,0.0,4,4,1.0,0.7
nuscenes_mini_subset,scene-0103_028,tz,0.02,m,11,Car,vehicle,46.2,>30m,83.9,2,0.0,2,2,1.0,0.57
nuscenes_mini_subset,scene-0103_028,tz,0.02,m,12,Pedestrian,pedestrian,31.4,>30m,39.8,2,0.0,1,1,1.0,0.85
nuscenes_mini_subset,scene-0103_028,tz,0.02,m,13,Motorcycle,cyclist,23.2,15-30m,49.5,0,0.0,2,2,1.0,1.2
nuscenes_mini_subset,scene-0103_028,tz,0.02,m,14,Bicycle,cyclist,41.2,>30m,29.5,0,0.0,3,3,1.0,0.61
nuscenes_mini_subset,scene-0103_028,tz,0.02,m,15,Car,vehicle,32.3,>30m,103.7,1,0.0,5,5,1.0,0.82
nuscenes_mini_subset,scene-0103_028,tz,0.02,m,16,Pedestrian,pedestrian,19.7,15-30m,64.0,0,0.0,9,9,1.0,1.43
nuscenes_mini_subset,scene-0103_028,tz,0.02,m,17,Truck,vehicle,38.0,>30m,140.9,0,0.0,23,23,1.0,0.69
nuscenes_mini_subset,scene-0103_028,tz,0.02,m,18,Pedestrian,pedestrian,47.0,>30m,15.5,2,0.0,0,0,,
nuscenes_mini_subset,scene-0103_028,tz,0.02,m,19,Car,vehicle,61.4,>30m,41.0,2,0.0,0,0,,
nuscenes_mini_subset,scene-0103_028,tz,0.02,m,20,Car,vehicle,44.1,>30m,64.3,2,0.0,1,1,1.0,0.6
nuscenes_mini_subset,scene-0103_028,tz,0.02,m,21,Car,vehicle,13.5,0-15m,59.4,0,0.93,3,3,1.0,2.06
nuscenes_mini_subset,scene-0103_028,tz,0.02,m,22,Car,vehicle,26.6,15-30m,161.0,1,0.0,14,14,1.0,1.02
nuscenes_mini_subset,scene-0103_028,tz,0.05,m,0,Car,vehicle,38.0,>30m,139.4,2,0.23,0,0,,
nuscenes_mini_subset,scene-0103_028,tz,0.05,m,1,Pedestrian,pedestrian,47.1,>30m,16.7,2,0.0,0,0,,
nuscenes_mini_subset,scene-0103_028,tz,0.05,m,2,Car,vehicle,30.8,>30m,94.6,1,0.48,0,0,,
nuscenes_mini_subset,scene-0103_028,tz,0.05,m,3,Car,vehicle,59.0,>30m,50.7,2,0.0,0,0,,
nuscenes_mini_subset,scene-0103_028,tz,0.05,m,4,Car,vehicle,55.4,>30m,53.7,1,0.0,0,0,,
nuscenes_mini_subset,scene-0103_028,tz,0.05,m,5,Car,vehicle,34.6,>30m,162.7,0,0.0,4,4,1.0,2.11
nuscenes_mini_subset,scene-0103_028,tz,0.05,m,6,Car,vehicle,35.7,>30m,179.1,1,0.0,0,0,,
nuscenes_mini_subset,scene-0103_028,tz,0.05,m,7,Car,vehicle,63.6,>30m,49.3,2,0.0,0,0,,
nuscenes_mini_subset,scene-0103_028,tz,0.05,m,8,Car,vehicle,21.7,15-30m,145.5,0,0.0,27,27,1.0,3.17
nuscenes_mini_subset,scene-0103_028,tz,0.05,m,9,Car,vehicle,38.5,>30m,87.3,2,0.0,4,4,1.0,1.74
nuscenes_mini_subset,scene-0103_028,tz,0.05,m,11,Car,vehicle,46.2,>30m,83.9,2,0.0,2,2,1.0,1.43
nuscenes_mini_subset,scene-0103_028,tz,0.05,m,12,Pedestrian,pedestrian,31.4,>30m,39.8,2,0.0,1,1,1.0,2.13
nuscenes_mini_subset,scene-0103_028,tz,0.05,m,13,Motorcycle,cyclist,23.2,15-30m,49.5,0,0.0,2,2,1.0,3.0
nuscenes_mini_subset,scene-0103_028,tz,0.05,m,14,Bicycle,cyclist,41.2,>30m,29.5,0,0.0,3,3,1.0,1.53
nuscenes_mini_subset,scene-0103_028,tz,0.05,m,15,Car,vehicle,32.3,>30m,103.7,1,0.0,5,5,1.0,2.05
nuscenes_mini_subset,scene-0103_028,tz,0.05,m,16,Pedestrian,pedestrian,19.7,15-30m,64.0,0,0.0,9,9,1.0,3.57
nuscenes_mini_subset,scene-0103_028,tz,0.05,m,17,Truck,vehicle,38.0,>30m,140.9,0,0.0,23,23,1.0,1.72
nuscenes_mini_subset,scene-0103_028,tz,0.05,m,18,Pedestrian,pedestrian,47.0,>30m,15.5,2,0.0,0,0,,
nuscenes_mini_subset,scene-0103_028,tz,0.05,m,19,Car,vehicle,61.4,>30m,41.0,2,0.0,0,0,,
nuscenes_mini_subset,scene-0103_028,tz,0.05,m,20,Car,vehicle,44.1,>30m,64.3,2,0.0,1,1,1.0,1.5
nuscenes_mini_subset,scene-0103_028,tz,0.05,m,21,Car,vehicle,13.5,0-15m,59.4,0,0.93,3,3,1.0,5.16
nuscenes_mini_subset,scene-0103_028,tz,0.05,m,22,Car,vehicle,26.6,15-30m,161.0,1,0.0,14,14,1.0,2.56
nuscenes_mini_subset,scene-0103_028,tz,0.1,m,0,Car,vehicle,38.0,>30m,139.4,2,0.23,0,0,,
nuscenes_mini_subset,scene-0103_028,tz,0.1,m,1,Pedestrian,pedestrian,47.1,>30m,16.7,2,0.0,0,0,,
nuscenes_mini_subset,scene-0103_028,tz,0.1,m,2,Car,vehicle,30.8,>30m,94.6,1,0.48,0,0,,
nuscenes_mini_subset,scene-0103_028,tz,0.1,m,3,Car,vehicle,59.0,>30m,50.7,2,0.0,0,0,,
nuscenes_mini_subset,scene-0103_028,tz,0.1,m,4,Car,vehicle,55.4,>30m,53.7,1,0.0,0,0,,
nuscenes_mini_subset,scene-0103_028,tz,0.1,m,5,Car,vehicle,34.6,>30m,162.7,0,0.0,4,4,1.0,4.22
nuscenes_mini_subset,scene-0103_028,tz,0.1,m,6,Car,vehicle,35.7,>30m,179.1,1,0.0,0,0,,
nuscenes_mini_subset,scene-0103_028,tz,0.1,m,7,Car,vehicle,63.6,>30m,49.3,2,0.0,0,0,,
nuscenes_mini_subset,scene-0103_028,tz,0.1,m,8,Car,vehicle,21.7,15-30m,145.5,0,0.0,27,27,1.0,6.34
nuscenes_mini_subset,scene-0103_028,tz,0.1,m,9,Car,vehicle,38.5,>30m,87.3,2,0.0,4,4,1.0,3.48
nuscenes_mini_subset,scene-0103_028,tz,0.1,m,11,Car,vehicle,46.2,>30m,83.9,2,0.0,2,2,1.0,2.86
nuscenes_mini_subset,scene-0103_028,tz,0.1,m,12,Pedestrian,pedestrian,31.4,>30m,39.8,2,0.0,1,1,1.0,4.27
nuscenes_mini_subset,scene-0103_028,tz,0.1,m,13,Motorcycle,cyclist,23.2,15-30m,49.5,0,0.0,2,2,1.0,5.99
nuscenes_mini_subset,scene-0103_028,tz,0.1,m,14,Bicycle,cyclist,41.2,>30m,29.5,0,0.0,3,3,1.0,3.06
nuscenes_mini_subset,scene-0103_028,tz,0.1,m,15,Car,vehicle,32.3,>30m,103.7,1,0.0,5,5,1.0,4.09
nuscenes_mini_subset,scene-0103_028,tz,0.1,m,16,Pedestrian,pedestrian,19.7,15-30m,64.0,0,0.0,9,9,1.0,7.13
nuscenes_mini_subset,scene-0103_028,tz,0.1,m,17,Truck,vehicle,38.0,>30m,140.9,0,0.0,23,23,1.0,3.43
nuscenes_mini_subset,scene-0103_028,tz,0.1,m,18,Pedestrian,pedestrian,47.0,>30m,15.5,2,0.0,0,0,,
nuscenes_mini_subset,scene-0103_028,tz,0.1,m,19,Car,vehicle,61.4,>30m,41.0,2,0.0,0,0,,
nuscenes_mini_subset,scene-0103_028,tz,0.1,m,20,Car,vehicle,44.1,>30m,64.3,2,0.0,1,1,1.0,3.0
nuscenes_mini_subset,scene-0103_028,tz,0.1,m,21,Car,vehicle,13.5,0-15m,59.4,0,0.93,3,3,1.0,10.31
nuscenes_mini_subset,scene-0103_028,tz,0.1,m,22,Car,vehicle,26.6,15-30m,161.0,1,0.0,14,14,1.0,5.12
nuscenes_mini_subset,scene-0103_028,tz,0.2,m,0,Car,vehicle,38.0,>30m,139.4,2,0.23,0,0,,
nuscenes_mini_subset,scene-0103_028,tz,0.2,m,1,Pedestrian,pedestrian,47.1,>30m,16.7,2,0.0,0,0,,
nuscenes_mini_subset,scene-0103_028,tz,0.2,m,2,Car,vehicle,30.8,>30m,94.6,1,0.48,0,0,,
nuscenes_mini_subset,scene-0103_028,tz,0.2,m,3,Car,vehicle,59.0,>30m,50.7,2,0.0,0,0,,
nuscenes_mini_subset,scene-0103_028,tz,0.2,m,4,Car,vehicle,55.4,>30m,53.7,1,0.0,0,0,,
nuscenes_mini_subset,scene-0103_028,tz,0.2,m,5,Car,vehicle,34.6,>30m,162.7,0,0.0,4,4,1.0,8.43
nuscenes_mini_subset,scene-0103_028,tz,0.2,m,6,Car,vehicle,35.7,>30m,179.1,1,0.0,0,0,,
nuscenes_mini_subset,scene-0103_028,tz,0.2,m,7,Car,vehicle,63.6,>30m,49.3,2,0.0,0,0,,
nuscenes_mini_subset,scene-0103_028,tz,0.2,m,8,Car,vehicle,21.7,15-30m,145.5,0,0.0,27,27,1.0,12.67
nuscenes_mini_subset,scene-0103_028,tz,0.2,m,9,Car,vehicle,38.5,>30m,87.3,2,0.0,4,4,1.0,6.96
nuscenes_mini_subset,scene-0103_028,tz,0.2,m,11,Car,vehicle,46.2,>30m,83.9,2,0.0,2,2,1.0,5.72
nuscenes_mini_subset,scene-0103_028,tz,0.2,m,12,Pedestrian,pedestrian,31.4,>30m,39.8,2,0.0,1,1,1.0,8.53
nuscenes_mini_subset,scene-0103_028,tz,0.2,m,13,Motorcycle,cyclist,23.2,15-30m,49.5,0,0.0,2,2,1.0,11.98
nuscenes_mini_subset,scene-0103_028,tz,0.2,m,14,Bicycle,cyclist,41.2,>30m,29.5,0,0.0,3,3,1.0,6.12
nuscenes_mini_subset,scene-0103_028,tz,0.2,m,15,Car,vehicle,32.3,>30m,103.7,1,0.0,5,5,1.0,8.18
nuscenes_mini_subset,scene-0103_028,tz,0.2,m,16,Pedestrian,pedestrian,19.7,15-30m,64.0,0,0.0,9,9,1.0,14.26
nuscenes_mini_subset,scene-0103_028,tz,0.2,m,17,Truck,vehicle,38.0,>30m,140.9,0,0.0,23,23,1.0,6.87
nuscenes_mini_subset,scene-0103_028,tz,0.2,m,18,Pedestrian,pedestrian,47.0,>30m,15.5,2,0.0,0,0,,
nuscenes_mini_subset,scene-0103_028,tz,0.2,m,19,Car,vehicle,61.4,>30m,41.0,2,0.0,0,0,,
nuscenes_mini_subset,scene-0103_028,tz,0.2,m,20,Car,vehicle,44.1,>30m,64.3,2,0.0,1,1,1.0,6.0
nuscenes_mini_subset,scene-0103_028,tz,0.2,m,21,Car,vehicle,13.5,0-15m,59.4,0,0.93,3,3,1.0,20.61
nuscenes_mini_subset,scene-0103_028,tz,0.2,m,22,Car,vehicle,26.6,15-30m,161.0,1,0.0,14,14,1.0,10.24
nuscenes_mini_subset,scene-0103_032,yaw,0.0,deg,0,Pedestrian,pedestrian,37.1,>30m,22.9,2,0.0,0,0,,
nuscenes_mini_subset,scene-0103_032,yaw,0.0,deg,1,Car,vehicle,45.8,>30m,71.3,0,0.0,5,5,1.0,0.0
nuscenes_mini_subset,scene-0103_032,yaw,0.0,deg,2,Car,vehicle,42.1,>30m,75.5,0,0.0,4,4,1.0,0.0
nuscenes_mini_subset,scene-0103_032,yaw,0.0,deg,3,Car,vehicle,22.6,15-30m,91.4,2,0.75,0,0,,
nuscenes_mini_subset,scene-0103_032,yaw,0.0,deg,4,Car,vehicle,50.4,>30m,67.3,2,0.0,1,1,1.0,0.0
nuscenes_mini_subset,scene-0103_032,yaw,0.0,deg,5,Car,vehicle,9.4,0-15m,145.0,0,0.79,30,30,1.0,0.0
nuscenes_mini_subset,scene-0103_032,yaw,0.0,deg,6,Car,vehicle,25.2,15-30m,154.4,0,0.0,22,22,1.0,0.0
nuscenes_mini_subset,scene-0103_032,yaw,0.0,deg,8,Car,vehicle,33.2,>30m,135.5,1,0.0,10,10,1.0,0.0
nuscenes_mini_subset,scene-0103_032,yaw,0.0,deg,9,Pedestrian,pedestrian,21.8,15-30m,73.8,2,0.04,0,0,,
nuscenes_mini_subset,scene-0103_032,yaw,0.0,deg,10,Bicycle,cyclist,17.2,15-30m,113.8,0,0.0,16,16,1.0,0.0
nuscenes_mini_subset,scene-0103_032,yaw,0.0,deg,11,Car,vehicle,19.2,15-30m,218.6,1,0.0,25,25,1.0,0.0
nuscenes_mini_subset,scene-0103_032,yaw,0.0,deg,12,Truck,vehicle,25.1,15-30m,270.2,0,0.0,70,70,1.0,0.0
nuscenes_mini_subset,scene-0103_032,yaw,0.0,deg,13,Pedestrian,pedestrian,37.0,>30m,21.3,2,0.0,0,0,,
nuscenes_mini_subset,scene-0103_032,yaw,0.0,deg,14,Car,vehicle,48.0,>30m,54.9,1,0.0,0,0,,
nuscenes_mini_subset,scene-0103_032,yaw,0.0,deg,15,Car,vehicle,30.8,>30m,102.1,1,0.0,3,3,1.0,0.0
nuscenes_mini_subset,scene-0103_032,yaw,0.0,deg,16,Car,vehicle,13.8,0-15m,397.3,0,0.12,123,123,1.0,0.0
nuscenes_mini_subset,scene-0103_032,yaw,0.25,deg,0,Pedestrian,pedestrian,37.1,>30m,22.9,2,0.0,0,0,,
nuscenes_mini_subset,scene-0103_032,yaw,0.25,deg,1,Car,vehicle,45.8,>30m,71.3,0,0.0,5,5,1.0,5.75
nuscenes_mini_subset,scene-0103_032,yaw,0.25,deg,2,Car,vehicle,42.1,>30m,75.5,0,0.0,4,4,1.0,5.66
nuscenes_mini_subset,scene-0103_032,yaw,0.25,deg,3,Car,vehicle,22.6,15-30m,91.4,2,0.75,0,0,,
nuscenes_mini_subset,scene-0103_032,yaw,0.25,deg,4,Car,vehicle,50.4,>30m,67.3,2,0.0,1,1,1.0,5.68
nuscenes_mini_subset,scene-0103_032,yaw,0.25,deg,5,Car,vehicle,9.4,0-15m,145.0,0,0.79,35,35,1.0,7.58
nuscenes_mini_subset,scene-0103_032,yaw,0.25,deg,6,Car,vehicle,25.2,15-30m,154.4,0,0.0,22,22,1.0,5.87
nuscenes_mini_subset,scene-0103_032,yaw,0.25,deg,8,Car,vehicle,33.2,>30m,135.5,1,0.0,10,10,1.0,5.89
nuscenes_mini_subset,scene-0103_032,yaw,0.25,deg,9,Pedestrian,pedestrian,21.8,15-30m,73.8,2,0.04,0,0,,
nuscenes_mini_subset,scene-0103_032,yaw,0.25,deg,10,Bicycle,cyclist,17.2,15-30m,113.8,0,0.0,16,16,1.0,6.39
nuscenes_mini_subset,scene-0103_032,yaw,0.25,deg,11,Car,vehicle,19.2,15-30m,218.6,1,0.0,25,25,1.0,6.06
nuscenes_mini_subset,scene-0103_032,yaw,0.25,deg,12,Truck,vehicle,25.1,15-30m,270.2,0,0.0,70,70,1.0,6.28
nuscenes_mini_subset,scene-0103_032,yaw,0.25,deg,13,Pedestrian,pedestrian,37.0,>30m,21.3,2,0.0,0,0,,
nuscenes_mini_subset,scene-0103_032,yaw,0.25,deg,14,Car,vehicle,48.0,>30m,54.9,1,0.0,0,0,,
nuscenes_mini_subset,scene-0103_032,yaw,0.25,deg,15,Car,vehicle,30.8,>30m,102.1,1,0.0,3,3,1.0,5.75
nuscenes_mini_subset,scene-0103_032,yaw,0.25,deg,16,Car,vehicle,13.8,0-15m,397.3,0,0.12,123,123,1.0,6.82
nuscenes_mini_subset,scene-0103_032,yaw,0.5,deg,0,Pedestrian,pedestrian,37.1,>30m,22.9,2,0.0,0,0,,
nuscenes_mini_subset,scene-0103_032,yaw,0.5,deg,1,Car,vehicle,45.8,>30m,71.3,0,0.0,5,5,1.0,11.5
nuscenes_mini_subset,scene-0103_032,yaw,0.5,deg,2,Car,vehicle,42.1,>30m,75.5,0,0.0,4,4,1.0,11.31
nuscenes_mini_subset,scene-0103_032,yaw,0.5,deg,3,Car,vehicle,22.6,15-30m,91.4,2,0.75,1,1,1.0,
nuscenes_mini_subset,scene-0103_032,yaw,0.5,deg,4,Car,vehicle,50.4,>30m,67.3,2,0.0,1,1,1.0,11.38
nuscenes_mini_subset,scene-0103_032,yaw,0.5,deg,5,Car,vehicle,9.4,0-15m,145.0,0,0.79,39,38,0.9744,15.12
nuscenes_mini_subset,scene-0103_032,yaw,0.5,deg,6,Car,vehicle,25.2,15-30m,154.4,0,0.0,22,22,1.0,11.72
nuscenes_mini_subset,scene-0103_032,yaw,0.5,deg,8,Car,vehicle,33.2,>30m,135.5,1,0.0,10,10,1.0,11.79
nuscenes_mini_subset,scene-0103_032,yaw,0.5,deg,9,Pedestrian,pedestrian,21.8,15-30m,73.8,2,0.04,0,0,,
nuscenes_mini_subset,scene-0103_032,yaw,0.5,deg,10,Bicycle,cyclist,17.2,15-30m,113.8,0,0.0,16,16,1.0,12.79
nuscenes_mini_subset,scene-0103_032,yaw,0.5,deg,11,Car,vehicle,19.2,15-30m,218.6,1,0.0,25,24,0.96,12.11
nuscenes_mini_subset,scene-0103_032,yaw,0.5,deg,12,Truck,vehicle,25.1,15-30m,270.2,0,0.0,70,70,1.0,12.57
nuscenes_mini_subset,scene-0103_032,yaw,0.5,deg,13,Pedestrian,pedestrian,37.0,>30m,21.3,2,0.0,0,0,,
nuscenes_mini_subset,scene-0103_032,yaw,0.5,deg,14,Car,vehicle,48.0,>30m,54.9,1,0.0,0,0,,
nuscenes_mini_subset,scene-0103_032,yaw,0.5,deg,15,Car,vehicle,30.8,>30m,102.1,1,0.0,3,3,1.0,11.48
nuscenes_mini_subset,scene-0103_032,yaw,0.5,deg,16,Car,vehicle,13.8,0-15m,397.3,0,0.12,123,123,1.0,13.62
nuscenes_mini_subset,scene-0103_032,yaw,1.0,deg,0,Pedestrian,pedestrian,37.1,>30m,22.9,2,0.0,0,0,,
nuscenes_mini_subset,scene-0103_032,yaw,1.0,deg,1,Car,vehicle,45.8,>30m,71.3,0,0.0,5,5,1.0,23.05
nuscenes_mini_subset,scene-0103_032,yaw,1.0,deg,2,Car,vehicle,42.1,>30m,75.5,0,0.0,4,3,0.75,22.59
nuscenes_mini_subset,scene-0103_032,yaw,1.0,deg,3,Car,vehicle,22.6,15-30m,91.4,2,0.75,3,3,1.0,
nuscenes_mini_subset,scene-0103_032,yaw,1.0,deg,4,Car,vehicle,50.4,>30m,67.3,2,0.0,1,1,1.0,22.79
nuscenes_mini_subset,scene-0103_032,yaw,1.0,deg,5,Car,vehicle,9.4,0-15m,145.0,0,0.79,45,44,0.9778,30.08
nuscenes_mini_subset,scene-0103_032,yaw,1.0,deg,6,Car,vehicle,25.2,15-30m,154.4,0,0.0,22,19,0.8636,23.4
nuscenes_mini_subset,scene-0103_032,yaw,1.0,deg,8,Car,vehicle,33.2,>30m,135.5,1,0.0,10,10,1.0,23.63
nuscenes_mini_subset,scene-0103_032,yaw,1.0,deg,9,Pedestrian,pedestrian,21.8,15-30m,73.8,2,0.04,0,0,,
nuscenes_mini_subset,scene-0103_032,yaw,1.0,deg,10,Bicycle,cyclist,17.2,15-30m,113.8,0,0.0,16,16,1.0,25.67
nuscenes_mini_subset,scene-0103_032,yaw,1.0,deg,11,Car,vehicle,19.2,15-30m,218.6,1,0.0,25,23,0.92,24.15
nuscenes_mini_subset,scene-0103_032,yaw,1.0,deg,12,Truck,vehicle,25.1,15-30m,270.2,0,0.0,70,70,1.0,25.23
nuscenes_mini_subset,scene-0103_032,yaw,1.0,deg,13,Pedestrian,pedestrian,37.0,>30m,21.3,2,0.0,0,0,,
nuscenes_mini_subset,scene-0103_032,yaw,1.0,deg,14,Car,vehicle,48.0,>30m,54.9,1,0.0,0,0,,
nuscenes_mini_subset,scene-0103_032,yaw,1.0,deg,15,Car,vehicle,30.8,>30m,102.1,1,0.0,3,3,1.0,22.93
nuscenes_mini_subset,scene-0103_032,yaw,1.0,deg,16,Car,vehicle,13.8,0-15m,397.3,0,0.12,123,121,0.9837,27.12
nuscenes_mini_subset,scene-0103_032,yaw,2.0,deg,0,Pedestrian,pedestrian,37.1,>30m,22.9,2,0.0,0,0,,
nuscenes_mini_subset,scene-0103_032,yaw,2.0,deg,1,Car,vehicle,45.8,>30m,71.3,0,0.0,5,1,0.2,46.27
nuscenes_mini_subset,scene-0103_032,yaw,2.0,deg,2,Car,vehicle,42.1,>30m,75.5,0,0.0,4,0,0.0,45.07
nuscenes_mini_subset,scene-0103_032,yaw,2.0,deg,3,Car,vehicle,22.6,15-30m,91.4,2,0.75,8,7,0.875,
nuscenes_mini_subset,scene-0103_032,yaw,2.0,deg,4,Car,vehicle,50.4,>30m,67.3,2,0.0,1,0,0.0,45.72
nuscenes_mini_subset,scene-0103_032,yaw,2.0,deg,5,Car,vehicle,9.4,0-15m,145.0,0,0.79,62,53,0.8548,59.59
nuscenes_mini_subset,scene-0103_032,yaw,2.0,deg,6,Car,vehicle,25.2,15-30m,154.4,0,0.0,22,16,0.7273,46.62
nuscenes_mini_subset,scene-0103_032,yaw,2.0,deg,8,Car,vehicle,33.2,>30m,135.5,1,0.0,10,10,1.0,47.47
nuscenes_mini_subset,scene-0103_032,yaw,2.0,deg,9,Pedestrian,pedestrian,21.8,15-30m,73.8,2,0.04,0,0,,
nuscenes_mini_subset,scene-0103_032,yaw,2.0,deg,10,Bicycle,cyclist,17.2,15-30m,113.8,0,0.0,16,13,0.8125,51.69
nuscenes_mini_subset,scene-0103_032,yaw,2.0,deg,11,Car,vehicle,19.2,15-30m,218.6,1,0.0,25,16,0.64,48.08
nuscenes_mini_subset,scene-0103_032,yaw,2.0,deg,12,Truck,vehicle,25.1,15-30m,270.2,0,0.0,70,67,0.9571,50.79
nuscenes_mini_subset,scene-0103_032,yaw,2.0,deg,13,Pedestrian,pedestrian,37.0,>30m,21.3,2,0.0,0,0,,
nuscenes_mini_subset,scene-0103_032,yaw,2.0,deg,14,Car,vehicle,48.0,>30m,54.9,1,0.0,0,0,,
nuscenes_mini_subset,scene-0103_032,yaw,2.0,deg,15,Car,vehicle,30.8,>30m,102.1,1,0.0,3,0,0.0,45.73
nuscenes_mini_subset,scene-0103_032,yaw,2.0,deg,16,Car,vehicle,13.8,0-15m,397.3,0,0.12,123,114,0.9268,53.84
nuscenes_mini_subset,scene-0103_032,yaw,3.0,deg,0,Pedestrian,pedestrian,37.1,>30m,22.9,2,0.0,0,0,,
nuscenes_mini_subset,scene-0103_032,yaw,3.0,deg,1,Car,vehicle,45.8,>30m,71.3,0,0.0,5,0,0.0,69.68
nuscenes_mini_subset,scene-0103_032,yaw,3.0,deg,2,Car,vehicle,42.1,>30m,75.5,0,0.0,4,0,0.0,67.46
nuscenes_mini_subset,scene-0103_032,yaw,3.0,deg,3,Car,vehicle,22.6,15-30m,91.4,2,0.75,8,8,1.0,
nuscenes_mini_subset,scene-0103_032,yaw,3.0,deg,4,Car,vehicle,50.4,>30m,67.3,2,0.0,1,0,0.0,68.81
nuscenes_mini_subset,scene-0103_032,yaw,3.0,deg,5,Car,vehicle,9.4,0-15m,145.0,0,0.79,80,65,0.8125,88.55
nuscenes_mini_subset,scene-0103_032,yaw,3.0,deg,6,Car,vehicle,25.2,15-30m,154.4,0,0.0,22,9,0.4091,69.7
nuscenes_mini_subset,scene-0103_032,yaw,3.0,deg,8,Car,vehicle,33.2,>30m,135.5,1,0.0,10,8,0.8,71.55
nuscenes_mini_subset,scene-0103_032,yaw,3.0,deg,9,Pedestrian,pedestrian,21.8,15-30m,73.8,2,0.04,0,0,,
nuscenes_mini_subset,scene-0103_032,yaw,3.0,deg,10,Bicycle,cyclist,17.2,15-30m,113.8,0,0.0,16,4,0.25,78.08
nuscenes_mini_subset,scene-0103_032,yaw,3.0,deg,11,Car,vehicle,19.2,15-30m,218.6,1,0.0,25,12,0.48,71.81
nuscenes_mini_subset,scene-0103_032,yaw,3.0,deg,12,Truck,vehicle,25.1,15-30m,270.2,0,0.0,70,61,0.8714,76.7
nuscenes_mini_subset,scene-0103_032,yaw,3.0,deg,13,Pedestrian,pedestrian,37.0,>30m,21.3,2,0.0,0,0,,
nuscenes_mini_subset,scene-0103_032,yaw,3.0,deg,14,Car,vehicle,48.0,>30m,54.9,1,0.0,0,0,,
nuscenes_mini_subset,scene-0103_032,yaw,3.0,deg,15,Car,vehicle,30.8,>30m,102.1,1,0.0,3,0,0.0,68.42
nuscenes_mini_subset,scene-0103_032,yaw,3.0,deg,16,Car,vehicle,13.8,0-15m,397.3,0,0.12,123,105,0.8537,80.18
nuscenes_mini_subset,scene-0103_032,pitch,0.0,deg,0,Pedestrian,pedestrian,37.1,>30m,22.9,2,0.0,0,0,,
nuscenes_mini_subset,scene-0103_032,pitch,0.0,deg,1,Car,vehicle,45.8,>30m,71.3,0,0.0,5,5,1.0,0.0
nuscenes_mini_subset,scene-0103_032,pitch,0.0,deg,2,Car,vehicle,42.1,>30m,75.5,0,0.0,4,4,1.0,0.0
nuscenes_mini_subset,scene-0103_032,pitch,0.0,deg,3,Car,vehicle,22.6,15-30m,91.4,2,0.75,0,0,,
nuscenes_mini_subset,scene-0103_032,pitch,0.0,deg,4,Car,vehicle,50.4,>30m,67.3,2,0.0,1,1,1.0,0.0
nuscenes_mini_subset,scene-0103_032,pitch,0.0,deg,5,Car,vehicle,9.4,0-15m,145.0,0,0.79,30,30,1.0,0.0
nuscenes_mini_subset,scene-0103_032,pitch,0.0,deg,6,Car,vehicle,25.2,15-30m,154.4,0,0.0,22,22,1.0,0.0
nuscenes_mini_subset,scene-0103_032,pitch,0.0,deg,8,Car,vehicle,33.2,>30m,135.5,1,0.0,10,10,1.0,0.0
nuscenes_mini_subset,scene-0103_032,pitch,0.0,deg,9,Pedestrian,pedestrian,21.8,15-30m,73.8,2,0.04,0,0,,
nuscenes_mini_subset,scene-0103_032,pitch,0.0,deg,10,Bicycle,cyclist,17.2,15-30m,113.8,0,0.0,16,16,1.0,0.0
nuscenes_mini_subset,scene-0103_032,pitch,0.0,deg,11,Car,vehicle,19.2,15-30m,218.6,1,0.0,25,25,1.0,0.0
nuscenes_mini_subset,scene-0103_032,pitch,0.0,deg,12,Truck,vehicle,25.1,15-30m,270.2,0,0.0,70,70,1.0,0.0
nuscenes_mini_subset,scene-0103_032,pitch,0.0,deg,13,Pedestrian,pedestrian,37.0,>30m,21.3,2,0.0,0,0,,
nuscenes_mini_subset,scene-0103_032,pitch,0.0,deg,14,Car,vehicle,48.0,>30m,54.9,1,0.0,0,0,,
nuscenes_mini_subset,scene-0103_032,pitch,0.0,deg,15,Car,vehicle,30.8,>30m,102.1,1,0.0,3,3,1.0,0.0
nuscenes_mini_subset,scene-0103_032,pitch,0.0,deg,16,Car,vehicle,13.8,0-15m,397.3,0,0.12,123,123,1.0,0.0
nuscenes_mini_subset,scene-0103_032,pitch,0.25,deg,0,Pedestrian,pedestrian,37.1,>30m,22.9,2,0.0,0,0,,
nuscenes_mini_subset,scene-0103_032,pitch,0.25,deg,1,Car,vehicle,45.8,>30m,71.3,0,0.0,5,5,1.0,1.13
nuscenes_mini_subset,scene-0103_032,pitch,0.25,deg,2,Car,vehicle,42.1,>30m,75.5,0,0.0,4,4,1.0,0.74
nuscenes_mini_subset,scene-0103_032,pitch,0.25,deg,3,Car,vehicle,22.6,15-30m,91.4,2,0.75,0,0,,
nuscenes_mini_subset,scene-0103_032,pitch,0.25,deg,4,Car,vehicle,50.4,>30m,67.3,2,0.0,1,1,1.0,0.97
nuscenes_mini_subset,scene-0103_032,pitch,0.25,deg,5,Car,vehicle,9.4,0-15m,145.0,0,0.79,30,30,1.0,3.11
nuscenes_mini_subset,scene-0103_032,pitch,0.25,deg,6,Car,vehicle,25.2,15-30m,154.4,0,0.0,22,22,1.0,1.18
nuscenes_mini_subset,scene-0103_032,pitch,0.25,deg,8,Car,vehicle,33.2,>30m,135.5,1,0.0,10,10,1.0,1.38
nuscenes_mini_subset,scene-0103_032,pitch,0.25,deg,9,Pedestrian,pedestrian,21.8,15-30m,73.8,2,0.04,0,0,,
nuscenes_mini_subset,scene-0103_032,pitch,0.25,deg,10,Bicycle,cyclist,17.2,15-30m,113.8,0,0.0,16,16,1.0,2.07
nuscenes_mini_subset,scene-0103_032,pitch,0.25,deg,11,Car,vehicle,19.2,15-30m,218.6,1,0.0,25,25,1.0,1.48
nuscenes_mini_subset,scene-0103_032,pitch,0.25,deg,12,Truck,vehicle,25.1,15-30m,270.2,0,0.0,70,70,1.0,1.98
nuscenes_mini_subset,scene-0103_032,pitch,0.25,deg,13,Pedestrian,pedestrian,37.0,>30m,21.3,2,0.0,0,0,,
nuscenes_mini_subset,scene-0103_032,pitch,0.25,deg,14,Car,vehicle,48.0,>30m,54.9,1,0.0,0,0,,
nuscenes_mini_subset,scene-0103_032,pitch,0.25,deg,15,Car,vehicle,30.8,>30m,102.1,1,0.0,3,3,1.0,0.94
nuscenes_mini_subset,scene-0103_032,pitch,0.25,deg,16,Car,vehicle,13.8,0-15m,397.3,0,0.12,123,123,1.0,2.4
nuscenes_mini_subset,scene-0103_032,pitch,0.5,deg,0,Pedestrian,pedestrian,37.1,>30m,22.9,2,0.0,0,0,,
nuscenes_mini_subset,scene-0103_032,pitch,0.5,deg,1,Car,vehicle,45.8,>30m,71.3,0,0.0,5,5,1.0,2.27
nuscenes_mini_subset,scene-0103_032,pitch,0.5,deg,2,Car,vehicle,42.1,>30m,75.5,0,0.0,4,4,1.0,1.49
nuscenes_mini_subset,scene-0103_032,pitch,0.5,deg,3,Car,vehicle,22.6,15-30m,91.4,2,0.75,0,0,,
nuscenes_mini_subset,scene-0103_032,pitch,0.5,deg,4,Car,vehicle,50.4,>30m,67.3,2,0.0,1,1,1.0,1.93
nuscenes_mini_subset,scene-0103_032,pitch,0.5,deg,5,Car,vehicle,9.4,0-15m,145.0,0,0.79,31,30,0.9677,6.22
nuscenes_mini_subset,scene-0103_032,pitch,0.5,deg,6,Car,vehicle,25.2,15-30m,154.4,0,0.0,22,22,1.0,2.37
nuscenes_mini_subset,scene-0103_032,pitch,0.5,deg,8,Car,vehicle,33.2,>30m,135.5,1,0.0,10,10,1.0,2.77
nuscenes_mini_subset,scene-0103_032,pitch,0.5,deg,9,Pedestrian,pedestrian,21.8,15-30m,73.8,2,0.04,0,0,,
nuscenes_mini_subset,scene-0103_032,pitch,0.5,deg,10,Bicycle,cyclist,17.2,15-30m,113.8,0,0.0,16,16,1.0,4.14
nuscenes_mini_subset,scene-0103_032,pitch,0.5,deg,11,Car,vehicle,19.2,15-30m,218.6,1,0.0,25,25,1.0,2.97
nuscenes_mini_subset,scene-0103_032,pitch,0.5,deg,12,Truck,vehicle,25.1,15-30m,270.2,0,0.0,70,70,1.0,3.96
nuscenes_mini_subset,scene-0103_032,pitch,0.5,deg,13,Pedestrian,pedestrian,37.0,>30m,21.3,2,0.0,0,0,,
nuscenes_mini_subset,scene-0103_032,pitch,0.5,deg,14,Car,vehicle,48.0,>30m,54.9,1,0.0,0,0,,
nuscenes_mini_subset,scene-0103_032,pitch,0.5,deg,15,Car,vehicle,30.8,>30m,102.1,1,0.0,3,3,1.0,1.87
nuscenes_mini_subset,scene-0103_032,pitch,0.5,deg,16,Car,vehicle,13.8,0-15m,397.3,0,0.12,123,123,1.0,4.8
nuscenes_mini_subset,scene-0103_032,pitch,1.0,deg,0,Pedestrian,pedestrian,37.1,>30m,22.9,2,0.0,0,0,,
nuscenes_mini_subset,scene-0103_032,pitch,1.0,deg,1,Car,vehicle,45.8,>30m,71.3,0,0.0,5,5,1.0,4.54
nuscenes_mini_subset,scene-0103_032,pitch,1.0,deg,2,Car,vehicle,42.1,>30m,75.5,0,0.0,4,4,1.0,2.98
nuscenes_mini_subset,scene-0103_032,pitch,1.0,deg,3,Car,vehicle,22.6,15-30m,91.4,2,0.75,0,0,,
nuscenes_mini_subset,scene-0103_032,pitch,1.0,deg,4,Car,vehicle,50.4,>30m,67.3,2,0.0,1,1,1.0,3.86
nuscenes_mini_subset,scene-0103_032,pitch,1.0,deg,5,Car,vehicle,9.4,0-15m,145.0,0,0.79,33,31,0.9394,12.45
nuscenes_mini_subset,scene-0103_032,pitch,1.0,deg,6,Car,vehicle,25.2,15-30m,154.4,0,0.0,22,22,1.0,4.74
nuscenes_mini_subset,scene-0103_032,pitch,1.0,deg,8,Car,vehicle,33.2,>30m,135.5,1,0.0,10,10,1.0,5.54
nuscenes_mini_subset,scene-0103_032,pitch,1.0,deg,9,Pedestrian,pedestrian,21.8,15-30m,73.8,2,0.04,0,0,,
nuscenes_mini_subset,scene-0103_032,pitch,1.0,deg,10,Bicycle,cyclist,17.2,15-30m,113.8,0,0.0,16,16,1.0,8.29
nuscenes_mini_subset,scene-0103_032,pitch,1.0,deg,11,Car,vehicle,19.2,15-30m,218.6,1,0.0,25,25,1.0,5.93
nuscenes_mini_subset,scene-0103_032,pitch,1.0,deg,12,Truck,vehicle,25.1,15-30m,270.2,0,0.0,70,70,1.0,7.92
nuscenes_mini_subset,scene-0103_032,pitch,1.0,deg,13,Pedestrian,pedestrian,37.0,>30m,21.3,2,0.0,0,0,,
nuscenes_mini_subset,scene-0103_032,pitch,1.0,deg,14,Car,vehicle,48.0,>30m,54.9,1,0.0,0,0,,
nuscenes_mini_subset,scene-0103_032,pitch,1.0,deg,15,Car,vehicle,30.8,>30m,102.1,1,0.0,3,3,1.0,3.75
nuscenes_mini_subset,scene-0103_032,pitch,1.0,deg,16,Car,vehicle,13.8,0-15m,397.3,0,0.12,123,123,1.0,9.61
nuscenes_mini_subset,scene-0103_032,pitch,2.0,deg,0,Pedestrian,pedestrian,37.1,>30m,22.9,2,0.0,0,0,,
nuscenes_mini_subset,scene-0103_032,pitch,2.0,deg,1,Car,vehicle,45.8,>30m,71.3,0,0.0,5,5,1.0,9.08
nuscenes_mini_subset,scene-0103_032,pitch,2.0,deg,2,Car,vehicle,42.1,>30m,75.5,0,0.0,4,4,1.0,5.95
nuscenes_mini_subset,scene-0103_032,pitch,2.0,deg,3,Car,vehicle,22.6,15-30m,91.4,2,0.75,0,0,,
nuscenes_mini_subset,scene-0103_032,pitch,2.0,deg,4,Car,vehicle,50.4,>30m,67.3,2,0.0,1,1,1.0,7.73
nuscenes_mini_subset,scene-0103_032,pitch,2.0,deg,5,Car,vehicle,9.4,0-15m,145.0,0,0.79,34,34,1.0,24.9
nuscenes_mini_subset,scene-0103_032,pitch,2.0,deg,6,Car,vehicle,25.2,15-30m,154.4,0,0.0,22,22,1.0,9.47
nuscenes_mini_subset,scene-0103_032,pitch,2.0,deg,8,Car,vehicle,33.2,>30m,135.5,1,0.0,10,10,1.0,11.07
nuscenes_mini_subset,scene-0103_032,pitch,2.0,deg,9,Pedestrian,pedestrian,21.8,15-30m,73.8,2,0.04,0,0,,
nuscenes_mini_subset,scene-0103_032,pitch,2.0,deg,10,Bicycle,cyclist,17.2,15-30m,113.8,0,0.0,16,16,1.0,16.57
nuscenes_mini_subset,scene-0103_032,pitch,2.0,deg,11,Car,vehicle,19.2,15-30m,218.6,1,0.0,25,25,1.0,11.87
nuscenes_mini_subset,scene-0103_032,pitch,2.0,deg,12,Truck,vehicle,25.1,15-30m,270.2,0,0.0,70,70,1.0,15.83
nuscenes_mini_subset,scene-0103_032,pitch,2.0,deg,13,Pedestrian,pedestrian,37.0,>30m,21.3,2,0.0,0,0,,
nuscenes_mini_subset,scene-0103_032,pitch,2.0,deg,14,Car,vehicle,48.0,>30m,54.9,1,0.0,0,0,,
nuscenes_mini_subset,scene-0103_032,pitch,2.0,deg,15,Car,vehicle,30.8,>30m,102.1,1,0.0,3,2,0.6667,7.49
nuscenes_mini_subset,scene-0103_032,pitch,2.0,deg,16,Car,vehicle,13.8,0-15m,397.3,0,0.12,123,111,0.9024,19.22
nuscenes_mini_subset,scene-0103_032,pitch,3.0,deg,0,Pedestrian,pedestrian,37.1,>30m,22.9,2,0.0,0,0,,
nuscenes_mini_subset,scene-0103_032,pitch,3.0,deg,1,Car,vehicle,45.8,>30m,71.3,0,0.0,5,5,1.0,13.61
nuscenes_mini_subset,scene-0103_032,pitch,3.0,deg,2,Car,vehicle,42.1,>30m,75.5,0,0.0,4,4,1.0,8.93
nuscenes_mini_subset,scene-0103_032,pitch,3.0,deg,3,Car,vehicle,22.6,15-30m,91.4,2,0.75,0,0,,
nuscenes_mini_subset,scene-0103_032,pitch,3.0,deg,4,Car,vehicle,50.4,>30m,67.3,2,0.0,1,1,1.0,11.59
nuscenes_mini_subset,scene-0103_032,pitch,3.0,deg,5,Car,vehicle,9.4,0-15m,145.0,0,0.79,34,34,1.0,37.36
nuscenes_mini_subset,scene-0103_032,pitch,3.0,deg,6,Car,vehicle,25.2,15-30m,154.4,0,0.0,22,22,1.0,14.21
nuscenes_mini_subset,scene-0103_032,pitch,3.0,deg,8,Car,vehicle,33.2,>30m,135.5,1,0.0,10,10,1.0,16.61
nuscenes_mini_subset,scene-0103_032,pitch,3.0,deg,9,Pedestrian,pedestrian,21.8,15-30m,73.8,2,0.04,0,0,,
nuscenes_mini_subset,scene-0103_032,pitch,3.0,deg,10,Bicycle,cyclist,17.2,15-30m,113.8,0,0.0,16,16,1.0,24.85
nuscenes_mini_subset,scene-0103_032,pitch,3.0,deg,11,Car,vehicle,19.2,15-30m,218.6,1,0.0,25,25,1.0,17.8
nuscenes_mini_subset,scene-0103_032,pitch,3.0,deg,12,Truck,vehicle,25.1,15-30m,270.2,0,0.0,70,66,0.9429,23.74
nuscenes_mini_subset,scene-0103_032,pitch,3.0,deg,13,Pedestrian,pedestrian,37.0,>30m,21.3,2,0.0,0,0,,
nuscenes_mini_subset,scene-0103_032,pitch,3.0,deg,14,Car,vehicle,48.0,>30m,54.9,1,0.0,0,0,,
nuscenes_mini_subset,scene-0103_032,pitch,3.0,deg,15,Car,vehicle,30.8,>30m,102.1,1,0.0,3,2,0.6667,11.24
nuscenes_mini_subset,scene-0103_032,pitch,3.0,deg,16,Car,vehicle,13.8,0-15m,397.3,0,0.12,123,111,0.9024,28.83
nuscenes_mini_subset,scene-0103_032,roll,0.0,deg,0,Pedestrian,pedestrian,37.1,>30m,22.9,2,0.0,0,0,,
nuscenes_mini_subset,scene-0103_032,roll,0.0,deg,1,Car,vehicle,45.8,>30m,71.3,0,0.0,5,5,1.0,0.0
nuscenes_mini_subset,scene-0103_032,roll,0.0,deg,2,Car,vehicle,42.1,>30m,75.5,0,0.0,4,4,1.0,0.0
nuscenes_mini_subset,scene-0103_032,roll,0.0,deg,3,Car,vehicle,22.6,15-30m,91.4,2,0.75,0,0,,
nuscenes_mini_subset,scene-0103_032,roll,0.0,deg,4,Car,vehicle,50.4,>30m,67.3,2,0.0,1,1,1.0,0.0
nuscenes_mini_subset,scene-0103_032,roll,0.0,deg,5,Car,vehicle,9.4,0-15m,145.0,0,0.79,30,30,1.0,0.0
nuscenes_mini_subset,scene-0103_032,roll,0.0,deg,6,Car,vehicle,25.2,15-30m,154.4,0,0.0,22,22,1.0,0.0
nuscenes_mini_subset,scene-0103_032,roll,0.0,deg,8,Car,vehicle,33.2,>30m,135.5,1,0.0,10,10,1.0,0.0
nuscenes_mini_subset,scene-0103_032,roll,0.0,deg,9,Pedestrian,pedestrian,21.8,15-30m,73.8,2,0.04,0,0,,
nuscenes_mini_subset,scene-0103_032,roll,0.0,deg,10,Bicycle,cyclist,17.2,15-30m,113.8,0,0.0,16,16,1.0,0.0
nuscenes_mini_subset,scene-0103_032,roll,0.0,deg,11,Car,vehicle,19.2,15-30m,218.6,1,0.0,25,25,1.0,0.0
nuscenes_mini_subset,scene-0103_032,roll,0.0,deg,12,Truck,vehicle,25.1,15-30m,270.2,0,0.0,70,70,1.0,0.0
nuscenes_mini_subset,scene-0103_032,roll,0.0,deg,13,Pedestrian,pedestrian,37.0,>30m,21.3,2,0.0,0,0,,
nuscenes_mini_subset,scene-0103_032,roll,0.0,deg,14,Car,vehicle,48.0,>30m,54.9,1,0.0,0,0,,
nuscenes_mini_subset,scene-0103_032,roll,0.0,deg,15,Car,vehicle,30.8,>30m,102.1,1,0.0,3,3,1.0,0.0
nuscenes_mini_subset,scene-0103_032,roll,0.0,deg,16,Car,vehicle,13.8,0-15m,397.3,0,0.12,123,123,1.0,0.0
nuscenes_mini_subset,scene-0103_032,roll,0.25,deg,0,Pedestrian,pedestrian,37.1,>30m,22.9,2,0.0,0,0,,
nuscenes_mini_subset,scene-0103_032,roll,0.25,deg,1,Car,vehicle,45.8,>30m,71.3,0,0.0,5,5,1.0,5.52
nuscenes_mini_subset,scene-0103_032,roll,0.25,deg,2,Car,vehicle,42.1,>30m,75.5,0,0.0,4,4,1.0,5.56
nuscenes_mini_subset,scene-0103_032,roll,0.25,deg,3,Car,vehicle,22.6,15-30m,91.4,2,0.75,0,0,,
nuscenes_mini_subset,scene-0103_032,roll,0.25,deg,4,Car,vehicle,50.4,>30m,67.3,2,0.0,1,1,1.0,5.53
nuscenes_mini_subset,scene-0103_032,roll,0.25,deg,5,Car,vehicle,9.4,0-15m,145.0,0,0.79,31,30,0.9677,5.98
nuscenes_mini_subset,scene-0103_032,roll,0.25,deg,6,Car,vehicle,25.2,15-30m,154.4,0,0.0,22,22,1.0,5.61
nuscenes_mini_subset,scene-0103_032,roll,0.25,deg,8,Car,vehicle,33.2,>30m,135.5,1,0.0,10,10,1.0,5.55
nuscenes_mini_subset,scene-0103_032,roll,0.25,deg,9,Pedestrian,pedestrian,21.8,15-30m,73.8,2,0.04,0,0,,
nuscenes_mini_subset,scene-0103_032,roll,0.25,deg,10,Bicycle,cyclist,17.2,15-30m,113.8,0,0.0,16,16,1.0,5.65
nuscenes_mini_subset,scene-0103_032,roll,0.25,deg,11,Car,vehicle,19.2,15-30m,218.6,1,0.0,25,25,1.0,5.67
nuscenes_mini_subset,scene-0103_032,roll,0.25,deg,12,Truck,vehicle,25.1,15-30m,270.2,0,0.0,70,70,1.0,5.58
nuscenes_mini_subset,scene-0103_032,roll,0.25,deg,13,Pedestrian,pedestrian,37.0,>30m,21.3,2,0.0,0,0,,
nuscenes_mini_subset,scene-0103_032,roll,0.25,deg,14,Car,vehicle,48.0,>30m,54.9,1,0.0,0,0,,
nuscenes_mini_subset,scene-0103_032,roll,0.25,deg,15,Car,vehicle,30.8,>30m,102.1,1,0.0,3,3,1.0,5.59
nuscenes_mini_subset,scene-0103_032,roll,0.25,deg,16,Car,vehicle,13.8,0-15m,397.3,0,0.12,123,123,1.0,5.8
nuscenes_mini_subset,scene-0103_032,roll,0.5,deg,0,Pedestrian,pedestrian,37.1,>30m,22.9,2,0.0,0,0,,
nuscenes_mini_subset,scene-0103_032,roll,0.5,deg,1,Car,vehicle,45.8,>30m,71.3,0,0.0,5,5,1.0,11.05
nuscenes_mini_subset,scene-0103_032,roll,0.5,deg,2,Car,vehicle,42.1,>30m,75.5,0,0.0,4,4,1.0,11.11
nuscenes_mini_subset,scene-0103_032,roll,0.5,deg,3,Car,vehicle,22.6,15-30m,91.4,2,0.75,0,0,,
nuscenes_mini_subset,scene-0103_032,roll,0.5,deg,4,Car,vehicle,50.4,>30m,67.3,2,0.0,1,1,1.0,11.05
nuscenes_mini_subset,scene-0103_032,roll,0.5,deg,5,Car,vehicle,9.4,0-15m,145.0,0,0.79,31,30,0.9677,11.94
nuscenes_mini_subset,scene-0103_032,roll,0.5,deg,6,Car,vehicle,25.2,15-30m,154.4,0,0.0,22,22,1.0,11.21
nuscenes_mini_subset,scene-0103_032,roll,0.5,deg,8,Car,vehicle,33.2,>30m,135.5,1,0.0,10,10,1.0,11.1
nuscenes_mini_subset,scene-0103_032,roll,0.5,deg,9,Pedestrian,pedestrian,21.8,15-30m,73.8,2,0.04,0,0,,
nuscenes_mini_subset,scene-0103_032,roll,0.5,deg,10,Bicycle,cyclist,17.2,15-30m,113.8,0,0.0,16,16,1.0,11.3
nuscenes_mini_subset,scene-0103_032,roll,0.5,deg,11,Car,vehicle,19.2,15-30m,218.6,1,0.0,25,24,0.96,11.33
nuscenes_mini_subset,scene-0103_032,roll,0.5,deg,12,Truck,vehicle,25.1,15-30m,270.2,0,0.0,70,70,1.0,11.15
nuscenes_mini_subset,scene-0103_032,roll,0.5,deg,13,Pedestrian,pedestrian,37.0,>30m,21.3,2,0.0,0,0,,
nuscenes_mini_subset,scene-0103_032,roll,0.5,deg,14,Car,vehicle,48.0,>30m,54.9,1,0.0,0,0,,
nuscenes_mini_subset,scene-0103_032,roll,0.5,deg,15,Car,vehicle,30.8,>30m,102.1,1,0.0,3,3,1.0,11.17
nuscenes_mini_subset,scene-0103_032,roll,0.5,deg,16,Car,vehicle,13.8,0-15m,397.3,0,0.12,123,123,1.0,11.6
nuscenes_mini_subset,scene-0103_032,roll,1.0,deg,0,Pedestrian,pedestrian,37.1,>30m,22.9,2,0.0,0,0,,
nuscenes_mini_subset,scene-0103_032,roll,1.0,deg,1,Car,vehicle,45.8,>30m,71.3,0,0.0,5,3,0.6,22.09
nuscenes_mini_subset,scene-0103_032,roll,1.0,deg,2,Car,vehicle,42.1,>30m,75.5,0,0.0,4,4,1.0,22.21
nuscenes_mini_subset,scene-0103_032,roll,1.0,deg,3,Car,vehicle,22.6,15-30m,91.4,2,0.75,0,0,,
nuscenes_mini_subset,scene-0103_032,roll,1.0,deg,4,Car,vehicle,50.4,>30m,67.3,2,0.0,1,1,1.0,22.09
nuscenes_mini_subset,scene-0103_032,roll,1.0,deg,5,Car,vehicle,9.4,0-15m,145.0,0,0.79,33,31,0.9394,23.85
nuscenes_mini_subset,scene-0103_032,roll,1.0,deg,6,Car,vehicle,25.2,15-30m,154.4,0,0.0,22,13,0.5909,22.42
nuscenes_mini_subset,scene-0103_032,roll,1.0,deg,8,Car,vehicle,33.2,>30m,135.5,1,0.0,10,10,1.0,22.19
nuscenes_mini_subset,scene-0103_032,roll,1.0,deg,9,Pedestrian,pedestrian,21.8,15-30m,73.8,2,0.04,0,0,,
nuscenes_mini_subset,scene-0103_032,roll,1.0,deg,10,Bicycle,cyclist,17.2,15-30m,113.8,0,0.0,16,16,1.0,22.58
nuscenes_mini_subset,scene-0103_032,roll,1.0,deg,11,Car,vehicle,19.2,15-30m,218.6,1,0.0,25,24,0.96,22.64
nuscenes_mini_subset,scene-0103_032,roll,1.0,deg,12,Truck,vehicle,25.1,15-30m,270.2,0,0.0,70,70,1.0,22.3
nuscenes_mini_subset,scene-0103_032,roll,1.0,deg,13,Pedestrian,pedestrian,37.0,>30m,21.3,2,0.0,0,0,,
nuscenes_mini_subset,scene-0103_032,roll,1.0,deg,14,Car,vehicle,48.0,>30m,54.9,1,0.0,0,0,,
nuscenes_mini_subset,scene-0103_032,roll,1.0,deg,15,Car,vehicle,30.8,>30m,102.1,1,0.0,3,3,1.0,22.34
nuscenes_mini_subset,scene-0103_032,roll,1.0,deg,16,Car,vehicle,13.8,0-15m,397.3,0,0.12,123,123,1.0,23.17
nuscenes_mini_subset,scene-0103_032,roll,2.0,deg,0,Pedestrian,pedestrian,37.1,>30m,22.9,2,0.0,0,0,,
nuscenes_mini_subset,scene-0103_032,roll,2.0,deg,1,Car,vehicle,45.8,>30m,71.3,0,0.0,5,3,0.6,44.15
nuscenes_mini_subset,scene-0103_032,roll,2.0,deg,2,Car,vehicle,42.1,>30m,75.5,0,0.0,4,0,0.0,44.39
nuscenes_mini_subset,scene-0103_032,roll,2.0,deg,3,Car,vehicle,22.6,15-30m,91.4,2,0.75,0,0,,
nuscenes_mini_subset,scene-0103_032,roll,2.0,deg,4,Car,vehicle,50.4,>30m,67.3,2,0.0,1,1,1.0,44.15
nuscenes_mini_subset,scene-0103_032,roll,2.0,deg,5,Car,vehicle,9.4,0-15m,145.0,0,0.79,34,34,1.0,47.56
nuscenes_mini_subset,scene-0103_032,roll,2.0,deg,6,Car,vehicle,25.2,15-30m,154.4,0,0.0,22,13,0.5909,44.81
nuscenes_mini_subset,scene-0103_032,roll,2.0,deg,8,Car,vehicle,33.2,>30m,135.5,1,0.0,10,2,0.2,44.36
nuscenes_mini_subset,scene-0103_032,roll,2.0,deg,9,Pedestrian,pedestrian,21.8,15-30m,73.8,2,0.04,0,0,,
nuscenes_mini_subset,scene-0103_032,roll,2.0,deg,10,Bicycle,cyclist,17.2,15-30m,113.8,0,0.0,16,12,0.75,45.11
nuscenes_mini_subset,scene-0103_032,roll,2.0,deg,11,Car,vehicle,19.2,15-30m,218.6,1,0.0,25,21,0.84,45.24
nuscenes_mini_subset,scene-0103_032,roll,2.0,deg,12,Truck,vehicle,25.1,15-30m,270.2,0,0.0,70,61,0.8714,44.57
nuscenes_mini_subset,scene-0103_032,roll,2.0,deg,13,Pedestrian,pedestrian,37.0,>30m,21.3,2,0.0,0,0,,
nuscenes_mini_subset,scene-0103_032,roll,2.0,deg,14,Car,vehicle,48.0,>30m,54.9,1,0.0,0,0,,
nuscenes_mini_subset,scene-0103_032,roll,2.0,deg,15,Car,vehicle,30.8,>30m,102.1,1,0.0,3,1,0.3333,44.64
nuscenes_mini_subset,scene-0103_032,roll,2.0,deg,16,Car,vehicle,13.8,0-15m,397.3,0,0.12,123,113,0.9187,46.26
nuscenes_mini_subset,scene-0103_032,roll,3.0,deg,0,Pedestrian,pedestrian,37.1,>30m,22.9,2,0.0,0,0,,
nuscenes_mini_subset,scene-0103_032,roll,3.0,deg,1,Car,vehicle,45.8,>30m,71.3,0,0.0,5,0,0.0,66.21
nuscenes_mini_subset,scene-0103_032,roll,3.0,deg,2,Car,vehicle,42.1,>30m,75.5,0,0.0,4,0,0.0,66.56
nuscenes_mini_subset,scene-0103_032,roll,3.0,deg,3,Car,vehicle,22.6,15-30m,91.4,2,0.75,0,0,,
nuscenes_mini_subset,scene-0103_032,roll,3.0,deg,4,Car,vehicle,50.4,>30m,67.3,2,0.0,1,0,0.0,66.19
nuscenes_mini_subset,scene-0103_032,roll,3.0,deg,5,Car,vehicle,9.4,0-15m,145.0,0,0.79,34,34,1.0,71.15
nuscenes_mini_subset,scene-0103_032,roll,3.0,deg,6,Car,vehicle,25.2,15-30m,154.4,0,0.0,22,7,0.3182,67.2
nuscenes_mini_subset,scene-0103_032,roll,3.0,deg,8,Car,vehicle,33.2,>30m,135.5,1,0.0,10,2,0.2,66.51
nuscenes_mini_subset,scene-0103_032,roll,3.0,deg,9,Pedestrian,pedestrian,21.8,15-30m,73.8,2,0.04,0,0,,
nuscenes_mini_subset,scene-0103_032,roll,3.0,deg,10,Bicycle,cyclist,17.2,15-30m,113.8,0,0.0,16,12,0.75,67.59
nuscenes_mini_subset,scene-0103_032,roll,3.0,deg,11,Car,vehicle,19.2,15-30m,218.6,1,0.0,25,20,0.8,67.8
nuscenes_mini_subset,scene-0103_032,roll,3.0,deg,12,Truck,vehicle,25.1,15-30m,270.2,0,0.0,70,38,0.5429,66.83
nuscenes_mini_subset,scene-0103_032,roll,3.0,deg,13,Pedestrian,pedestrian,37.0,>30m,21.3,2,0.0,0,0,,
nuscenes_mini_subset,scene-0103_032,roll,3.0,deg,14,Car,vehicle,48.0,>30m,54.9,1,0.0,0,0,,
nuscenes_mini_subset,scene-0103_032,roll,3.0,deg,15,Car,vehicle,30.8,>30m,102.1,1,0.0,3,1,0.3333,66.92
nuscenes_mini_subset,scene-0103_032,roll,3.0,deg,16,Car,vehicle,13.8,0-15m,397.3,0,0.12,123,112,0.9106,69.29
nuscenes_mini_subset,scene-0103_032,tx,0.0,m,0,Pedestrian,pedestrian,37.1,>30m,22.9,2,0.0,0,0,,
nuscenes_mini_subset,scene-0103_032,tx,0.0,m,1,Car,vehicle,45.8,>30m,71.3,0,0.0,5,5,1.0,0.0
nuscenes_mini_subset,scene-0103_032,tx,0.0,m,2,Car,vehicle,42.1,>30m,75.5,0,0.0,4,4,1.0,0.0
nuscenes_mini_subset,scene-0103_032,tx,0.0,m,3,Car,vehicle,22.6,15-30m,91.4,2,0.75,0,0,,
nuscenes_mini_subset,scene-0103_032,tx,0.0,m,4,Car,vehicle,50.4,>30m,67.3,2,0.0,1,1,1.0,0.0
nuscenes_mini_subset,scene-0103_032,tx,0.0,m,5,Car,vehicle,9.4,0-15m,145.0,0,0.79,30,30,1.0,0.0
nuscenes_mini_subset,scene-0103_032,tx,0.0,m,6,Car,vehicle,25.2,15-30m,154.4,0,0.0,22,22,1.0,0.0
nuscenes_mini_subset,scene-0103_032,tx,0.0,m,8,Car,vehicle,33.2,>30m,135.5,1,0.0,10,10,1.0,0.0
nuscenes_mini_subset,scene-0103_032,tx,0.0,m,9,Pedestrian,pedestrian,21.8,15-30m,73.8,2,0.04,0,0,,
nuscenes_mini_subset,scene-0103_032,tx,0.0,m,10,Bicycle,cyclist,17.2,15-30m,113.8,0,0.0,16,16,1.0,0.0
nuscenes_mini_subset,scene-0103_032,tx,0.0,m,11,Car,vehicle,19.2,15-30m,218.6,1,0.0,25,25,1.0,0.0
nuscenes_mini_subset,scene-0103_032,tx,0.0,m,12,Truck,vehicle,25.1,15-30m,270.2,0,0.0,70,70,1.0,0.0
nuscenes_mini_subset,scene-0103_032,tx,0.0,m,13,Pedestrian,pedestrian,37.0,>30m,21.3,2,0.0,0,0,,
nuscenes_mini_subset,scene-0103_032,tx,0.0,m,14,Car,vehicle,48.0,>30m,54.9,1,0.0,0,0,,
nuscenes_mini_subset,scene-0103_032,tx,0.0,m,15,Car,vehicle,30.8,>30m,102.1,1,0.0,3,3,1.0,0.0
nuscenes_mini_subset,scene-0103_032,tx,0.0,m,16,Car,vehicle,13.8,0-15m,397.3,0,0.12,123,123,1.0,0.0
nuscenes_mini_subset,scene-0103_032,tx,0.02,m,0,Pedestrian,pedestrian,37.1,>30m,22.9,2,0.0,0,0,,
nuscenes_mini_subset,scene-0103_032,tx,0.02,m,1,Car,vehicle,45.8,>30m,71.3,0,0.0,5,5,1.0,0.57
nuscenes_mini_subset,scene-0103_032,tx,0.02,m,2,Car,vehicle,42.1,>30m,75.5,0,0.0,4,4,1.0,0.64
nuscenes_mini_subset,scene-0103_032,tx,0.02,m,3,Car,vehicle,22.6,15-30m,91.4,2,0.75,0,0,,
nuscenes_mini_subset,scene-0103_032,tx,0.02,m,4,Car,vehicle,50.4,>30m,67.3,2,0.0,1,1,1.0,0.52
nuscenes_mini_subset,scene-0103_032,tx,0.02,m,5,Car,vehicle,9.4,0-15m,145.0,0,0.79,30,30,1.0,3.04
nuscenes_mini_subset,scene-0103_032,tx,0.02,m,6,Car,vehicle,25.2,15-30m,154.4,0,0.0,22,22,1.0,1.09
nuscenes_mini_subset,scene-0103_032,tx,0.02,m,8,Car,vehicle,33.2,>30m,135.5,1,0.0,10,10,1.0,0.8
nuscenes_mini_subset,scene-0103_032,tx,0.02,m,9,Pedestrian,pedestrian,21.8,15-30m,73.8,2,0.04,0,0,,
nuscenes_mini_subset,scene-0103_032,tx,0.02,m,10,Bicycle,cyclist,17.2,15-30m,113.8,0,0.0,16,16,1.0,1.54
nuscenes_mini_subset,scene-0103_032,tx,0.02,m,11,Car,vehicle,19.2,15-30m,218.6,1,0.0,25,25,1.0,1.44
nuscenes_mini_subset,scene-0103_032,tx,0.02,m,12,Truck,vehicle,25.1,15-30m,270.2,0,0.0,70,70,1.0,1.08
nuscenes_mini_subset,scene-0103_032,tx,0.02,m,13,Pedestrian,pedestrian,37.0,>30m,21.3,2,0.0,0,0,,
nuscenes_mini_subset,scene-0103_032,tx,0.02,m,14,Car,vehicle,48.0,>30m,54.9,1,0.0,0,0,,
nuscenes_mini_subset,scene-0103_032,tx,0.02,m,15,Car,vehicle,30.8,>30m,102.1,1,0.0,3,3,1.0,0.88
nuscenes_mini_subset,scene-0103_032,tx,0.02,m,16,Car,vehicle,13.8,0-15m,397.3,0,0.12,123,123,1.0,2.24
nuscenes_mini_subset,scene-0103_032,tx,0.05,m,0,Pedestrian,pedestrian,37.1,>30m,22.9,2,0.0,0,0,,
nuscenes_mini_subset,scene-0103_032,tx,0.05,m,1,Car,vehicle,45.8,>30m,71.3,0,0.0,5,5,1.0,1.42
nuscenes_mini_subset,scene-0103_032,tx,0.05,m,2,Car,vehicle,42.1,>30m,75.5,0,0.0,4,4,1.0,1.59
nuscenes_mini_subset,scene-0103_032,tx,0.05,m,3,Car,vehicle,22.6,15-30m,91.4,2,0.75,0,0,,
nuscenes_mini_subset,scene-0103_032,tx,0.05,m,4,Car,vehicle,50.4,>30m,67.3,2,0.0,1,1,1.0,1.31
nuscenes_mini_subset,scene-0103_032,tx,0.05,m,5,Car,vehicle,9.4,0-15m,145.0,0,0.79,30,28,0.9333,7.6
nuscenes_mini_subset,scene-0103_032,tx,0.05,m,6,Car,vehicle,25.2,15-30m,154.4,0,0.0,22,22,1.0,2.72
nuscenes_mini_subset,scene-0103_032,tx,0.05,m,8,Car,vehicle,33.2,>30m,135.5,1,0.0,10,10,1.0,1.99
nuscenes_mini_subset,scene-0103_032,tx,0.05,m,9,Pedestrian,pedestrian,21.8,15-30m,73.8,2,0.04,0,0,,
nuscenes_mini_subset,scene-0103_032,tx,0.05,m,10,Bicycle,cyclist,17.2,15-30m,113.8,0,0.0,16,16,1.0,3.84
nuscenes_mini_subset,scene-0103_032,tx,0.05,m,11,Car,vehicle,19.2,15-30m,218.6,1,0.0,25,25,1.0,3.59
nuscenes_mini_subset,scene-0103_032,tx,0.05,m,12,Truck,vehicle,25.1,15-30m,270.2,0,0.0,70,70,1.0,2.7
nuscenes_mini_subset,scene-0103_032,tx,0.05,m,13,Pedestrian,pedestrian,37.0,>30m,21.3,2,0.0,0,0,,
nuscenes_mini_subset,scene-0103_032,tx,0.05,m,14,Car,vehicle,48.0,>30m,54.9,1,0.0,0,0,,
nuscenes_mini_subset,scene-0103_032,tx,0.05,m,15,Car,vehicle,30.8,>30m,102.1,1,0.0,3,3,1.0,2.2
nuscenes_mini_subset,scene-0103_032,tx,0.05,m,16,Car,vehicle,13.8,0-15m,397.3,0,0.12,123,123,1.0,5.6
nuscenes_mini_subset,scene-0103_032,tx,0.1,m,0,Pedestrian,pedestrian,37.1,>30m,22.9,2,0.0,0,0,,
nuscenes_mini_subset,scene-0103_032,tx,0.1,m,1,Car,vehicle,45.8,>30m,71.3,0,0.0,5,5,1.0,2.84
nuscenes_mini_subset,scene-0103_032,tx,0.1,m,2,Car,vehicle,42.1,>30m,75.5,0,0.0,4,4,1.0,3.18
nuscenes_mini_subset,scene-0103_032,tx,0.1,m,3,Car,vehicle,22.6,15-30m,91.4,2,0.75,0,0,,
nuscenes_mini_subset,scene-0103_032,tx,0.1,m,4,Car,vehicle,50.4,>30m,67.3,2,0.0,1,1,1.0,2.61
nuscenes_mini_subset,scene-0103_032,tx,0.1,m,5,Car,vehicle,9.4,0-15m,145.0,0,0.79,27,27,1.0,15.06
nuscenes_mini_subset,scene-0103_032,tx,0.1,m,6,Car,vehicle,25.2,15-30m,154.4,0,0.0,22,22,1.0,5.44
nuscenes_mini_subset,scene-0103_032,tx,0.1,m,8,Car,vehicle,33.2,>30m,135.5,1,0.0,10,10,1.0,3.98
nuscenes_mini_subset,scene-0103_032,tx,0.1,m,9,Pedestrian,pedestrian,21.8,15-30m,73.8,2,0.04,0,0,,
nuscenes_mini_subset,scene-0103_032,tx,0.1,m,10,Bicycle,cyclist,17.2,15-30m,113.8,0,0.0,16,16,1.0,7.69
nuscenes_mini_subset,scene-0103_032,tx,0.1,m,11,Car,vehicle,19.2,15-30m,218.6,1,0.0,25,25,1.0,7.19
nuscenes_mini_subset,scene-0103_032,tx,0.1,m,12,Truck,vehicle,25.1,15-30m,270.2,0,0.0,70,70,1.0,5.39
nuscenes_mini_subset,scene-0103_032,tx,0.1,m,13,Pedestrian,pedestrian,37.0,>30m,21.3,2,0.0,0,0,,
nuscenes_mini_subset,scene-0103_032,tx,0.1,m,14,Car,vehicle,48.0,>30m,54.9,1,0.0,0,0,,
nuscenes_mini_subset,scene-0103_032,tx,0.1,m,15,Car,vehicle,30.8,>30m,102.1,1,0.0,3,3,1.0,4.4
nuscenes_mini_subset,scene-0103_032,tx,0.1,m,16,Car,vehicle,13.8,0-15m,397.3,0,0.12,123,123,1.0,11.2
nuscenes_mini_subset,scene-0103_032,tx,0.2,m,0,Pedestrian,pedestrian,37.1,>30m,22.9,2,0.0,0,0,,
nuscenes_mini_subset,scene-0103_032,tx,0.2,m,1,Car,vehicle,45.8,>30m,71.3,0,0.0,5,5,1.0,5.68
nuscenes_mini_subset,scene-0103_032,tx,0.2,m,2,Car,vehicle,42.1,>30m,75.5,0,0.0,4,4,1.0,6.36
nuscenes_mini_subset,scene-0103_032,tx,0.2,m,3,Car,vehicle,22.6,15-30m,91.4,2,0.75,0,0,,
nuscenes_mini_subset,scene-0103_032,tx,0.2,m,4,Car,vehicle,50.4,>30m,67.3,2,0.0,1,1,1.0,5.22
nuscenes_mini_subset,scene-0103_032,tx,0.2,m,5,Car,vehicle,9.4,0-15m,145.0,0,0.79,23,22,0.9565,29.74
nuscenes_mini_subset,scene-0103_032,tx,0.2,m,6,Car,vehicle,25.2,15-30m,154.4,0,0.0,22,22,1.0,10.88
nuscenes_mini_subset,scene-0103_032,tx,0.2,m,8,Car,vehicle,33.2,>30m,135.5,1,0.0,10,10,1.0,7.96
nuscenes_mini_subset,scene-0103_032,tx,0.2,m,9,Pedestrian,pedestrian,21.8,15-30m,73.8,2,0.04,0,0,,
nuscenes_mini_subset,scene-0103_032,tx,0.2,m,10,Bicycle,cyclist,17.2,15-30m,113.8,0,0.0,16,16,1.0,15.38
nuscenes_mini_subset,scene-0103_032,tx,0.2,m,11,Car,vehicle,19.2,15-30m,218.6,1,0.0,25,25,1.0,14.37
nuscenes_mini_subset,scene-0103_032,tx,0.2,m,12,Truck,vehicle,25.1,15-30m,270.2,0,0.0,70,70,1.0,10.79
nuscenes_mini_subset,scene-0103_032,tx,0.2,m,13,Pedestrian,pedestrian,37.0,>30m,21.3,2,0.0,0,0,,
nuscenes_mini_subset,scene-0103_032,tx,0.2,m,14,Car,vehicle,48.0,>30m,54.9,1,0.0,0,0,,
nuscenes_mini_subset,scene-0103_032,tx,0.2,m,15,Car,vehicle,30.8,>30m,102.1,1,0.0,3,3,1.0,8.81
nuscenes_mini_subset,scene-0103_032,tx,0.2,m,16,Car,vehicle,13.8,0-15m,397.3,0,0.12,123,123,1.0,22.4
nuscenes_mini_subset,scene-0103_032,ty,0.0,m,0,Pedestrian,pedestrian,37.1,>30m,22.9,2,0.0,0,0,,
nuscenes_mini_subset,scene-0103_032,ty,0.0,m,1,Car,vehicle,45.8,>30m,71.3,0,0.0,5,5,1.0,0.0
nuscenes_mini_subset,scene-0103_032,ty,0.0,m,2,Car,vehicle,42.1,>30m,75.5,0,0.0,4,4,1.0,0.0
nuscenes_mini_subset,scene-0103_032,ty,0.0,m,3,Car,vehicle,22.6,15-30m,91.4,2,0.75,0,0,,
nuscenes_mini_subset,scene-0103_032,ty,0.0,m,4,Car,vehicle,50.4,>30m,67.3,2,0.0,1,1,1.0,0.0
nuscenes_mini_subset,scene-0103_032,ty,0.0,m,5,Car,vehicle,9.4,0-15m,145.0,0,0.79,30,30,1.0,0.0
nuscenes_mini_subset,scene-0103_032,ty,0.0,m,6,Car,vehicle,25.2,15-30m,154.4,0,0.0,22,22,1.0,0.0
nuscenes_mini_subset,scene-0103_032,ty,0.0,m,8,Car,vehicle,33.2,>30m,135.5,1,0.0,10,10,1.0,0.0
nuscenes_mini_subset,scene-0103_032,ty,0.0,m,9,Pedestrian,pedestrian,21.8,15-30m,73.8,2,0.04,0,0,,
nuscenes_mini_subset,scene-0103_032,ty,0.0,m,10,Bicycle,cyclist,17.2,15-30m,113.8,0,0.0,16,16,1.0,0.0
nuscenes_mini_subset,scene-0103_032,ty,0.0,m,11,Car,vehicle,19.2,15-30m,218.6,1,0.0,25,25,1.0,0.0
nuscenes_mini_subset,scene-0103_032,ty,0.0,m,12,Truck,vehicle,25.1,15-30m,270.2,0,0.0,70,70,1.0,0.0
nuscenes_mini_subset,scene-0103_032,ty,0.0,m,13,Pedestrian,pedestrian,37.0,>30m,21.3,2,0.0,0,0,,
nuscenes_mini_subset,scene-0103_032,ty,0.0,m,14,Car,vehicle,48.0,>30m,54.9,1,0.0,0,0,,
nuscenes_mini_subset,scene-0103_032,ty,0.0,m,15,Car,vehicle,30.8,>30m,102.1,1,0.0,3,3,1.0,0.0
nuscenes_mini_subset,scene-0103_032,ty,0.0,m,16,Car,vehicle,13.8,0-15m,397.3,0,0.12,123,123,1.0,0.0
nuscenes_mini_subset,scene-0103_032,ty,0.02,m,0,Pedestrian,pedestrian,37.1,>30m,22.9,2,0.0,0,0,,
nuscenes_mini_subset,scene-0103_032,ty,0.02,m,1,Car,vehicle,45.8,>30m,71.3,0,0.0,5,5,1.0,0.12
nuscenes_mini_subset,scene-0103_032,ty,0.02,m,2,Car,vehicle,42.1,>30m,75.5,0,0.0,4,4,1.0,0.09
nuscenes_mini_subset,scene-0103_032,ty,0.02,m,3,Car,vehicle,22.6,15-30m,91.4,2,0.75,0,0,,
nuscenes_mini_subset,scene-0103_032,ty,0.02,m,4,Car,vehicle,50.4,>30m,67.3,2,0.0,1,1,1.0,0.09
nuscenes_mini_subset,scene-0103_032,ty,0.02,m,5,Car,vehicle,9.4,0-15m,145.0,0,0.79,32,31,0.9688,1.7
nuscenes_mini_subset,scene-0103_032,ty,0.02,m,6,Car,vehicle,25.2,15-30m,154.4,0,0.0,22,22,1.0,0.24
nuscenes_mini_subset,scene-0103_032,ty,0.02,m,8,Car,vehicle,33.2,>30m,135.5,1,0.0,10,10,1.0,0.2
nuscenes_mini_subset,scene-0103_032,ty,0.02,m,9,Pedestrian,pedestrian,21.8,15-30m,73.8,2,0.04,0,0,,
nuscenes_mini_subset,scene-0103_032,ty,0.02,m,10,Bicycle,cyclist,17.2,15-30m,113.8,0,0.0,16,16,1.0,0.58
nuscenes_mini_subset,scene-0103_032,ty,0.02,m,11,Car,vehicle,19.2,15-30m,218.6,1,0.0,25,25,1.0,0.39
nuscenes_mini_subset,scene-0103_032,ty,0.02,m,12,Truck,vehicle,25.1,15-30m,270.2,0,0.0,70,70,1.0,0.39
nuscenes_mini_subset,scene-0103_032,ty,0.02,m,13,Pedestrian,pedestrian,37.0,>30m,21.3,2,0.0,0,0,,
nuscenes_mini_subset,scene-0103_032,ty,0.02,m,14,Car,vehicle,48.0,>30m,54.9,1,0.0,0,0,,
nuscenes_mini_subset,scene-0103_032,ty,0.02,m,15,Car,vehicle,30.8,>30m,102.1,1,0.0,3,3,1.0,0.15
nuscenes_mini_subset,scene-0103_032,ty,0.02,m,16,Car,vehicle,13.8,0-15m,397.3,0,0.12,123,123,1.0,0.98
nuscenes_mini_subset,scene-0103_032,ty,0.05,m,0,Pedestrian,pedestrian,37.1,>30m,22.9,2,0.0,0,0,,
nuscenes_mini_subset,scene-0103_032,ty,0.05,m,1,Car,vehicle,45.8,>30m,71.3,0,0.0,5,5,1.0,0.29
nuscenes_mini_subset,scene-0103_032,ty,0.05,m,2,Car,vehicle,42.1,>30m,75.5,0,0.0,4,4,1.0,0.22
nuscenes_mini_subset,scene-0103_032,ty,0.05,m,3,Car,vehicle,22.6,15-30m,91.4,2,0.75,0,0,,
nuscenes_mini_subset,scene-0103_032,ty,0.05,m,4,Car,vehicle,50.4,>30m,67.3,2,0.0,1,1,1.0,0.23
nuscenes_mini_subset,scene-0103_032,ty,0.05,m,5,Car,vehicle,9.4,0-15m,145.0,0,0.79,34,33,0.9706,4.23
nuscenes_mini_subset,scene-0103_032,ty,0.05,m,6,Car,vehicle,25.2,15-30m,154.4,0,0.0,22,22,1.0,0.59
nuscenes_mini_subset,scene-0103_032,ty,0.05,m,8,Car,vehicle,33.2,>30m,135.5,1,0.0,10,10,1.0,0.5
nuscenes_mini_subset,scene-0103_032,ty,0.05,m,9,Pedestrian,pedestrian,21.8,15-30m,73.8,2,0.04,0,0,,
nuscenes_mini_subset,scene-0103_032,ty,0.05,m,10,Bicycle,cyclist,17.2,15-30m,113.8,0,0.0,16,16,1.0,1.45
nuscenes_mini_subset,scene-0103_032,ty,0.05,m,11,Car,vehicle,19.2,15-30m,218.6,1,0.0,25,25,1.0,0.97
nuscenes_mini_subset,scene-0103_032,ty,0.05,m,12,Truck,vehicle,25.1,15-30m,270.2,0,0.0,70,70,1.0,0.98
nuscenes_mini_subset,scene-0103_032,ty,0.05,m,13,Pedestrian,pedestrian,37.0,>30m,21.3,2,0.0,0,0,,
nuscenes_mini_subset,scene-0103_032,ty,0.05,m,14,Car,vehicle,48.0,>30m,54.9,1,0.0,0,0,,
nuscenes_mini_subset,scene-0103_032,ty,0.05,m,15,Car,vehicle,30.8,>30m,102.1,1,0.0,3,3,1.0,0.38
nuscenes_mini_subset,scene-0103_032,ty,0.05,m,16,Car,vehicle,13.8,0-15m,397.3,0,0.12,123,123,1.0,2.45
nuscenes_mini_subset,scene-0103_032,ty,0.1,m,0,Pedestrian,pedestrian,37.1,>30m,22.9,2,0.0,0,0,,
nuscenes_mini_subset,scene-0103_032,ty,0.1,m,1,Car,vehicle,45.8,>30m,71.3,0,0.0,5,5,1.0,0.59
nuscenes_mini_subset,scene-0103_032,ty,0.1,m,2,Car,vehicle,42.1,>30m,75.5,0,0.0,4,4,1.0,0.43
nuscenes_mini_subset,scene-0103_032,ty,0.1,m,3,Car,vehicle,22.6,15-30m,91.4,2,0.75,0,0,,
nuscenes_mini_subset,scene-0103_032,ty,0.1,m,4,Car,vehicle,50.4,>30m,67.3,2,0.0,1,1,1.0,0.46
nuscenes_mini_subset,scene-0103_032,ty,0.1,m,5,Car,vehicle,9.4,0-15m,145.0,0,0.79,35,35,1.0,8.42
nuscenes_mini_subset,scene-0103_032,ty,0.1,m,6,Car,vehicle,25.2,15-30m,154.4,0,0.0,22,22,1.0,1.18
nuscenes_mini_subset,scene-0103_032,ty,0.1,m,8,Car,vehicle,33.2,>30m,135.5,1,0.0,10,10,1.0,1.01
nuscenes_mini_subset,scene-0103_032,ty,0.1,m,9,Pedestrian,pedestrian,21.8,15-30m,73.8,2,0.04,0,0,,
nuscenes_mini_subset,scene-0103_032,ty,0.1,m,10,Bicycle,cyclist,17.2,15-30m,113.8,0,0.0,16,16,1.0,2.89
nuscenes_mini_subset,scene-0103_032,ty,0.1,m,11,Car,vehicle,19.2,15-30m,218.6,1,0.0,25,25,1.0,1.93
nuscenes_mini_subset,scene-0103_032,ty,0.1,m,12,Truck,vehicle,25.1,15-30m,270.2,0,0.0,70,70,1.0,1.96
nuscenes_mini_subset,scene-0103_032,ty,0.1,m,13,Pedestrian,pedestrian,37.0,>30m,21.3,2,0.0,0,0,,
nuscenes_mini_subset,scene-0103_032,ty,0.1,m,14,Car,vehicle,48.0,>30m,54.9,1,0.0,0,0,,
nuscenes_mini_subset,scene-0103_032,ty,0.1,m,15,Car,vehicle,30.8,>30m,102.1,1,0.0,3,3,1.0,0.75
nuscenes_mini_subset,scene-0103_032,ty,0.1,m,16,Car,vehicle,13.8,0-15m,397.3,0,0.12,123,123,1.0,4.88
nuscenes_mini_subset,scene-0103_032,ty,0.2,m,0,Pedestrian,pedestrian,37.1,>30m,22.9,2,0.0,0,0,,
nuscenes_mini_subset,scene-0103_032,ty,0.2,m,1,Car,vehicle,45.8,>30m,71.3,0,0.0,5,5,1.0,1.17
nuscenes_mini_subset,scene-0103_032,ty,0.2,m,2,Car,vehicle,42.1,>30m,75.5,0,0.0,4,4,1.0,0.86
nuscenes_mini_subset,scene-0103_032,ty,0.2,m,3,Car,vehicle,22.6,15-30m,91.4,2,0.75,0,0,,
nuscenes_mini_subset,scene-0103_032,ty,0.2,m,4,Car,vehicle,50.4,>30m,67.3,2,0.0,1,1,1.0,0.92
nuscenes_mini_subset,scene-0103_032,ty,0.2,m,5,Car,vehicle,9.4,0-15m,145.0,0,0.79,40,40,1.0,16.63
nuscenes_mini_subset,scene-0103_032,ty,0.2,m,6,Car,vehicle,25.2,15-30m,154.4,0,0.0,22,22,1.0,2.34
nuscenes_mini_subset,scene-0103_032,ty,0.2,m,8,Car,vehicle,33.2,>30m,135.5,1,0.0,10,10,1.0,2.01
nuscenes_mini_subset,scene-0103_032,ty,0.2,m,9,Pedestrian,pedestrian,21.8,15-30m,73.8,2,0.04,0,0,,
nuscenes_mini_subset,scene-0103_032,ty,0.2,m,10,Bicycle,cyclist,17.2,15-30m,113.8,0,0.0,16,16,1.0,5.74
nuscenes_mini_subset,scene-0103_032,ty,0.2,m,11,Car,vehicle,19.2,15-30m,218.6,1,0.0,25,25,1.0,3.84
nuscenes_mini_subset,scene-0103_032,ty,0.2,m,12,Truck,vehicle,25.1,15-30m,270.2,0,0.0,70,70,1.0,3.91
nuscenes_mini_subset,scene-0103_032,ty,0.2,m,13,Pedestrian,pedestrian,37.0,>30m,21.3,2,0.0,0,0,,
nuscenes_mini_subset,scene-0103_032,ty,0.2,m,14,Car,vehicle,48.0,>30m,54.9,1,0.0,0,0,,
nuscenes_mini_subset,scene-0103_032,ty,0.2,m,15,Car,vehicle,30.8,>30m,102.1,1,0.0,3,3,1.0,1.49
nuscenes_mini_subset,scene-0103_032,ty,0.2,m,16,Car,vehicle,13.8,0-15m,397.3,0,0.12,123,123,1.0,9.67
nuscenes_mini_subset,scene-0103_032,tz,0.0,m,0,Pedestrian,pedestrian,37.1,>30m,22.9,2,0.0,0,0,,
nuscenes_mini_subset,scene-0103_032,tz,0.0,m,1,Car,vehicle,45.8,>30m,71.3,0,0.0,5,5,1.0,0.0
nuscenes_mini_subset,scene-0103_032,tz,0.0,m,2,Car,vehicle,42.1,>30m,75.5,0,0.0,4,4,1.0,0.0
nuscenes_mini_subset,scene-0103_032,tz,0.0,m,3,Car,vehicle,22.6,15-30m,91.4,2,0.75,0,0,,
nuscenes_mini_subset,scene-0103_032,tz,0.0,m,4,Car,vehicle,50.4,>30m,67.3,2,0.0,1,1,1.0,0.0
nuscenes_mini_subset,scene-0103_032,tz,0.0,m,5,Car,vehicle,9.4,0-15m,145.0,0,0.79,30,30,1.0,0.0
nuscenes_mini_subset,scene-0103_032,tz,0.0,m,6,Car,vehicle,25.2,15-30m,154.4,0,0.0,22,22,1.0,0.0
nuscenes_mini_subset,scene-0103_032,tz,0.0,m,8,Car,vehicle,33.2,>30m,135.5,1,0.0,10,10,1.0,0.0
nuscenes_mini_subset,scene-0103_032,tz,0.0,m,9,Pedestrian,pedestrian,21.8,15-30m,73.8,2,0.04,0,0,,
nuscenes_mini_subset,scene-0103_032,tz,0.0,m,10,Bicycle,cyclist,17.2,15-30m,113.8,0,0.0,16,16,1.0,0.0
nuscenes_mini_subset,scene-0103_032,tz,0.0,m,11,Car,vehicle,19.2,15-30m,218.6,1,0.0,25,25,1.0,0.0
nuscenes_mini_subset,scene-0103_032,tz,0.0,m,12,Truck,vehicle,25.1,15-30m,270.2,0,0.0,70,70,1.0,0.0
nuscenes_mini_subset,scene-0103_032,tz,0.0,m,13,Pedestrian,pedestrian,37.0,>30m,21.3,2,0.0,0,0,,
nuscenes_mini_subset,scene-0103_032,tz,0.0,m,14,Car,vehicle,48.0,>30m,54.9,1,0.0,0,0,,
nuscenes_mini_subset,scene-0103_032,tz,0.0,m,15,Car,vehicle,30.8,>30m,102.1,1,0.0,3,3,1.0,0.0
nuscenes_mini_subset,scene-0103_032,tz,0.0,m,16,Car,vehicle,13.8,0-15m,397.3,0,0.12,123,123,1.0,0.0
nuscenes_mini_subset,scene-0103_032,tz,0.02,m,0,Pedestrian,pedestrian,37.1,>30m,22.9,2,0.0,0,0,,
nuscenes_mini_subset,scene-0103_032,tz,0.02,m,1,Car,vehicle,45.8,>30m,71.3,0,0.0,5,5,1.0,0.57
nuscenes_mini_subset,scene-0103_032,tz,0.02,m,2,Car,vehicle,42.1,>30m,75.5,0,0.0,4,4,1.0,0.64
nuscenes_mini_subset,scene-0103_032,tz,0.02,m,3,Car,vehicle,22.6,15-30m,91.4,2,0.75,0,0,,
nuscenes_mini_subset,scene-0103_032,tz,0.02,m,4,Car,vehicle,50.4,>30m,67.3,2,0.0,1,1,1.0,0.52
nuscenes_mini_subset,scene-0103_032,tz,0.02,m,5,Car,vehicle,9.4,0-15m,145.0,0,0.79,30,30,1.0,3.04
nuscenes_mini_subset,scene-0103_032,tz,0.02,m,6,Car,vehicle,25.2,15-30m,154.4,0,0.0,22,22,1.0,1.09
nuscenes_mini_subset,scene-0103_032,tz,0.02,m,8,Car,vehicle,33.2,>30m,135.5,1,0.0,10,10,1.0,0.8
nuscenes_mini_subset,scene-0103_032,tz,0.02,m,9,Pedestrian,pedestrian,21.8,15-30m,73.8,2,0.04,0,0,,
nuscenes_mini_subset,scene-0103_032,tz,0.02,m,10,Bicycle,cyclist,17.2,15-30m,113.8,0,0.0,16,16,1.0,1.55
nuscenes_mini_subset,scene-0103_032,tz,0.02,m,11,Car,vehicle,19.2,15-30m,218.6,1,0.0,25,25,1.0,1.44
nuscenes_mini_subset,scene-0103_032,tz,0.02,m,12,Truck,vehicle,25.1,15-30m,270.2,0,0.0,70,70,1.0,1.08
nuscenes_mini_subset,scene-0103_032,tz,0.02,m,13,Pedestrian,pedestrian,37.0,>30m,21.3,2,0.0,0,0,,
nuscenes_mini_subset,scene-0103_032,tz,0.02,m,14,Car,vehicle,48.0,>30m,54.9,1,0.0,0,0,,
nuscenes_mini_subset,scene-0103_032,tz,0.02,m,15,Car,vehicle,30.8,>30m,102.1,1,0.0,3,3,1.0,0.88
nuscenes_mini_subset,scene-0103_032,tz,0.02,m,16,Car,vehicle,13.8,0-15m,397.3,0,0.12,123,123,1.0,2.24
nuscenes_mini_subset,scene-0103_032,tz,0.05,m,0,Pedestrian,pedestrian,37.1,>30m,22.9,2,0.0,0,0,,
nuscenes_mini_subset,scene-0103_032,tz,0.05,m,1,Car,vehicle,45.8,>30m,71.3,0,0.0,5,5,1.0,1.42
nuscenes_mini_subset,scene-0103_032,tz,0.05,m,2,Car,vehicle,42.1,>30m,75.5,0,0.0,4,4,1.0,1.59
nuscenes_mini_subset,scene-0103_032,tz,0.05,m,3,Car,vehicle,22.6,15-30m,91.4,2,0.75,0,0,,
nuscenes_mini_subset,scene-0103_032,tz,0.05,m,4,Car,vehicle,50.4,>30m,67.3,2,0.0,1,1,1.0,1.31
nuscenes_mini_subset,scene-0103_032,tz,0.05,m,5,Car,vehicle,9.4,0-15m,145.0,0,0.79,30,30,1.0,7.6
nuscenes_mini_subset,scene-0103_032,tz,0.05,m,6,Car,vehicle,25.2,15-30m,154.4,0,0.0,22,22,1.0,2.71
nuscenes_mini_subset,scene-0103_032,tz,0.05,m,8,Car,vehicle,33.2,>30m,135.5,1,0.0,10,10,1.0,2.0
nuscenes_mini_subset,scene-0103_032,tz,0.05,m,9,Pedestrian,pedestrian,21.8,15-30m,73.8,2,0.04,0,0,,
nuscenes_mini_subset,scene-0103_032,tz,0.05,m,10,Bicycle,cyclist,17.2,15-30m,113.8,0,0.0,16,16,1.0,3.87
nuscenes_mini_subset,scene-0103_032,tz,0.05,m,11,Car,vehicle,19.2,15-30m,218.6,1,0.0,25,25,1.0,3.59
nuscenes_mini_subset,scene-0103_032,tz,0.05,m,12,Truck,vehicle,25.1,15-30m,270.2,0,0.0,70,70,1.0,2.71
nuscenes_mini_subset,scene-0103_032,tz,0.05,m,13,Pedestrian,pedestrian,37.0,>30m,21.3,2,0.0,0,0,,
nuscenes_mini_subset,scene-0103_032,tz,0.05,m,14,Car,vehicle,48.0,>30m,54.9,1,0.0,0,0,,
nuscenes_mini_subset,scene-0103_032,tz,0.05,m,15,Car,vehicle,30.8,>30m,102.1,1,0.0,3,3,1.0,2.2
nuscenes_mini_subset,scene-0103_032,tz,0.05,m,16,Car,vehicle,13.8,0-15m,397.3,0,0.12,123,123,1.0,5.59
nuscenes_mini_subset,scene-0103_032,tz,0.1,m,0,Pedestrian,pedestrian,37.1,>30m,22.9,2,0.0,0,0,,
nuscenes_mini_subset,scene-0103_032,tz,0.1,m,1,Car,vehicle,45.8,>30m,71.3,0,0.0,5,5,1.0,2.85
nuscenes_mini_subset,scene-0103_032,tz,0.1,m,2,Car,vehicle,42.1,>30m,75.5,0,0.0,4,4,1.0,3.18
nuscenes_mini_subset,scene-0103_032,tz,0.1,m,3,Car,vehicle,22.6,15-30m,91.4,2,0.75,0,0,,
nuscenes_mini_subset,scene-0103_032,tz,0.1,m,4,Car,vehicle,50.4,>30m,67.3,2,0.0,1,1,1.0,2.62
nuscenes_mini_subset,scene-0103_032,tz,0.1,m,5,Car,vehicle,9.4,0-15m,145.0,0,0.79,31,30,0.9677,15.19
nuscenes_mini_subset,scene-0103_032,tz,0.1,m,6,Car,vehicle,25.2,15-30m,154.4,0,0.0,22,22,1.0,5.43
nuscenes_mini_subset,scene-0103_032,tz,0.1,m,8,Car,vehicle,33.2,>30m,135.5,1,0.0,10,10,1.0,3.99
nuscenes_mini_subset,scene-0103_032,tz,0.1,m,9,Pedestrian,pedestrian,21.8,15-30m,73.8,2,0.04,0,0,,
nuscenes_mini_subset,scene-0103_032,tz,0.1,m,10,Bicycle,cyclist,17.2,15-30m,113.8,0,0.0,16,16,1.0,7.74
nuscenes_mini_subset,scene-0103_032,tz,0.1,m,11,Car,vehicle,19.2,15-30m,218.6,1,0.0,25,25,1.0,7.18
nuscenes_mini_subset,scene-0103_032,tz,0.1,m,12,Truck,vehicle,25.1,15-30m,270.2,0,0.0,70,70,1.0,5.42
nuscenes_mini_subset,scene-0103_032,tz,0.1,m,13,Pedestrian,pedestrian,37.0,>30m,21.3,2,0.0,0,0,,
nuscenes_mini_subset,scene-0103_032,tz,0.1,m,14,Car,vehicle,48.0,>30m,54.9,1,0.0,0,0,,
nuscenes_mini_subset,scene-0103_032,tz,0.1,m,15,Car,vehicle,30.8,>30m,102.1,1,0.0,3,3,1.0,4.4
nuscenes_mini_subset,scene-0103_032,tz,0.1,m,16,Car,vehicle,13.8,0-15m,397.3,0,0.12,123,123,1.0,11.18
nuscenes_mini_subset,scene-0103_032,tz,0.2,m,0,Pedestrian,pedestrian,37.1,>30m,22.9,2,0.0,0,0,,
nuscenes_mini_subset,scene-0103_032,tz,0.2,m,1,Car,vehicle,45.8,>30m,71.3,0,0.0,5,5,1.0,5.69
nuscenes_mini_subset,scene-0103_032,tz,0.2,m,2,Car,vehicle,42.1,>30m,75.5,0,0.0,4,4,1.0,6.36
nuscenes_mini_subset,scene-0103_032,tz,0.2,m,3,Car,vehicle,22.6,15-30m,91.4,2,0.75,0,0,,
nuscenes_mini_subset,scene-0103_032,tz,0.2,m,4,Car,vehicle,50.4,>30m,67.3,2,0.0,1,1,1.0,5.24
nuscenes_mini_subset,scene-0103_032,tz,0.2,m,5,Car,vehicle,9.4,0-15m,145.0,0,0.79,31,31,1.0,30.36
nuscenes_mini_subset,scene-0103_032,tz,0.2,m,6,Car,vehicle,25.2,15-30m,154.4,0,0.0,22,22,1.0,10.85
nuscenes_mini_subset,scene-0103_032,tz,0.2,m,8,Car,vehicle,33.2,>30m,135.5,1,0.0,10,10,1.0,7.99
nuscenes_mini_subset,scene-0103_032,tz,0.2,m,9,Pedestrian,pedestrian,21.8,15-30m,73.8,2,0.04,0,0,,
nuscenes_mini_subset,scene-0103_032,tz,0.2,m,10,Bicycle,cyclist,17.2,15-30m,113.8,0,0.0,16,16,1.0,15.47
nuscenes_mini_subset,scene-0103_032,tz,0.2,m,11,Car,vehicle,19.2,15-30m,218.6,1,0.0,25,24,0.96,14.35
nuscenes_mini_subset,scene-0103_032,tz,0.2,m,12,Truck,vehicle,25.1,15-30m,270.2,0,0.0,70,70,1.0,10.83
nuscenes_mini_subset,scene-0103_032,tz,0.2,m,13,Pedestrian,pedestrian,37.0,>30m,21.3,2,0.0,0,0,,
nuscenes_mini_subset,scene-0103_032,tz,0.2,m,14,Car,vehicle,48.0,>30m,54.9,1,0.0,0,0,,
nuscenes_mini_subset,scene-0103_032,tz,0.2,m,15,Car,vehicle,30.8,>30m,102.1,1,0.0,3,3,1.0,8.8
nuscenes_mini_subset,scene-0103_032,tz,0.2,m,16,Car,vehicle,13.8,0-15m,397.3,0,0.12,123,123,1.0,22.35
nuscenes_mini_subset,scene-0103_036,yaw,0.0,deg,0,Pedestrian,pedestrian,25.5,15-30m,40.8,2,0.0,0,0,,
nuscenes_mini_subset,scene-0103_036,yaw,0.0,deg,1,Car,vehicle,30.7,>30m,128.7,0,0.0,25,25,1.0,0.0
nuscenes_mini_subset,scene-0103_036,yaw,0.0,deg,2,Car,vehicle,51.8,>30m,58.1,1,0.0,1,1,1.0,0.0
nuscenes_mini_subset,scene-0103_036,yaw,0.0,deg,3,Car,vehicle,26.8,15-30m,138.5,0,0.0,16,16,1.0,0.0
nuscenes_mini_subset,scene-0103_036,yaw,0.0,deg,4,Car,vehicle,19.5,15-30m,150.3,0,0.0,17,17,1.0,0.0
nuscenes_mini_subset,scene-0103_036,yaw,0.0,deg,5,Car,vehicle,35.2,>30m,112.5,2,0.0,3,3,1.0,0.0
nuscenes_mini_subset,scene-0103_036,yaw,0.0,deg,6,Car,vehicle,64.4,>30m,46.7,1,0.0,1,1,1.0,0.0
nuscenes_mini_subset,scene-0103_036,yaw,0.0,deg,7,Car,vehicle,10.5,0-15m,283.5,0,0.6,107,107,1.0,0.0
nuscenes_mini_subset,scene-0103_036,yaw,0.0,deg,8,Car,vehicle,69.7,>30m,37.9,2,0.0,2,2,1.0,0.0
nuscenes_mini_subset,scene-0103_036,yaw,0.0,deg,9,Car,vehicle,18.6,15-30m,341.0,0,0.08,74,74,1.0,0.0
nuscenes_mini_subset,scene-0103_036,yaw,0.0,deg,11,Truck,vehicle,11.9,0-15m,20.4,0,0.99,0,0,,
nuscenes_mini_subset,scene-0103_036,yaw,0.0,deg,12,Pedestrian,pedestrian,25.3,15-30m,37.1,2,0.0,0,0,,
nuscenes_mini_subset,scene-0103_036,yaw,0.0,deg,13,Car,vehicle,32.6,>30m,89.4,0,0.0,1,1,1.0,0.0
nuscenes_mini_subset,scene-0103_036,yaw,0.0,deg,14,Car,vehicle,15.7,15-30m,279.7,0,0.0,38,38,1.0,0.0
nuscenes_mini_subset,scene-0103_036,yaw,0.25,deg,0,Pedestrian,pedestrian,25.5,15-30m,40.8,2,0.0,0,0,,
nuscenes_mini_subset,scene-0103_036,yaw,0.25,deg,1,Car,vehicle,30.7,>30m,128.7,0,0.0,25,25,1.0,6.09
nuscenes_mini_subset,scene-0103_036,yaw,0.25,deg,2,Car,vehicle,51.8,>30m,58.1,1,0.0,1,1,1.0,5.58
nuscenes_mini_subset,scene-0103_036,yaw,0.25,deg,3,Car,vehicle,26.8,15-30m,138.5,0,0.0,16,16,1.0,5.88
nuscenes_mini_subset,scene-0103_036,yaw,0.25,deg,4,Car,vehicle,19.5,15-30m,150.3,0,0.0,17,17,1.0,5.78
nuscenes_mini_subset,scene-0103_036,yaw,0.25,deg,5,Car,vehicle,35.2,>30m,112.5,2,0.0,3,3,1.0,5.88
nuscenes_mini_subset,scene-0103_036,yaw,0.25,deg,6,Car,vehicle,64.4,>30m,46.7,1,0.0,1,1,1.0,5.56
nuscenes_mini_subset,scene-0103_036,yaw,0.25,deg,7,Car,vehicle,10.5,0-15m,283.5,0,0.6,113,113,1.0,7.32
nuscenes_mini_subset,scene-0103_036,yaw,0.25,deg,8,Car,vehicle,69.7,>30m,37.9,2,0.0,2,2,1.0,5.54
nuscenes_mini_subset,scene-0103_036,yaw,0.25,deg,9,Car,vehicle,18.6,15-30m,341.0,0,0.08,73,73,1.0,7.14
nuscenes_mini_subset,scene-0103_036,yaw,0.25,deg,11,Truck,vehicle,11.9,0-15m,20.4,0,0.99,0,0,,
nuscenes_mini_subset,scene-0103_036,yaw,0.25,deg,12,Pedestrian,pedestrian,25.3,15-30m,37.1,2,0.0,0,0,,
nuscenes_mini_subset,scene-0103_036,yaw,0.25,deg,13,Car,vehicle,32.6,>30m,89.4,0,0.0,1,1,1.0,5.73
nuscenes_mini_subset,scene-0103_036,yaw,0.25,deg,14,Car,vehicle,15.7,15-30m,279.7,0,0.0,38,38,1.0,6.39
nuscenes_mini_subset,scene-0103_036,yaw,0.5,deg,0,Pedestrian,pedestrian,25.5,15-30m,40.8,2,0.0,0,0,,
nuscenes_mini_subset,scene-0103_036,yaw,0.5,deg,1,Car,vehicle,30.7,>30m,128.7,0,0.0,25,25,1.0,12.19
nuscenes_mini_subset,scene-0103_036,yaw,0.5,deg,2,Car,vehicle,51.8,>30m,58.1,1,0.0,1,1,1.0,11.16
nuscenes_mini_subset,scene-0103_036,yaw,0.5,deg,3,Car,vehicle,26.8,15-30m,138.5,0,0.0,16,15,0.9375,11.74
nuscenes_mini_subset,scene-0103_036,yaw,0.5,deg,4,Car,vehicle,19.5,15-30m,150.3,0,0.0,17,17,1.0,11.57
nuscenes_mini_subset,scene-0103_036,yaw,0.5,deg,5,Car,vehicle,35.2,>30m,112.5,2,0.0,3,3,1.0,11.77
nuscenes_mini_subset,scene-0103_036,yaw,0.5,deg,6,Car,vehicle,64.4,>30m,46.7,1,0.0,1,1,1.0,11.11
nuscenes_mini_subset,scene-0103_036,yaw,0.5,deg,7,Car,vehicle,10.5,0-15m,283.5,0,0.6,120,120,1.0,14.6
nuscenes_mini_subset,scene-0103_036,yaw,0.5,deg,8,Car,vehicle,69.7,>30m,37.9,2,0.0,2,1,0.5,11.07
nuscenes_mini_subset,scene-0103_036,yaw,0.5,deg,9,Car,vehicle,18.6,15-30m,341.0,0,0.08,71,71,1.0,14.26
nuscenes_mini_subset,scene-0103_036,yaw,0.5,deg,11,Truck,vehicle,11.9,0-15m,20.4,0,0.99,0,0,,
nuscenes_mini_subset,scene-0103_036,yaw,0.5,deg,12,Pedestrian,pedestrian,25.3,15-30m,37.1,2,0.0,0,0,,
nuscenes_mini_subset,scene-0103_036,yaw,0.5,deg,13,Car,vehicle,32.6,>30m,89.4,0,0.0,1,1,1.0,11.45
nuscenes_mini_subset,scene-0103_036,yaw,0.5,deg,14,Car,vehicle,15.7,15-30m,279.7,0,0.0,38,38,1.0,12.76
nuscenes_mini_subset,scene-0103_036,yaw,1.0,deg,0,Pedestrian,pedestrian,25.5,15-30m,40.8,2,0.0,0,0,,
nuscenes_mini_subset,scene-0103_036,yaw,1.0,deg,1,Car,vehicle,30.7,>30m,128.7,0,0.0,25,23,0.92,24.45
nuscenes_mini_subset,scene-0103_036,yaw,1.0,deg,2,Car,vehicle,51.8,>30m,58.1,1,0.0,1,0,0.0,22.3
nuscenes_mini_subset,scene-0103_036,yaw,1.0,deg,3,Car,vehicle,26.8,15-30m,138.5,0,0.0,16,15,0.9375,23.43
nuscenes_mini_subset,scene-0103_036,yaw,1.0,deg,4,Car,vehicle,19.5,15-30m,150.3,0,0.0,17,13,0.7647,23.18
nuscenes_mini_subset,scene-0103_036,yaw,1.0,deg,5,Car,vehicle,35.2,>30m,112.5,2,0.0,3,3,1.0,23.6
nuscenes_mini_subset,scene-0103_036,yaw,1.0,deg,6,Car,vehicle,64.4,>30m,46.7,1,0.0,1,1,1.0,22.21
nuscenes_mini_subset,scene-0103_036,yaw,1.0,deg,7,Car,vehicle,10.5,0-15m,283.5,0,0.6,126,126,1.0,29.07
nuscenes_mini_subset,scene-0103_036,yaw,1.0,deg,8,Car,vehicle,69.7,>30m,37.9,2,0.0,2,0,0.0,22.12
nuscenes_mini_subset,scene-0103_036,yaw,1.0,deg,9,Car,vehicle,18.6,15-30m,341.0,0,0.08,69,69,1.0,28.56
nuscenes_mini_subset,scene-0103_036,yaw,1.0,deg,11,Truck,vehicle,11.9,0-15m,20.4,0,0.99,0,0,,
nuscenes_mini_subset,scene-0103_036,yaw,1.0,deg,12,Pedestrian,pedestrian,25.3,15-30m,37.1,2,0.0,0,0,,
nuscenes_mini_subset,scene-0103_036,yaw,1.0,deg,13,Car,vehicle,32.6,>30m,89.4,0,0.0,1,1,1.0,22.86
nuscenes_mini_subset,scene-0103_036,yaw,1.0,deg,14,Car,vehicle,15.7,15-30m,279.7,0,0.0,38,36,0.9474,25.43
nuscenes_mini_subset,scene-0103_036,yaw,2.0,deg,0,Pedestrian,pedestrian,25.5,15-30m,40.8,2,0.0,0,0,,
nuscenes_mini_subset,scene-0103_036,yaw,2.0,deg,1,Car,vehicle,30.7,>30m,128.7,0,0.0,25,16,0.64,49.18
nuscenes_mini_subset,scene-0103_036,yaw,2.0,deg,2,Car,vehicle,51.8,>30m,58.1,1,0.0,1,0,0.0,44.53
nuscenes_mini_subset,scene-0103_036,yaw,2.0,deg,3,Car,vehicle,26.8,15-30m,138.5,0,0.0,16,11,0.6875,46.68
nuscenes_mini_subset,scene-0103_036,yaw,2.0,deg,4,Car,vehicle,19.5,15-30m,150.3,0,0.0,17,11,0.6471,46.51
nuscenes_mini_subset,scene-0103_036,yaw,2.0,deg,5,Car,vehicle,35.2,>30m,112.5,2,0.0,3,3,1.0,47.42
nuscenes_mini_subset,scene-0103_036,yaw,2.0,deg,6,Car,vehicle,64.4,>30m,46.7,1,0.0,1,0,0.0,44.36
nuscenes_mini_subset,scene-0103_036,yaw,2.0,deg,7,Car,vehicle,10.5,0-15m,283.5,0,0.6,148,142,0.9595,57.61
nuscenes_mini_subset,scene-0103_036,yaw,2.0,deg,8,Car,vehicle,69.7,>30m,37.9,2,0.0,2,0,0.0,44.2
nuscenes_mini_subset,scene-0103_036,yaw,2.0,deg,9,Car,vehicle,18.6,15-30m,341.0,0,0.08,68,68,1.0,57.57
nuscenes_mini_subset,scene-0103_036,yaw,2.0,deg,11,Truck,vehicle,11.9,0-15m,20.4,0,0.99,0,0,,
nuscenes_mini_subset,scene-0103_036,yaw,2.0,deg,12,Pedestrian,pedestrian,25.3,15-30m,37.1,2,0.0,0,0,,
nuscenes_mini_subset,scene-0103_036,yaw,2.0,deg,13,Car,vehicle,32.6,>30m,89.4,0,0.0,1,1,1.0,45.59
nuscenes_mini_subset,scene-0103_036,yaw,2.0,deg,14,Car,vehicle,15.7,15-30m,279.7,0,0.0,38,32,0.8421,50.56
nuscenes_mini_subset,scene-0103_036,yaw,3.0,deg,0,Pedestrian,pedestrian,25.5,15-30m,40.8,2,0.0,0,0,,
nuscenes_mini_subset,scene-0103_036,yaw,3.0,deg,1,Car,vehicle,30.7,>30m,128.7,0,0.0,25,8,0.32,74.22
nuscenes_mini_subset,scene-0103_036,yaw,3.0,deg,2,Car,vehicle,51.8,>30m,58.1,1,0.0,1,0,0.0,66.7
nuscenes_mini_subset,scene-0103_036,yaw,3.0,deg,3,Car,vehicle,26.8,15-30m,138.5,0,0.0,16,8,0.5,69.77
nuscenes_mini_subset,scene-0103_036,yaw,3.0,deg,4,Car,vehicle,19.5,15-30m,150.3,0,0.0,17,9,0.5294,70.0
nuscenes_mini_subset,scene-0103_036,yaw,3.0,deg,5,Car,vehicle,35.2,>30m,112.5,2,0.0,3,1,0.3333,71.47
nuscenes_mini_subset,scene-0103_036,yaw,3.0,deg,6,Car,vehicle,64.4,>30m,46.7,1,0.0,1,0,0.0,66.45
nuscenes_mini_subset,scene-0103_036,yaw,3.0,deg,7,Car,vehicle,10.5,0-15m,283.5,0,0.6,169,158,0.9349,85.66
nuscenes_mini_subset,scene-0103_036,yaw,3.0,deg,8,Car,vehicle,69.7,>30m,37.9,2,0.0,2,0,0.0,66.24
nuscenes_mini_subset,scene-0103_036,yaw,3.0,deg,9,Car,vehicle,18.6,15-30m,341.0,0,0.08,60,60,1.0,86.25
nuscenes_mini_subset,scene-0103_036,yaw,3.0,deg,11,Truck,vehicle,11.9,0-15m,20.4,0,0.99,0,0,,
nuscenes_mini_subset,scene-0103_036,yaw,3.0,deg,12,Pedestrian,pedestrian,25.3,15-30m,37.1,2,0.0,0,0,,
nuscenes_mini_subset,scene-0103_036,yaw,3.0,deg,13,Car,vehicle,32.6,>30m,89.4,0,0.0,1,0,0.0,68.21
nuscenes_mini_subset,scene-0103_036,yaw,3.0,deg,14,Car,vehicle,15.7,15-30m,279.7,0,0.0,38,27,0.7105,75.4
nuscenes_mini_subset,scene-0103_036,pitch,0.0,deg,0,Pedestrian,pedestrian,25.5,15-30m,40.8,2,0.0,0,0,,
nuscenes_mini_subset,scene-0103_036,pitch,0.0,deg,1,Car,vehicle,30.7,>30m,128.7,0,0.0,25,25,1.0,0.0
nuscenes_mini_subset,scene-0103_036,pitch,0.0,deg,2,Car,vehicle,51.8,>30m,58.1,1,0.0,1,1,1.0,0.0
nuscenes_mini_subset,scene-0103_036,pitch,0.0,deg,3,Car,vehicle,26.8,15-30m,138.5,0,0.0,16,16,1.0,0.0
nuscenes_mini_subset,scene-0103_036,pitch,0.0,deg,4,Car,vehicle,19.5,15-30m,150.3,0,0.0,17,17,1.0,0.0
nuscenes_mini_subset,scene-0103_036,pitch,0.0,deg,5,Car,vehicle,35.2,>30m,112.5,2,0.0,3,3,1.0,0.0
nuscenes_mini_subset,scene-0103_036,pitch,0.0,deg,6,Car,vehicle,64.4,>30m,46.7,1,0.0,1,1,1.0,0.0
nuscenes_mini_subset,scene-0103_036,pitch,0.0,deg,7,Car,vehicle,10.5,0-15m,283.5,0,0.6,107,107,1.0,0.0
nuscenes_mini_subset,scene-0103_036,pitch,0.0,deg,8,Car,vehicle,69.7,>30m,37.9,2,0.0,2,2,1.0,0.0
nuscenes_mini_subset,scene-0103_036,pitch,0.0,deg,9,Car,vehicle,18.6,15-30m,341.0,0,0.08,74,74,1.0,0.0
nuscenes_mini_subset,scene-0103_036,pitch,0.0,deg,11,Truck,vehicle,11.9,0-15m,20.4,0,0.99,0,0,,
nuscenes_mini_subset,scene-0103_036,pitch,0.0,deg,12,Pedestrian,pedestrian,25.3,15-30m,37.1,2,0.0,0,0,,
nuscenes_mini_subset,scene-0103_036,pitch,0.0,deg,13,Car,vehicle,32.6,>30m,89.4,0,0.0,1,1,1.0,0.0
nuscenes_mini_subset,scene-0103_036,pitch,0.0,deg,14,Car,vehicle,15.7,15-30m,279.7,0,0.0,38,38,1.0,0.0
nuscenes_mini_subset,scene-0103_036,pitch,0.25,deg,0,Pedestrian,pedestrian,25.5,15-30m,40.8,2,0.0,0,0,,
nuscenes_mini_subset,scene-0103_036,pitch,0.25,deg,1,Car,vehicle,30.7,>30m,128.7,0,0.0,25,25,1.0,1.74
nuscenes_mini_subset,scene-0103_036,pitch,0.25,deg,2,Car,vehicle,51.8,>30m,58.1,1,0.0,1,1,1.0,0.57
nuscenes_mini_subset,scene-0103_036,pitch,0.25,deg,3,Car,vehicle,26.8,15-30m,138.5,0,0.0,16,16,1.0,1.23
nuscenes_mini_subset,scene-0103_036,pitch,0.25,deg,4,Car,vehicle,19.5,15-30m,150.3,0,0.0,17,17,1.0,0.99
nuscenes_mini_subset,scene-0103_036,pitch,0.25,deg,5,Car,vehicle,35.2,>30m,112.5,2,0.0,3,3,1.0,1.39
nuscenes_mini_subset,scene-0103_036,pitch,0.25,deg,6,Car,vehicle,64.4,>30m,46.7,1,0.0,1,1,1.0,0.51
nuscenes_mini_subset,scene-0103_036,pitch,0.25,deg,7,Car,vehicle,10.5,0-15m,283.5,0,0.6,109,107,0.9817,2.89
nuscenes_mini_subset,scene-0103_036,pitch,0.25,deg,8,Car,vehicle,69.7,>30m,37.9,2,0.0,2,2,1.0,0.4
nuscenes_mini_subset,scene-0103_036,pitch,0.25,deg,9,Car,vehicle,18.6,15-30m,341.0,0,0.08,73,73,1.0,2.9
nuscenes_mini_subset,scene-0103_036,pitch,0.25,deg,11,Truck,vehicle,11.9,0-15m,20.4,0,0.99,0,0,,
nuscenes_mini_subset,scene-0103_036,pitch,0.25,deg,12,Pedestrian,pedestrian,25.3,15-30m,37.1,2,0.0,0,0,,
nuscenes_mini_subset,scene-0103_036,pitch,0.25,deg,13,Car,vehicle,32.6,>30m,89.4,0,0.0,1,1,1.0,0.93
nuscenes_mini_subset,scene-0103_036,pitch,0.25,deg,14,Car,vehicle,15.7,15-30m,279.7,0,0.0,38,38,1.0,1.95
nuscenes_mini_subset,scene-0103_036,pitch,0.5,deg,0,Pedestrian,pedestrian,25.5,15-30m,40.8,2,0.0,0,0,,
nuscenes_mini_subset,scene-0103_036,pitch,0.5,deg,1,Car,vehicle,30.7,>30m,128.7,0,0.0,25,25,1.0,3.49
nuscenes_mini_subset,scene-0103_036,pitch,0.5,deg,2,Car,vehicle,51.8,>30m,58.1,1,0.0,1,1,1.0,1.14
nuscenes_mini_subset,scene-0103_036,pitch,0.5,deg,3,Car,vehicle,26.8,15-30m,138.5,0,0.0,16,16,1.0,2.46
nuscenes_mini_subset,scene-0103_036,pitch,0.5,deg,4,Car,vehicle,19.5,15-30m,150.3,0,0.0,17,17,1.0,1.98
nuscenes_mini_subset,scene-0103_036,pitch,0.5,deg,5,Car,vehicle,35.2,>30m,112.5,2,0.0,3,3,1.0,2.79
nuscenes_mini_subset,scene-0103_036,pitch,0.5,deg,6,Car,vehicle,64.4,>30m,46.7,1,0.0,1,1,1.0,1.01
nuscenes_mini_subset,scene-0103_036,pitch,0.5,deg,7,Car,vehicle,10.5,0-15m,283.5,0,0.6,109,108,0.9908,5.78
nuscenes_mini_subset,scene-0103_036,pitch,0.5,deg,8,Car,vehicle,69.7,>30m,37.9,2,0.0,2,2,1.0,0.79
nuscenes_mini_subset,scene-0103_036,pitch,0.5,deg,9,Car,vehicle,18.6,15-30m,341.0,0,0.08,73,73,1.0,5.79
nuscenes_mini_subset,scene-0103_036,pitch,0.5,deg,11,Truck,vehicle,11.9,0-15m,20.4,0,0.99,0,0,,
nuscenes_mini_subset,scene-0103_036,pitch,0.5,deg,12,Pedestrian,pedestrian,25.3,15-30m,37.1,2,0.0,0,0,,
nuscenes_mini_subset,scene-0103_036,pitch,0.5,deg,13,Car,vehicle,32.6,>30m,89.4,0,0.0,1,1,1.0,1.85
nuscenes_mini_subset,scene-0103_036,pitch,0.5,deg,14,Car,vehicle,15.7,15-30m,279.7,0,0.0,38,38,1.0,3.9
nuscenes_mini_subset,scene-0103_036,pitch,1.0,deg,0,Pedestrian,pedestrian,25.5,15-30m,40.8,2,0.0,0,0,,
nuscenes_mini_subset,scene-0103_036,pitch,1.0,deg,1,Car,vehicle,30.7,>30m,128.7,0,0.0,25,25,1.0,6.97
nuscenes_mini_subset,scene-0103_036,pitch,1.0,deg,2,Car,vehicle,51.8,>30m,58.1,1,0.0,1,1,1.0,2.29
nuscenes_mini_subset,scene-0103_036,pitch,1.0,deg,3,Car,vehicle,26.8,15-30m,138.5,0,0.0,16,16,1.0,4.92
nuscenes_mini_subset,scene-0103_036,pitch,1.0,deg,4,Car,vehicle,19.5,15-30m,150.3,0,0.0,17,17,1.0,3.97
nuscenes_mini_subset,scene-0103_036,pitch,1.0,deg,5,Car,vehicle,35.2,>30m,112.5,2,0.0,3,3,1.0,5.57
nuscenes_mini_subset,scene-0103_036,pitch,1.0,deg,6,Car,vehicle,64.4,>30m,46.7,1,0.0,1,1,1.0,2.02
nuscenes_mini_subset,scene-0103_036,pitch,1.0,deg,7,Car,vehicle,10.5,0-15m,283.5,0,0.6,112,110,0.9821,11.55
nuscenes_mini_subset,scene-0103_036,pitch,1.0,deg,8,Car,vehicle,69.7,>30m,37.9,2,0.0,2,2,1.0,1.59
nuscenes_mini_subset,scene-0103_036,pitch,1.0,deg,9,Car,vehicle,18.6,15-30m,341.0,0,0.08,73,73,1.0,11.59
nuscenes_mini_subset,scene-0103_036,pitch,1.0,deg,11,Truck,vehicle,11.9,0-15m,20.4,0,0.99,0,0,,
nuscenes_mini_subset,scene-0103_036,pitch,1.0,deg,12,Pedestrian,pedestrian,25.3,15-30m,37.1,2,0.0,0,0,,
nuscenes_mini_subset,scene-0103_036,pitch,1.0,deg,13,Car,vehicle,32.6,>30m,89.4,0,0.0,1,1,1.0,3.71
nuscenes_mini_subset,scene-0103_036,pitch,1.0,deg,14,Car,vehicle,15.7,15-30m,279.7,0,0.0,38,38,1.0,7.81
nuscenes_mini_subset,scene-0103_036,pitch,2.0,deg,0,Pedestrian,pedestrian,25.5,15-30m,40.8,2,0.0,0,0,,
nuscenes_mini_subset,scene-0103_036,pitch,2.0,deg,1,Car,vehicle,30.7,>30m,128.7,0,0.0,25,25,1.0,13.94
nuscenes_mini_subset,scene-0103_036,pitch,2.0,deg,2,Car,vehicle,51.8,>30m,58.1,1,0.0,1,1,1.0,4.57
nuscenes_mini_subset,scene-0103_036,pitch,2.0,deg,3,Car,vehicle,26.8,15-30m,138.5,0,0.0,16,9,0.5625,9.84
nuscenes_mini_subset,scene-0103_036,pitch,2.0,deg,4,Car,vehicle,19.5,15-30m,150.3,0,0.0,17,17,1.0,7.93
nuscenes_mini_subset,scene-0103_036,pitch,2.0,deg,5,Car,vehicle,35.2,>30m,112.5,2,0.0,3,3,1.0,11.15
nuscenes_mini_subset,scene-0103_036,pitch,2.0,deg,6,Car,vehicle,64.4,>30m,46.7,1,0.0,1,1,1.0,4.05
nuscenes_mini_subset,scene-0103_036,pitch,2.0,deg,7,Car,vehicle,10.5,0-15m,283.5,0,0.6,112,112,1.0,23.11
nuscenes_mini_subset,scene-0103_036,pitch,2.0,deg,8,Car,vehicle,69.7,>30m,37.9,2,0.0,2,0,0.0,3.18
nuscenes_mini_subset,scene-0103_036,pitch,2.0,deg,9,Car,vehicle,18.6,15-30m,341.0,0,0.08,73,73,1.0,23.17
nuscenes_mini_subset,scene-0103_036,pitch,2.0,deg,11,Truck,vehicle,11.9,0-15m,20.4,0,0.99,0,0,,
nuscenes_mini_subset,scene-0103_036,pitch,2.0,deg,12,Pedestrian,pedestrian,25.3,15-30m,37.1,2,0.0,0,0,,
nuscenes_mini_subset,scene-0103_036,pitch,2.0,deg,13,Car,vehicle,32.6,>30m,89.4,0,0.0,1,1,1.0,7.41
nuscenes_mini_subset,scene-0103_036,pitch,2.0,deg,14,Car,vehicle,15.7,15-30m,279.7,0,0.0,38,38,1.0,15.61
nuscenes_mini_subset,scene-0103_036,pitch,3.0,deg,0,Pedestrian,pedestrian,25.5,15-30m,40.8,2,0.0,0,0,,
nuscenes_mini_subset,scene-0103_036,pitch,3.0,deg,1,Car,vehicle,30.7,>30m,128.7,0,0.0,25,25,1.0,20.91
nuscenes_mini_subset,scene-0103_036,pitch,3.0,deg,2,Car,vehicle,51.8,>30m,58.1,1,0.0,1,1,1.0,6.86
nuscenes_mini_subset,scene-0103_036,pitch,3.0,deg,3,Car,vehicle,26.8,15-30m,138.5,0,0.0,16,9,0.5625,14.76
nuscenes_mini_subset,scene-0103_036,pitch,3.0,deg,4,Car,vehicle,19.5,15-30m,150.3,0,0.0,17,17,1.0,11.9
nuscenes_mini_subset,scene-0103_036,pitch,3.0,deg,5,Car,vehicle,35.2,>30m,112.5,2,0.0,3,3,1.0,16.71
nuscenes_mini_subset,scene-0103_036,pitch,3.0,deg,6,Car,vehicle,64.4,>30m,46.7,1,0.0,1,0,0.0,6.07
nuscenes_mini_subset,scene-0103_036,pitch,3.0,deg,7,Car,vehicle,10.5,0-15m,283.5,0,0.6,112,110,0.9821,34.67
nuscenes_mini_subset,scene-0103_036,pitch,3.0,deg,8,Car,vehicle,69.7,>30m,37.9,2,0.0,2,0,0.0,4.77
nuscenes_mini_subset,scene-0103_036,pitch,3.0,deg,9,Car,vehicle,18.6,15-30m,341.0,0,0.08,73,73,1.0,34.74
nuscenes_mini_subset,scene-0103_036,pitch,3.0,deg,11,Truck,vehicle,11.9,0-15m,20.4,0,0.99,0,0,,
nuscenes_mini_subset,scene-0103_036,pitch,3.0,deg,12,Pedestrian,pedestrian,25.3,15-30m,37.1,2,0.0,0,0,,
nuscenes_mini_subset,scene-0103_036,pitch,3.0,deg,13,Car,vehicle,32.6,>30m,89.4,0,0.0,1,1,1.0,11.12
nuscenes_mini_subset,scene-0103_036,pitch,3.0,deg,14,Car,vehicle,15.7,15-30m,279.7,0,0.0,38,38,1.0,23.42
nuscenes_mini_subset,scene-0103_036,roll,0.0,deg,0,Pedestrian,pedestrian,25.5,15-30m,40.8,2,0.0,0,0,,
nuscenes_mini_subset,scene-0103_036,roll,0.0,deg,1,Car,vehicle,30.7,>30m,128.7,0,0.0,25,25,1.0,0.0
nuscenes_mini_subset,scene-0103_036,roll,0.0,deg,2,Car,vehicle,51.8,>30m,58.1,1,0.0,1,1,1.0,0.0
nuscenes_mini_subset,scene-0103_036,roll,0.0,deg,3,Car,vehicle,26.8,15-30m,138.5,0,0.0,16,16,1.0,0.0
nuscenes_mini_subset,scene-0103_036,roll,0.0,deg,4,Car,vehicle,19.5,15-30m,150.3,0,0.0,17,17,1.0,0.0
nuscenes_mini_subset,scene-0103_036,roll,0.0,deg,5,Car,vehicle,35.2,>30m,112.5,2,0.0,3,3,1.0,0.0
nuscenes_mini_subset,scene-0103_036,roll,0.0,deg,6,Car,vehicle,64.4,>30m,46.7,1,0.0,1,1,1.0,0.0
nuscenes_mini_subset,scene-0103_036,roll,0.0,deg,7,Car,vehicle,10.5,0-15m,283.5,0,0.6,107,107,1.0,0.0
nuscenes_mini_subset,scene-0103_036,roll,0.0,deg,8,Car,vehicle,69.7,>30m,37.9,2,0.0,2,2,1.0,0.0
nuscenes_mini_subset,scene-0103_036,roll,0.0,deg,9,Car,vehicle,18.6,15-30m,341.0,0,0.08,74,74,1.0,0.0
nuscenes_mini_subset,scene-0103_036,roll,0.0,deg,11,Truck,vehicle,11.9,0-15m,20.4,0,0.99,0,0,,
nuscenes_mini_subset,scene-0103_036,roll,0.0,deg,12,Pedestrian,pedestrian,25.3,15-30m,37.1,2,0.0,0,0,,
nuscenes_mini_subset,scene-0103_036,roll,0.0,deg,13,Car,vehicle,32.6,>30m,89.4,0,0.0,1,1,1.0,0.0
nuscenes_mini_subset,scene-0103_036,roll,0.0,deg,14,Car,vehicle,15.7,15-30m,279.7,0,0.0,38,38,1.0,0.0
nuscenes_mini_subset,scene-0103_036,roll,0.25,deg,0,Pedestrian,pedestrian,25.5,15-30m,40.8,2,0.0,0,0,,
nuscenes_mini_subset,scene-0103_036,roll,0.25,deg,1,Car,vehicle,30.7,>30m,128.7,0,0.0,25,25,1.0,5.55
nuscenes_mini_subset,scene-0103_036,roll,0.25,deg,2,Car,vehicle,51.8,>30m,58.1,1,0.0,1,1,1.0,5.53
nuscenes_mini_subset,scene-0103_036,roll,0.25,deg,3,Car,vehicle,26.8,15-30m,138.5,0,0.0,16,16,1.0,5.6
nuscenes_mini_subset,scene-0103_036,roll,0.25,deg,4,Car,vehicle,19.5,15-30m,150.3,0,0.0,17,17,1.0,5.63
nuscenes_mini_subset,scene-0103_036,roll,0.25,deg,5,Car,vehicle,35.2,>30m,112.5,2,0.0,3,3,1.0,5.54
nuscenes_mini_subset,scene-0103_036,roll,0.25,deg,6,Car,vehicle,64.4,>30m,46.7,1,0.0,1,1,1.0,5.51
nuscenes_mini_subset,scene-0103_036,roll,0.25,deg,7,Car,vehicle,10.5,0-15m,283.5,0,0.6,109,107,0.9817,5.89
nuscenes_mini_subset,scene-0103_036,roll,0.25,deg,8,Car,vehicle,69.7,>30m,37.9,2,0.0,2,2,1.0,5.51
nuscenes_mini_subset,scene-0103_036,roll,0.25,deg,9,Car,vehicle,18.6,15-30m,341.0,0,0.08,74,74,1.0,5.65
nuscenes_mini_subset,scene-0103_036,roll,0.25,deg,11,Truck,vehicle,11.9,0-15m,20.4,0,0.99,0,0,,
nuscenes_mini_subset,scene-0103_036,roll,0.25,deg,12,Pedestrian,pedestrian,25.3,15-30m,37.1,2,0.0,0,0,,
nuscenes_mini_subset,scene-0103_036,roll,0.25,deg,13,Car,vehicle,32.6,>30m,89.4,0,0.0,1,1,1.0,5.57
nuscenes_mini_subset,scene-0103_036,roll,0.25,deg,14,Car,vehicle,15.7,15-30m,279.7,0,0.0,38,38,1.0,5.72
nuscenes_mini_subset,scene-0103_036,roll,0.5,deg,0,Pedestrian,pedestrian,25.5,15-30m,40.8,2,0.0,0,0,,
nuscenes_mini_subset,scene-0103_036,roll,0.5,deg,1,Car,vehicle,30.7,>30m,128.7,0,0.0,25,25,1.0,11.1
nuscenes_mini_subset,scene-0103_036,roll,0.5,deg,2,Car,vehicle,51.8,>30m,58.1,1,0.0,1,1,1.0,11.05
nuscenes_mini_subset,scene-0103_036,roll,0.5,deg,3,Car,vehicle,26.8,15-30m,138.5,0,0.0,16,16,1.0,11.19
nuscenes_mini_subset,scene-0103_036,roll,0.5,deg,4,Car,vehicle,19.5,15-30m,150.3,0,0.0,17,17,1.0,11.26
nuscenes_mini_subset,scene-0103_036,roll,0.5,deg,5,Car,vehicle,35.2,>30m,112.5,2,0.0,3,3,1.0,11.08
nuscenes_mini_subset,scene-0103_036,roll,0.5,deg,6,Car,vehicle,64.4,>30m,46.7,1,0.0,1,1,1.0,11.03
nuscenes_mini_subset,scene-0103_036,roll,0.5,deg,7,Car,vehicle,10.5,0-15m,283.5,0,0.6,109,109,1.0,11.78
nuscenes_mini_subset,scene-0103_036,roll,0.5,deg,8,Car,vehicle,69.7,>30m,37.9,2,0.0,2,2,1.0,11.02
nuscenes_mini_subset,scene-0103_036,roll,0.5,deg,9,Car,vehicle,18.6,15-30m,341.0,0,0.08,74,74,1.0,11.3
nuscenes_mini_subset,scene-0103_036,roll,0.5,deg,11,Truck,vehicle,11.9,0-15m,20.4,0,0.99,0,0,,
nuscenes_mini_subset,scene-0103_036,roll,0.5,deg,12,Pedestrian,pedestrian,25.3,15-30m,37.1,2,0.0,0,0,,
nuscenes_mini_subset,scene-0103_036,roll,0.5,deg,13,Car,vehicle,32.6,>30m,89.4,0,0.0,1,1,1.0,11.14
nuscenes_mini_subset,scene-0103_036,roll,0.5,deg,14,Car,vehicle,15.7,15-30m,279.7,0,0.0,38,38,1.0,11.43
nuscenes_mini_subset,scene-0103_036,roll,1.0,deg,0,Pedestrian,pedestrian,25.5,15-30m,40.8,2,0.0,0,0,,
nuscenes_mini_subset,scene-0103_036,roll,1.0,deg,1,Car,vehicle,30.7,>30m,128.7,0,0.0,25,25,1.0,22.19
nuscenes_mini_subset,scene-0103_036,roll,1.0,deg,2,Car,vehicle,51.8,>30m,58.1,1,0.0,1,1,1.0,22.1
nuscenes_mini_subset,scene-0103_036,roll,1.0,deg,3,Car,vehicle,26.8,15-30m,138.5,0,0.0,16,14,0.875,22.37
nuscenes_mini_subset,scene-0103_036,roll,1.0,deg,4,Car,vehicle,19.5,15-30m,150.3,0,0.0,17,17,1.0,22.5
nuscenes_mini_subset,scene-0103_036,roll,1.0,deg,5,Car,vehicle,35.2,>30m,112.5,2,0.0,3,3,1.0,22.14
nuscenes_mini_subset,scene-0103_036,roll,1.0,deg,6,Car,vehicle,64.4,>30m,46.7,1,0.0,1,1,1.0,22.05
nuscenes_mini_subset,scene-0103_036,roll,1.0,deg,7,Car,vehicle,10.5,0-15m,283.5,0,0.6,113,111,0.9823,23.53
nuscenes_mini_subset,scene-0103_036,roll,1.0,deg,8,Car,vehicle,69.7,>30m,37.9,2,0.0,2,2,1.0,22.04
nuscenes_mini_subset,scene-0103_036,roll,1.0,deg,9,Car,vehicle,18.6,15-30m,341.0,0,0.08,74,74,1.0,22.58
nuscenes_mini_subset,scene-0103_036,roll,1.0,deg,11,Truck,vehicle,11.9,0-15m,20.4,0,0.99,0,0,,
nuscenes_mini_subset,scene-0103_036,roll,1.0,deg,12,Pedestrian,pedestrian,25.3,15-30m,37.1,2,0.0,0,0,,
nuscenes_mini_subset,scene-0103_036,roll,1.0,deg,13,Car,vehicle,32.6,>30m,89.4,0,0.0,1,1,1.0,22.27
nuscenes_mini_subset,scene-0103_036,roll,1.0,deg,14,Car,vehicle,15.7,15-30m,279.7,0,0.0,38,38,1.0,22.84
nuscenes_mini_subset,scene-0103_036,roll,2.0,deg,0,Pedestrian,pedestrian,25.5,15-30m,40.8,2,0.0,0,0,,
nuscenes_mini_subset,scene-0103_036,roll,2.0,deg,1,Car,vehicle,30.7,>30m,128.7,0,0.0,25,18,0.72,44.36
nuscenes_mini_subset,scene-0103_036,roll,2.0,deg,2,Car,vehicle,51.8,>30m,58.1,1,0.0,1,0,0.0,44.18
nuscenes_mini_subset,scene-0103_036,roll,2.0,deg,3,Car,vehicle,26.8,15-30m,138.5,0,0.0,16,14,0.875,44.71
nuscenes_mini_subset,scene-0103_036,roll,2.0,deg,4,Car,vehicle,19.5,15-30m,150.3,0,0.0,17,15,0.8824,44.96
nuscenes_mini_subset,scene-0103_036,roll,2.0,deg,5,Car,vehicle,35.2,>30m,112.5,2,0.0,3,3,1.0,44.26
nuscenes_mini_subset,scene-0103_036,roll,2.0,deg,6,Car,vehicle,64.4,>30m,46.7,1,0.0,1,0,0.0,44.1
nuscenes_mini_subset,scene-0103_036,roll,2.0,deg,7,Car,vehicle,10.5,0-15m,283.5,0,0.6,113,106,0.9381,46.95
nuscenes_mini_subset,scene-0103_036,roll,2.0,deg,8,Car,vehicle,69.7,>30m,37.9,2,0.0,2,0,0.0,44.06
nuscenes_mini_subset,scene-0103_036,roll,2.0,deg,9,Car,vehicle,18.6,15-30m,341.0,0,0.08,74,69,0.9324,45.08
nuscenes_mini_subset,scene-0103_036,roll,2.0,deg,11,Truck,vehicle,11.9,0-15m,20.4,0,0.99,0,0,,
nuscenes_mini_subset,scene-0103_036,roll,2.0,deg,12,Pedestrian,pedestrian,25.3,15-30m,37.1,2,0.0,0,0,,
nuscenes_mini_subset,scene-0103_036,roll,2.0,deg,13,Car,vehicle,32.6,>30m,89.4,0,0.0,1,1,1.0,44.51
nuscenes_mini_subset,scene-0103_036,roll,2.0,deg,14,Car,vehicle,15.7,15-30m,279.7,0,0.0,38,34,0.8947,45.62
nuscenes_mini_subset,scene-0103_036,roll,3.0,deg,0,Pedestrian,pedestrian,25.5,15-30m,40.8,2,0.0,0,0,,
nuscenes_mini_subset,scene-0103_036,roll,3.0,deg,1,Car,vehicle,30.7,>30m,128.7,0,0.0,25,12,0.48,66.5
nuscenes_mini_subset,scene-0103_036,roll,3.0,deg,2,Car,vehicle,51.8,>30m,58.1,1,0.0,1,0,0.0,66.27
nuscenes_mini_subset,scene-0103_036,roll,3.0,deg,3,Car,vehicle,26.8,15-30m,138.5,0,0.0,16,7,0.4375,67.04
nuscenes_mini_subset,scene-0103_036,roll,3.0,deg,4,Car,vehicle,19.5,15-30m,150.3,0,0.0,17,11,0.6471,67.37
nuscenes_mini_subset,scene-0103_036,roll,3.0,deg,5,Car,vehicle,35.2,>30m,112.5,2,0.0,3,0,0.0,66.36
nuscenes_mini_subset,scene-0103_036,roll,3.0,deg,6,Car,vehicle,64.4,>30m,46.7,1,0.0,1,0,0.0,66.15
nuscenes_mini_subset,scene-0103_036,roll,3.0,deg,7,Car,vehicle,10.5,0-15m,283.5,0,0.6,113,102,0.9027,70.29
nuscenes_mini_subset,scene-0103_036,roll,3.0,deg,8,Car,vehicle,69.7,>30m,37.9,2,0.0,2,0,0.0,66.09
nuscenes_mini_subset,scene-0103_036,roll,3.0,deg,9,Car,vehicle,18.6,15-30m,341.0,0,0.08,74,69,0.9324,67.53
nuscenes_mini_subset,scene-0103_036,roll,3.0,deg,11,Truck,vehicle,11.9,0-15m,20.4,0,0.99,0,0,,
nuscenes_mini_subset,scene-0103_036,roll,3.0,deg,12,Pedestrian,pedestrian,25.3,15-30m,37.1,2,0.0,0,0,,
nuscenes_mini_subset,scene-0103_036,roll,3.0,deg,13,Car,vehicle,32.6,>30m,89.4,0,0.0,1,0,0.0,66.74
nuscenes_mini_subset,scene-0103_036,roll,3.0,deg,14,Car,vehicle,15.7,15-30m,279.7,0,0.0,38,34,0.8947,68.35
nuscenes_mini_subset,scene-0103_036,tx,0.0,m,0,Pedestrian,pedestrian,25.5,15-30m,40.8,2,0.0,0,0,,
nuscenes_mini_subset,scene-0103_036,tx,0.0,m,1,Car,vehicle,30.7,>30m,128.7,0,0.0,25,25,1.0,0.0
nuscenes_mini_subset,scene-0103_036,tx,0.0,m,2,Car,vehicle,51.8,>30m,58.1,1,0.0,1,1,1.0,0.0
nuscenes_mini_subset,scene-0103_036,tx,0.0,m,3,Car,vehicle,26.8,15-30m,138.5,0,0.0,16,16,1.0,0.0
nuscenes_mini_subset,scene-0103_036,tx,0.0,m,4,Car,vehicle,19.5,15-30m,150.3,0,0.0,17,17,1.0,0.0
nuscenes_mini_subset,scene-0103_036,tx,0.0,m,5,Car,vehicle,35.2,>30m,112.5,2,0.0,3,3,1.0,0.0
nuscenes_mini_subset,scene-0103_036,tx,0.0,m,6,Car,vehicle,64.4,>30m,46.7,1,0.0,1,1,1.0,0.0
nuscenes_mini_subset,scene-0103_036,tx,0.0,m,7,Car,vehicle,10.5,0-15m,283.5,0,0.6,107,107,1.0,0.0
nuscenes_mini_subset,scene-0103_036,tx,0.0,m,8,Car,vehicle,69.7,>30m,37.9,2,0.0,2,2,1.0,0.0
nuscenes_mini_subset,scene-0103_036,tx,0.0,m,9,Car,vehicle,18.6,15-30m,341.0,0,0.08,74,74,1.0,0.0
nuscenes_mini_subset,scene-0103_036,tx,0.0,m,11,Truck,vehicle,11.9,0-15m,20.4,0,0.99,0,0,,
nuscenes_mini_subset,scene-0103_036,tx,0.0,m,12,Pedestrian,pedestrian,25.3,15-30m,37.1,2,0.0,0,0,,
nuscenes_mini_subset,scene-0103_036,tx,0.0,m,13,Car,vehicle,32.6,>30m,89.4,0,0.0,1,1,1.0,0.0
nuscenes_mini_subset,scene-0103_036,tx,0.0,m,14,Car,vehicle,15.7,15-30m,279.7,0,0.0,38,38,1.0,0.0
nuscenes_mini_subset,scene-0103_036,tx,0.02,m,0,Pedestrian,pedestrian,25.5,15-30m,40.8,2,0.0,0,0,,
nuscenes_mini_subset,scene-0103_036,tx,0.02,m,1,Car,vehicle,30.7,>30m,128.7,0,0.0,25,25,1.0,0.88
nuscenes_mini_subset,scene-0103_036,tx,0.02,m,2,Car,vehicle,51.8,>30m,58.1,1,0.0,1,1,1.0,0.5
nuscenes_mini_subset,scene-0103_036,tx,0.02,m,3,Car,vehicle,26.8,15-30m,138.5,0,0.0,16,16,1.0,1.02
nuscenes_mini_subset,scene-0103_036,tx,0.02,m,4,Car,vehicle,19.5,15-30m,150.3,0,0.0,17,17,1.0,1.4
nuscenes_mini_subset,scene-0103_036,tx,0.02,m,5,Car,vehicle,35.2,>30m,112.5,2,0.0,3,3,1.0,0.76
nuscenes_mini_subset,scene-0103_036,tx,0.02,m,6,Car,vehicle,64.4,>30m,46.7,1,0.0,1,1,1.0,0.4
nuscenes_mini_subset,scene-0103_036,tx,0.02,m,7,Car,vehicle,10.5,0-15m,283.5,0,0.6,106,106,1.0,2.92
nuscenes_mini_subset,scene-0103_036,tx,0.02,m,8,Car,vehicle,69.7,>30m,37.9,2,0.0,2,2,1.0,0.37
nuscenes_mini_subset,scene-0103_036,tx,0.02,m,9,Car,vehicle,18.6,15-30m,341.0,0,0.08,74,74,1.0,1.6
nuscenes_mini_subset,scene-0103_036,tx,0.02,m,11,Truck,vehicle,11.9,0-15m,20.4,0,0.99,0,0,,
nuscenes_mini_subset,scene-0103_036,tx,0.02,m,12,Pedestrian,pedestrian,25.3,15-30m,37.1,2,0.0,0,0,,
nuscenes_mini_subset,scene-0103_036,tx,0.02,m,13,Car,vehicle,32.6,>30m,89.4,0,0.0,1,1,1.0,0.83
nuscenes_mini_subset,scene-0103_036,tx,0.02,m,14,Car,vehicle,15.7,15-30m,279.7,0,0.0,38,38,1.0,1.84
nuscenes_mini_subset,scene-0103_036,tx,0.05,m,0,Pedestrian,pedestrian,25.5,15-30m,40.8,2,0.0,0,0,,
nuscenes_mini_subset,scene-0103_036,tx,0.05,m,1,Car,vehicle,30.7,>30m,128.7,0,0.0,25,25,1.0,2.19
nuscenes_mini_subset,scene-0103_036,tx,0.05,m,2,Car,vehicle,51.8,>30m,58.1,1,0.0,1,1,1.0,1.26
nuscenes_mini_subset,scene-0103_036,tx,0.05,m,3,Car,vehicle,26.8,15-30m,138.5,0,0.0,16,16,1.0,2.55
nuscenes_mini_subset,scene-0103_036,tx,0.05,m,4,Car,vehicle,19.5,15-30m,150.3,0,0.0,17,17,1.0,3.5
nuscenes_mini_subset,scene-0103_036,tx,0.05,m,5,Car,vehicle,35.2,>30m,112.5,2,0.0,3,3,1.0,1.89
nuscenes_mini_subset,scene-0103_036,tx,0.05,m,6,Car,vehicle,64.4,>30m,46.7,1,0.0,1,1,1.0,1.01
nuscenes_mini_subset,scene-0103_036,tx,0.05,m,7,Car,vehicle,10.5,0-15m,283.5,0,0.6,105,105,1.0,7.29
nuscenes_mini_subset,scene-0103_036,tx,0.05,m,8,Car,vehicle,69.7,>30m,37.9,2,0.0,2,2,1.0,0.92
nuscenes_mini_subset,scene-0103_036,tx,0.05,m,9,Car,vehicle,18.6,15-30m,341.0,0,0.08,74,74,1.0,4.0
nuscenes_mini_subset,scene-0103_036,tx,0.05,m,11,Truck,vehicle,11.9,0-15m,20.4,0,0.99,0,0,,
nuscenes_mini_subset,scene-0103_036,tx,0.05,m,12,Pedestrian,pedestrian,25.3,15-30m,37.1,2,0.0,0,0,,
nuscenes_mini_subset,scene-0103_036,tx,0.05,m,13,Car,vehicle,32.6,>30m,89.4,0,0.0,1,1,1.0,2.07
nuscenes_mini_subset,scene-0103_036,tx,0.05,m,14,Car,vehicle,15.7,15-30m,279.7,0,0.0,38,38,1.0,4.61
nuscenes_mini_subset,scene-0103_036,tx,0.1,m,0,Pedestrian,pedestrian,25.5,15-30m,40.8,2,0.0,0,0,,
nuscenes_mini_subset,scene-0103_036,tx,0.1,m,1,Car,vehicle,30.7,>30m,128.7,0,0.0,25,25,1.0,4.38
nuscenes_mini_subset,scene-0103_036,tx,0.1,m,2,Car,vehicle,51.8,>30m,58.1,1,0.0,1,1,1.0,2.52
nuscenes_mini_subset,scene-0103_036,tx,0.1,m,3,Car,vehicle,26.8,15-30m,138.5,0,0.0,16,16,1.0,5.09
nuscenes_mini_subset,scene-0103_036,tx,0.1,m,4,Car,vehicle,19.5,15-30m,150.3,0,0.0,17,17,1.0,7.0
nuscenes_mini_subset,scene-0103_036,tx,0.1,m,5,Car,vehicle,35.2,>30m,112.5,2,0.0,3,3,1.0,3.79
nuscenes_mini_subset,scene-0103_036,tx,0.1,m,6,Car,vehicle,64.4,>30m,46.7,1,0.0,1,1,1.0,2.01
nuscenes_mini_subset,scene-0103_036,tx,0.1,m,7,Car,vehicle,10.5,0-15m,283.5,0,0.6,100,100,1.0,14.46
nuscenes_mini_subset,scene-0103_036,tx,0.1,m,8,Car,vehicle,69.7,>30m,37.9,2,0.0,2,2,1.0,1.84
nuscenes_mini_subset,scene-0103_036,tx,0.1,m,9,Car,vehicle,18.6,15-30m,341.0,0,0.08,74,74,1.0,8.0
nuscenes_mini_subset,scene-0103_036,tx,0.1,m,11,Truck,vehicle,11.9,0-15m,20.4,0,0.99,1,1,1.0,
nuscenes_mini_subset,scene-0103_036,tx,0.1,m,12,Pedestrian,pedestrian,25.3,15-30m,37.1,2,0.0,0,0,,
nuscenes_mini_subset,scene-0103_036,tx,0.1,m,13,Car,vehicle,32.6,>30m,89.4,0,0.0,1,1,1.0,4.15
nuscenes_mini_subset,scene-0103_036,tx,0.1,m,14,Car,vehicle,15.7,15-30m,279.7,0,0.0,38,38,1.0,9.22
nuscenes_mini_subset,scene-0103_036,tx,0.2,m,0,Pedestrian,pedestrian,25.5,15-30m,40.8,2,0.0,0,0,,
nuscenes_mini_subset,scene-0103_036,tx,0.2,m,1,Car,vehicle,30.7,>30m,128.7,0,0.0,25,24,0.96,8.76
nuscenes_mini_subset,scene-0103_036,tx,0.2,m,2,Car,vehicle,51.8,>30m,58.1,1,0.0,1,1,1.0,5.04
nuscenes_mini_subset,scene-0103_036,tx,0.2,m,3,Car,vehicle,26.8,15-30m,138.5,0,0.0,16,16,1.0,10.18
nuscenes_mini_subset,scene-0103_036,tx,0.2,m,4,Car,vehicle,19.5,15-30m,150.3,0,0.0,17,17,1.0,14.01
nuscenes_mini_subset,scene-0103_036,tx,0.2,m,5,Car,vehicle,35.2,>30m,112.5,2,0.0,3,3,1.0,7.58
nuscenes_mini_subset,scene-0103_036,tx,0.2,m,6,Car,vehicle,64.4,>30m,46.7,1,0.0,1,1,1.0,4.02
nuscenes_mini_subset,scene-0103_036,tx,0.2,m,7,Car,vehicle,10.5,0-15m,283.5,0,0.6,90,90,1.0,28.42
nuscenes_mini_subset,scene-0103_036,tx,0.2,m,8,Car,vehicle,69.7,>30m,37.9,2,0.0,2,2,1.0,3.69
nuscenes_mini_subset,scene-0103_036,tx,0.2,m,9,Car,vehicle,18.6,15-30m,341.0,0,0.08,74,74,1.0,16.0
nuscenes_mini_subset,scene-0103_036,tx,0.2,m,11,Truck,vehicle,11.9,0-15m,20.4,0,0.99,3,3,1.0,
nuscenes_mini_subset,scene-0103_036,tx,0.2,m,12,Pedestrian,pedestrian,25.3,15-30m,37.1,2,0.0,0,0,,
nuscenes_mini_subset,scene-0103_036,tx,0.2,m,13,Car,vehicle,32.6,>30m,89.4,0,0.0,1,1,1.0,8.3
nuscenes_mini_subset,scene-0103_036,tx,0.2,m,14,Car,vehicle,15.7,15-30m,279.7,0,0.0,38,38,1.0,18.45
nuscenes_mini_subset,scene-0103_036,ty,0.0,m,0,Pedestrian,pedestrian,25.5,15-30m,40.8,2,0.0,0,0,,
nuscenes_mini_subset,scene-0103_036,ty,0.0,m,1,Car,vehicle,30.7,>30m,128.7,0,0.0,25,25,1.0,0.0
nuscenes_mini_subset,scene-0103_036,ty,0.0,m,2,Car,vehicle,51.8,>30m,58.1,1,0.0,1,1,1.0,0.0
nuscenes_mini_subset,scene-0103_036,ty,0.0,m,3,Car,vehicle,26.8,15-30m,138.5,0,0.0,16,16,1.0,0.0
nuscenes_mini_subset,scene-0103_036,ty,0.0,m,4,Car,vehicle,19.5,15-30m,150.3,0,0.0,17,17,1.0,0.0
nuscenes_mini_subset,scene-0103_036,ty,0.0,m,5,Car,vehicle,35.2,>30m,112.5,2,0.0,3,3,1.0,0.0
nuscenes_mini_subset,scene-0103_036,ty,0.0,m,6,Car,vehicle,64.4,>30m,46.7,1,0.0,1,1,1.0,0.0
nuscenes_mini_subset,scene-0103_036,ty,0.0,m,7,Car,vehicle,10.5,0-15m,283.5,0,0.6,107,107,1.0,0.0
nuscenes_mini_subset,scene-0103_036,ty,0.0,m,8,Car,vehicle,69.7,>30m,37.9,2,0.0,2,2,1.0,0.0
nuscenes_mini_subset,scene-0103_036,ty,0.0,m,9,Car,vehicle,18.6,15-30m,341.0,0,0.08,74,74,1.0,0.0
nuscenes_mini_subset,scene-0103_036,ty,0.0,m,11,Truck,vehicle,11.9,0-15m,20.4,0,0.99,0,0,,
nuscenes_mini_subset,scene-0103_036,ty,0.0,m,12,Pedestrian,pedestrian,25.3,15-30m,37.1,2,0.0,0,0,,
nuscenes_mini_subset,scene-0103_036,ty,0.0,m,13,Car,vehicle,32.6,>30m,89.4,0,0.0,1,1,1.0,0.0
nuscenes_mini_subset,scene-0103_036,ty,0.0,m,14,Car,vehicle,15.7,15-30m,279.7,0,0.0,38,38,1.0,0.0
nuscenes_mini_subset,scene-0103_036,ty,0.02,m,0,Pedestrian,pedestrian,25.5,15-30m,40.8,2,0.0,0,0,,
nuscenes_mini_subset,scene-0103_036,ty,0.02,m,1,Car,vehicle,30.7,>30m,128.7,0,0.0,25,25,1.0,0.28
nuscenes_mini_subset,scene-0103_036,ty,0.02,m,2,Car,vehicle,51.8,>30m,58.1,1,0.0,1,1,1.0,0.05
nuscenes_mini_subset,scene-0103_036,ty,0.02,m,3,Car,vehicle,26.8,15-30m,138.5,0,0.0,16,16,1.0,0.23
nuscenes_mini_subset,scene-0103_036,ty,0.02,m,4,Car,vehicle,19.5,15-30m,150.3,0,0.0,17,17,1.0,0.25
nuscenes_mini_subset,scene-0103_036,ty,0.02,m,5,Car,vehicle,35.2,>30m,112.5,2,0.0,3,3,1.0,0.19
nuscenes_mini_subset,scene-0103_036,ty,0.02,m,6,Car,vehicle,64.4,>30m,46.7,1,0.0,1,1,1.0,0.04
nuscenes_mini_subset,scene-0103_036,ty,0.02,m,7,Car,vehicle,10.5,0-15m,283.5,0,0.6,112,110,0.9821,1.54
nuscenes_mini_subset,scene-0103_036,ty,0.02,m,8,Car,vehicle,69.7,>30m,37.9,2,0.0,2,2,1.0,0.03
nuscenes_mini_subset,scene-0103_036,ty,0.02,m,9,Car,vehicle,18.6,15-30m,341.0,0,0.08,74,74,1.0,0.86
nuscenes_mini_subset,scene-0103_036,ty,0.02,m,11,Truck,vehicle,11.9,0-15m,20.4,0,0.99,0,0,,
nuscenes_mini_subset,scene-0103_036,ty,0.02,m,12,Pedestrian,pedestrian,25.3,15-30m,37.1,2,0.0,0,0,,
nuscenes_mini_subset,scene-0103_036,ty,0.02,m,13,Car,vehicle,32.6,>30m,89.4,0,0.0,1,1,1.0,0.14
nuscenes_mini_subset,scene-0103_036,ty,0.02,m,14,Car,vehicle,15.7,15-30m,279.7,0,0.0,38,38,1.0,0.65
nuscenes_mini_subset,scene-0103_036,ty,0.05,m,0,Pedestrian,pedestrian,25.5,15-30m,40.8,2,0.0,0,0,,
nuscenes_mini_subset,scene-0103_036,ty,0.05,m,1,Car,vehicle,30.7,>30m,128.7,0,0.0,25,25,1.0,0.7
nuscenes_mini_subset,scene-0103_036,ty,0.05,m,2,Car,vehicle,51.8,>30m,58.1,1,0.0,1,1,1.0,0.13
nuscenes_mini_subset,scene-0103_036,ty,0.05,m,3,Car,vehicle,26.8,15-30m,138.5,0,0.0,16,16,1.0,0.57
nuscenes_mini_subset,scene-0103_036,ty,0.05,m,4,Car,vehicle,19.5,15-30m,150.3,0,0.0,17,17,1.0,0.62
nuscenes_mini_subset,scene-0103_036,ty,0.05,m,5,Car,vehicle,35.2,>30m,112.5,2,0.0,3,3,1.0,0.48
nuscenes_mini_subset,scene-0103_036,ty,0.05,m,6,Car,vehicle,64.4,>30m,46.7,1,0.0,1,1,1.0,0.09
nuscenes_mini_subset,scene-0103_036,ty,0.05,m,7,Car,vehicle,10.5,0-15m,283.5,0,0.6,113,113,1.0,3.83
nuscenes_mini_subset,scene-0103_036,ty,0.05,m,8,Car,vehicle,69.7,>30m,37.9,2,0.0,2,2,1.0,0.07
nuscenes_mini_subset,scene-0103_036,ty,0.05,m,9,Car,vehicle,18.6,15-30m,341.0,0,0.08,74,74,1.0,2.14
nuscenes_mini_subset,scene-0103_036,ty,0.05,m,11,Truck,vehicle,11.9,0-15m,20.4,0,0.99,0,0,,
nuscenes_mini_subset,scene-0103_036,ty,0.05,m,12,Pedestrian,pedestrian,25.3,15-30m,37.1,2,0.0,0,0,,
nuscenes_mini_subset,scene-0103_036,ty,0.05,m,13,Car,vehicle,32.6,>30m,89.4,0,0.0,1,1,1.0,0.35
nuscenes_mini_subset,scene-0103_036,ty,0.05,m,14,Car,vehicle,15.7,15-30m,279.7,0,0.0,38,38,1.0,1.63
nuscenes_mini_subset,scene-0103_036,ty,0.1,m,0,Pedestrian,pedestrian,25.5,15-30m,40.8,2,0.0,0,0,,
nuscenes_mini_subset,scene-0103_036,ty,0.1,m,1,Car,vehicle,30.7,>30m,128.7,0,0.0,25,25,1.0,1.4
nuscenes_mini_subset,scene-0103_036,ty,0.1,m,2,Car,vehicle,51.8,>30m,58.1,1,0.0,1,1,1.0,0.27
nuscenes_mini_subset,scene-0103_036,ty,0.1,m,3,Car,vehicle,26.8,15-30m,138.5,0,0.0,16,16,1.0,1.14
nuscenes_mini_subset,scene-0103_036,ty,0.1,m,4,Car,vehicle,19.5,15-30m,150.3,0,0.0,17,17,1.0,1.24
nuscenes_mini_subset,scene-0103_036,ty,0.1,m,5,Car,vehicle,35.2,>30m,112.5,2,0.0,3,3,1.0,0.96
nuscenes_mini_subset,scene-0103_036,ty,0.1,m,6,Car,vehicle,64.4,>30m,46.7,1,0.0,1,1,1.0,0.19
nuscenes_mini_subset,scene-0103_036,ty,0.1,m,7,Car,vehicle,10.5,0-15m,283.5,0,0.6,114,113,0.9912,7.61
nuscenes_mini_subset,scene-0103_036,ty,0.1,m,8,Car,vehicle,69.7,>30m,37.9,2,0.0,2,2,1.0,0.14
nuscenes_mini_subset,scene-0103_036,ty,0.1,m,9,Car,vehicle,18.6,15-30m,341.0,0,0.08,74,74,1.0,4.27
nuscenes_mini_subset,scene-0103_036,ty,0.1,m,11,Truck,vehicle,11.9,0-15m,20.4,0,0.99,0,0,,
nuscenes_mini_subset,scene-0103_036,ty,0.1,m,12,Pedestrian,pedestrian,25.3,15-30m,37.1,2,0.0,0,0,,
nuscenes_mini_subset,scene-0103_036,ty,0.1,m,13,Car,vehicle,32.6,>30m,89.4,0,0.0,1,1,1.0,0.7
nuscenes_mini_subset,scene-0103_036,ty,0.1,m,14,Car,vehicle,15.7,15-30m,279.7,0,0.0,38,38,1.0,3.25
nuscenes_mini_subset,scene-0103_036,ty,0.2,m,0,Pedestrian,pedestrian,25.5,15-30m,40.8,2,0.0,0,0,,
nuscenes_mini_subset,scene-0103_036,ty,0.2,m,1,Car,vehicle,30.7,>30m,128.7,0,0.0,25,25,1.0,2.78
nuscenes_mini_subset,scene-0103_036,ty,0.2,m,2,Car,vehicle,51.8,>30m,58.1,1,0.0,1,1,1.0,0.53
nuscenes_mini_subset,scene-0103_036,ty,0.2,m,3,Car,vehicle,26.8,15-30m,138.5,0,0.0,16,16,1.0,2.27
nuscenes_mini_subset,scene-0103_036,ty,0.2,m,4,Car,vehicle,19.5,15-30m,150.3,0,0.0,17,17,1.0,2.48
nuscenes_mini_subset,scene-0103_036,ty,0.2,m,5,Car,vehicle,35.2,>30m,112.5,2,0.0,3,3,1.0,1.92
nuscenes_mini_subset,scene-0103_036,ty,0.2,m,6,Car,vehicle,64.4,>30m,46.7,1,0.0,1,1,1.0,0.38
nuscenes_mini_subset,scene-0103_036,ty,0.2,m,7,Car,vehicle,10.5,0-15m,283.5,0,0.6,120,120,1.0,15.04
nuscenes_mini_subset,scene-0103_036,ty,0.2,m,8,Car,vehicle,69.7,>30m,37.9,2,0.0,2,2,1.0,0.27
nuscenes_mini_subset,scene-0103_036,ty,0.2,m,9,Car,vehicle,18.6,15-30m,341.0,0,0.08,74,74,1.0,8.49
nuscenes_mini_subset,scene-0103_036,ty,0.2,m,11,Truck,vehicle,11.9,0-15m,20.4,0,0.99,1,1,1.0,
nuscenes_mini_subset,scene-0103_036,ty,0.2,m,12,Pedestrian,pedestrian,25.3,15-30m,37.1,2,0.0,0,0,,
nuscenes_mini_subset,scene-0103_036,ty,0.2,m,13,Car,vehicle,32.6,>30m,89.4,0,0.0,1,1,1.0,1.39
nuscenes_mini_subset,scene-0103_036,ty,0.2,m,14,Car,vehicle,15.7,15-30m,279.7,0,0.0,38,38,1.0,6.46
nuscenes_mini_subset,scene-0103_036,tz,0.0,m,0,Pedestrian,pedestrian,25.5,15-30m,40.8,2,0.0,0,0,,
nuscenes_mini_subset,scene-0103_036,tz,0.0,m,1,Car,vehicle,30.7,>30m,128.7,0,0.0,25,25,1.0,0.0
nuscenes_mini_subset,scene-0103_036,tz,0.0,m,2,Car,vehicle,51.8,>30m,58.1,1,0.0,1,1,1.0,0.0
nuscenes_mini_subset,scene-0103_036,tz,0.0,m,3,Car,vehicle,26.8,15-30m,138.5,0,0.0,16,16,1.0,0.0
nuscenes_mini_subset,scene-0103_036,tz,0.0,m,4,Car,vehicle,19.5,15-30m,150.3,0,0.0,17,17,1.0,0.0
nuscenes_mini_subset,scene-0103_036,tz,0.0,m,5,Car,vehicle,35.2,>30m,112.5,2,0.0,3,3,1.0,0.0
nuscenes_mini_subset,scene-0103_036,tz,0.0,m,6,Car,vehicle,64.4,>30m,46.7,1,0.0,1,1,1.0,0.0
nuscenes_mini_subset,scene-0103_036,tz,0.0,m,7,Car,vehicle,10.5,0-15m,283.5,0,0.6,107,107,1.0,0.0
nuscenes_mini_subset,scene-0103_036,tz,0.0,m,8,Car,vehicle,69.7,>30m,37.9,2,0.0,2,2,1.0,0.0
nuscenes_mini_subset,scene-0103_036,tz,0.0,m,9,Car,vehicle,18.6,15-30m,341.0,0,0.08,74,74,1.0,0.0
nuscenes_mini_subset,scene-0103_036,tz,0.0,m,11,Truck,vehicle,11.9,0-15m,20.4,0,0.99,0,0,,
nuscenes_mini_subset,scene-0103_036,tz,0.0,m,12,Pedestrian,pedestrian,25.3,15-30m,37.1,2,0.0,0,0,,
nuscenes_mini_subset,scene-0103_036,tz,0.0,m,13,Car,vehicle,32.6,>30m,89.4,0,0.0,1,1,1.0,0.0
nuscenes_mini_subset,scene-0103_036,tz,0.0,m,14,Car,vehicle,15.7,15-30m,279.7,0,0.0,38,38,1.0,0.0
nuscenes_mini_subset,scene-0103_036,tz,0.02,m,0,Pedestrian,pedestrian,25.5,15-30m,40.8,2,0.0,0,0,,
nuscenes_mini_subset,scene-0103_036,tz,0.02,m,1,Car,vehicle,30.7,>30m,128.7,0,0.0,25,25,1.0,0.88
nuscenes_mini_subset,scene-0103_036,tz,0.02,m,2,Car,vehicle,51.8,>30m,58.1,1,0.0,1,1,1.0,0.5
nuscenes_mini_subset,scene-0103_036,tz,0.02,m,3,Car,vehicle,26.8,15-30m,138.5,0,0.0,16,16,1.0,1.02
nuscenes_mini_subset,scene-0103_036,tz,0.02,m,4,Car,vehicle,19.5,15-30m,150.3,0,0.0,17,17,1.0,1.41
nuscenes_mini_subset,scene-0103_036,tz,0.02,m,5,Car,vehicle,35.2,>30m,112.5,2,0.0,3,3,1.0,0.76
nuscenes_mini_subset,scene-0103_036,tz,0.02,m,6,Car,vehicle,64.4,>30m,46.7,1,0.0,1,1,1.0,0.4
nuscenes_mini_subset,scene-0103_036,tz,0.02,m,7,Car,vehicle,10.5,0-15m,283.5,0,0.6,108,107,0.9907,2.92
nuscenes_mini_subset,scene-0103_036,tz,0.02,m,8,Car,vehicle,69.7,>30m,37.9,2,0.0,2,2,1.0,0.37
nuscenes_mini_subset,scene-0103_036,tz,0.02,m,9,Car,vehicle,18.6,15-30m,341.0,0,0.08,74,74,1.0,1.61
nuscenes_mini_subset,scene-0103_036,tz,0.02,m,11,Truck,vehicle,11.9,0-15m,20.4,0,0.99,0,0,,
nuscenes_mini_subset,scene-0103_036,tz,0.02,m,12,Pedestrian,pedestrian,25.3,15-30m,37.1,2,0.0,0,0,,
nuscenes_mini_subset,scene-0103_036,tz,0.02,m,13,Car,vehicle,32.6,>30m,89.4,0,0.0,1,1,1.0,0.83
nuscenes_mini_subset,scene-0103_036,tz,0.02,m,14,Car,vehicle,15.7,15-30m,279.7,0,0.0,38,38,1.0,1.84
nuscenes_mini_subset,scene-0103_036,tz,0.05,m,0,Pedestrian,pedestrian,25.5,15-30m,40.8,2,0.0,0,0,,
nuscenes_mini_subset,scene-0103_036,tz,0.05,m,1,Car,vehicle,30.7,>30m,128.7,0,0.0,25,25,1.0,2.2
nuscenes_mini_subset,scene-0103_036,tz,0.05,m,2,Car,vehicle,51.8,>30m,58.1,1,0.0,1,1,1.0,1.26
nuscenes_mini_subset,scene-0103_036,tz,0.05,m,3,Car,vehicle,26.8,15-30m,138.5,0,0.0,16,16,1.0,2.54
nuscenes_mini_subset,scene-0103_036,tz,0.05,m,4,Car,vehicle,19.5,15-30m,150.3,0,0.0,17,17,1.0,3.52
nuscenes_mini_subset,scene-0103_036,tz,0.05,m,5,Car,vehicle,35.2,>30m,112.5,2,0.0,3,3,1.0,1.9
nuscenes_mini_subset,scene-0103_036,tz,0.05,m,6,Car,vehicle,64.4,>30m,46.7,1,0.0,1,1,1.0,1.0
nuscenes_mini_subset,scene-0103_036,tz,0.05,m,7,Car,vehicle,10.5,0-15m,283.5,0,0.6,108,107,0.9907,7.3
nuscenes_mini_subset,scene-0103_036,tz,0.05,m,8,Car,vehicle,69.7,>30m,37.9,2,0.0,2,2,1.0,0.92
nuscenes_mini_subset,scene-0103_036,tz,0.05,m,9,Car,vehicle,18.6,15-30m,341.0,0,0.08,74,74,1.0,4.04
nuscenes_mini_subset,scene-0103_036,tz,0.05,m,11,Truck,vehicle,11.9,0-15m,20.4,0,0.99,0,0,,
nuscenes_mini_subset,scene-0103_036,tz,0.05,m,12,Pedestrian,pedestrian,25.3,15-30m,37.1,2,0.0,0,0,,
nuscenes_mini_subset,scene-0103_036,tz,0.05,m,13,Car,vehicle,32.6,>30m,89.4,0,0.0,1,1,1.0,2.07
nuscenes_mini_subset,scene-0103_036,tz,0.05,m,14,Car,vehicle,15.7,15-30m,279.7,0,0.0,38,38,1.0,4.61
nuscenes_mini_subset,scene-0103_036,tz,0.1,m,0,Pedestrian,pedestrian,25.5,15-30m,40.8,2,0.0,0,0,,
nuscenes_mini_subset,scene-0103_036,tz,0.1,m,1,Car,vehicle,30.7,>30m,128.7,0,0.0,25,25,1.0,4.4
nuscenes_mini_subset,scene-0103_036,tz,0.1,m,2,Car,vehicle,51.8,>30m,58.1,1,0.0,1,1,1.0,2.52
nuscenes_mini_subset,scene-0103_036,tz,0.1,m,3,Car,vehicle,26.8,15-30m,138.5,0,0.0,16,16,1.0,5.08
nuscenes_mini_subset,scene-0103_036,tz,0.1,m,4,Car,vehicle,19.5,15-30m,150.3,0,0.0,17,17,1.0,7.03
nuscenes_mini_subset,scene-0103_036,tz,0.1,m,5,Car,vehicle,35.2,>30m,112.5,2,0.0,3,3,1.0,3.8
nuscenes_mini_subset,scene-0103_036,tz,0.1,m,6,Car,vehicle,64.4,>30m,46.7,1,0.0,1,1,1.0,2.01
nuscenes_mini_subset,scene-0103_036,tz,0.1,m,7,Car,vehicle,10.5,0-15m,283.5,0,0.6,110,107,0.9727,14.6
nuscenes_mini_subset,scene-0103_036,tz,0.1,m,8,Car,vehicle,69.7,>30m,37.9,2,0.0,2,2,1.0,1.84
nuscenes_mini_subset,scene-0103_036,tz,0.1,m,9,Car,vehicle,18.6,15-30m,341.0,0,0.08,74,74,1.0,8.07
nuscenes_mini_subset,scene-0103_036,tz,0.1,m,11,Truck,vehicle,11.9,0-15m,20.4,0,0.99,0,0,,
nuscenes_mini_subset,scene-0103_036,tz,0.1,m,12,Pedestrian,pedestrian,25.3,15-30m,37.1,2,0.0,0,0,,
nuscenes_mini_subset,scene-0103_036,tz,0.1,m,13,Car,vehicle,32.6,>30m,89.4,0,0.0,1,1,1.0,4.14
nuscenes_mini_subset,scene-0103_036,tz,0.1,m,14,Car,vehicle,15.7,15-30m,279.7,0,0.0,38,38,1.0,9.21
nuscenes_mini_subset,scene-0103_036,tz,0.2,m,0,Pedestrian,pedestrian,25.5,15-30m,40.8,2,0.0,0,0,,
nuscenes_mini_subset,scene-0103_036,tz,0.2,m,1,Car,vehicle,30.7,>30m,128.7,0,0.0,25,25,1.0,8.8
nuscenes_mini_subset,scene-0103_036,tz,0.2,m,2,Car,vehicle,51.8,>30m,58.1,1,0.0,1,1,1.0,5.03
nuscenes_mini_subset,scene-0103_036,tz,0.2,m,3,Car,vehicle,26.8,15-30m,138.5,0,0.0,16,16,1.0,10.17
nuscenes_mini_subset,scene-0103_036,tz,0.2,m,4,Car,vehicle,19.5,15-30m,150.3,0,0.0,17,17,1.0,14.06
nuscenes_mini_subset,scene-0103_036,tz,0.2,m,5,Car,vehicle,35.2,>30m,112.5,2,0.0,3,3,1.0,7.61
nuscenes_mini_subset,scene-0103_036,tz,0.2,m,6,Car,vehicle,64.4,>30m,46.7,1,0.0,1,1,1.0,4.02
nuscenes_mini_subset,scene-0103_036,tz,0.2,m,7,Car,vehicle,10.5,0-15m,283.5,0,0.6,111,105,0.9459,29.17
nuscenes_mini_subset,scene-0103_036,tz,0.2,m,8,Car,vehicle,69.7,>30m,37.9,2,0.0,2,2,1.0,3.68
nuscenes_mini_subset,scene-0103_036,tz,0.2,m,9,Car,vehicle,18.6,15-30m,341.0,0,0.08,74,74,1.0,16.14
nuscenes_mini_subset,scene-0103_036,tz,0.2,m,11,Truck,vehicle,11.9,0-15m,20.4,0,0.99,0,0,,
nuscenes_mini_subset,scene-0103_036,tz,0.2,m,12,Pedestrian,pedestrian,25.3,15-30m,37.1,2,0.0,0,0,,
nuscenes_mini_subset,scene-0103_036,tz,0.2,m,13,Car,vehicle,32.6,>30m,89.4,0,0.0,1,1,1.0,8.28
nuscenes_mini_subset,scene-0103_036,tz,0.2,m,14,Car,vehicle,15.7,15-30m,279.7,0,0.0,38,38,1.0,18.42
nuscenes_mini_subset,scene-1094_000,yaw,0.0,deg,1,Car,vehicle,24.9,15-30m,254.4,0,0.0,33,33,1.0,0.0
nuscenes_mini_subset,scene-1094_000,yaw,0.0,deg,2,Pedestrian,pedestrian,38.3,>30m,25.3,0,0.0,4,4,1.0,0.0
nuscenes_mini_subset,scene-1094_000,yaw,0.0,deg,3,Car,vehicle,7.4,0-15m,452.5,0,0.05,463,463,1.0,0.0
nuscenes_mini_subset,scene-1094_000,yaw,0.0,deg,4,Pedestrian,pedestrian,37.2,>30m,34.4,1,0.0,3,3,1.0,0.0
nuscenes_mini_subset,scene-1094_000,yaw,0.0,deg,5,Pedestrian,pedestrian,22.0,15-30m,44.9,2,0.0,2,2,1.0,0.0
nuscenes_mini_subset,scene-1094_000,yaw,0.0,deg,6,Car,vehicle,33.0,>30m,148.1,2,0.37,4,4,1.0,0.0
nuscenes_mini_subset,scene-1094_000,yaw,0.0,deg,7,Car,vehicle,34.3,>30m,180.6,2,0.0,4,4,1.0,0.0
nuscenes_mini_subset,scene-1094_000,yaw,0.0,deg,8,Pedestrian,pedestrian,25.4,15-30m,44.8,0,0.0,4,4,1.0,0.0
nuscenes_mini_subset,scene-1094_000,yaw,0.0,deg,9,Pedestrian,pedestrian,14.4,0-15m,93.3,2,0.0,9,9,1.0,0.0
nuscenes_mini_subset,scene-1094_000,yaw,0.0,deg,10,Car,vehicle,28.3,15-30m,261.7,2,0.0,5,5,1.0,0.0
nuscenes_mini_subset,scene-1094_000,yaw,0.0,deg,11,Car,vehicle,30.6,>30m,311.2,0,0.0,61,61,1.0,0.0
nuscenes_mini_subset,scene-1094_000,yaw,0.0,deg,12,Pedestrian,pedestrian,14.0,0-15m,121.1,0,0.0,16,16,1.0,0.0
nuscenes_mini_subset,scene-1094_000,yaw,0.0,deg,13,Pedestrian,pedestrian,38.1,>30m,33.3,2,0.0,1,1,1.0,0.0
nuscenes_mini_subset,scene-1094_000,yaw,0.0,deg,14,Bicycle,cyclist,30.5,>30m,79.0,1,0.0,0,0,,
nuscenes_mini_subset,scene-1094_000,yaw,0.25,deg,1,Car,vehicle,24.9,15-30m,254.4,0,0.0,33,33,1.0,6.99
nuscenes_mini_subset,scene-1094_000,yaw,0.25,deg,2,Pedestrian,pedestrian,38.3,>30m,25.3,0,0.0,4,3,0.75,5.85
nuscenes_mini_subset,scene-1094_000,yaw,0.25,deg,3,Car,vehicle,7.4,0-15m,452.5,0,0.05,463,462,0.9978,6.34
nuscenes_mini_subset,scene-1094_000,yaw,0.25,deg,4,Pedestrian,pedestrian,37.2,>30m,34.4,1,0.0,3,3,1.0,7.65
nuscenes_mini_subset,scene-1094_000,yaw,0.25,deg,5,Pedestrian,pedestrian,22.0,15-30m,44.9,2,0.0,2,2,1.0,5.81
nuscenes_mini_subset,scene-1094_000,yaw,0.25,deg,6,Car,vehicle,33.0,>30m,148.1,2,0.37,4,4,1.0,7.57
nuscenes_mini_subset,scene-1094_000,yaw,0.25,deg,7,Car,vehicle,34.3,>30m,180.6,2,0.0,4,4,1.0,5.76
nuscenes_mini_subset,scene-1094_000,yaw,0.25,deg,8,Pedestrian,pedestrian,25.4,15-30m,44.8,0,0.0,4,4,1.0,6.07
nuscenes_mini_subset,scene-1094_000,yaw,0.25,deg,9,Pedestrian,pedestrian,14.4,0-15m,93.3,2,0.0,9,9,1.0,7.29
nuscenes_mini_subset,scene-1094_000,yaw,0.25,deg,10,Car,vehicle,28.3,15-30m,261.7,2,0.0,5,5,1.0,6.35
nuscenes_mini_subset,scene-1094_000,yaw,0.25,deg,11,Car,vehicle,30.6,>30m,311.2,0,0.0,61,61,1.0,6.3
nuscenes_mini_subset,scene-1094_000,yaw,0.25,deg,12,Pedestrian,pedestrian,14.0,0-15m,121.1,0,0.0,16,16,1.0,6.2
nuscenes_mini_subset,scene-1094_000,yaw,0.25,deg,13,Pedestrian,pedestrian,38.1,>30m,33.3,2,0.0,1,1,1.0,7.61
nuscenes_mini_subset,scene-1094_000,yaw,0.25,deg,14,Bicycle,cyclist,30.5,>30m,79.0,1,0.0,0,0,,
nuscenes_mini_subset,scene-1094_000,yaw,0.5,deg,1,Car,vehicle,24.9,15-30m,254.4,0,0.0,33,32,0.9697,14.02
nuscenes_mini_subset,scene-1094_000,yaw,0.5,deg,2,Pedestrian,pedestrian,38.3,>30m,25.3,0,0.0,4,1,0.25,11.69
nuscenes_mini_subset,scene-1094_000,yaw,0.5,deg,3,Car,vehicle,7.4,0-15m,452.5,0,0.05,463,461,0.9957,12.67
nuscenes_mini_subset,scene-1094_000,yaw,0.5,deg,4,Pedestrian,pedestrian,37.2,>30m,34.4,1,0.0,3,2,0.6667,15.26
nuscenes_mini_subset,scene-1094_000,yaw,0.5,deg,5,Pedestrian,pedestrian,22.0,15-30m,44.9,2,0.0,2,2,1.0,11.63
nuscenes_mini_subset,scene-1094_000,yaw,0.5,deg,6,Car,vehicle,33.0,>30m,148.1,2,0.37,4,4,1.0,15.18
nuscenes_mini_subset,scene-1094_000,yaw,0.5,deg,7,Car,vehicle,34.3,>30m,180.6,2,0.0,4,4,1.0,11.52
nuscenes_mini_subset,scene-1094_000,yaw,0.5,deg,8,Pedestrian,pedestrian,25.4,15-30m,44.8,0,0.0,4,4,1.0,12.12
nuscenes_mini_subset,scene-1094_000,yaw,0.5,deg,9,Pedestrian,pedestrian,14.4,0-15m,93.3,2,0.0,9,9,1.0,14.61
nuscenes_mini_subset,scene-1094_000,yaw,0.5,deg,10,Car,vehicle,28.3,15-30m,261.7,2,0.0,5,5,1.0,12.72
nuscenes_mini_subset,scene-1094_000,yaw,0.5,deg,11,Car,vehicle,30.6,>30m,311.2,0,0.0,61,61,1.0,12.62
nuscenes_mini_subset,scene-1094_000,yaw,0.5,deg,12,Pedestrian,pedestrian,14.0,0-15m,121.1,0,0.0,16,16,1.0,12.42
nuscenes_mini_subset,scene-1094_000,yaw,0.5,deg,13,Pedestrian,pedestrian,38.1,>30m,33.3,2,0.0,1,1,1.0,15.19
nuscenes_mini_subset,scene-1094_000,yaw,0.5,deg,14,Bicycle,cyclist,30.5,>30m,79.0,1,0.0,0,0,,
nuscenes_mini_subset,scene-1094_000,yaw,1.0,deg,1,Car,vehicle,24.9,15-30m,254.4,0,0.0,33,28,0.8485,28.16
nuscenes_mini_subset,scene-1094_000,yaw,1.0,deg,2,Pedestrian,pedestrian,38.3,>30m,25.3,0,0.0,4,0,0.0,23.35
nuscenes_mini_subset,scene-1094_000,yaw,1.0,deg,3,Car,vehicle,7.4,0-15m,452.5,0,0.05,463,453,0.9784,25.34
nuscenes_mini_subset,scene-1094_000,yaw,1.0,deg,4,Pedestrian,pedestrian,37.2,>30m,34.4,1,0.0,3,0,0.0,30.37
nuscenes_mini_subset,scene-1094_000,yaw,1.0,deg,5,Pedestrian,pedestrian,22.0,15-30m,44.9,2,0.0,2,1,0.5,23.3
nuscenes_mini_subset,scene-1094_000,yaw,1.0,deg,6,Car,vehicle,33.0,>30m,148.1,2,0.37,4,4,1.0,30.51
nuscenes_mini_subset,scene-1094_000,yaw,1.0,deg,7,Car,vehicle,34.3,>30m,180.6,2,0.0,4,2,0.5,23.08
nuscenes_mini_subset,scene-1094_000,yaw,1.0,deg,8,Pedestrian,pedestrian,25.4,15-30m,44.8,0,0.0,4,0,0.0,24.2
nuscenes_mini_subset,scene-1094_000,yaw,1.0,deg,9,Pedestrian,pedestrian,14.4,0-15m,93.3,2,0.0,9,9,1.0,29.35
nuscenes_mini_subset,scene-1094_000,yaw,1.0,deg,10,Car,vehicle,28.3,15-30m,261.7,2,0.0,5,5,1.0,25.52
nuscenes_mini_subset,scene-1094_000,yaw,1.0,deg,11,Car,vehicle,30.6,>30m,311.2,0,0.0,61,61,1.0,25.32
nuscenes_mini_subset,scene-1094_000,yaw,1.0,deg,12,Pedestrian,pedestrian,14.0,0-15m,121.1,0,0.0,16,16,1.0,24.89
nuscenes_mini_subset,scene-1094_000,yaw,1.0,deg,13,Pedestrian,pedestrian,38.1,>30m,33.3,2,0.0,1,0,0.0,30.22
nuscenes_mini_subset,scene-1094_000,yaw,1.0,deg,14,Bicycle,cyclist,30.5,>30m,79.0,1,0.0,0,0,,
nuscenes_mini_subset,scene-1094_000,yaw,2.0,deg,1,Car,vehicle,24.9,15-30m,254.4,0,0.0,33,20,0.6061,56.81
nuscenes_mini_subset,scene-1094_000,yaw,2.0,deg,2,Pedestrian,pedestrian,38.3,>30m,25.3,0,0.0,4,0,0.0,46.54
nuscenes_mini_subset,scene-1094_000,yaw,2.0,deg,3,Car,vehicle,7.4,0-15m,452.5,0,0.05,463,424,0.9158,50.69
nuscenes_mini_subset,scene-1094_000,yaw,2.0,deg,4,Pedestrian,pedestrian,37.2,>30m,34.4,1,0.0,3,0,0.0,60.12
nuscenes_mini_subset,scene-1094_000,yaw,2.0,deg,5,Pedestrian,pedestrian,22.0,15-30m,44.9,2,0.0,2,0,0.0,46.71
nuscenes_mini_subset,scene-1094_000,yaw,2.0,deg,6,Car,vehicle,33.0,>30m,148.1,2,0.37,3,3,1.0,61.31
nuscenes_mini_subset,scene-1094_000,yaw,2.0,deg,7,Car,vehicle,34.3,>30m,180.6,2,0.0,4,0,0.0,46.28
nuscenes_mini_subset,scene-1094_000,yaw,2.0,deg,8,Pedestrian,pedestrian,25.4,15-30m,44.8,0,0.0,4,0,0.0,48.19
nuscenes_mini_subset,scene-1094_000,yaw,2.0,deg,9,Pedestrian,pedestrian,14.4,0-15m,93.3,2,0.0,9,4,0.4444,59.27
nuscenes_mini_subset,scene-1094_000,yaw,2.0,deg,10,Car,vehicle,28.3,15-30m,261.7,2,0.0,5,5,1.0,51.36
nuscenes_mini_subset,scene-1094_000,yaw,2.0,deg,11,Car,vehicle,30.6,>30m,311.2,0,0.0,61,59,0.9672,50.95
nuscenes_mini_subset,scene-1094_000,yaw,2.0,deg,12,Pedestrian,pedestrian,14.0,0-15m,121.1,0,0.0,16,14,0.875,50.02
nuscenes_mini_subset,scene-1094_000,yaw,2.0,deg,13,Pedestrian,pedestrian,38.1,>30m,33.3,2,0.0,1,0,0.0,59.84
nuscenes_mini_subset,scene-1094_000,yaw,2.0,deg,14,Bicycle,cyclist,30.5,>30m,79.0,1,0.0,0,0,,
nuscenes_mini_subset,scene-1094_000,yaw,3.0,deg,1,Car,vehicle,24.9,15-30m,254.4,0,0.0,33,17,0.5152,86.01
nuscenes_mini_subset,scene-1094_000,yaw,3.0,deg,2,Pedestrian,pedestrian,38.3,>30m,25.3,0,0.0,4,0,0.0,69.61
nuscenes_mini_subset,scene-1094_000,yaw,3.0,deg,3,Car,vehicle,7.4,0-15m,452.5,0,0.05,463,408,0.8812,76.05
nuscenes_mini_subset,scene-1094_000,yaw,3.0,deg,4,Pedestrian,pedestrian,37.2,>30m,34.4,1,0.0,3,0,0.0,89.3
nuscenes_mini_subset,scene-1094_000,yaw,3.0,deg,5,Pedestrian,pedestrian,22.0,15-30m,44.9,2,0.0,2,0,0.0,70.26
nuscenes_mini_subset,scene-1094_000,yaw,3.0,deg,6,Car,vehicle,33.0,>30m,148.1,2,0.37,2,2,1.0,92.19
nuscenes_mini_subset,scene-1094_000,yaw,3.0,deg,7,Car,vehicle,34.3,>30m,180.6,2,0.0,4,0,0.0,69.62
nuscenes_mini_subset,scene-1094_000,yaw,3.0,deg,8,Pedestrian,pedestrian,25.4,15-30m,44.8,0,0.0,4,0,0.0,71.99
nuscenes_mini_subset,scene-1094_000,yaw,3.0,deg,9,Pedestrian,pedestrian,14.4,0-15m,93.3,2,0.0,9,0,0.0,89.78
nuscenes_mini_subset,scene-1094_000,yaw,3.0,deg,10,Car,vehicle,28.3,15-30m,261.7,2,0.0,5,5,1.0,77.55
nuscenes_mini_subset,scene-1094_000,yaw,3.0,deg,11,Car,vehicle,30.6,>30m,311.2,0,0.0,61,56,0.918,76.92
nuscenes_mini_subset,scene-1094_000,yaw,3.0,deg,12,Pedestrian,pedestrian,14.0,0-15m,121.1,0,0.0,16,3,0.1875,75.41
nuscenes_mini_subset,scene-1094_000,yaw,3.0,deg,13,Pedestrian,pedestrian,38.1,>30m,33.3,2,0.0,1,0,0.0,88.89
nuscenes_mini_subset,scene-1094_000,yaw,3.0,deg,14,Bicycle,cyclist,30.5,>30m,79.0,1,0.0,0,0,,
nuscenes_mini_subset,scene-1094_000,pitch,0.0,deg,1,Car,vehicle,24.9,15-30m,254.4,0,0.0,33,33,1.0,0.0
nuscenes_mini_subset,scene-1094_000,pitch,0.0,deg,2,Pedestrian,pedestrian,38.3,>30m,25.3,0,0.0,4,4,1.0,0.0
nuscenes_mini_subset,scene-1094_000,pitch,0.0,deg,3,Car,vehicle,7.4,0-15m,452.5,0,0.05,463,463,1.0,0.0
nuscenes_mini_subset,scene-1094_000,pitch,0.0,deg,4,Pedestrian,pedestrian,37.2,>30m,34.4,1,0.0,3,3,1.0,0.0
nuscenes_mini_subset,scene-1094_000,pitch,0.0,deg,5,Pedestrian,pedestrian,22.0,15-30m,44.9,2,0.0,2,2,1.0,0.0
nuscenes_mini_subset,scene-1094_000,pitch,0.0,deg,6,Car,vehicle,33.0,>30m,148.1,2,0.37,4,4,1.0,0.0
nuscenes_mini_subset,scene-1094_000,pitch,0.0,deg,7,Car,vehicle,34.3,>30m,180.6,2,0.0,4,4,1.0,0.0
nuscenes_mini_subset,scene-1094_000,pitch,0.0,deg,8,Pedestrian,pedestrian,25.4,15-30m,44.8,0,0.0,4,4,1.0,0.0
nuscenes_mini_subset,scene-1094_000,pitch,0.0,deg,9,Pedestrian,pedestrian,14.4,0-15m,93.3,2,0.0,9,9,1.0,0.0
nuscenes_mini_subset,scene-1094_000,pitch,0.0,deg,10,Car,vehicle,28.3,15-30m,261.7,2,0.0,5,5,1.0,0.0
nuscenes_mini_subset,scene-1094_000,pitch,0.0,deg,11,Car,vehicle,30.6,>30m,311.2,0,0.0,61,61,1.0,0.0
nuscenes_mini_subset,scene-1094_000,pitch,0.0,deg,12,Pedestrian,pedestrian,14.0,0-15m,121.1,0,0.0,16,16,1.0,0.0
nuscenes_mini_subset,scene-1094_000,pitch,0.0,deg,13,Pedestrian,pedestrian,38.1,>30m,33.3,2,0.0,1,1,1.0,0.0
nuscenes_mini_subset,scene-1094_000,pitch,0.0,deg,14,Bicycle,cyclist,30.5,>30m,79.0,1,0.0,0,0,,
nuscenes_mini_subset,scene-1094_000,pitch,0.25,deg,1,Car,vehicle,24.9,15-30m,254.4,0,0.0,33,33,1.0,2.66
nuscenes_mini_subset,scene-1094_000,pitch,0.25,deg,2,Pedestrian,pedestrian,38.3,>30m,25.3,0,0.0,4,4,1.0,1.09
nuscenes_mini_subset,scene-1094_000,pitch,0.25,deg,3,Car,vehicle,7.4,0-15m,452.5,0,0.05,463,463,1.0,1.2
nuscenes_mini_subset,scene-1094_000,pitch,0.25,deg,4,Pedestrian,pedestrian,37.2,>30m,34.4,1,0.0,3,3,1.0,3.33
nuscenes_mini_subset,scene-1094_000,pitch,0.25,deg,5,Pedestrian,pedestrian,22.0,15-30m,44.9,2,0.0,2,2,1.0,0.82
nuscenes_mini_subset,scene-1094_000,pitch,0.25,deg,6,Car,vehicle,33.0,>30m,148.1,2,0.37,4,4,1.0,3.24
nuscenes_mini_subset,scene-1094_000,pitch,0.25,deg,7,Car,vehicle,34.3,>30m,180.6,2,0.0,4,4,1.0,0.81
nuscenes_mini_subset,scene-1094_000,pitch,0.25,deg,8,Pedestrian,pedestrian,25.4,15-30m,44.8,0,0.0,4,4,1.0,1.49
nuscenes_mini_subset,scene-1094_000,pitch,0.25,deg,9,Pedestrian,pedestrian,14.4,0-15m,93.3,2,0.0,9,9,1.0,2.85
nuscenes_mini_subset,scene-1094_000,pitch,0.25,deg,10,Car,vehicle,28.3,15-30m,261.7,2,0.0,5,5,1.0,1.95
nuscenes_mini_subset,scene-1094_000,pitch,0.25,deg,11,Car,vehicle,30.6,>30m,311.2,0,0.0,61,61,1.0,1.86
nuscenes_mini_subset,scene-1094_000,pitch,0.25,deg,12,Pedestrian,pedestrian,14.0,0-15m,121.1,0,0.0,16,16,1.0,1.54
nuscenes_mini_subset,scene-1094_000,pitch,0.25,deg,13,Pedestrian,pedestrian,38.1,>30m,33.3,2,0.0,1,1,1.0,3.31
nuscenes_mini_subset,scene-1094_000,pitch,0.25,deg,14,Bicycle,cyclist,30.5,>30m,79.0,1,0.0,0,0,,
nuscenes_mini_subset,scene-1094_000,pitch,0.5,deg,1,Car,vehicle,24.9,15-30m,254.4,0,0.0,33,33,1.0,5.31
nuscenes_mini_subset,scene-1094_000,pitch,0.5,deg,2,Pedestrian,pedestrian,38.3,>30m,25.3,0,0.0,4,4,1.0,2.17
nuscenes_mini_subset,scene-1094_000,pitch,0.5,deg,3,Car,vehicle,7.4,0-15m,452.5,0,0.05,463,463,1.0,2.39
nuscenes_mini_subset,scene-1094_000,pitch,0.5,deg,4,Pedestrian,pedestrian,37.2,>30m,34.4,1,0.0,3,3,1.0,6.65
nuscenes_mini_subset,scene-1094_000,pitch,0.5,deg,5,Pedestrian,pedestrian,22.0,15-30m,44.9,2,0.0,2,2,1.0,1.64
nuscenes_mini_subset,scene-1094_000,pitch,0.5,deg,6,Car,vehicle,33.0,>30m,148.1,2,0.37,4,4,1.0,6.48
nuscenes_mini_subset,scene-1094_000,pitch,0.5,deg,7,Car,vehicle,34.3,>30m,180.6,2,0.0,4,4,1.0,1.62
nuscenes_mini_subset,scene-1094_000,pitch,0.5,deg,8,Pedestrian,pedestrian,25.4,15-30m,44.8,0,0.0,4,4,1.0,2.98
nuscenes_mini_subset,scene-1094_000,pitch,0.5,deg,9,Pedestrian,pedestrian,14.4,0-15m,93.3,2,0.0,9,9,1.0,5.69
nuscenes_mini_subset,scene-1094_000,pitch,0.5,deg,10,Car,vehicle,28.3,15-30m,261.7,2,0.0,5,5,1.0,3.89
nuscenes_mini_subset,scene-1094_000,pitch,0.5,deg,11,Car,vehicle,30.6,>30m,311.2,0,0.0,61,61,1.0,3.71
nuscenes_mini_subset,scene-1094_000,pitch,0.5,deg,12,Pedestrian,pedestrian,14.0,0-15m,121.1,0,0.0,16,16,1.0,3.07
nuscenes_mini_subset,scene-1094_000,pitch,0.5,deg,13,Pedestrian,pedestrian,38.1,>30m,33.3,2,0.0,1,0,0.0,6.62
nuscenes_mini_subset,scene-1094_000,pitch,0.5,deg,14,Bicycle,cyclist,30.5,>30m,79.0,1,0.0,0,0,,
nuscenes_mini_subset,scene-1094_000,pitch,1.0,deg,1,Car,vehicle,24.9,15-30m,254.4,0,0.0,33,33,1.0,10.63
nuscenes_mini_subset,scene-1094_000,pitch,1.0,deg,2,Pedestrian,pedestrian,38.3,>30m,25.3,0,0.0,4,4,1.0,4.34
nuscenes_mini_subset,scene-1094_000,pitch,1.0,deg,3,Car,vehicle,7.4,0-15m,452.5,0,0.05,463,462,0.9978,4.78
nuscenes_mini_subset,scene-1094_000,pitch,1.0,deg,4,Pedestrian,pedestrian,37.2,>30m,34.4,1,0.0,3,2,0.6667,13.31
nuscenes_mini_subset,scene-1094_000,pitch,1.0,deg,5,Pedestrian,pedestrian,22.0,15-30m,44.9,2,0.0,2,2,1.0,3.29
nuscenes_mini_subset,scene-1094_000,pitch,1.0,deg,6,Car,vehicle,33.0,>30m,148.1,2,0.37,4,4,1.0,12.97
nuscenes_mini_subset,scene-1094_000,pitch,1.0,deg,7,Car,vehicle,34.3,>30m,180.6,2,0.0,4,4,1.0,3.24
nuscenes_mini_subset,scene-1094_000,pitch,1.0,deg,8,Pedestrian,pedestrian,25.4,15-30m,44.8,0,0.0,4,4,1.0,5.96
nuscenes_mini_subset,scene-1094_000,pitch,1.0,deg,9,Pedestrian,pedestrian,14.4,0-15m,93.3,2,0.0,9,9,1.0,11.39
nuscenes_mini_subset,scene-1094_000,pitch,1.0,deg,10,Car,vehicle,28.3,15-30m,261.7,2,0.0,5,5,1.0,7.78
nuscenes_mini_subset,scene-1094_000,pitch,1.0,deg,11,Car,vehicle,30.6,>30m,311.2,0,0.0,61,61,1.0,7.42
nuscenes_mini_subset,scene-1094_000,pitch,1.0,deg,12,Pedestrian,pedestrian,14.0,0-15m,121.1,0,0.0,16,16,1.0,6.14
nuscenes_mini_subset,scene-1094_000,pitch,1.0,deg,13,Pedestrian,pedestrian,38.1,>30m,33.3,2,0.0,1,0,0.0,13.23
nuscenes_mini_subset,scene-1094_000,pitch,1.0,deg,14,Bicycle,cyclist,30.5,>30m,79.0,1,0.0,0,0,,
nuscenes_mini_subset,scene-1094_000,pitch,2.0,deg,1,Car,vehicle,24.9,15-30m,254.4,0,0.0,33,33,1.0,21.25
nuscenes_mini_subset,scene-1094_000,pitch,2.0,deg,2,Pedestrian,pedestrian,38.3,>30m,25.3,0,0.0,4,3,0.75,8.68
nuscenes_mini_subset,scene-1094_000,pitch,2.0,deg,3,Car,vehicle,7.4,0-15m,452.5,0,0.05,463,461,0.9957,9.56
nuscenes_mini_subset,scene-1094_000,pitch,2.0,deg,4,Pedestrian,pedestrian,37.2,>30m,34.4,1,0.0,3,2,0.6667,26.62
nuscenes_mini_subset,scene-1094_000,pitch,2.0,deg,5,Pedestrian,pedestrian,22.0,15-30m,44.9,2,0.0,2,2,1.0,6.58
nuscenes_mini_subset,scene-1094_000,pitch,2.0,deg,6,Car,vehicle,33.0,>30m,148.1,2,0.37,4,4,1.0,25.93
nuscenes_mini_subset,scene-1094_000,pitch,2.0,deg,7,Car,vehicle,34.3,>30m,180.6,2,0.0,4,4,1.0,6.48
nuscenes_mini_subset,scene-1094_000,pitch,2.0,deg,8,Pedestrian,pedestrian,25.4,15-30m,44.8,0,0.0,4,4,1.0,11.93
nuscenes_mini_subset,scene-1094_000,pitch,2.0,deg,9,Pedestrian,pedestrian,14.4,0-15m,93.3,2,0.0,9,9,1.0,22.77
nuscenes_mini_subset,scene-1094_000,pitch,2.0,deg,10,Car,vehicle,28.3,15-30m,261.7,2,0.0,5,5,1.0,15.57
nuscenes_mini_subset,scene-1094_000,pitch,2.0,deg,11,Car,vehicle,30.6,>30m,311.2,0,0.0,61,61,1.0,14.85
nuscenes_mini_subset,scene-1094_000,pitch,2.0,deg,12,Pedestrian,pedestrian,14.0,0-15m,121.1,0,0.0,16,16,1.0,12.29
nuscenes_mini_subset,scene-1094_000,pitch,2.0,deg,13,Pedestrian,pedestrian,38.1,>30m,33.3,2,0.0,1,0,0.0,26.47
nuscenes_mini_subset,scene-1094_000,pitch,2.0,deg,14,Bicycle,cyclist,30.5,>30m,79.0,1,0.0,0,0,,
nuscenes_mini_subset,scene-1094_000,pitch,3.0,deg,1,Car,vehicle,24.9,15-30m,254.4,0,0.0,33,26,0.7879,31.87
nuscenes_mini_subset,scene-1094_000,pitch,3.0,deg,2,Pedestrian,pedestrian,38.3,>30m,25.3,0,0.0,4,3,0.75,13.03
nuscenes_mini_subset,scene-1094_000,pitch,3.0,deg,3,Car,vehicle,7.4,0-15m,452.5,0,0.05,463,459,0.9914,14.34
nuscenes_mini_subset,scene-1094_000,pitch,3.0,deg,4,Pedestrian,pedestrian,37.2,>30m,34.4,1,0.0,3,2,0.6667,39.93
nuscenes_mini_subset,scene-1094_000,pitch,3.0,deg,5,Pedestrian,pedestrian,22.0,15-30m,44.9,2,0.0,2,2,1.0,9.86
nuscenes_mini_subset,scene-1094_000,pitch,3.0,deg,6,Car,vehicle,33.0,>30m,148.1,2,0.37,4,4,1.0,38.89
nuscenes_mini_subset,scene-1094_000,pitch,3.0,deg,7,Car,vehicle,34.3,>30m,180.6,2,0.0,4,4,1.0,9.71
nuscenes_mini_subset,scene-1094_000,pitch,3.0,deg,8,Pedestrian,pedestrian,25.4,15-30m,44.8,0,0.0,4,4,1.0,17.89
nuscenes_mini_subset,scene-1094_000,pitch,3.0,deg,9,Pedestrian,pedestrian,14.4,0-15m,93.3,2,0.0,9,7,0.7778,34.15
nuscenes_mini_subset,scene-1094_000,pitch,3.0,deg,10,Car,vehicle,28.3,15-30m,261.7,2,0.0,5,5,1.0,23.34
nuscenes_mini_subset,scene-1094_000,pitch,3.0,deg,11,Car,vehicle,30.6,>30m,311.2,0,0.0,61,57,0.9344,22.27
nuscenes_mini_subset,scene-1094_000,pitch,3.0,deg,12,Pedestrian,pedestrian,14.0,0-15m,121.1,0,0.0,16,16,1.0,18.43
nuscenes_mini_subset,scene-1094_000,pitch,3.0,deg,13,Pedestrian,pedestrian,38.1,>30m,33.3,2,0.0,1,0,0.0,39.7
nuscenes_mini_subset,scene-1094_000,pitch,3.0,deg,14,Bicycle,cyclist,30.5,>30m,79.0,1,0.0,0,0,,
nuscenes_mini_subset,scene-1094_000,roll,0.0,deg,1,Car,vehicle,24.9,15-30m,254.4,0,0.0,33,33,1.0,0.0
nuscenes_mini_subset,scene-1094_000,roll,0.0,deg,2,Pedestrian,pedestrian,38.3,>30m,25.3,0,0.0,4,4,1.0,0.0
nuscenes_mini_subset,scene-1094_000,roll,0.0,deg,3,Car,vehicle,7.4,0-15m,452.5,0,0.05,463,463,1.0,0.0
nuscenes_mini_subset,scene-1094_000,roll,0.0,deg,4,Pedestrian,pedestrian,37.2,>30m,34.4,1,0.0,3,3,1.0,0.0
nuscenes_mini_subset,scene-1094_000,roll,0.0,deg,5,Pedestrian,pedestrian,22.0,15-30m,44.9,2,0.0,2,2,1.0,0.0
nuscenes_mini_subset,scene-1094_000,roll,0.0,deg,6,Car,vehicle,33.0,>30m,148.1,2,0.37,4,4,1.0,0.0
nuscenes_mini_subset,scene-1094_000,roll,0.0,deg,7,Car,vehicle,34.3,>30m,180.6,2,0.0,4,4,1.0,0.0
nuscenes_mini_subset,scene-1094_000,roll,0.0,deg,8,Pedestrian,pedestrian,25.4,15-30m,44.8,0,0.0,4,4,1.0,0.0
nuscenes_mini_subset,scene-1094_000,roll,0.0,deg,9,Pedestrian,pedestrian,14.4,0-15m,93.3,2,0.0,9,9,1.0,0.0
nuscenes_mini_subset,scene-1094_000,roll,0.0,deg,10,Car,vehicle,28.3,15-30m,261.7,2,0.0,5,5,1.0,0.0
nuscenes_mini_subset,scene-1094_000,roll,0.0,deg,11,Car,vehicle,30.6,>30m,311.2,0,0.0,61,61,1.0,0.0
nuscenes_mini_subset,scene-1094_000,roll,0.0,deg,12,Pedestrian,pedestrian,14.0,0-15m,121.1,0,0.0,16,16,1.0,0.0
nuscenes_mini_subset,scene-1094_000,roll,0.0,deg,13,Pedestrian,pedestrian,38.1,>30m,33.3,2,0.0,1,1,1.0,0.0
nuscenes_mini_subset,scene-1094_000,roll,0.0,deg,14,Bicycle,cyclist,30.5,>30m,79.0,1,0.0,0,0,,
nuscenes_mini_subset,scene-1094_000,roll,0.25,deg,1,Car,vehicle,24.9,15-30m,254.4,0,0.0,33,33,1.0,5.73
nuscenes_mini_subset,scene-1094_000,roll,0.25,deg,2,Pedestrian,pedestrian,38.3,>30m,25.3,0,0.0,4,4,1.0,5.65
nuscenes_mini_subset,scene-1094_000,roll,0.25,deg,3,Car,vehicle,7.4,0-15m,452.5,0,0.05,463,463,1.0,6.5
nuscenes_mini_subset,scene-1094_000,roll,0.25,deg,4,Pedestrian,pedestrian,37.2,>30m,34.4,1,0.0,3,3,1.0,5.71
nuscenes_mini_subset,scene-1094_000,roll,0.25,deg,5,Pedestrian,pedestrian,22.0,15-30m,44.9,2,0.0,2,2,1.0,5.76
nuscenes_mini_subset,scene-1094_000,roll,0.25,deg,6,Car,vehicle,33.0,>30m,148.1,2,0.37,4,4,1.0,5.7
nuscenes_mini_subset,scene-1094_000,roll,0.25,deg,7,Car,vehicle,34.3,>30m,180.6,2,0.0,4,4,1.0,5.67
nuscenes_mini_subset,scene-1094_000,roll,0.25,deg,8,Pedestrian,pedestrian,25.4,15-30m,44.8,0,0.0,4,4,1.0,5.75
nuscenes_mini_subset,scene-1094_000,roll,0.25,deg,9,Pedestrian,pedestrian,14.4,0-15m,93.3,2,0.0,9,9,1.0,5.88
nuscenes_mini_subset,scene-1094_000,roll,0.25,deg,10,Car,vehicle,28.3,15-30m,261.7,2,0.0,5,5,1.0,5.73
nuscenes_mini_subset,scene-1094_000,roll,0.25,deg,11,Car,vehicle,30.6,>30m,311.2,0,0.0,61,61,1.0,5.68
nuscenes_mini_subset,scene-1094_000,roll,0.25,deg,12,Pedestrian,pedestrian,14.0,0-15m,121.1,0,0.0,16,16,1.0,5.91
nuscenes_mini_subset,scene-1094_000,roll,0.25,deg,13,Pedestrian,pedestrian,38.1,>30m,33.3,2,0.0,1,1,1.0,5.72
nuscenes_mini_subset,scene-1094_000,roll,0.25,deg,14,Bicycle,cyclist,30.5,>30m,79.0,1,0.0,0,0,,
nuscenes_mini_subset,scene-1094_000,roll,0.5,deg,1,Car,vehicle,24.9,15-30m,254.4,0,0.0,33,33,1.0,11.46
nuscenes_mini_subset,scene-1094_000,roll,0.5,deg,2,Pedestrian,pedestrian,38.3,>30m,25.3,0,0.0,4,4,1.0,11.3
nuscenes_mini_subset,scene-1094_000,roll,0.5,deg,3,Car,vehicle,7.4,0-15m,452.5,0,0.05,463,463,1.0,12.98
nuscenes_mini_subset,scene-1094_000,roll,0.5,deg,4,Pedestrian,pedestrian,37.2,>30m,34.4,1,0.0,3,3,1.0,11.41
nuscenes_mini_subset,scene-1094_000,roll,0.5,deg,5,Pedestrian,pedestrian,22.0,15-30m,44.9,2,0.0,2,2,1.0,11.51
nuscenes_mini_subset,scene-1094_000,roll,0.5,deg,6,Car,vehicle,33.0,>30m,148.1,2,0.37,4,4,1.0,11.39
nuscenes_mini_subset,scene-1094_000,roll,0.5,deg,7,Car,vehicle,34.3,>30m,180.6,2,0.0,4,4,1.0,11.33
nuscenes_mini_subset,scene-1094_000,roll,0.5,deg,8,Pedestrian,pedestrian,25.4,15-30m,44.8,0,0.0,4,4,1.0,11.5
nuscenes_mini_subset,scene-1094_000,roll,0.5,deg,9,Pedestrian,pedestrian,14.4,0-15m,93.3,2,0.0,9,9,1.0,11.76
nuscenes_mini_subset,scene-1094_000,roll,0.5,deg,10,Car,vehicle,28.3,15-30m,261.7,2,0.0,5,5,1.0,11.45
nuscenes_mini_subset,scene-1094_000,roll,0.5,deg,11,Car,vehicle,30.6,>30m,311.2,0,0.0,61,61,1.0,11.36
nuscenes_mini_subset,scene-1094_000,roll,0.5,deg,12,Pedestrian,pedestrian,14.0,0-15m,121.1,0,0.0,16,16,1.0,11.82
nuscenes_mini_subset,scene-1094_000,roll,0.5,deg,13,Pedestrian,pedestrian,38.1,>30m,33.3,2,0.0,1,1,1.0,11.44
nuscenes_mini_subset,scene-1094_000,roll,0.5,deg,14,Bicycle,cyclist,30.5,>30m,79.0,1,0.0,0,0,,
nuscenes_mini_subset,scene-1094_000,roll,1.0,deg,1,Car,vehicle,24.9,15-30m,254.4,0,0.0,33,33,1.0,22.92
nuscenes_mini_subset,scene-1094_000,roll,1.0,deg,2,Pedestrian,pedestrian,38.3,>30m,25.3,0,0.0,4,4,1.0,22.59
nuscenes_mini_subset,scene-1094_000,roll,1.0,deg,3,Car,vehicle,7.4,0-15m,452.5,0,0.05,463,434,0.9374,25.92
nuscenes_mini_subset,scene-1094_000,roll,1.0,deg,4,Pedestrian,pedestrian,37.2,>30m,34.4,1,0.0,3,1,0.3333,22.81
nuscenes_mini_subset,scene-1094_000,roll,1.0,deg,5,Pedestrian,pedestrian,22.0,15-30m,44.9,2,0.0,2,1,0.5,23.0
nuscenes_mini_subset,scene-1094_000,roll,1.0,deg,6,Car,vehicle,33.0,>30m,148.1,2,0.37,4,4,1.0,22.76
nuscenes_mini_subset,scene-1094_000,roll,1.0,deg,7,Car,vehicle,34.3,>30m,180.6,2,0.0,4,0,0.0,22.65
nuscenes_mini_subset,scene-1094_000,roll,1.0,deg,8,Pedestrian,pedestrian,25.4,15-30m,44.8,0,0.0,4,4,1.0,22.99
nuscenes_mini_subset,scene-1094_000,roll,1.0,deg,9,Pedestrian,pedestrian,14.4,0-15m,93.3,2,0.0,9,9,1.0,23.49
nuscenes_mini_subset,scene-1094_000,roll,1.0,deg,10,Car,vehicle,28.3,15-30m,261.7,2,0.0,5,5,1.0,22.88
nuscenes_mini_subset,scene-1094_000,roll,1.0,deg,11,Car,vehicle,30.6,>30m,311.2,0,0.0,61,61,1.0,22.71
nuscenes_mini_subset,scene-1094_000,roll,1.0,deg,12,Pedestrian,pedestrian,14.0,0-15m,121.1,0,0.0,16,16,1.0,23.62
nuscenes_mini_subset,scene-1094_000,roll,1.0,deg,13,Pedestrian,pedestrian,38.1,>30m,33.3,2,0.0,1,1,1.0,22.86
nuscenes_mini_subset,scene-1094_000,roll,1.0,deg,14,Bicycle,cyclist,30.5,>30m,79.0,1,0.0,0,0,,
nuscenes_mini_subset,scene-1094_000,roll,2.0,deg,1,Car,vehicle,24.9,15-30m,254.4,0,0.0,33,26,0.7879,45.79
nuscenes_mini_subset,scene-1094_000,roll,2.0,deg,2,Pedestrian,pedestrian,38.3,>30m,25.3,0,0.0,4,1,0.25,45.16
nuscenes_mini_subset,scene-1094_000,roll,2.0,deg,3,Car,vehicle,7.4,0-15m,452.5,0,0.05,463,427,0.9222,51.69
nuscenes_mini_subset,scene-1094_000,roll,2.0,deg,4,Pedestrian,pedestrian,37.2,>30m,34.4,1,0.0,3,1,0.3333,45.55
nuscenes_mini_subset,scene-1094_000,roll,2.0,deg,5,Pedestrian,pedestrian,22.0,15-30m,44.9,2,0.0,2,1,0.5,45.94
nuscenes_mini_subset,scene-1094_000,roll,2.0,deg,6,Car,vehicle,33.0,>30m,148.1,2,0.37,4,4,1.0,45.47
nuscenes_mini_subset,scene-1094_000,roll,2.0,deg,7,Car,vehicle,34.3,>30m,180.6,2,0.0,4,0,0.0,45.26
nuscenes_mini_subset,scene-1094_000,roll,2.0,deg,8,Pedestrian,pedestrian,25.4,15-30m,44.8,0,0.0,4,2,0.5,45.91
nuscenes_mini_subset,scene-1094_000,roll,2.0,deg,9,Pedestrian,pedestrian,14.4,0-15m,93.3,2,0.0,9,7,0.7778,46.93
nuscenes_mini_subset,scene-1094_000,roll,2.0,deg,10,Car,vehicle,28.3,15-30m,261.7,2,0.0,5,5,1.0,45.71
nuscenes_mini_subset,scene-1094_000,roll,2.0,deg,11,Car,vehicle,30.6,>30m,311.2,0,0.0,61,39,0.6393,45.4
nuscenes_mini_subset,scene-1094_000,roll,2.0,deg,12,Pedestrian,pedestrian,14.0,0-15m,121.1,0,0.0,16,14,0.875,47.15
nuscenes_mini_subset,scene-1094_000,roll,2.0,deg,13,Pedestrian,pedestrian,38.1,>30m,33.3,2,0.0,1,1,1.0,45.65
nuscenes_mini_subset,scene-1094_000,roll,2.0,deg,14,Bicycle,cyclist,30.5,>30m,79.0,1,0.0,0,0,,
nuscenes_mini_subset,scene-1094_000,roll,3.0,deg,1,Car,vehicle,24.9,15-30m,254.4,0,0.0,33,10,0.303,68.63
nuscenes_mini_subset,scene-1094_000,roll,3.0,deg,2,Pedestrian,pedestrian,38.3,>30m,25.3,0,0.0,4,0,0.0,67.72
nuscenes_mini_subset,scene-1094_000,roll,3.0,deg,3,Car,vehicle,7.4,0-15m,452.5,0,0.05,463,419,0.905,77.3
nuscenes_mini_subset,scene-1094_000,roll,3.0,deg,4,Pedestrian,pedestrian,37.2,>30m,34.4,1,0.0,3,0,0.0,68.26
nuscenes_mini_subset,scene-1094_000,roll,3.0,deg,5,Pedestrian,pedestrian,22.0,15-30m,44.9,2,0.0,2,1,0.5,68.84
nuscenes_mini_subset,scene-1094_000,roll,3.0,deg,6,Car,vehicle,33.0,>30m,148.1,2,0.37,4,0,0.0,68.16
nuscenes_mini_subset,scene-1094_000,roll,3.0,deg,7,Car,vehicle,34.3,>30m,180.6,2,0.0,4,0,0.0,67.85
nuscenes_mini_subset,scene-1094_000,roll,3.0,deg,8,Pedestrian,pedestrian,25.4,15-30m,44.8,0,0.0,4,0,0.0,68.77
nuscenes_mini_subset,scene-1094_000,roll,3.0,deg,9,Pedestrian,pedestrian,14.4,0-15m,93.3,2,0.0,9,5,0.5556,70.33
nuscenes_mini_subset,scene-1094_000,roll,3.0,deg,10,Car,vehicle,28.3,15-30m,261.7,2,0.0,5,0,0.0,68.48
nuscenes_mini_subset,scene-1094_000,roll,3.0,deg,11,Car,vehicle,30.6,>30m,311.2,0,0.0,61,20,0.3279,68.08
nuscenes_mini_subset,scene-1094_000,roll,3.0,deg,12,Pedestrian,pedestrian,14.0,0-15m,121.1,0,0.0,16,11,0.6875,70.61
nuscenes_mini_subset,scene-1094_000,roll,3.0,deg,13,Pedestrian,pedestrian,38.1,>30m,33.3,2,0.0,1,0,0.0,68.38
nuscenes_mini_subset,scene-1094_000,roll,3.0,deg,14,Bicycle,cyclist,30.5,>30m,79.0,1,0.0,0,0,,
nuscenes_mini_subset,scene-1094_000,tx,0.0,m,1,Car,vehicle,24.9,15-30m,254.4,0,0.0,33,33,1.0,0.0
nuscenes_mini_subset,scene-1094_000,tx,0.0,m,2,Pedestrian,pedestrian,38.3,>30m,25.3,0,0.0,4,4,1.0,0.0
nuscenes_mini_subset,scene-1094_000,tx,0.0,m,3,Car,vehicle,7.4,0-15m,452.5,0,0.05,463,463,1.0,0.0
nuscenes_mini_subset,scene-1094_000,tx,0.0,m,4,Pedestrian,pedestrian,37.2,>30m,34.4,1,0.0,3,3,1.0,0.0
nuscenes_mini_subset,scene-1094_000,tx,0.0,m,5,Pedestrian,pedestrian,22.0,15-30m,44.9,2,0.0,2,2,1.0,0.0
nuscenes_mini_subset,scene-1094_000,tx,0.0,m,6,Car,vehicle,33.0,>30m,148.1,2,0.37,4,4,1.0,0.0
nuscenes_mini_subset,scene-1094_000,tx,0.0,m,7,Car,vehicle,34.3,>30m,180.6,2,0.0,4,4,1.0,0.0
nuscenes_mini_subset,scene-1094_000,tx,0.0,m,8,Pedestrian,pedestrian,25.4,15-30m,44.8,0,0.0,4,4,1.0,0.0
nuscenes_mini_subset,scene-1094_000,tx,0.0,m,9,Pedestrian,pedestrian,14.4,0-15m,93.3,2,0.0,9,9,1.0,0.0
nuscenes_mini_subset,scene-1094_000,tx,0.0,m,10,Car,vehicle,28.3,15-30m,261.7,2,0.0,5,5,1.0,0.0
nuscenes_mini_subset,scene-1094_000,tx,0.0,m,11,Car,vehicle,30.6,>30m,311.2,0,0.0,61,61,1.0,0.0
nuscenes_mini_subset,scene-1094_000,tx,0.0,m,12,Pedestrian,pedestrian,14.0,0-15m,121.1,0,0.0,16,16,1.0,0.0
nuscenes_mini_subset,scene-1094_000,tx,0.0,m,13,Pedestrian,pedestrian,38.1,>30m,33.3,2,0.0,1,1,1.0,0.0
nuscenes_mini_subset,scene-1094_000,tx,0.0,m,14,Bicycle,cyclist,30.5,>30m,79.0,1,0.0,0,0,,
nuscenes_mini_subset,scene-1094_000,tx,0.02,m,1,Car,vehicle,24.9,15-30m,254.4,0,0.0,33,33,1.0,1.15
nuscenes_mini_subset,scene-1094_000,tx,0.02,m,2,Pedestrian,pedestrian,38.3,>30m,25.3,0,0.0,4,4,1.0,0.67
nuscenes_mini_subset,scene-1094_000,tx,0.02,m,3,Car,vehicle,7.4,0-15m,452.5,0,0.05,463,463,1.0,4.53
nuscenes_mini_subset,scene-1094_000,tx,0.02,m,4,Pedestrian,pedestrian,37.2,>30m,34.4,1,0.0,3,3,1.0,0.8
nuscenes_mini_subset,scene-1094_000,tx,0.02,m,5,Pedestrian,pedestrian,22.0,15-30m,44.9,2,0.0,2,2,1.0,1.16
nuscenes_mini_subset,scene-1094_000,tx,0.02,m,6,Car,vehicle,33.0,>30m,148.1,2,0.37,4,4,1.0,0.93
nuscenes_mini_subset,scene-1094_000,tx,0.02,m,7,Car,vehicle,34.3,>30m,180.6,2,0.0,4,4,1.0,0.75
nuscenes_mini_subset,scene-1094_000,tx,0.02,m,8,Pedestrian,pedestrian,25.4,15-30m,44.8,0,0.0,4,4,1.0,1.03
nuscenes_mini_subset,scene-1094_000,tx,0.02,m,9,Pedestrian,pedestrian,14.4,0-15m,93.3,2,0.0,9,9,1.0,1.97
nuscenes_mini_subset,scene-1094_000,tx,0.02,m,10,Car,vehicle,28.3,15-30m,261.7,2,0.0,5,5,1.0,1.0
nuscenes_mini_subset,scene-1094_000,tx,0.02,m,11,Car,vehicle,30.6,>30m,311.2,0,0.0,61,61,1.0,0.9
nuscenes_mini_subset,scene-1094_000,tx,0.02,m,12,Pedestrian,pedestrian,14.0,0-15m,121.1,0,0.0,16,16,1.0,1.89
nuscenes_mini_subset,scene-1094_000,tx,0.02,m,13,Pedestrian,pedestrian,38.1,>30m,33.3,2,0.0,1,1,1.0,0.78
nuscenes_mini_subset,scene-1094_000,tx,0.02,m,14,Bicycle,cyclist,30.5,>30m,79.0,1,0.0,0,0,,
nuscenes_mini_subset,scene-1094_000,tx,0.05,m,1,Car,vehicle,24.9,15-30m,254.4,0,0.0,33,33,1.0,2.88
nuscenes_mini_subset,scene-1094_000,tx,0.05,m,2,Pedestrian,pedestrian,38.3,>30m,25.3,0,0.0,4,4,1.0,1.68
nuscenes_mini_subset,scene-1094_000,tx,0.05,m,3,Car,vehicle,7.4,0-15m,452.5,0,0.05,463,463,1.0,11.33
nuscenes_mini_subset,scene-1094_000,tx,0.05,m,4,Pedestrian,pedestrian,37.2,>30m,34.4,1,0.0,3,3,1.0,1.99
nuscenes_mini_subset,scene-1094_000,tx,0.05,m,5,Pedestrian,pedestrian,22.0,15-30m,44.9,2,0.0,2,2,1.0,2.9
nuscenes_mini_subset,scene-1094_000,tx,0.05,m,6,Car,vehicle,33.0,>30m,148.1,2,0.37,4,4,1.0,2.32
nuscenes_mini_subset,scene-1094_000,tx,0.05,m,7,Car,vehicle,34.3,>30m,180.6,2,0.0,4,4,1.0,1.87
nuscenes_mini_subset,scene-1094_000,tx,0.05,m,8,Pedestrian,pedestrian,25.4,15-30m,44.8,0,0.0,4,4,1.0,2.56
nuscenes_mini_subset,scene-1094_000,tx,0.05,m,9,Pedestrian,pedestrian,14.4,0-15m,93.3,2,0.0,9,9,1.0,4.91
nuscenes_mini_subset,scene-1094_000,tx,0.05,m,10,Car,vehicle,28.3,15-30m,261.7,2,0.0,5,5,1.0,2.5
nuscenes_mini_subset,scene-1094_000,tx,0.05,m,11,Car,vehicle,30.6,>30m,311.2,0,0.0,61,61,1.0,2.26
nuscenes_mini_subset,scene-1094_000,tx,0.05,m,12,Pedestrian,pedestrian,14.0,0-15m,121.1,0,0.0,16,16,1.0,4.71
nuscenes_mini_subset,scene-1094_000,tx,0.05,m,13,Pedestrian,pedestrian,38.1,>30m,33.3,2,0.0,1,1,1.0,1.94
nuscenes_mini_subset,scene-1094_000,tx,0.05,m,14,Bicycle,cyclist,30.5,>30m,79.0,1,0.0,0,0,,
nuscenes_mini_subset,scene-1094_000,tx,0.1,m,1,Car,vehicle,24.9,15-30m,254.4,0,0.0,33,33,1.0,5.76
nuscenes_mini_subset,scene-1094_000,tx,0.1,m,2,Pedestrian,pedestrian,38.3,>30m,25.3,0,0.0,4,4,1.0,3.35
nuscenes_mini_subset,scene-1094_000,tx,0.1,m,3,Car,vehicle,7.4,0-15m,452.5,0,0.05,463,463,1.0,22.65
nuscenes_mini_subset,scene-1094_000,tx,0.1,m,4,Pedestrian,pedestrian,37.2,>30m,34.4,1,0.0,3,3,1.0,3.98
nuscenes_mini_subset,scene-1094_000,tx,0.1,m,5,Pedestrian,pedestrian,22.0,15-30m,44.9,2,0.0,2,2,1.0,5.8
nuscenes_mini_subset,scene-1094_000,tx,0.1,m,6,Car,vehicle,33.0,>30m,148.1,2,0.37,4,4,1.0,4.65
nuscenes_mini_subset,scene-1094_000,tx,0.1,m,7,Car,vehicle,34.3,>30m,180.6,2,0.0,4,4,1.0,3.73
nuscenes_mini_subset,scene-1094_000,tx,0.1,m,8,Pedestrian,pedestrian,25.4,15-30m,44.8,0,0.0,4,4,1.0,5.13
nuscenes_mini_subset,scene-1094_000,tx,0.1,m,9,Pedestrian,pedestrian,14.4,0-15m,93.3,2,0.0,9,9,1.0,9.83
nuscenes_mini_subset,scene-1094_000,tx,0.1,m,10,Car,vehicle,28.3,15-30m,261.7,2,0.0,5,5,1.0,5.01
nuscenes_mini_subset,scene-1094_000,tx,0.1,m,11,Car,vehicle,30.6,>30m,311.2,0,0.0,61,61,1.0,4.52
nuscenes_mini_subset,scene-1094_000,tx,0.1,m,12,Pedestrian,pedestrian,14.0,0-15m,121.1,0,0.0,16,16,1.0,9.43
nuscenes_mini_subset,scene-1094_000,tx,0.1,m,13,Pedestrian,pedestrian,38.1,>30m,33.3,2,0.0,1,1,1.0,3.88
nuscenes_mini_subset,scene-1094_000,tx,0.1,m,14,Bicycle,cyclist,30.5,>30m,79.0,1,0.0,0,0,,
nuscenes_mini_subset,scene-1094_000,tx,0.2,m,1,Car,vehicle,24.9,15-30m,254.4,0,0.0,33,33,1.0,11.51
nuscenes_mini_subset,scene-1094_000,tx,0.2,m,2,Pedestrian,pedestrian,38.3,>30m,25.3,0,0.0,4,3,0.75,6.71
nuscenes_mini_subset,scene-1094_000,tx,0.2,m,3,Car,vehicle,7.4,0-15m,452.5,0,0.05,463,456,0.9849,45.31
nuscenes_mini_subset,scene-1094_000,tx,0.2,m,4,Pedestrian,pedestrian,37.2,>30m,34.4,1,0.0,3,3,1.0,7.96
nuscenes_mini_subset,scene-1094_000,tx,0.2,m,5,Pedestrian,pedestrian,22.0,15-30m,44.9,2,0.0,2,2,1.0,11.6
nuscenes_mini_subset,scene-1094_000,tx,0.2,m,6,Car,vehicle,33.0,>30m,148.1,2,0.37,4,4,1.0,9.29
nuscenes_mini_subset,scene-1094_000,tx,0.2,m,7,Car,vehicle,34.3,>30m,180.6,2,0.0,4,4,1.0,7.47
nuscenes_mini_subset,scene-1094_000,tx,0.2,m,8,Pedestrian,pedestrian,25.4,15-30m,44.8,0,0.0,4,4,1.0,10.26
nuscenes_mini_subset,scene-1094_000,tx,0.2,m,9,Pedestrian,pedestrian,14.4,0-15m,93.3,2,0.0,9,9,1.0,19.66
nuscenes_mini_subset,scene-1094_000,tx,0.2,m,10,Car,vehicle,28.3,15-30m,261.7,2,0.0,5,5,1.0,10.02
nuscenes_mini_subset,scene-1094_000,tx,0.2,m,11,Car,vehicle,30.6,>30m,311.2,0,0.0,61,61,1.0,9.04
nuscenes_mini_subset,scene-1094_000,tx,0.2,m,12,Pedestrian,pedestrian,14.0,0-15m,121.1,0,0.0,16,16,1.0,18.86
nuscenes_mini_subset,scene-1094_000,tx,0.2,m,13,Pedestrian,pedestrian,38.1,>30m,33.3,2,0.0,1,1,1.0,7.75
nuscenes_mini_subset,scene-1094_000,tx,0.2,m,14,Bicycle,cyclist,30.5,>30m,79.0,1,0.0,0,0,,
nuscenes_mini_subset,scene-1094_000,ty,0.0,m,1,Car,vehicle,24.9,15-30m,254.4,0,0.0,33,33,1.0,0.0
nuscenes_mini_subset,scene-1094_000,ty,0.0,m,2,Pedestrian,pedestrian,38.3,>30m,25.3,0,0.0,4,4,1.0,0.0
nuscenes_mini_subset,scene-1094_000,ty,0.0,m,3,Car,vehicle,7.4,0-15m,452.5,0,0.05,463,463,1.0,0.0
nuscenes_mini_subset,scene-1094_000,ty,0.0,m,4,Pedestrian,pedestrian,37.2,>30m,34.4,1,0.0,3,3,1.0,0.0
nuscenes_mini_subset,scene-1094_000,ty,0.0,m,5,Pedestrian,pedestrian,22.0,15-30m,44.9,2,0.0,2,2,1.0,0.0
nuscenes_mini_subset,scene-1094_000,ty,0.0,m,6,Car,vehicle,33.0,>30m,148.1,2,0.37,4,4,1.0,0.0
nuscenes_mini_subset,scene-1094_000,ty,0.0,m,7,Car,vehicle,34.3,>30m,180.6,2,0.0,4,4,1.0,0.0
nuscenes_mini_subset,scene-1094_000,ty,0.0,m,8,Pedestrian,pedestrian,25.4,15-30m,44.8,0,0.0,4,4,1.0,0.0
nuscenes_mini_subset,scene-1094_000,ty,0.0,m,9,Pedestrian,pedestrian,14.4,0-15m,93.3,2,0.0,9,9,1.0,0.0
nuscenes_mini_subset,scene-1094_000,ty,0.0,m,10,Car,vehicle,28.3,15-30m,261.7,2,0.0,5,5,1.0,0.0
nuscenes_mini_subset,scene-1094_000,ty,0.0,m,11,Car,vehicle,30.6,>30m,311.2,0,0.0,61,61,1.0,0.0
nuscenes_mini_subset,scene-1094_000,ty,0.0,m,12,Pedestrian,pedestrian,14.0,0-15m,121.1,0,0.0,16,16,1.0,0.0
nuscenes_mini_subset,scene-1094_000,ty,0.0,m,13,Pedestrian,pedestrian,38.1,>30m,33.3,2,0.0,1,1,1.0,0.0
nuscenes_mini_subset,scene-1094_000,ty,0.0,m,14,Bicycle,cyclist,30.5,>30m,79.0,1,0.0,0,0,,
nuscenes_mini_subset,scene-1094_000,ty,0.02,m,1,Car,vehicle,24.9,15-30m,254.4,0,0.0,33,33,1.0,0.55
nuscenes_mini_subset,scene-1094_000,ty,0.02,m,2,Pedestrian,pedestrian,38.3,>30m,25.3,0,0.0,4,4,1.0,0.13
nuscenes_mini_subset,scene-1094_000,ty,0.02,m,3,Car,vehicle,7.4,0-15m,452.5,0,0.05,463,463,1.0,0.77
nuscenes_mini_subset,scene-1094_000,ty,0.02,m,4,Pedestrian,pedestrian,37.2,>30m,34.4,1,0.0,3,3,1.0,0.48
nuscenes_mini_subset,scene-1094_000,ty,0.02,m,5,Pedestrian,pedestrian,22.0,15-30m,44.9,2,0.0,2,2,1.0,0.16
nuscenes_mini_subset,scene-1094_000,ty,0.02,m,6,Car,vehicle,33.0,>30m,148.1,2,0.37,4,4,1.0,0.54
nuscenes_mini_subset,scene-1094_000,ty,0.02,m,7,Car,vehicle,34.3,>30m,180.6,2,0.0,4,4,1.0,0.11
nuscenes_mini_subset,scene-1094_000,ty,0.02,m,8,Pedestrian,pedestrian,25.4,15-30m,44.8,0,0.0,4,4,1.0,0.27
nuscenes_mini_subset,scene-1094_000,ty,0.02,m,9,Pedestrian,pedestrian,14.4,0-15m,93.3,2,0.0,9,9,1.0,1.01
nuscenes_mini_subset,scene-1094_000,ty,0.02,m,10,Car,vehicle,28.3,15-30m,261.7,2,0.0,5,5,1.0,0.35
nuscenes_mini_subset,scene-1094_000,ty,0.02,m,11,Car,vehicle,30.6,>30m,311.2,0,0.0,61,61,1.0,0.3
nuscenes_mini_subset,scene-1094_000,ty,0.02,m,12,Pedestrian,pedestrian,14.0,0-15m,121.1,0,0.0,16,16,1.0,0.51
nuscenes_mini_subset,scene-1094_000,ty,0.02,m,13,Pedestrian,pedestrian,38.1,>30m,33.3,2,0.0,1,1,1.0,0.46
nuscenes_mini_subset,scene-1094_000,ty,0.02,m,14,Bicycle,cyclist,30.5,>30m,79.0,1,0.0,0,0,,
nuscenes_mini_subset,scene-1094_000,ty,0.05,m,1,Car,vehicle,24.9,15-30m,254.4,0,0.0,33,33,1.0,1.37
nuscenes_mini_subset,scene-1094_000,ty,0.05,m,2,Pedestrian,pedestrian,38.3,>30m,25.3,0,0.0,4,4,1.0,0.33
nuscenes_mini_subset,scene-1094_000,ty,0.05,m,3,Car,vehicle,7.4,0-15m,452.5,0,0.05,463,463,1.0,1.92
nuscenes_mini_subset,scene-1094_000,ty,0.05,m,4,Pedestrian,pedestrian,37.2,>30m,34.4,1,0.0,3,3,1.0,1.19
nuscenes_mini_subset,scene-1094_000,ty,0.05,m,5,Pedestrian,pedestrian,22.0,15-30m,44.9,2,0.0,2,2,1.0,0.41
nuscenes_mini_subset,scene-1094_000,ty,0.05,m,6,Car,vehicle,33.0,>30m,148.1,2,0.37,4,4,1.0,1.36
nuscenes_mini_subset,scene-1094_000,ty,0.05,m,7,Car,vehicle,34.3,>30m,180.6,2,0.0,4,4,1.0,0.27
nuscenes_mini_subset,scene-1094_000,ty,0.05,m,8,Pedestrian,pedestrian,25.4,15-30m,44.8,0,0.0,4,4,1.0,0.68
nuscenes_mini_subset,scene-1094_000,ty,0.05,m,9,Pedestrian,pedestrian,14.4,0-15m,93.3,2,0.0,9,9,1.0,2.51
nuscenes_mini_subset,scene-1094_000,ty,0.05,m,10,Car,vehicle,28.3,15-30m,261.7,2,0.0,5,5,1.0,0.87
nuscenes_mini_subset,scene-1094_000,ty,0.05,m,11,Car,vehicle,30.6,>30m,311.2,0,0.0,61,61,1.0,0.75
nuscenes_mini_subset,scene-1094_000,ty,0.05,m,12,Pedestrian,pedestrian,14.0,0-15m,121.1,0,0.0,16,16,1.0,1.26
nuscenes_mini_subset,scene-1094_000,ty,0.05,m,13,Pedestrian,pedestrian,38.1,>30m,33.3,2,0.0,1,1,1.0,1.15
nuscenes_mini_subset,scene-1094_000,ty,0.05,m,14,Bicycle,cyclist,30.5,>30m,79.0,1,0.0,0,0,,
nuscenes_mini_subset,scene-1094_000,ty,0.1,m,1,Car,vehicle,24.9,15-30m,254.4,0,0.0,33,33,1.0,2.74
nuscenes_mini_subset,scene-1094_000,ty,0.1,m,2,Pedestrian,pedestrian,38.3,>30m,25.3,0,0.0,4,4,1.0,0.65
nuscenes_mini_subset,scene-1094_000,ty,0.1,m,3,Car,vehicle,7.4,0-15m,452.5,0,0.05,463,463,1.0,3.81
nuscenes_mini_subset,scene-1094_000,ty,0.1,m,4,Pedestrian,pedestrian,37.2,>30m,34.4,1,0.0,3,3,1.0,2.38
nuscenes_mini_subset,scene-1094_000,ty,0.1,m,5,Pedestrian,pedestrian,22.0,15-30m,44.9,2,0.0,2,2,1.0,0.82
nuscenes_mini_subset,scene-1094_000,ty,0.1,m,6,Car,vehicle,33.0,>30m,148.1,2,0.37,4,4,1.0,2.72
nuscenes_mini_subset,scene-1094_000,ty,0.1,m,7,Car,vehicle,34.3,>30m,180.6,2,0.0,4,4,1.0,0.53
nuscenes_mini_subset,scene-1094_000,ty,0.1,m,8,Pedestrian,pedestrian,25.4,15-30m,44.8,0,0.0,4,4,1.0,1.36
nuscenes_mini_subset,scene-1094_000,ty,0.1,m,9,Pedestrian,pedestrian,14.4,0-15m,93.3,2,0.0,9,9,1.0,5.0
nuscenes_mini_subset,scene-1094_000,ty,0.1,m,10,Car,vehicle,28.3,15-30m,261.7,2,0.0,5,5,1.0,1.74
nuscenes_mini_subset,scene-1094_000,ty,0.1,m,11,Car,vehicle,30.6,>30m,311.2,0,0.0,61,61,1.0,1.51
nuscenes_mini_subset,scene-1094_000,ty,0.1,m,12,Pedestrian,pedestrian,14.0,0-15m,121.1,0,0.0,16,16,1.0,2.52
nuscenes_mini_subset,scene-1094_000,ty,0.1,m,13,Pedestrian,pedestrian,38.1,>30m,33.3,2,0.0,1,1,1.0,2.31
nuscenes_mini_subset,scene-1094_000,ty,0.1,m,14,Bicycle,cyclist,30.5,>30m,79.0,1,0.0,0,0,,
nuscenes_mini_subset,scene-1094_000,ty,0.2,m,1,Car,vehicle,24.9,15-30m,254.4,0,0.0,33,33,1.0,5.45
nuscenes_mini_subset,scene-1094_000,ty,0.2,m,2,Pedestrian,pedestrian,38.3,>30m,25.3,0,0.0,4,4,1.0,1.3
nuscenes_mini_subset,scene-1094_000,ty,0.2,m,3,Car,vehicle,7.4,0-15m,452.5,0,0.05,463,463,1.0,7.49
nuscenes_mini_subset,scene-1094_000,ty,0.2,m,4,Pedestrian,pedestrian,37.2,>30m,34.4,1,0.0,3,3,1.0,4.75
nuscenes_mini_subset,scene-1094_000,ty,0.2,m,5,Pedestrian,pedestrian,22.0,15-30m,44.9,2,0.0,2,2,1.0,1.63
nuscenes_mini_subset,scene-1094_000,ty,0.2,m,6,Car,vehicle,33.0,>30m,148.1,2,0.37,4,4,1.0,5.41
nuscenes_mini_subset,scene-1094_000,ty,0.2,m,7,Car,vehicle,34.3,>30m,180.6,2,0.0,4,4,1.0,1.06
nuscenes_mini_subset,scene-1094_000,ty,0.2,m,8,Pedestrian,pedestrian,25.4,15-30m,44.8,0,0.0,4,4,1.0,2.71
nuscenes_mini_subset,scene-1094_000,ty,0.2,m,9,Pedestrian,pedestrian,14.4,0-15m,93.3,2,0.0,9,9,1.0,9.92
nuscenes_mini_subset,scene-1094_000,ty,0.2,m,10,Car,vehicle,28.3,15-30m,261.7,2,0.0,5,5,1.0,3.48
nuscenes_mini_subset,scene-1094_000,ty,0.2,m,11,Car,vehicle,30.6,>30m,311.2,0,0.0,61,61,1.0,3.0
nuscenes_mini_subset,scene-1094_000,ty,0.2,m,12,Pedestrian,pedestrian,14.0,0-15m,121.1,0,0.0,16,16,1.0,5.0
nuscenes_mini_subset,scene-1094_000,ty,0.2,m,13,Pedestrian,pedestrian,38.1,>30m,33.3,2,0.0,1,1,1.0,4.6
nuscenes_mini_subset,scene-1094_000,ty,0.2,m,14,Bicycle,cyclist,30.5,>30m,79.0,1,0.0,0,0,,
nuscenes_mini_subset,scene-1094_000,tz,0.0,m,1,Car,vehicle,24.9,15-30m,254.4,0,0.0,33,33,1.0,0.0
nuscenes_mini_subset,scene-1094_000,tz,0.0,m,2,Pedestrian,pedestrian,38.3,>30m,25.3,0,0.0,4,4,1.0,0.0
nuscenes_mini_subset,scene-1094_000,tz,0.0,m,3,Car,vehicle,7.4,0-15m,452.5,0,0.05,463,463,1.0,0.0
nuscenes_mini_subset,scene-1094_000,tz,0.0,m,4,Pedestrian,pedestrian,37.2,>30m,34.4,1,0.0,3,3,1.0,0.0
nuscenes_mini_subset,scene-1094_000,tz,0.0,m,5,Pedestrian,pedestrian,22.0,15-30m,44.9,2,0.0,2,2,1.0,0.0
nuscenes_mini_subset,scene-1094_000,tz,0.0,m,6,Car,vehicle,33.0,>30m,148.1,2,0.37,4,4,1.0,0.0
nuscenes_mini_subset,scene-1094_000,tz,0.0,m,7,Car,vehicle,34.3,>30m,180.6,2,0.0,4,4,1.0,0.0
nuscenes_mini_subset,scene-1094_000,tz,0.0,m,8,Pedestrian,pedestrian,25.4,15-30m,44.8,0,0.0,4,4,1.0,0.0
nuscenes_mini_subset,scene-1094_000,tz,0.0,m,9,Pedestrian,pedestrian,14.4,0-15m,93.3,2,0.0,9,9,1.0,0.0
nuscenes_mini_subset,scene-1094_000,tz,0.0,m,10,Car,vehicle,28.3,15-30m,261.7,2,0.0,5,5,1.0,0.0
nuscenes_mini_subset,scene-1094_000,tz,0.0,m,11,Car,vehicle,30.6,>30m,311.2,0,0.0,61,61,1.0,0.0
nuscenes_mini_subset,scene-1094_000,tz,0.0,m,12,Pedestrian,pedestrian,14.0,0-15m,121.1,0,0.0,16,16,1.0,0.0
nuscenes_mini_subset,scene-1094_000,tz,0.0,m,13,Pedestrian,pedestrian,38.1,>30m,33.3,2,0.0,1,1,1.0,0.0
nuscenes_mini_subset,scene-1094_000,tz,0.0,m,14,Bicycle,cyclist,30.5,>30m,79.0,1,0.0,0,0,,
nuscenes_mini_subset,scene-1094_000,tz,0.02,m,1,Car,vehicle,24.9,15-30m,254.4,0,0.0,33,33,1.0,1.15
nuscenes_mini_subset,scene-1094_000,tz,0.02,m,2,Pedestrian,pedestrian,38.3,>30m,25.3,0,0.0,4,4,1.0,0.67
nuscenes_mini_subset,scene-1094_000,tz,0.02,m,3,Car,vehicle,7.4,0-15m,452.5,0,0.05,463,463,1.0,4.54
nuscenes_mini_subset,scene-1094_000,tz,0.02,m,4,Pedestrian,pedestrian,37.2,>30m,34.4,1,0.0,3,3,1.0,0.8
nuscenes_mini_subset,scene-1094_000,tz,0.02,m,5,Pedestrian,pedestrian,22.0,15-30m,44.9,2,0.0,2,2,1.0,1.16
nuscenes_mini_subset,scene-1094_000,tz,0.02,m,6,Car,vehicle,33.0,>30m,148.1,2,0.37,4,4,1.0,0.93
nuscenes_mini_subset,scene-1094_000,tz,0.02,m,7,Car,vehicle,34.3,>30m,180.6,2,0.0,4,4,1.0,0.75
nuscenes_mini_subset,scene-1094_000,tz,0.02,m,8,Pedestrian,pedestrian,25.4,15-30m,44.8,0,0.0,4,4,1.0,1.03
nuscenes_mini_subset,scene-1094_000,tz,0.02,m,9,Pedestrian,pedestrian,14.4,0-15m,93.3,2,0.0,9,9,1.0,1.97
nuscenes_mini_subset,scene-1094_000,tz,0.02,m,10,Car,vehicle,28.3,15-30m,261.7,2,0.0,5,5,1.0,1.0
nuscenes_mini_subset,scene-1094_000,tz,0.02,m,11,Car,vehicle,30.6,>30m,311.2,0,0.0,61,61,1.0,0.91
nuscenes_mini_subset,scene-1094_000,tz,0.02,m,12,Pedestrian,pedestrian,14.0,0-15m,121.1,0,0.0,16,16,1.0,1.89
nuscenes_mini_subset,scene-1094_000,tz,0.02,m,13,Pedestrian,pedestrian,38.1,>30m,33.3,2,0.0,1,1,1.0,0.77
nuscenes_mini_subset,scene-1094_000,tz,0.02,m,14,Bicycle,cyclist,30.5,>30m,79.0,1,0.0,0,0,,
nuscenes_mini_subset,scene-1094_000,tz,0.05,m,1,Car,vehicle,24.9,15-30m,254.4,0,0.0,33,33,1.0,2.89
nuscenes_mini_subset,scene-1094_000,tz,0.05,m,2,Pedestrian,pedestrian,38.3,>30m,25.3,0,0.0,4,4,1.0,1.68
nuscenes_mini_subset,scene-1094_000,tz,0.05,m,3,Car,vehicle,7.4,0-15m,452.5,0,0.05,463,463,1.0,11.35
nuscenes_mini_subset,scene-1094_000,tz,0.05,m,4,Pedestrian,pedestrian,37.2,>30m,34.4,1,0.0,3,3,1.0,1.99
nuscenes_mini_subset,scene-1094_000,tz,0.05,m,5,Pedestrian,pedestrian,22.0,15-30m,44.9,2,0.0,2,2,1.0,2.9
nuscenes_mini_subset,scene-1094_000,tz,0.05,m,6,Car,vehicle,33.0,>30m,148.1,2,0.37,4,4,1.0,2.33
nuscenes_mini_subset,scene-1094_000,tz,0.05,m,7,Car,vehicle,34.3,>30m,180.6,2,0.0,4,4,1.0,1.87
nuscenes_mini_subset,scene-1094_000,tz,0.05,m,8,Pedestrian,pedestrian,25.4,15-30m,44.8,0,0.0,4,4,1.0,2.57
nuscenes_mini_subset,scene-1094_000,tz,0.05,m,9,Pedestrian,pedestrian,14.4,0-15m,93.3,2,0.0,9,9,1.0,4.93
nuscenes_mini_subset,scene-1094_000,tz,0.05,m,10,Car,vehicle,28.3,15-30m,261.7,2,0.0,5,5,1.0,2.51
nuscenes_mini_subset,scene-1094_000,tz,0.05,m,11,Car,vehicle,30.6,>30m,311.2,0,0.0,61,61,1.0,2.26
nuscenes_mini_subset,scene-1094_000,tz,0.05,m,12,Pedestrian,pedestrian,14.0,0-15m,121.1,0,0.0,16,16,1.0,4.73
nuscenes_mini_subset,scene-1094_000,tz,0.05,m,13,Pedestrian,pedestrian,38.1,>30m,33.3,2,0.0,1,1,1.0,1.94
nuscenes_mini_subset,scene-1094_000,tz,0.05,m,14,Bicycle,cyclist,30.5,>30m,79.0,1,0.0,0,0,,
nuscenes_mini_subset,scene-1094_000,tz,0.1,m,1,Car,vehicle,24.9,15-30m,254.4,0,0.0,33,33,1.0,5.77
nuscenes_mini_subset,scene-1094_000,tz,0.1,m,2,Pedestrian,pedestrian,38.3,>30m,25.3,0,0.0,4,4,1.0,3.35
nuscenes_mini_subset,scene-1094_000,tz,0.1,m,3,Car,vehicle,7.4,0-15m,452.5,0,0.05,463,434,0.9374,22.71
nuscenes_mini_subset,scene-1094_000,tz,0.1,m,4,Pedestrian,pedestrian,37.2,>30m,34.4,1,0.0,3,3,1.0,3.98
nuscenes_mini_subset,scene-1094_000,tz,0.1,m,5,Pedestrian,pedestrian,22.0,15-30m,44.9,2,0.0,2,2,1.0,5.81
nuscenes_mini_subset,scene-1094_000,tz,0.1,m,6,Car,vehicle,33.0,>30m,148.1,2,0.37,4,4,1.0,4.66
nuscenes_mini_subset,scene-1094_000,tz,0.1,m,7,Car,vehicle,34.3,>30m,180.6,2,0.0,4,4,1.0,3.74
nuscenes_mini_subset,scene-1094_000,tz,0.1,m,8,Pedestrian,pedestrian,25.4,15-30m,44.8,0,0.0,4,4,1.0,5.13
nuscenes_mini_subset,scene-1094_000,tz,0.1,m,9,Pedestrian,pedestrian,14.4,0-15m,93.3,2,0.0,9,9,1.0,9.86
nuscenes_mini_subset,scene-1094_000,tz,0.1,m,10,Car,vehicle,28.3,15-30m,261.7,2,0.0,5,5,1.0,5.02
nuscenes_mini_subset,scene-1094_000,tz,0.1,m,11,Car,vehicle,30.6,>30m,311.2,0,0.0,61,61,1.0,4.53
nuscenes_mini_subset,scene-1094_000,tz,0.1,m,12,Pedestrian,pedestrian,14.0,0-15m,121.1,0,0.0,16,16,1.0,9.45
nuscenes_mini_subset,scene-1094_000,tz,0.1,m,13,Pedestrian,pedestrian,38.1,>30m,33.3,2,0.0,1,1,1.0,3.87
nuscenes_mini_subset,scene-1094_000,tz,0.1,m,14,Bicycle,cyclist,30.5,>30m,79.0,1,0.0,0,0,,
nuscenes_mini_subset,scene-1094_000,tz,0.2,m,1,Car,vehicle,24.9,15-30m,254.4,0,0.0,33,33,1.0,11.54
nuscenes_mini_subset,scene-1094_000,tz,0.2,m,2,Pedestrian,pedestrian,38.3,>30m,25.3,0,0.0,4,4,1.0,6.71
nuscenes_mini_subset,scene-1094_000,tz,0.2,m,3,Car,vehicle,7.4,0-15m,452.5,0,0.05,463,434,0.9374,45.4
nuscenes_mini_subset,scene-1094_000,tz,0.2,m,4,Pedestrian,pedestrian,37.2,>30m,34.4,1,0.0,3,3,1.0,7.95
nuscenes_mini_subset,scene-1094_000,tz,0.2,m,5,Pedestrian,pedestrian,22.0,15-30m,44.9,2,0.0,2,2,1.0,11.62
nuscenes_mini_subset,scene-1094_000,tz,0.2,m,6,Car,vehicle,33.0,>30m,148.1,2,0.37,4,4,1.0,9.32
nuscenes_mini_subset,scene-1094_000,tz,0.2,m,7,Car,vehicle,34.3,>30m,180.6,2,0.0,4,4,1.0,7.48
nuscenes_mini_subset,scene-1094_000,tz,0.2,m,8,Pedestrian,pedestrian,25.4,15-30m,44.8,0,0.0,4,4,1.0,10.26
nuscenes_mini_subset,scene-1094_000,tz,0.2,m,9,Pedestrian,pedestrian,14.4,0-15m,93.3,2,0.0,9,9,1.0,19.71
nuscenes_mini_subset,scene-1094_000,tz,0.2,m,10,Car,vehicle,28.3,15-30m,261.7,2,0.0,5,5,1.0,10.04
nuscenes_mini_subset,scene-1094_000,tz,0.2,m,11,Car,vehicle,30.6,>30m,311.2,0,0.0,61,61,1.0,9.05
nuscenes_mini_subset,scene-1094_000,tz,0.2,m,12,Pedestrian,pedestrian,14.0,0-15m,121.1,0,0.0,16,16,1.0,18.9
nuscenes_mini_subset,scene-1094_000,tz,0.2,m,13,Pedestrian,pedestrian,38.1,>30m,33.3,2,0.0,1,1,1.0,7.75
nuscenes_mini_subset,scene-1094_000,tz,0.2,m,14,Bicycle,cyclist,30.5,>30m,79.0,1,0.0,0,0,,
nuscenes_mini_subset,scene-1094_004,yaw,0.0,deg,1,Car,vehicle,24.2,15-30m,264.3,0,0.0,27,27,1.0,0.0
nuscenes_mini_subset,scene-1094_004,yaw,0.0,deg,2,Pedestrian,pedestrian,36.9,>30m,17.4,2,0.54,1,1,1.0,0.0
nuscenes_mini_subset,scene-1094_004,yaw,0.0,deg,3,Pedestrian,pedestrian,26.4,15-30m,41.3,0,0.0,4,4,1.0,0.0
nuscenes_mini_subset,scene-1094_004,yaw,0.0,deg,4,Pedestrian,pedestrian,35.7,>30m,39.0,0,0.0,4,4,1.0,0.0
nuscenes_mini_subset,scene-1094_004,yaw,0.0,deg,5,Car,vehicle,8.5,0-15m,438.0,0,0.0,367,367,1.0,0.0
nuscenes_mini_subset,scene-1094_004,yaw,0.0,deg,6,Pedestrian,pedestrian,34.4,>30m,34.0,0,0.0,5,5,1.0,0.0
nuscenes_mini_subset,scene-1094_004,yaw,0.0,deg,7,Pedestrian,pedestrian,23.0,15-30m,42.3,2,0.0,0,0,,
nuscenes_mini_subset,scene-1094_004,yaw,0.0,deg,8,Pedestrian,pedestrian,37.0,>30m,45.2,0,0.0,0,0,,
nuscenes_mini_subset,scene-1094_004,yaw,0.0,deg,9,Car,vehicle,32.3,>30m,116.8,1,0.52,6,6,1.0,0.0
nuscenes_mini_subset,scene-1094_004,yaw,0.0,deg,10,Car,vehicle,33.5,>30m,185.2,2,0.0,0,0,,
nuscenes_mini_subset,scene-1094_004,yaw,0.0,deg,11,Pedestrian,pedestrian,26.4,15-30m,45.9,0,0.0,4,4,1.0,0.0
nuscenes_mini_subset,scene-1094_004,yaw,0.0,deg,12,Car,vehicle,8.5,0-15m,46.2,0,0.95,11,11,1.0,0.0
nuscenes_mini_subset,scene-1094_004,yaw,0.0,deg,13,Pedestrian,pedestrian,23.8,15-30m,53.8,0,0.0,6,6,1.0,0.0
nuscenes_mini_subset,scene-1094_004,yaw,0.0,deg,14,Pedestrian,pedestrian,37.8,>30m,6.9,2,0.81,0,0,,
nuscenes_mini_subset,scene-1094_004,yaw,0.0,deg,15,Car,vehicle,27.6,15-30m,271.6,2,0.0,5,5,1.0,0.0
nuscenes_mini_subset,scene-1094_004,yaw,0.0,deg,16,Car,vehicle,29.9,15-30m,321.6,0,0.0,68,68,1.0,0.0
nuscenes_mini_subset,scene-1094_004,yaw,0.0,deg,17,Pedestrian,pedestrian,14.6,0-15m,112.6,2,0.0,0,0,,
nuscenes_mini_subset,scene-1094_004,yaw,0.0,deg,18,Pedestrian,pedestrian,36.2,>30m,32.1,0,0.0,1,1,1.0,0.0
nuscenes_mini_subset,scene-1094_004,yaw,0.0,deg,19,Bicycle,cyclist,29.7,15-30m,81.0,1,0.0,6,6,1.0,0.0
nuscenes_mini_subset,scene-1094_004,yaw,0.25,deg,1,Car,vehicle,24.2,15-30m,264.3,0,0.0,27,26,0.963,6.99
nuscenes_mini_subset,scene-1094_004,yaw,0.25,deg,2,Pedestrian,pedestrian,36.9,>30m,17.4,2,0.54,1,1,1.0,7.74
nuscenes_mini_subset,scene-1094_004,yaw,0.25,deg,3,Pedestrian,pedestrian,26.4,15-30m,41.3,0,0.0,4,4,1.0,5.8
nuscenes_mini_subset,scene-1094_004,yaw,0.25,deg,4,Pedestrian,pedestrian,35.7,>30m,39.0,0,0.0,4,4,1.0,5.8
nuscenes_mini_subset,scene-1094_004,yaw,0.25,deg,5,Car,vehicle,8.5,0-15m,438.0,0,0.0,367,367,1.0,6.19
nuscenes_mini_subset,scene-1094_004,yaw,0.25,deg,6,Pedestrian,pedestrian,34.4,>30m,34.0,0,0.0,5,3,0.6,7.33
nuscenes_mini_subset,scene-1094_004,yaw,0.25,deg,7,Pedestrian,pedestrian,23.0,15-30m,42.3,2,0.0,0,0,,
nuscenes_mini_subset,scene-1094_004,yaw,0.25,deg,8,Pedestrian,pedestrian,37.0,>30m,45.2,0,0.0,0,0,,
nuscenes_mini_subset,scene-1094_004,yaw,0.25,deg,9,Car,vehicle,32.3,>30m,116.8,1,0.52,6,6,1.0,7.78
nuscenes_mini_subset,scene-1094_004,yaw,0.25,deg,10,Car,vehicle,33.5,>30m,185.2,2,0.0,0,0,,
nuscenes_mini_subset,scene-1094_004,yaw,0.25,deg,11,Pedestrian,pedestrian,26.4,15-30m,45.9,0,0.0,4,4,1.0,6.41
nuscenes_mini_subset,scene-1094_004,yaw,0.25,deg,12,Car,vehicle,8.5,0-15m,46.2,0,0.95,14,11,0.7857,8.04
nuscenes_mini_subset,scene-1094_004,yaw,0.25,deg,13,Pedestrian,pedestrian,23.8,15-30m,53.8,0,0.0,6,6,1.0,5.89
nuscenes_mini_subset,scene-1094_004,yaw,0.25,deg,14,Pedestrian,pedestrian,37.8,>30m,6.9,2,0.81,1,1,1.0,
nuscenes_mini_subset,scene-1094_004,yaw,0.25,deg,15,Car,vehicle,27.6,15-30m,271.6,2,0.0,5,5,1.0,6.47
nuscenes_mini_subset,scene-1094_004,yaw,0.25,deg,16,Car,vehicle,29.9,15-30m,321.6,0,0.0,68,68,1.0,6.37
nuscenes_mini_subset,scene-1094_004,yaw,0.25,deg,17,Pedestrian,pedestrian,14.6,0-15m,112.6,2,0.0,0,0,,
nuscenes_mini_subset,scene-1094_004,yaw,0.25,deg,18,Pedestrian,pedestrian,36.2,>30m,32.1,0,0.0,1,1,1.0,7.15
nuscenes_mini_subset,scene-1094_004,yaw,0.25,deg,19,Bicycle,cyclist,29.7,15-30m,81.0,1,0.0,6,6,1.0,5.85
nuscenes_mini_subset,scene-1094_004,yaw,0.5,deg,1,Car,vehicle,24.2,15-30m,264.3,0,0.0,27,26,0.963,14.0
nuscenes_mini_subset,scene-1094_004,yaw,0.5,deg,2,Pedestrian,pedestrian,36.9,>30m,17.4,2,0.54,1,0,0.0,15.43
nuscenes_mini_subset,scene-1094_004,yaw,0.5,deg,3,Pedestrian,pedestrian,26.4,15-30m,41.3,0,0.0,4,4,1.0,11.59
nuscenes_mini_subset,scene-1094_004,yaw,0.5,deg,4,Pedestrian,pedestrian,35.7,>30m,39.0,0,0.0,4,4,1.0,11.6
nuscenes_mini_subset,scene-1094_004,yaw,0.5,deg,5,Car,vehicle,8.5,0-15m,438.0,0,0.0,367,367,1.0,12.38
nuscenes_mini_subset,scene-1094_004,yaw,0.5,deg,6,Pedestrian,pedestrian,34.4,>30m,34.0,0,0.0,5,3,0.6,14.63
nuscenes_mini_subset,scene-1094_004,yaw,0.5,deg,7,Pedestrian,pedestrian,23.0,15-30m,42.3,2,0.0,0,0,,
nuscenes_mini_subset,scene-1094_004,yaw,0.5,deg,8,Pedestrian,pedestrian,37.0,>30m,45.2,0,0.0,0,0,,
nuscenes_mini_subset,scene-1094_004,yaw,0.5,deg,9,Car,vehicle,32.3,>30m,116.8,1,0.52,5,5,1.0,15.54
nuscenes_mini_subset,scene-1094_004,yaw,0.5,deg,10,Car,vehicle,33.5,>30m,185.2,2,0.0,0,0,,
nuscenes_mini_subset,scene-1094_004,yaw,0.5,deg,11,Pedestrian,pedestrian,26.4,15-30m,45.9,0,0.0,4,3,0.75,12.8
nuscenes_mini_subset,scene-1094_004,yaw,0.5,deg,12,Car,vehicle,8.5,0-15m,46.2,0,0.95,16,14,0.875,16.04
nuscenes_mini_subset,scene-1094_004,yaw,0.5,deg,13,Pedestrian,pedestrian,23.8,15-30m,53.8,0,0.0,6,6,1.0,11.77
nuscenes_mini_subset,scene-1094_004,yaw,0.5,deg,14,Pedestrian,pedestrian,37.8,>30m,6.9,2,0.81,1,0,0.0,
nuscenes_mini_subset,scene-1094_004,yaw,0.5,deg,15,Car,vehicle,27.6,15-30m,271.6,2,0.0,5,5,1.0,12.95
nuscenes_mini_subset,scene-1094_004,yaw,0.5,deg,16,Car,vehicle,29.9,15-30m,321.6,0,0.0,68,68,1.0,12.76
nuscenes_mini_subset,scene-1094_004,yaw,0.5,deg,17,Pedestrian,pedestrian,14.6,0-15m,112.6,2,0.0,0,0,,
nuscenes_mini_subset,scene-1094_004,yaw,0.5,deg,18,Pedestrian,pedestrian,36.2,>30m,32.1,0,0.0,1,1,1.0,14.27
nuscenes_mini_subset,scene-1094_004,yaw,0.5,deg,19,Bicycle,cyclist,29.7,15-30m,81.0,1,0.0,6,6,1.0,11.68
nuscenes_mini_subset,scene-1094_004,yaw,1.0,deg,1,Car,vehicle,24.2,15-30m,264.3,0,0.0,27,22,0.8148,28.12
nuscenes_mini_subset,scene-1094_004,yaw,1.0,deg,2,Pedestrian,pedestrian,36.9,>30m,17.4,2,0.54,1,0,0.0,30.7
nuscenes_mini_subset,scene-1094_004,yaw,1.0,deg,3,Pedestrian,pedestrian,26.4,15-30m,41.3,0,0.0,4,0,0.0,23.15
nuscenes_mini_subset,scene-1094_004,yaw,1.0,deg,4,Pedestrian,pedestrian,35.7,>30m,39.0,0,0.0,4,2,0.5,23.16
nuscenes_mini_subset,scene-1094_004,yaw,1.0,deg,5,Car,vehicle,8.5,0-15m,438.0,0,0.0,367,362,0.9864,24.78
nuscenes_mini_subset,scene-1094_004,yaw,1.0,deg,6,Pedestrian,pedestrian,34.4,>30m,34.0,0,0.0,5,0,0.0,29.13
nuscenes_mini_subset,scene-1094_004,yaw,1.0,deg,7,Pedestrian,pedestrian,23.0,15-30m,42.3,2,0.0,0,0,,
nuscenes_mini_subset,scene-1094_004,yaw,1.0,deg,8,Pedestrian,pedestrian,37.0,>30m,45.2,0,0.0,0,0,,
nuscenes_mini_subset,scene-1094_004,yaw,1.0,deg,9,Car,vehicle,32.3,>30m,116.8,1,0.52,3,3,1.0,30.93
nuscenes_mini_subset,scene-1094_004,yaw,1.0,deg,10,Car,vehicle,33.5,>30m,185.2,2,0.0,0,0,,
nuscenes_mini_subset,scene-1094_004,yaw,1.0,deg,11,Pedestrian,pedestrian,26.4,15-30m,45.9,0,0.0,4,1,0.25,25.51
nuscenes_mini_subset,scene-1094_004,yaw,1.0,deg,12,Car,vehicle,8.5,0-15m,46.2,0,0.95,19,13,0.6842,31.91
nuscenes_mini_subset,scene-1094_004,yaw,1.0,deg,13,Pedestrian,pedestrian,23.8,15-30m,53.8,0,0.0,6,4,0.6667,23.5
nuscenes_mini_subset,scene-1094_004,yaw,1.0,deg,14,Pedestrian,pedestrian,37.8,>30m,6.9,2,0.81,1,0,0.0,
nuscenes_mini_subset,scene-1094_004,yaw,1.0,deg,15,Car,vehicle,27.6,15-30m,271.6,2,0.0,5,5,1.0,26.0
nuscenes_mini_subset,scene-1094_004,yaw,1.0,deg,16,Car,vehicle,29.9,15-30m,321.6,0,0.0,68,66,0.9706,25.6
nuscenes_mini_subset,scene-1094_004,yaw,1.0,deg,17,Pedestrian,pedestrian,14.6,0-15m,112.6,2,0.0,0,0,,
nuscenes_mini_subset,scene-1094_004,yaw,1.0,deg,18,Pedestrian,pedestrian,36.2,>30m,32.1,0,0.0,1,0,0.0,28.42
nuscenes_mini_subset,scene-1094_004,yaw,1.0,deg,19,Bicycle,cyclist,29.7,15-30m,81.0,1,0.0,6,5,0.8333,23.33
nuscenes_mini_subset,scene-1094_004,yaw,2.0,deg,1,Car,vehicle,24.2,15-30m,264.3,0,0.0,27,21,0.7778,56.74
nuscenes_mini_subset,scene-1094_004,yaw,2.0,deg,2,Pedestrian,pedestrian,36.9,>30m,17.4,2,0.54,1,0,0.0,60.76
nuscenes_mini_subset,scene-1094_004,yaw,2.0,deg,3,Pedestrian,pedestrian,26.4,15-30m,41.3,0,0.0,4,0,0.0,46.2
nuscenes_mini_subset,scene-1094_004,yaw,2.0,deg,4,Pedestrian,pedestrian,35.7,>30m,39.0,0,0.0,4,0,0.0,46.2
nuscenes_mini_subset,scene-1094_004,yaw,2.0,deg,5,Car,vehicle,8.5,0-15m,438.0,0,0.0,367,347,0.9455,49.63
nuscenes_mini_subset,scene-1094_004,yaw,2.0,deg,6,Pedestrian,pedestrian,34.4,>30m,34.0,0,0.0,5,0,0.0,57.71
nuscenes_mini_subset,scene-1094_004,yaw,2.0,deg,7,Pedestrian,pedestrian,23.0,15-30m,42.3,2,0.0,0,0,,
nuscenes_mini_subset,scene-1094_004,yaw,2.0,deg,8,Pedestrian,pedestrian,37.0,>30m,45.2,0,0.0,0,0,,
nuscenes_mini_subset,scene-1094_004,yaw,2.0,deg,9,Car,vehicle,32.3,>30m,116.8,1,0.52,1,1,1.0,62.08
nuscenes_mini_subset,scene-1094_004,yaw,2.0,deg,10,Car,vehicle,33.5,>30m,185.2,2,0.0,0,0,,
nuscenes_mini_subset,scene-1094_004,yaw,2.0,deg,11,Pedestrian,pedestrian,26.4,15-30m,45.9,0,0.0,4,0,0.0,50.72
nuscenes_mini_subset,scene-1094_004,yaw,2.0,deg,12,Car,vehicle,8.5,0-15m,46.2,0,0.95,30,14,0.4667,63.17
nuscenes_mini_subset,scene-1094_004,yaw,2.0,deg,13,Pedestrian,pedestrian,23.8,15-30m,53.8,0,0.0,6,0,0.0,46.86
nuscenes_mini_subset,scene-1094_004,yaw,2.0,deg,14,Pedestrian,pedestrian,37.8,>30m,6.9,2,0.81,1,0,0.0,
nuscenes_mini_subset,scene-1094_004,yaw,2.0,deg,15,Car,vehicle,27.6,15-30m,271.6,2,0.0,5,5,1.0,52.35
nuscenes_mini_subset,scene-1094_004,yaw,2.0,deg,16,Car,vehicle,29.9,15-30m,321.6,0,0.0,68,63,0.9265,51.54
nuscenes_mini_subset,scene-1094_004,yaw,2.0,deg,17,Pedestrian,pedestrian,14.6,0-15m,112.6,2,0.0,0,0,,
nuscenes_mini_subset,scene-1094_004,yaw,2.0,deg,18,Pedestrian,pedestrian,36.2,>30m,32.1,0,0.0,1,0,0.0,56.34
nuscenes_mini_subset,scene-1094_004,yaw,2.0,deg,19,Bicycle,cyclist,29.7,15-30m,81.0,1,0.0,6,3,0.5,46.53
nuscenes_mini_subset,scene-1094_004,yaw,3.0,deg,1,Car,vehicle,24.2,15-30m,264.3,0,0.0,24,21,0.875,84.92
nuscenes_mini_subset,scene-1094_004,yaw,3.0,deg,2,Pedestrian,pedestrian,36.9,>30m,17.4,2,0.54,1,0,0.0,90.23
nuscenes_mini_subset,scene-1094_004,yaw,3.0,deg,3,Pedestrian,pedestrian,26.4,15-30m,41.3,0,0.0,4,0,0.0,69.16
nuscenes_mini_subset,scene-1094_004,yaw,3.0,deg,4,Pedestrian,pedestrian,35.7,>30m,39.0,0,0.0,4,0,0.0,69.13
nuscenes_mini_subset,scene-1094_004,yaw,3.0,deg,5,Car,vehicle,8.5,0-15m,438.0,0,0.0,367,322,0.8774,74.59
nuscenes_mini_subset,scene-1094_004,yaw,3.0,deg,6,Pedestrian,pedestrian,34.4,>30m,34.0,0,0.0,5,0,0.0,85.8
nuscenes_mini_subset,scene-1094_004,yaw,3.0,deg,7,Pedestrian,pedestrian,23.0,15-30m,42.3,2,0.0,0,0,,
nuscenes_mini_subset,scene-1094_004,yaw,3.0,deg,8,Pedestrian,pedestrian,37.0,>30m,45.2,0,0.0,0,0,,
nuscenes_mini_subset,scene-1094_004,yaw,3.0,deg,9,Car,vehicle,32.3,>30m,116.8,1,0.52,0,0,,
nuscenes_mini_subset,scene-1094_004,yaw,3.0,deg,10,Car,vehicle,33.5,>30m,185.2,2,0.0,0,0,,
nuscenes_mini_subset,scene-1094_004,yaw,3.0,deg,11,Pedestrian,pedestrian,26.4,15-30m,45.9,0,0.0,4,0,0.0,75.64
nuscenes_mini_subset,scene-1094_004,yaw,3.0,deg,12,Car,vehicle,8.5,0-15m,46.2,0,0.95,44,18,0.4091,93.8
nuscenes_mini_subset,scene-1094_004,yaw,3.0,deg,13,Pedestrian,pedestrian,23.8,15-30m,53.8,0,0.0,6,0,0.0,70.1
nuscenes_mini_subset,scene-1094_004,yaw,3.0,deg,14,Pedestrian,pedestrian,37.8,>30m,6.9,2,0.81,1,0,0.0,
nuscenes_mini_subset,scene-1094_004,yaw,3.0,deg,15,Car,vehicle,27.6,15-30m,271.6,2,0.0,5,5,1.0,79.1
nuscenes_mini_subset,scene-1094_004,yaw,3.0,deg,16,Car,vehicle,29.9,15-30m,321.6,0,0.0,68,60,0.8824,77.83
nuscenes_mini_subset,scene-1094_004,yaw,3.0,deg,17,Pedestrian,pedestrian,14.6,0-15m,112.6,2,0.0,0,0,,
nuscenes_mini_subset,scene-1094_004,yaw,3.0,deg,18,Pedestrian,pedestrian,36.2,>30m,32.1,0,0.0,1,0,0.0,83.8
nuscenes_mini_subset,scene-1094_004,yaw,3.0,deg,19,Bicycle,cyclist,29.7,15-30m,81.0,1,0.0,6,1,0.1667,69.61
nuscenes_mini_subset,scene-1094_004,pitch,0.0,deg,1,Car,vehicle,24.2,15-30m,264.3,0,0.0,27,27,1.0,0.0
nuscenes_mini_subset,scene-1094_004,pitch,0.0,deg,2,Pedestrian,pedestrian,36.9,>30m,17.4,2,0.54,1,1,1.0,0.0
nuscenes_mini_subset,scene-1094_004,pitch,0.0,deg,3,Pedestrian,pedestrian,26.4,15-30m,41.3,0,0.0,4,4,1.0,0.0
nuscenes_mini_subset,scene-1094_004,pitch,0.0,deg,4,Pedestrian,pedestrian,35.7,>30m,39.0,0,0.0,4,4,1.0,0.0
nuscenes_mini_subset,scene-1094_004,pitch,0.0,deg,5,Car,vehicle,8.5,0-15m,438.0,0,0.0,367,367,1.0,0.0
nuscenes_mini_subset,scene-1094_004,pitch,0.0,deg,6,Pedestrian,pedestrian,34.4,>30m,34.0,0,0.0,5,5,1.0,0.0
nuscenes_mini_subset,scene-1094_004,pitch,0.0,deg,7,Pedestrian,pedestrian,23.0,15-30m,42.3,2,0.0,0,0,,
nuscenes_mini_subset,scene-1094_004,pitch,0.0,deg,8,Pedestrian,pedestrian,37.0,>30m,45.2,0,0.0,0,0,,
nuscenes_mini_subset,scene-1094_004,pitch,0.0,deg,9,Car,vehicle,32.3,>30m,116.8,1,0.52,6,6,1.0,0.0
nuscenes_mini_subset,scene-1094_004,pitch,0.0,deg,10,Car,vehicle,33.5,>30m,185.2,2,0.0,0,0,,
nuscenes_mini_subset,scene-1094_004,pitch,0.0,deg,11,Pedestrian,pedestrian,26.4,15-30m,45.9,0,0.0,4,4,1.0,0.0
nuscenes_mini_subset,scene-1094_004,pitch,0.0,deg,12,Car,vehicle,8.5,0-15m,46.2,0,0.95,11,11,1.0,0.0
nuscenes_mini_subset,scene-1094_004,pitch,0.0,deg,13,Pedestrian,pedestrian,23.8,15-30m,53.8,0,0.0,6,6,1.0,0.0
nuscenes_mini_subset,scene-1094_004,pitch,0.0,deg,14,Pedestrian,pedestrian,37.8,>30m,6.9,2,0.81,0,0,,
nuscenes_mini_subset,scene-1094_004,pitch,0.0,deg,15,Car,vehicle,27.6,15-30m,271.6,2,0.0,5,5,1.0,0.0
nuscenes_mini_subset,scene-1094_004,pitch,0.0,deg,16,Car,vehicle,29.9,15-30m,321.6,0,0.0,68,68,1.0,0.0
nuscenes_mini_subset,scene-1094_004,pitch,0.0,deg,17,Pedestrian,pedestrian,14.6,0-15m,112.6,2,0.0,0,0,,
nuscenes_mini_subset,scene-1094_004,pitch,0.0,deg,18,Pedestrian,pedestrian,36.2,>30m,32.1,0,0.0,1,1,1.0,0.0
nuscenes_mini_subset,scene-1094_004,pitch,0.0,deg,19,Bicycle,cyclist,29.7,15-30m,81.0,1,0.0,6,6,1.0,0.0
nuscenes_mini_subset,scene-1094_004,pitch,0.25,deg,1,Car,vehicle,24.2,15-30m,264.3,0,0.0,27,27,1.0,2.65
nuscenes_mini_subset,scene-1094_004,pitch,0.25,deg,2,Pedestrian,pedestrian,36.9,>30m,17.4,2,0.54,1,1,1.0,3.4
nuscenes_mini_subset,scene-1094_004,pitch,0.25,deg,3,Pedestrian,pedestrian,26.4,15-30m,41.3,0,0.0,4,4,1.0,0.9
nuscenes_mini_subset,scene-1094_004,pitch,0.25,deg,4,Pedestrian,pedestrian,35.7,>30m,39.0,0,0.0,4,4,1.0,0.96
nuscenes_mini_subset,scene-1094_004,pitch,0.25,deg,5,Car,vehicle,8.5,0-15m,438.0,0,0.0,367,367,1.0,1.11
nuscenes_mini_subset,scene-1094_004,pitch,0.25,deg,6,Pedestrian,pedestrian,34.4,>30m,34.0,0,0.0,5,5,1.0,3.05
nuscenes_mini_subset,scene-1094_004,pitch,0.25,deg,7,Pedestrian,pedestrian,23.0,15-30m,42.3,2,0.0,0,0,,
nuscenes_mini_subset,scene-1094_004,pitch,0.25,deg,8,Pedestrian,pedestrian,37.0,>30m,45.2,0,0.0,0,0,,
nuscenes_mini_subset,scene-1094_004,pitch,0.25,deg,9,Car,vehicle,32.3,>30m,116.8,1,0.52,6,6,1.0,3.42
nuscenes_mini_subset,scene-1094_004,pitch,0.25,deg,10,Car,vehicle,33.5,>30m,185.2,2,0.0,0,0,,
nuscenes_mini_subset,scene-1094_004,pitch,0.25,deg,11,Pedestrian,pedestrian,26.4,15-30m,45.9,0,0.0,4,4,1.0,2.04
nuscenes_mini_subset,scene-1094_004,pitch,0.25,deg,12,Car,vehicle,8.5,0-15m,46.2,0,0.95,12,12,1.0,3.48
nuscenes_mini_subset,scene-1094_004,pitch,0.25,deg,13,Pedestrian,pedestrian,23.8,15-30m,53.8,0,0.0,6,6,1.0,1.13
nuscenes_mini_subset,scene-1094_004,pitch,0.25,deg,14,Pedestrian,pedestrian,37.8,>30m,6.9,2,0.81,0,0,,
nuscenes_mini_subset,scene-1094_004,pitch,0.25,deg,15,Car,vehicle,27.6,15-30m,271.6,2,0.0,5,5,1.0,2.11
nuscenes_mini_subset,scene-1094_004,pitch,0.25,deg,16,Car,vehicle,29.9,15-30m,321.6,0,0.0,68,68,1.0,1.95
nuscenes_mini_subset,scene-1094_004,pitch,0.25,deg,17,Pedestrian,pedestrian,14.6,0-15m,112.6,2,0.0,0,0,,
nuscenes_mini_subset,scene-1094_004,pitch,0.25,deg,18,Pedestrian,pedestrian,36.2,>30m,32.1,0,0.0,1,1,1.0,2.9
nuscenes_mini_subset,scene-1094_004,pitch,0.25,deg,19,Bicycle,cyclist,29.7,15-30m,81.0,1,0.0,6,6,1.0,1.1
nuscenes_mini_subset,scene-1094_004,pitch,0.5,deg,1,Car,vehicle,24.2,15-30m,264.3,0,0.0,27,27,1.0,5.3
nuscenes_mini_subset,scene-1094_004,pitch,0.5,deg,2,Pedestrian,pedestrian,36.9,>30m,17.4,2,0.54,1,1,1.0,6.79
nuscenes_mini_subset,scene-1094_004,pitch,0.5,deg,3,Pedestrian,pedestrian,26.4,15-30m,41.3,0,0.0,4,4,1.0,1.8
nuscenes_mini_subset,scene-1094_004,pitch,0.5,deg,4,Pedestrian,pedestrian,35.7,>30m,39.0,0,0.0,4,4,1.0,1.91
nuscenes_mini_subset,scene-1094_004,pitch,0.5,deg,5,Car,vehicle,8.5,0-15m,438.0,0,0.0,367,367,1.0,2.22
nuscenes_mini_subset,scene-1094_004,pitch,0.5,deg,6,Pedestrian,pedestrian,34.4,>30m,34.0,0,0.0,5,5,1.0,6.11
nuscenes_mini_subset,scene-1094_004,pitch,0.5,deg,7,Pedestrian,pedestrian,23.0,15-30m,42.3,2,0.0,0,0,,
nuscenes_mini_subset,scene-1094_004,pitch,0.5,deg,8,Pedestrian,pedestrian,37.0,>30m,45.2,0,0.0,0,0,,
nuscenes_mini_subset,scene-1094_004,pitch,0.5,deg,9,Car,vehicle,32.3,>30m,116.8,1,0.52,6,6,1.0,6.85
nuscenes_mini_subset,scene-1094_004,pitch,0.5,deg,10,Car,vehicle,33.5,>30m,185.2,2,0.0,0,0,,
nuscenes_mini_subset,scene-1094_004,pitch,0.5,deg,11,Pedestrian,pedestrian,26.4,15-30m,45.9,0,0.0,4,4,1.0,4.08
nuscenes_mini_subset,scene-1094_004,pitch,0.5,deg,12,Car,vehicle,8.5,0-15m,46.2,0,0.95,13,12,0.9231,6.96
nuscenes_mini_subset,scene-1094_004,pitch,0.5,deg,13,Pedestrian,pedestrian,23.8,15-30m,53.8,0,0.0,6,6,1.0,2.27
nuscenes_mini_subset,scene-1094_004,pitch,0.5,deg,14,Pedestrian,pedestrian,37.8,>30m,6.9,2,0.81,0,0,,
nuscenes_mini_subset,scene-1094_004,pitch,0.5,deg,15,Car,vehicle,27.6,15-30m,271.6,2,0.0,5,5,1.0,4.21
nuscenes_mini_subset,scene-1094_004,pitch,0.5,deg,16,Car,vehicle,29.9,15-30m,321.6,0,0.0,68,68,1.0,3.91
nuscenes_mini_subset,scene-1094_004,pitch,0.5,deg,17,Pedestrian,pedestrian,14.6,0-15m,112.6,2,0.0,0,0,,
nuscenes_mini_subset,scene-1094_004,pitch,0.5,deg,18,Pedestrian,pedestrian,36.2,>30m,32.1,0,0.0,1,1,1.0,5.8
nuscenes_mini_subset,scene-1094_004,pitch,0.5,deg,19,Bicycle,cyclist,29.7,15-30m,81.0,1,0.0,6,6,1.0,2.21
nuscenes_mini_subset,scene-1094_004,pitch,1.0,deg,1,Car,vehicle,24.2,15-30m,264.3,0,0.0,27,27,1.0,10.59
nuscenes_mini_subset,scene-1094_004,pitch,1.0,deg,2,Pedestrian,pedestrian,36.9,>30m,17.4,2,0.54,1,1,1.0,13.58
nuscenes_mini_subset,scene-1094_004,pitch,1.0,deg,3,Pedestrian,pedestrian,26.4,15-30m,41.3,0,0.0,4,4,1.0,3.61
nuscenes_mini_subset,scene-1094_004,pitch,1.0,deg,4,Pedestrian,pedestrian,35.7,>30m,39.0,0,0.0,4,4,1.0,3.82
nuscenes_mini_subset,scene-1094_004,pitch,1.0,deg,5,Car,vehicle,8.5,0-15m,438.0,0,0.0,367,365,0.9946,4.44
nuscenes_mini_subset,scene-1094_004,pitch,1.0,deg,6,Pedestrian,pedestrian,34.4,>30m,34.0,0,0.0,5,5,1.0,12.22
nuscenes_mini_subset,scene-1094_004,pitch,1.0,deg,7,Pedestrian,pedestrian,23.0,15-30m,42.3,2,0.0,0,0,,
nuscenes_mini_subset,scene-1094_004,pitch,1.0,deg,8,Pedestrian,pedestrian,37.0,>30m,45.2,0,0.0,0,0,,
nuscenes_mini_subset,scene-1094_004,pitch,1.0,deg,9,Car,vehicle,32.3,>30m,116.8,1,0.52,6,6,1.0,13.69
nuscenes_mini_subset,scene-1094_004,pitch,1.0,deg,10,Car,vehicle,33.5,>30m,185.2,2,0.0,0,0,,
nuscenes_mini_subset,scene-1094_004,pitch,1.0,deg,11,Pedestrian,pedestrian,26.4,15-30m,45.9,0,0.0,4,4,1.0,8.17
nuscenes_mini_subset,scene-1094_004,pitch,1.0,deg,12,Car,vehicle,8.5,0-15m,46.2,0,0.95,13,13,1.0,13.91
nuscenes_mini_subset,scene-1094_004,pitch,1.0,deg,13,Pedestrian,pedestrian,23.8,15-30m,53.8,0,0.0,6,6,1.0,4.53
nuscenes_mini_subset,scene-1094_004,pitch,1.0,deg,14,Pedestrian,pedestrian,37.8,>30m,6.9,2,0.81,0,0,,
nuscenes_mini_subset,scene-1094_004,pitch,1.0,deg,15,Car,vehicle,27.6,15-30m,271.6,2,0.0,5,5,1.0,8.43
nuscenes_mini_subset,scene-1094_004,pitch,1.0,deg,16,Car,vehicle,29.9,15-30m,321.6,0,0.0,68,68,1.0,7.82
nuscenes_mini_subset,scene-1094_004,pitch,1.0,deg,17,Pedestrian,pedestrian,14.6,0-15m,112.6,2,0.0,0,0,,
nuscenes_mini_subset,scene-1094_004,pitch,1.0,deg,18,Pedestrian,pedestrian,36.2,>30m,32.1,0,0.0,1,0,0.0,11.6
nuscenes_mini_subset,scene-1094_004,pitch,1.0,deg,19,Bicycle,cyclist,29.7,15-30m,81.0,1,0.0,6,6,1.0,4.41
nuscenes_mini_subset,scene-1094_004,pitch,2.0,deg,1,Car,vehicle,24.2,15-30m,264.3,0,0.0,27,24,0.8889,21.18
nuscenes_mini_subset,scene-1094_004,pitch,2.0,deg,2,Pedestrian,pedestrian,36.9,>30m,17.4,2,0.54,1,1,1.0,27.17
nuscenes_mini_subset,scene-1094_004,pitch,2.0,deg,3,Pedestrian,pedestrian,26.4,15-30m,41.3,0,0.0,4,4,1.0,7.21
nuscenes_mini_subset,scene-1094_004,pitch,2.0,deg,4,Pedestrian,pedestrian,35.7,>30m,39.0,0,0.0,4,4,1.0,7.65
nuscenes_mini_subset,scene-1094_004,pitch,2.0,deg,5,Car,vehicle,8.5,0-15m,438.0,0,0.0,367,363,0.9891,8.88
nuscenes_mini_subset,scene-1094_004,pitch,2.0,deg,6,Pedestrian,pedestrian,34.4,>30m,34.0,0,0.0,5,2,0.4,24.43
nuscenes_mini_subset,scene-1094_004,pitch,2.0,deg,7,Pedestrian,pedestrian,23.0,15-30m,42.3,2,0.0,0,0,,
nuscenes_mini_subset,scene-1094_004,pitch,2.0,deg,8,Pedestrian,pedestrian,37.0,>30m,45.2,0,0.0,0,0,,
nuscenes_mini_subset,scene-1094_004,pitch,2.0,deg,9,Car,vehicle,32.3,>30m,116.8,1,0.52,6,6,1.0,27.38
nuscenes_mini_subset,scene-1094_004,pitch,2.0,deg,10,Car,vehicle,33.5,>30m,185.2,2,0.0,0,0,,
nuscenes_mini_subset,scene-1094_004,pitch,2.0,deg,11,Pedestrian,pedestrian,26.4,15-30m,45.9,0,0.0,4,4,1.0,16.33
nuscenes_mini_subset,scene-1094_004,pitch,2.0,deg,12,Car,vehicle,8.5,0-15m,46.2,0,0.95,13,11,0.8462,27.82
nuscenes_mini_subset,scene-1094_004,pitch,2.0,deg,13,Pedestrian,pedestrian,23.8,15-30m,53.8,0,0.0,6,6,1.0,9.06
nuscenes_mini_subset,scene-1094_004,pitch,2.0,deg,14,Pedestrian,pedestrian,37.8,>30m,6.9,2,0.81,0,0,,
nuscenes_mini_subset,scene-1094_004,pitch,2.0,deg,15,Car,vehicle,27.6,15-30m,271.6,2,0.0,5,5,1.0,16.86
nuscenes_mini_subset,scene-1094_004,pitch,2.0,deg,16,Car,vehicle,29.9,15-30m,321.6,0,0.0,68,68,1.0,15.63
nuscenes_mini_subset,scene-1094_004,pitch,2.0,deg,17,Pedestrian,pedestrian,14.6,0-15m,112.6,2,0.0,0,0,,
nuscenes_mini_subset,scene-1094_004,pitch,2.0,deg,18,Pedestrian,pedestrian,36.2,>30m,32.1,0,0.0,1,0,0.0,23.19
nuscenes_mini_subset,scene-1094_004,pitch,2.0,deg,19,Bicycle,cyclist,29.7,15-30m,81.0,1,0.0,6,1,0.1667,8.82
nuscenes_mini_subset,scene-1094_004,pitch,3.0,deg,1,Car,vehicle,24.2,15-30m,264.3,0,0.0,27,23,0.8519,31.77
nuscenes_mini_subset,scene-1094_004,pitch,3.0,deg,2,Pedestrian,pedestrian,36.9,>30m,17.4,2,0.54,1,1,1.0,40.75
nuscenes_mini_subset,scene-1094_004,pitch,3.0,deg,3,Pedestrian,pedestrian,26.4,15-30m,41.3,0,0.0,4,4,1.0,10.82
nuscenes_mini_subset,scene-1094_004,pitch,3.0,deg,4,Pedestrian,pedestrian,35.7,>30m,39.0,0,0.0,4,4,1.0,11.47
nuscenes_mini_subset,scene-1094_004,pitch,3.0,deg,5,Car,vehicle,8.5,0-15m,438.0,0,0.0,367,363,0.9891,13.33
nuscenes_mini_subset,scene-1094_004,pitch,3.0,deg,6,Pedestrian,pedestrian,34.4,>30m,34.0,0,0.0,5,2,0.4,36.65
nuscenes_mini_subset,scene-1094_004,pitch,3.0,deg,7,Pedestrian,pedestrian,23.0,15-30m,42.3,2,0.0,0,0,,
nuscenes_mini_subset,scene-1094_004,pitch,3.0,deg,8,Pedestrian,pedestrian,37.0,>30m,45.2,0,0.0,0,0,,
nuscenes_mini_subset,scene-1094_004,pitch,3.0,deg,9,Car,vehicle,32.3,>30m,116.8,1,0.52,6,6,1.0,41.06
nuscenes_mini_subset,scene-1094_004,pitch,3.0,deg,10,Car,vehicle,33.5,>30m,185.2,2,0.0,0,0,,
nuscenes_mini_subset,scene-1094_004,pitch,3.0,deg,11,Pedestrian,pedestrian,26.4,15-30m,45.9,0,0.0,4,4,1.0,24.5
nuscenes_mini_subset,scene-1094_004,pitch,3.0,deg,12,Car,vehicle,8.5,0-15m,46.2,0,0.95,15,13,0.8667,41.74
nuscenes_mini_subset,scene-1094_004,pitch,3.0,deg,13,Pedestrian,pedestrian,23.8,15-30m,53.8,0,0.0,6,4,0.6667,13.6
nuscenes_mini_subset,scene-1094_004,pitch,3.0,deg,14,Pedestrian,pedestrian,37.8,>30m,6.9,2,0.81,0,0,,
nuscenes_mini_subset,scene-1094_004,pitch,3.0,deg,15,Car,vehicle,27.6,15-30m,271.6,2,0.0,5,5,1.0,25.28
nuscenes_mini_subset,scene-1094_004,pitch,3.0,deg,16,Car,vehicle,29.9,15-30m,321.6,0,0.0,68,52,0.7647,23.44
nuscenes_mini_subset,scene-1094_004,pitch,3.0,deg,17,Pedestrian,pedestrian,14.6,0-15m,112.6,2,0.0,0,0,,
nuscenes_mini_subset,scene-1094_004,pitch,3.0,deg,18,Pedestrian,pedestrian,36.2,>30m,32.1,0,0.0,1,0,0.0,34.79
nuscenes_mini_subset,scene-1094_004,pitch,3.0,deg,19,Bicycle,cyclist,29.7,15-30m,81.0,1,0.0,6,0,0.0,13.23
nuscenes_mini_subset,scene-1094_004,roll,0.0,deg,1,Car,vehicle,24.2,15-30m,264.3,0,0.0,27,27,1.0,0.0
nuscenes_mini_subset,scene-1094_004,roll,0.0,deg,2,Pedestrian,pedestrian,36.9,>30m,17.4,2,0.54,1,1,1.0,0.0
nuscenes_mini_subset,scene-1094_004,roll,0.0,deg,3,Pedestrian,pedestrian,26.4,15-30m,41.3,0,0.0,4,4,1.0,0.0
nuscenes_mini_subset,scene-1094_004,roll,0.0,deg,4,Pedestrian,pedestrian,35.7,>30m,39.0,0,0.0,4,4,1.0,0.0
nuscenes_mini_subset,scene-1094_004,roll,0.0,deg,5,Car,vehicle,8.5,0-15m,438.0,0,0.0,367,367,1.0,0.0
nuscenes_mini_subset,scene-1094_004,roll,0.0,deg,6,Pedestrian,pedestrian,34.4,>30m,34.0,0,0.0,5,5,1.0,0.0
nuscenes_mini_subset,scene-1094_004,roll,0.0,deg,7,Pedestrian,pedestrian,23.0,15-30m,42.3,2,0.0,0,0,,
nuscenes_mini_subset,scene-1094_004,roll,0.0,deg,8,Pedestrian,pedestrian,37.0,>30m,45.2,0,0.0,0,0,,
nuscenes_mini_subset,scene-1094_004,roll,0.0,deg,9,Car,vehicle,32.3,>30m,116.8,1,0.52,6,6,1.0,0.0
nuscenes_mini_subset,scene-1094_004,roll,0.0,deg,10,Car,vehicle,33.5,>30m,185.2,2,0.0,0,0,,
nuscenes_mini_subset,scene-1094_004,roll,0.0,deg,11,Pedestrian,pedestrian,26.4,15-30m,45.9,0,0.0,4,4,1.0,0.0
nuscenes_mini_subset,scene-1094_004,roll,0.0,deg,12,Car,vehicle,8.5,0-15m,46.2,0,0.95,11,11,1.0,0.0
nuscenes_mini_subset,scene-1094_004,roll,0.0,deg,13,Pedestrian,pedestrian,23.8,15-30m,53.8,0,0.0,6,6,1.0,0.0
nuscenes_mini_subset,scene-1094_004,roll,0.0,deg,14,Pedestrian,pedestrian,37.8,>30m,6.9,2,0.81,0,0,,
nuscenes_mini_subset,scene-1094_004,roll,0.0,deg,15,Car,vehicle,27.6,15-30m,271.6,2,0.0,5,5,1.0,0.0
nuscenes_mini_subset,scene-1094_004,roll,0.0,deg,16,Car,vehicle,29.9,15-30m,321.6,0,0.0,68,68,1.0,0.0
nuscenes_mini_subset,scene-1094_004,roll,0.0,deg,17,Pedestrian,pedestrian,14.6,0-15m,112.6,2,0.0,0,0,,
nuscenes_mini_subset,scene-1094_004,roll,0.0,deg,18,Pedestrian,pedestrian,36.2,>30m,32.1,0,0.0,1,1,1.0,0.0
nuscenes_mini_subset,scene-1094_004,roll,0.0,deg,19,Bicycle,cyclist,29.7,15-30m,81.0,1,0.0,6,6,1.0,0.0
nuscenes_mini_subset,scene-1094_004,roll,0.25,deg,1,Car,vehicle,24.2,15-30m,264.3,0,0.0,27,27,1.0,5.74
nuscenes_mini_subset,scene-1094_004,roll,0.25,deg,2,Pedestrian,pedestrian,36.9,>30m,17.4,2,0.54,1,1,1.0,5.7
nuscenes_mini_subset,scene-1094_004,roll,0.25,deg,3,Pedestrian,pedestrian,26.4,15-30m,41.3,0,0.0,4,4,1.0,5.73
nuscenes_mini_subset,scene-1094_004,roll,0.25,deg,4,Pedestrian,pedestrian,35.7,>30m,39.0,0,0.0,4,4,1.0,5.66
nuscenes_mini_subset,scene-1094_004,roll,0.25,deg,5,Car,vehicle,8.5,0-15m,438.0,0,0.0,367,364,0.9918,6.27
nuscenes_mini_subset,scene-1094_004,roll,0.25,deg,6,Pedestrian,pedestrian,34.4,>30m,34.0,0,0.0,5,5,1.0,5.71
nuscenes_mini_subset,scene-1094_004,roll,0.25,deg,7,Pedestrian,pedestrian,23.0,15-30m,42.3,2,0.0,0,0,,
nuscenes_mini_subset,scene-1094_004,roll,0.25,deg,8,Pedestrian,pedestrian,37.0,>30m,45.2,0,0.0,0,0,,
nuscenes_mini_subset,scene-1094_004,roll,0.25,deg,9,Car,vehicle,32.3,>30m,116.8,1,0.52,6,6,1.0,5.69
nuscenes_mini_subset,scene-1094_004,roll,0.25,deg,10,Car,vehicle,33.5,>30m,185.2,2,0.0,0,0,,
nuscenes_mini_subset,scene-1094_004,roll,0.25,deg,11,Pedestrian,pedestrian,26.4,15-30m,45.9,0,0.0,4,4,1.0,5.76
nuscenes_mini_subset,scene-1094_004,roll,0.25,deg,12,Car,vehicle,8.5,0-15m,46.2,0,0.95,12,11,0.9167,6.28
nuscenes_mini_subset,scene-1094_004,roll,0.25,deg,13,Pedestrian,pedestrian,23.8,15-30m,53.8,0,0.0,6,6,1.0,5.77
nuscenes_mini_subset,scene-1094_004,roll,0.25,deg,14,Pedestrian,pedestrian,37.8,>30m,6.9,2,0.81,0,0,,
nuscenes_mini_subset,scene-1094_004,roll,0.25,deg,15,Car,vehicle,27.6,15-30m,271.6,2,0.0,5,5,1.0,5.73
nuscenes_mini_subset,scene-1094_004,roll,0.25,deg,16,Car,vehicle,29.9,15-30m,321.6,0,0.0,68,68,1.0,5.68
nuscenes_mini_subset,scene-1094_004,roll,0.25,deg,17,Pedestrian,pedestrian,14.6,0-15m,112.6,2,0.0,0,0,,
nuscenes_mini_subset,scene-1094_004,roll,0.25,deg,18,Pedestrian,pedestrian,36.2,>30m,32.1,0,0.0,1,1,1.0,5.71
nuscenes_mini_subset,scene-1094_004,roll,0.25,deg,19,Bicycle,cyclist,29.7,15-30m,81.0,1,0.0,6,6,1.0,5.73
nuscenes_mini_subset,scene-1094_004,roll,0.5,deg,1,Car,vehicle,24.2,15-30m,264.3,0,0.0,27,27,1.0,11.47
nuscenes_mini_subset,scene-1094_004,roll,0.5,deg,2,Pedestrian,pedestrian,36.9,>30m,17.4,2,0.54,1,1,1.0,11.39
nuscenes_mini_subset,scene-1094_004,roll,0.5,deg,3,Pedestrian,pedestrian,26.4,15-30m,41.3,0,0.0,4,4,1.0,11.46
nuscenes_mini_subset,scene-1094_004,roll,0.5,deg,4,Pedestrian,pedestrian,35.7,>30m,39.0,0,0.0,4,4,1.0,11.31
nuscenes_mini_subset,scene-1094_004,roll,0.5,deg,5,Car,vehicle,8.5,0-15m,438.0,0,0.0,367,363,0.9891,12.53
nuscenes_mini_subset,scene-1094_004,roll,0.5,deg,6,Pedestrian,pedestrian,34.4,>30m,34.0,0,0.0,5,5,1.0,11.42
nuscenes_mini_subset,scene-1094_004,roll,0.5,deg,7,Pedestrian,pedestrian,23.0,15-30m,42.3,2,0.0,0,0,,
nuscenes_mini_subset,scene-1094_004,roll,0.5,deg,8,Pedestrian,pedestrian,37.0,>30m,45.2,0,0.0,0,0,,
nuscenes_mini_subset,scene-1094_004,roll,0.5,deg,9,Car,vehicle,32.3,>30m,116.8,1,0.52,6,6,1.0,11.38
nuscenes_mini_subset,scene-1094_004,roll,0.5,deg,10,Car,vehicle,33.5,>30m,185.2,2,0.0,0,0,,
nuscenes_mini_subset,scene-1094_004,roll,0.5,deg,11,Pedestrian,pedestrian,26.4,15-30m,45.9,0,0.0,4,4,1.0,11.51
nuscenes_mini_subset,scene-1094_004,roll,0.5,deg,12,Car,vehicle,8.5,0-15m,46.2,0,0.95,13,12,0.9231,12.55
nuscenes_mini_subset,scene-1094_004,roll,0.5,deg,13,Pedestrian,pedestrian,23.8,15-30m,53.8,0,0.0,6,6,1.0,11.53
nuscenes_mini_subset,scene-1094_004,roll,0.5,deg,14,Pedestrian,pedestrian,37.8,>30m,6.9,2,0.81,0,0,,
nuscenes_mini_subset,scene-1094_004,roll,0.5,deg,15,Car,vehicle,27.6,15-30m,271.6,2,0.0,5,5,1.0,11.45
nuscenes_mini_subset,scene-1094_004,roll,0.5,deg,16,Car,vehicle,29.9,15-30m,321.6,0,0.0,68,68,1.0,11.36
nuscenes_mini_subset,scene-1094_004,roll,0.5,deg,17,Pedestrian,pedestrian,14.6,0-15m,112.6,2,0.0,0,0,,
nuscenes_mini_subset,scene-1094_004,roll,0.5,deg,18,Pedestrian,pedestrian,36.2,>30m,32.1,0,0.0,1,1,1.0,11.42
nuscenes_mini_subset,scene-1094_004,roll,0.5,deg,19,Bicycle,cyclist,29.7,15-30m,81.0,1,0.0,6,6,1.0,11.46
nuscenes_mini_subset,scene-1094_004,roll,1.0,deg,1,Car,vehicle,24.2,15-30m,264.3,0,0.0,27,26,0.963,22.93
nuscenes_mini_subset,scene-1094_004,roll,1.0,deg,2,Pedestrian,pedestrian,36.9,>30m,17.4,2,0.54,1,1,1.0,22.76
nuscenes_mini_subset,scene-1094_004,roll,1.0,deg,3,Pedestrian,pedestrian,26.4,15-30m,41.3,0,0.0,4,4,1.0,22.9
nuscenes_mini_subset,scene-1094_004,roll,1.0,deg,4,Pedestrian,pedestrian,35.7,>30m,39.0,0,0.0,4,4,1.0,22.61
nuscenes_mini_subset,scene-1094_004,roll,1.0,deg,5,Car,vehicle,8.5,0-15m,438.0,0,0.0,367,363,0.9891,25.03
nuscenes_mini_subset,scene-1094_004,roll,1.0,deg,6,Pedestrian,pedestrian,34.4,>30m,34.0,0,0.0,5,3,0.6,22.83
nuscenes_mini_subset,scene-1094_004,roll,1.0,deg,7,Pedestrian,pedestrian,23.0,15-30m,42.3,2,0.0,0,0,,
nuscenes_mini_subset,scene-1094_004,roll,1.0,deg,8,Pedestrian,pedestrian,37.0,>30m,45.2,0,0.0,0,0,,
nuscenes_mini_subset,scene-1094_004,roll,1.0,deg,9,Car,vehicle,32.3,>30m,116.8,1,0.52,6,6,1.0,22.75
nuscenes_mini_subset,scene-1094_004,roll,1.0,deg,10,Car,vehicle,33.5,>30m,185.2,2,0.0,0,0,,
nuscenes_mini_subset,scene-1094_004,roll,1.0,deg,11,Pedestrian,pedestrian,26.4,15-30m,45.9,0,0.0,4,4,1.0,23.01
nuscenes_mini_subset,scene-1094_004,roll,1.0,deg,12,Car,vehicle,8.5,0-15m,46.2,0,0.95,13,13,1.0,25.04
nuscenes_mini_subset,scene-1094_004,roll,1.0,deg,13,Pedestrian,pedestrian,23.8,15-30m,53.8,0,0.0,6,6,1.0,23.04
nuscenes_mini_subset,scene-1094_004,roll,1.0,deg,14,Pedestrian,pedestrian,37.8,>30m,6.9,2,0.81,0,0,,
nuscenes_mini_subset,scene-1094_004,roll,1.0,deg,15,Car,vehicle,27.6,15-30m,271.6,2,0.0,5,5,1.0,22.88
nuscenes_mini_subset,scene-1094_004,roll,1.0,deg,16,Car,vehicle,29.9,15-30m,321.6,0,0.0,68,68,1.0,22.71
nuscenes_mini_subset,scene-1094_004,roll,1.0,deg,17,Pedestrian,pedestrian,14.6,0-15m,112.6,2,0.0,0,0,,
nuscenes_mini_subset,scene-1094_004,roll,1.0,deg,18,Pedestrian,pedestrian,36.2,>30m,32.1,0,0.0,1,1,1.0,22.83
nuscenes_mini_subset,scene-1094_004,roll,1.0,deg,19,Bicycle,cyclist,29.7,15-30m,81.0,1,0.0,6,6,1.0,22.89
nuscenes_mini_subset,scene-1094_004,roll,2.0,deg,1,Car,vehicle,24.2,15-30m,264.3,0,0.0,27,23,0.8519,45.81
nuscenes_mini_subset,scene-1094_004,roll,2.0,deg,2,Pedestrian,pedestrian,36.9,>30m,17.4,2,0.54,1,0,0.0,45.47
nuscenes_mini_subset,scene-1094_004,roll,2.0,deg,3,Pedestrian,pedestrian,26.4,15-30m,41.3,0,0.0,4,2,0.5,45.74
nuscenes_mini_subset,scene-1094_004,roll,2.0,deg,4,Pedestrian,pedestrian,35.7,>30m,39.0,0,0.0,4,2,0.5,45.19
nuscenes_mini_subset,scene-1094_004,roll,2.0,deg,5,Car,vehicle,8.5,0-15m,438.0,0,0.0,367,333,0.9074,49.93
nuscenes_mini_subset,scene-1094_004,roll,2.0,deg,6,Pedestrian,pedestrian,34.4,>30m,34.0,0,0.0,5,3,0.6,45.59
nuscenes_mini_subset,scene-1094_004,roll,2.0,deg,7,Pedestrian,pedestrian,23.0,15-30m,42.3,2,0.0,0,0,,
nuscenes_mini_subset,scene-1094_004,roll,2.0,deg,8,Pedestrian,pedestrian,37.0,>30m,45.2,0,0.0,0,0,,
nuscenes_mini_subset,scene-1094_004,roll,2.0,deg,9,Car,vehicle,32.3,>30m,116.8,1,0.52,6,6,1.0,45.46
nuscenes_mini_subset,scene-1094_004,roll,2.0,deg,10,Car,vehicle,33.5,>30m,185.2,2,0.0,0,0,,
nuscenes_mini_subset,scene-1094_004,roll,2.0,deg,11,Pedestrian,pedestrian,26.4,15-30m,45.9,0,0.0,4,3,0.75,45.94
nuscenes_mini_subset,scene-1094_004,roll,2.0,deg,12,Car,vehicle,8.5,0-15m,46.2,0,0.95,13,12,0.9231,49.9
nuscenes_mini_subset,scene-1094_004,roll,2.0,deg,13,Pedestrian,pedestrian,23.8,15-30m,53.8,0,0.0,6,4,0.6667,46.0
nuscenes_mini_subset,scene-1094_004,roll,2.0,deg,14,Pedestrian,pedestrian,37.8,>30m,6.9,2,0.81,0,0,,
nuscenes_mini_subset,scene-1094_004,roll,2.0,deg,15,Car,vehicle,27.6,15-30m,271.6,2,0.0,5,5,1.0,45.7
nuscenes_mini_subset,scene-1094_004,roll,2.0,deg,16,Car,vehicle,29.9,15-30m,321.6,0,0.0,68,45,0.6618,45.39
nuscenes_mini_subset,scene-1094_004,roll,2.0,deg,17,Pedestrian,pedestrian,14.6,0-15m,112.6,2,0.0,0,0,,
nuscenes_mini_subset,scene-1094_004,roll,2.0,deg,18,Pedestrian,pedestrian,36.2,>30m,32.1,0,0.0,1,1,1.0,45.58
nuscenes_mini_subset,scene-1094_004,roll,2.0,deg,19,Bicycle,cyclist,29.7,15-30m,81.0,1,0.0,6,0,0.0,45.71
nuscenes_mini_subset,scene-1094_004,roll,3.0,deg,1,Car,vehicle,24.2,15-30m,264.3,0,0.0,27,9,0.3333,68.67
nuscenes_mini_subset,scene-1094_004,roll,3.0,deg,2,Pedestrian,pedestrian,36.9,>30m,17.4,2,0.54,1,0,0.0,68.15
nuscenes_mini_subset,scene-1094_004,roll,3.0,deg,3,Pedestrian,pedestrian,26.4,15-30m,41.3,0,0.0,4,0,0.0,68.53
nuscenes_mini_subset,scene-1094_004,roll,3.0,deg,4,Pedestrian,pedestrian,35.7,>30m,39.0,0,0.0,4,0,0.0,67.76
nuscenes_mini_subset,scene-1094_004,roll,3.0,deg,5,Car,vehicle,8.5,0-15m,438.0,0,0.0,367,317,0.8638,74.71
nuscenes_mini_subset,scene-1094_004,roll,3.0,deg,6,Pedestrian,pedestrian,34.4,>30m,34.0,0,0.0,5,0,0.0,68.31
nuscenes_mini_subset,scene-1094_004,roll,3.0,deg,7,Pedestrian,pedestrian,23.0,15-30m,42.3,2,0.0,0,0,,
nuscenes_mini_subset,scene-1094_004,roll,3.0,deg,8,Pedestrian,pedestrian,37.0,>30m,45.2,0,0.0,0,0,,
nuscenes_mini_subset,scene-1094_004,roll,3.0,deg,9,Car,vehicle,32.3,>30m,116.8,1,0.52,6,0,0.0,68.13
nuscenes_mini_subset,scene-1094_004,roll,3.0,deg,10,Car,vehicle,33.5,>30m,185.2,2,0.0,0,0,,
nuscenes_mini_subset,scene-1094_004,roll,3.0,deg,11,Pedestrian,pedestrian,26.4,15-30m,45.9,0,0.0,4,0,0.0,68.8
nuscenes_mini_subset,scene-1094_004,roll,3.0,deg,12,Car,vehicle,8.5,0-15m,46.2,0,0.95,13,12,0.9231,74.59
nuscenes_mini_subset,scene-1094_004,roll,3.0,deg,13,Pedestrian,pedestrian,23.8,15-30m,53.8,0,0.0,6,2,0.3333,68.89
nuscenes_mini_subset,scene-1094_004,roll,3.0,deg,14,Pedestrian,pedestrian,37.8,>30m,6.9,2,0.81,0,0,,
nuscenes_mini_subset,scene-1094_004,roll,3.0,deg,15,Car,vehicle,27.6,15-30m,271.6,2,0.0,5,0,0.0,68.47
nuscenes_mini_subset,scene-1094_004,roll,3.0,deg,16,Car,vehicle,29.9,15-30m,321.6,0,0.0,68,23,0.3382,68.07
nuscenes_mini_subset,scene-1094_004,roll,3.0,deg,17,Pedestrian,pedestrian,14.6,0-15m,112.6,2,0.0,0,0,,
nuscenes_mini_subset,scene-1094_004,roll,3.0,deg,18,Pedestrian,pedestrian,36.2,>30m,32.1,0,0.0,1,0,0.0,68.28
nuscenes_mini_subset,scene-1094_004,roll,3.0,deg,19,Bicycle,cyclist,29.7,15-30m,81.0,1,0.0,6,0,0.0,68.47
nuscenes_mini_subset,scene-1094_004,tx,0.0,m,1,Car,vehicle,24.2,15-30m,264.3,0,0.0,27,27,1.0,0.0
nuscenes_mini_subset,scene-1094_004,tx,0.0,m,2,Pedestrian,pedestrian,36.9,>30m,17.4,2,0.54,1,1,1.0,0.0
nuscenes_mini_subset,scene-1094_004,tx,0.0,m,3,Pedestrian,pedestrian,26.4,15-30m,41.3,0,0.0,4,4,1.0,0.0
nuscenes_mini_subset,scene-1094_004,tx,0.0,m,4,Pedestrian,pedestrian,35.7,>30m,39.0,0,0.0,4,4,1.0,0.0
nuscenes_mini_subset,scene-1094_004,tx,0.0,m,5,Car,vehicle,8.5,0-15m,438.0,0,0.0,367,367,1.0,0.0
nuscenes_mini_subset,scene-1094_004,tx,0.0,m,6,Pedestrian,pedestrian,34.4,>30m,34.0,0,0.0,5,5,1.0,0.0
nuscenes_mini_subset,scene-1094_004,tx,0.0,m,7,Pedestrian,pedestrian,23.0,15-30m,42.3,2,0.0,0,0,,
nuscenes_mini_subset,scene-1094_004,tx,0.0,m,8,Pedestrian,pedestrian,37.0,>30m,45.2,0,0.0,0,0,,
nuscenes_mini_subset,scene-1094_004,tx,0.0,m,9,Car,vehicle,32.3,>30m,116.8,1,0.52,6,6,1.0,0.0
nuscenes_mini_subset,scene-1094_004,tx,0.0,m,10,Car,vehicle,33.5,>30m,185.2,2,0.0,0,0,,
nuscenes_mini_subset,scene-1094_004,tx,0.0,m,11,Pedestrian,pedestrian,26.4,15-30m,45.9,0,0.0,4,4,1.0,0.0
nuscenes_mini_subset,scene-1094_004,tx,0.0,m,12,Car,vehicle,8.5,0-15m,46.2,0,0.95,11,11,1.0,0.0
nuscenes_mini_subset,scene-1094_004,tx,0.0,m,13,Pedestrian,pedestrian,23.8,15-30m,53.8,0,0.0,6,6,1.0,0.0
nuscenes_mini_subset,scene-1094_004,tx,0.0,m,14,Pedestrian,pedestrian,37.8,>30m,6.9,2,0.81,0,0,,
nuscenes_mini_subset,scene-1094_004,tx,0.0,m,15,Car,vehicle,27.6,15-30m,271.6,2,0.0,5,5,1.0,0.0
nuscenes_mini_subset,scene-1094_004,tx,0.0,m,16,Car,vehicle,29.9,15-30m,321.6,0,0.0,68,68,1.0,0.0
nuscenes_mini_subset,scene-1094_004,tx,0.0,m,17,Pedestrian,pedestrian,14.6,0-15m,112.6,2,0.0,0,0,,
nuscenes_mini_subset,scene-1094_004,tx,0.0,m,18,Pedestrian,pedestrian,36.2,>30m,32.1,0,0.0,1,1,1.0,0.0
nuscenes_mini_subset,scene-1094_004,tx,0.0,m,19,Bicycle,cyclist,29.7,15-30m,81.0,1,0.0,6,6,1.0,0.0
nuscenes_mini_subset,scene-1094_004,tx,0.02,m,1,Car,vehicle,24.2,15-30m,264.3,0,0.0,27,27,1.0,1.22
nuscenes_mini_subset,scene-1094_004,tx,0.02,m,2,Pedestrian,pedestrian,36.9,>30m,17.4,2,0.54,1,1,1.0,0.81
nuscenes_mini_subset,scene-1094_004,tx,0.02,m,3,Pedestrian,pedestrian,26.4,15-30m,41.3,0,0.0,4,4,1.0,0.97
nuscenes_mini_subset,scene-1094_004,tx,0.02,m,4,Pedestrian,pedestrian,35.7,>30m,39.0,0,0.0,4,4,1.0,0.72
nuscenes_mini_subset,scene-1094_004,tx,0.02,m,5,Car,vehicle,8.5,0-15m,438.0,0,0.0,367,367,1.0,3.68
nuscenes_mini_subset,scene-1094_004,tx,0.02,m,6,Pedestrian,pedestrian,34.4,>30m,34.0,0,0.0,5,5,1.0,0.84
nuscenes_mini_subset,scene-1094_004,tx,0.02,m,7,Pedestrian,pedestrian,23.0,15-30m,42.3,2,0.0,0,0,,
nuscenes_mini_subset,scene-1094_004,tx,0.02,m,8,Pedestrian,pedestrian,37.0,>30m,45.2,0,0.0,0,0,,
nuscenes_mini_subset,scene-1094_004,tx,0.02,m,9,Car,vehicle,32.3,>30m,116.8,1,0.52,6,6,1.0,0.96
nuscenes_mini_subset,scene-1094_004,tx,0.02,m,10,Car,vehicle,33.5,>30m,185.2,2,0.0,0,0,,
nuscenes_mini_subset,scene-1094_004,tx,0.02,m,11,Pedestrian,pedestrian,26.4,15-30m,45.9,0,0.0,4,4,1.0,1.02
nuscenes_mini_subset,scene-1094_004,tx,0.02,m,12,Car,vehicle,8.5,0-15m,46.2,0,0.95,9,9,1.0,3.1
nuscenes_mini_subset,scene-1094_004,tx,0.02,m,13,Pedestrian,pedestrian,23.8,15-30m,53.8,0,0.0,6,6,1.0,1.08
nuscenes_mini_subset,scene-1094_004,tx,0.02,m,14,Pedestrian,pedestrian,37.8,>30m,6.9,2,0.81,0,0,,
nuscenes_mini_subset,scene-1094_004,tx,0.02,m,15,Car,vehicle,27.6,15-30m,271.6,2,0.0,5,5,1.0,1.04
nuscenes_mini_subset,scene-1094_004,tx,0.02,m,16,Car,vehicle,29.9,15-30m,321.6,0,0.0,68,68,1.0,0.94
nuscenes_mini_subset,scene-1094_004,tx,0.02,m,17,Pedestrian,pedestrian,14.6,0-15m,112.6,2,0.0,0,0,,
nuscenes_mini_subset,scene-1094_004,tx,0.02,m,18,Pedestrian,pedestrian,36.2,>30m,32.1,0,0.0,1,1,1.0,0.79
nuscenes_mini_subset,scene-1094_004,tx,0.02,m,19,Bicycle,cyclist,29.7,15-30m,81.0,1,0.0,6,6,1.0,0.87
nuscenes_mini_subset,scene-1094_004,tx,0.05,m,1,Car,vehicle,24.2,15-30m,264.3,0,0.0,27,27,1.0,3.05
nuscenes_mini_subset,scene-1094_004,tx,0.05,m,2,Pedestrian,pedestrian,36.9,>30m,17.4,2,0.54,1,1,1.0,2.03
nuscenes_mini_subset,scene-1094_004,tx,0.05,m,3,Pedestrian,pedestrian,26.4,15-30m,41.3,0,0.0,4,4,1.0,2.43
nuscenes_mini_subset,scene-1094_004,tx,0.05,m,4,Pedestrian,pedestrian,35.7,>30m,39.0,0,0.0,4,4,1.0,1.79
nuscenes_mini_subset,scene-1094_004,tx,0.05,m,5,Car,vehicle,8.5,0-15m,438.0,0,0.0,367,367,1.0,9.19
nuscenes_mini_subset,scene-1094_004,tx,0.05,m,6,Pedestrian,pedestrian,34.4,>30m,34.0,0,0.0,5,5,1.0,2.1
nuscenes_mini_subset,scene-1094_004,tx,0.05,m,7,Pedestrian,pedestrian,23.0,15-30m,42.3,2,0.0,0,0,,
nuscenes_mini_subset,scene-1094_004,tx,0.05,m,8,Pedestrian,pedestrian,37.0,>30m,45.2,0,0.0,0,0,,
nuscenes_mini_subset,scene-1094_004,tx,0.05,m,9,Car,vehicle,32.3,>30m,116.8,1,0.52,6,6,1.0,2.4
nuscenes_mini_subset,scene-1094_004,tx,0.05,m,10,Car,vehicle,33.5,>30m,185.2,2,0.0,0,0,,
nuscenes_mini_subset,scene-1094_004,tx,0.05,m,11,Pedestrian,pedestrian,26.4,15-30m,45.9,0,0.0,4,4,1.0,2.55
nuscenes_mini_subset,scene-1094_004,tx,0.05,m,12,Car,vehicle,8.5,0-15m,46.2,0,0.95,9,9,1.0,7.76
nuscenes_mini_subset,scene-1094_004,tx,0.05,m,13,Pedestrian,pedestrian,23.8,15-30m,53.8,0,0.0,6,6,1.0,2.7
nuscenes_mini_subset,scene-1094_004,tx,0.05,m,14,Pedestrian,pedestrian,37.8,>30m,6.9,2,0.81,0,0,,
nuscenes_mini_subset,scene-1094_004,tx,0.05,m,15,Car,vehicle,27.6,15-30m,271.6,2,0.0,5,5,1.0,2.6
nuscenes_mini_subset,scene-1094_004,tx,0.05,m,16,Car,vehicle,29.9,15-30m,321.6,0,0.0,68,68,1.0,2.34
nuscenes_mini_subset,scene-1094_004,tx,0.05,m,17,Pedestrian,pedestrian,14.6,0-15m,112.6,2,0.0,0,0,,
nuscenes_mini_subset,scene-1094_004,tx,0.05,m,18,Pedestrian,pedestrian,36.2,>30m,32.1,0,0.0,1,1,1.0,1.97
nuscenes_mini_subset,scene-1094_004,tx,0.05,m,19,Bicycle,cyclist,29.7,15-30m,81.0,1,0.0,6,6,1.0,2.16
nuscenes_mini_subset,scene-1094_004,tx,0.1,m,1,Car,vehicle,24.2,15-30m,264.3,0,0.0,27,27,1.0,6.11
nuscenes_mini_subset,scene-1094_004,tx,0.1,m,2,Pedestrian,pedestrian,36.9,>30m,17.4,2,0.54,1,0,0.0,4.05
nuscenes_mini_subset,scene-1094_004,tx,0.1,m,3,Pedestrian,pedestrian,26.4,15-30m,41.3,0,0.0,4,4,1.0,4.86
nuscenes_mini_subset,scene-1094_004,tx,0.1,m,4,Pedestrian,pedestrian,35.7,>30m,39.0,0,0.0,4,4,1.0,3.58
nuscenes_mini_subset,scene-1094_004,tx,0.1,m,5,Car,vehicle,8.5,0-15m,438.0,0,0.0,367,367,1.0,18.38
nuscenes_mini_subset,scene-1094_004,tx,0.1,m,6,Pedestrian,pedestrian,34.4,>30m,34.0,0,0.0,5,5,1.0,4.21
nuscenes_mini_subset,scene-1094_004,tx,0.1,m,7,Pedestrian,pedestrian,23.0,15-30m,42.3,2,0.0,0,0,,
nuscenes_mini_subset,scene-1094_004,tx,0.1,m,8,Pedestrian,pedestrian,37.0,>30m,45.2,0,0.0,0,0,,
nuscenes_mini_subset,scene-1094_004,tx,0.1,m,9,Car,vehicle,32.3,>30m,116.8,1,0.52,6,6,1.0,4.8
nuscenes_mini_subset,scene-1094_004,tx,0.1,m,10,Car,vehicle,33.5,>30m,185.2,2,0.0,0,0,,
nuscenes_mini_subset,scene-1094_004,tx,0.1,m,11,Pedestrian,pedestrian,26.4,15-30m,45.9,0,0.0,4,4,1.0,5.1
nuscenes_mini_subset,scene-1094_004,tx,0.1,m,12,Car,vehicle,8.5,0-15m,46.2,0,0.95,6,6,1.0,15.22
nuscenes_mini_subset,scene-1094_004,tx,0.1,m,13,Pedestrian,pedestrian,23.8,15-30m,53.8,0,0.0,6,6,1.0,5.41
nuscenes_mini_subset,scene-1094_004,tx,0.1,m,14,Pedestrian,pedestrian,37.8,>30m,6.9,2,0.81,0,0,,
nuscenes_mini_subset,scene-1094_004,tx,0.1,m,15,Car,vehicle,27.6,15-30m,271.6,2,0.0,5,5,1.0,5.21
nuscenes_mini_subset,scene-1094_004,tx,0.1,m,16,Car,vehicle,29.9,15-30m,321.6,0,0.0,68,68,1.0,4.68
nuscenes_mini_subset,scene-1094_004,tx,0.1,m,17,Pedestrian,pedestrian,14.6,0-15m,112.6,2,0.0,0,0,,
nuscenes_mini_subset,scene-1094_004,tx,0.1,m,18,Pedestrian,pedestrian,36.2,>30m,32.1,0,0.0,1,1,1.0,3.95
nuscenes_mini_subset,scene-1094_004,tx,0.1,m,19,Bicycle,cyclist,29.7,15-30m,81.0,1,0.0,6,6,1.0,4.33
nuscenes_mini_subset,scene-1094_004,tx,0.2,m,1,Car,vehicle,24.2,15-30m,264.3,0,0.0,27,27,1.0,12.22
nuscenes_mini_subset,scene-1094_004,tx,0.2,m,2,Pedestrian,pedestrian,36.9,>30m,17.4,2,0.54,0,0,,
nuscenes_mini_subset,scene-1094_004,tx,0.2,m,3,Pedestrian,pedestrian,26.4,15-30m,41.3,0,0.0,4,4,1.0,9.71
nuscenes_mini_subset,scene-1094_004,tx,0.2,m,4,Pedestrian,pedestrian,35.7,>30m,39.0,0,0.0,4,4,1.0,7.17
nuscenes_mini_subset,scene-1094_004,tx,0.2,m,5,Car,vehicle,8.5,0-15m,438.0,0,0.0,367,362,0.9864,36.77
nuscenes_mini_subset,scene-1094_004,tx,0.2,m,6,Pedestrian,pedestrian,34.4,>30m,34.0,0,0.0,5,4,0.8,8.42
nuscenes_mini_subset,scene-1094_004,tx,0.2,m,7,Pedestrian,pedestrian,23.0,15-30m,42.3,2,0.0,0,0,,
nuscenes_mini_subset,scene-1094_004,tx,0.2,m,8,Pedestrian,pedestrian,37.0,>30m,45.2,0,0.0,0,0,,
nuscenes_mini_subset,scene-1094_004,tx,0.2,m,9,Car,vehicle,32.3,>30m,116.8,1,0.52,6,6,1.0,9.6
nuscenes_mini_subset,scene-1094_004,tx,0.2,m,10,Car,vehicle,33.5,>30m,185.2,2,0.0,0,0,,
nuscenes_mini_subset,scene-1094_004,tx,0.2,m,11,Pedestrian,pedestrian,26.4,15-30m,45.9,0,0.0,4,4,1.0,10.2
nuscenes_mini_subset,scene-1094_004,tx,0.2,m,12,Car,vehicle,8.5,0-15m,46.2,0,0.95,3,2,0.6667,29.59
nuscenes_mini_subset,scene-1094_004,tx,0.2,m,13,Pedestrian,pedestrian,23.8,15-30m,53.8,0,0.0,6,6,1.0,10.82
nuscenes_mini_subset,scene-1094_004,tx,0.2,m,14,Pedestrian,pedestrian,37.8,>30m,6.9,2,0.81,0,0,,
nuscenes_mini_subset,scene-1094_004,tx,0.2,m,15,Car,vehicle,27.6,15-30m,271.6,2,0.0,5,5,1.0,10.42
nuscenes_mini_subset,scene-1094_004,tx,0.2,m,16,Car,vehicle,29.9,15-30m,321.6,0,0.0,68,68,1.0,9.37
nuscenes_mini_subset,scene-1094_004,tx,0.2,m,17,Pedestrian,pedestrian,14.6,0-15m,112.6,2,0.0,0,0,,
nuscenes_mini_subset,scene-1094_004,tx,0.2,m,18,Pedestrian,pedestrian,36.2,>30m,32.1,0,0.0,1,1,1.0,7.9
nuscenes_mini_subset,scene-1094_004,tx,0.2,m,19,Bicycle,cyclist,29.7,15-30m,81.0,1,0.0,6,5,0.8333,8.65
nuscenes_mini_subset,scene-1094_004,ty,0.0,m,1,Car,vehicle,24.2,15-30m,264.3,0,0.0,27,27,1.0,0.0
nuscenes_mini_subset,scene-1094_004,ty,0.0,m,2,Pedestrian,pedestrian,36.9,>30m,17.4,2,0.54,1,1,1.0,0.0
nuscenes_mini_subset,scene-1094_004,ty,0.0,m,3,Pedestrian,pedestrian,26.4,15-30m,41.3,0,0.0,4,4,1.0,0.0
nuscenes_mini_subset,scene-1094_004,ty,0.0,m,4,Pedestrian,pedestrian,35.7,>30m,39.0,0,0.0,4,4,1.0,0.0
nuscenes_mini_subset,scene-1094_004,ty,0.0,m,5,Car,vehicle,8.5,0-15m,438.0,0,0.0,367,367,1.0,0.0
nuscenes_mini_subset,scene-1094_004,ty,0.0,m,6,Pedestrian,pedestrian,34.4,>30m,34.0,0,0.0,5,5,1.0,0.0
nuscenes_mini_subset,scene-1094_004,ty,0.0,m,7,Pedestrian,pedestrian,23.0,15-30m,42.3,2,0.0,0,0,,
nuscenes_mini_subset,scene-1094_004,ty,0.0,m,8,Pedestrian,pedestrian,37.0,>30m,45.2,0,0.0,0,0,,
nuscenes_mini_subset,scene-1094_004,ty,0.0,m,9,Car,vehicle,32.3,>30m,116.8,1,0.52,6,6,1.0,0.0
nuscenes_mini_subset,scene-1094_004,ty,0.0,m,10,Car,vehicle,33.5,>30m,185.2,2,0.0,0,0,,
nuscenes_mini_subset,scene-1094_004,ty,0.0,m,11,Pedestrian,pedestrian,26.4,15-30m,45.9,0,0.0,4,4,1.0,0.0
nuscenes_mini_subset,scene-1094_004,ty,0.0,m,12,Car,vehicle,8.5,0-15m,46.2,0,0.95,11,11,1.0,0.0
nuscenes_mini_subset,scene-1094_004,ty,0.0,m,13,Pedestrian,pedestrian,23.8,15-30m,53.8,0,0.0,6,6,1.0,0.0
nuscenes_mini_subset,scene-1094_004,ty,0.0,m,14,Pedestrian,pedestrian,37.8,>30m,6.9,2,0.81,0,0,,
nuscenes_mini_subset,scene-1094_004,ty,0.0,m,15,Car,vehicle,27.6,15-30m,271.6,2,0.0,5,5,1.0,0.0
nuscenes_mini_subset,scene-1094_004,ty,0.0,m,16,Car,vehicle,29.9,15-30m,321.6,0,0.0,68,68,1.0,0.0
nuscenes_mini_subset,scene-1094_004,ty,0.0,m,17,Pedestrian,pedestrian,14.6,0-15m,112.6,2,0.0,0,0,,
nuscenes_mini_subset,scene-1094_004,ty,0.0,m,18,Pedestrian,pedestrian,36.2,>30m,32.1,0,0.0,1,1,1.0,0.0
nuscenes_mini_subset,scene-1094_004,ty,0.0,m,19,Bicycle,cyclist,29.7,15-30m,81.0,1,0.0,6,6,1.0,0.0
nuscenes_mini_subset,scene-1094_004,ty,0.02,m,1,Car,vehicle,24.2,15-30m,264.3,0,0.0,27,27,1.0,0.58
nuscenes_mini_subset,scene-1094_004,ty,0.02,m,2,Pedestrian,pedestrian,36.9,>30m,17.4,2,0.54,1,1,1.0,0.5
nuscenes_mini_subset,scene-1094_004,ty,0.02,m,3,Pedestrian,pedestrian,26.4,15-30m,41.3,0,0.0,4,4,1.0,0.15
nuscenes_mini_subset,scene-1094_004,ty,0.02,m,4,Pedestrian,pedestrian,35.7,>30m,39.0,0,0.0,4,4,1.0,0.12
nuscenes_mini_subset,scene-1094_004,ty,0.02,m,5,Car,vehicle,8.5,0-15m,438.0,0,0.0,367,367,1.0,0.6
nuscenes_mini_subset,scene-1094_004,ty,0.02,m,6,Pedestrian,pedestrian,34.4,>30m,34.0,0,0.0,5,5,1.0,0.46
nuscenes_mini_subset,scene-1094_004,ty,0.02,m,7,Pedestrian,pedestrian,23.0,15-30m,42.3,2,0.0,0,0,,
nuscenes_mini_subset,scene-1094_004,ty,0.02,m,8,Pedestrian,pedestrian,37.0,>30m,45.2,0,0.0,0,0,,
nuscenes_mini_subset,scene-1094_004,ty,0.02,m,9,Car,vehicle,32.3,>30m,116.8,1,0.52,6,6,1.0,0.59
nuscenes_mini_subset,scene-1094_004,ty,0.02,m,10,Car,vehicle,33.5,>30m,185.2,2,0.0,0,0,,
nuscenes_mini_subset,scene-1094_004,ty,0.02,m,11,Pedestrian,pedestrian,26.4,15-30m,45.9,0,0.0,4,4,1.0,0.37
nuscenes_mini_subset,scene-1094_004,ty,0.02,m,12,Car,vehicle,8.5,0-15m,46.2,0,0.95,13,12,0.9231,1.94
nuscenes_mini_subset,scene-1094_004,ty,0.02,m,13,Pedestrian,pedestrian,23.8,15-30m,53.8,0,0.0,6,6,1.0,0.22
nuscenes_mini_subset,scene-1094_004,ty,0.02,m,14,Pedestrian,pedestrian,37.8,>30m,6.9,2,0.81,0,0,,
nuscenes_mini_subset,scene-1094_004,ty,0.02,m,15,Car,vehicle,27.6,15-30m,271.6,2,0.0,5,5,1.0,0.39
nuscenes_mini_subset,scene-1094_004,ty,0.02,m,16,Car,vehicle,29.9,15-30m,321.6,0,0.0,68,68,1.0,0.33
nuscenes_mini_subset,scene-1094_004,ty,0.02,m,17,Pedestrian,pedestrian,14.6,0-15m,112.6,2,0.0,0,0,,
nuscenes_mini_subset,scene-1094_004,ty,0.02,m,18,Pedestrian,pedestrian,36.2,>30m,32.1,0,0.0,1,1,1.0,0.41
nuscenes_mini_subset,scene-1094_004,ty,0.02,m,19,Bicycle,cyclist,29.7,15-30m,81.0,1,0.0,6,6,1.0,0.17
nuscenes_mini_subset,scene-1094_004,ty,0.05,m,1,Car,vehicle,24.2,15-30m,264.3,0,0.0,27,27,1.0,1.45
nuscenes_mini_subset,scene-1094_004,ty,0.05,m,2,Pedestrian,pedestrian,36.9,>30m,17.4,2,0.54,1,1,1.0,1.24
nuscenes_mini_subset,scene-1094_004,ty,0.05,m,3,Pedestrian,pedestrian,26.4,15-30m,41.3,0,0.0,4,4,1.0,0.38
nuscenes_mini_subset,scene-1094_004,ty,0.05,m,4,Pedestrian,pedestrian,35.7,>30m,39.0,0,0.0,4,4,1.0,0.31
nuscenes_mini_subset,scene-1094_004,ty,0.05,m,5,Car,vehicle,8.5,0-15m,438.0,0,0.0,367,367,1.0,1.48
nuscenes_mini_subset,scene-1094_004,ty,0.05,m,6,Pedestrian,pedestrian,34.4,>30m,34.0,0,0.0,5,5,1.0,1.16
nuscenes_mini_subset,scene-1094_004,ty,0.05,m,7,Pedestrian,pedestrian,23.0,15-30m,42.3,2,0.0,0,0,,
nuscenes_mini_subset,scene-1094_004,ty,0.05,m,8,Pedestrian,pedestrian,37.0,>30m,45.2,0,0.0,0,0,,
nuscenes_mini_subset,scene-1094_004,ty,0.05,m,9,Car,vehicle,32.3,>30m,116.8,1,0.52,6,6,1.0,1.48
nuscenes_mini_subset,scene-1094_004,ty,0.05,m,10,Car,vehicle,33.5,>30m,185.2,2,0.0,0,0,,
nuscenes_mini_subset,scene-1094_004,ty,0.05,m,11,Pedestrian,pedestrian,26.4,15-30m,45.9,0,0.0,4,4,1.0,0.93
nuscenes_mini_subset,scene-1094_004,ty,0.05,m,12,Car,vehicle,8.5,0-15m,46.2,0,0.95,13,13,1.0,4.84
nuscenes_mini_subset,scene-1094_004,ty,0.05,m,13,Pedestrian,pedestrian,23.8,15-30m,53.8,0,0.0,6,6,1.0,0.54
nuscenes_mini_subset,scene-1094_004,ty,0.05,m,14,Pedestrian,pedestrian,37.8,>30m,6.9,2,0.81,0,0,,
nuscenes_mini_subset,scene-1094_004,ty,0.05,m,15,Car,vehicle,27.6,15-30m,271.6,2,0.0,5,5,1.0,0.99
nuscenes_mini_subset,scene-1094_004,ty,0.05,m,16,Car,vehicle,29.9,15-30m,321.6,0,0.0,68,68,1.0,0.82
nuscenes_mini_subset,scene-1094_004,ty,0.05,m,17,Pedestrian,pedestrian,14.6,0-15m,112.6,2,0.0,0,0,,
nuscenes_mini_subset,scene-1094_004,ty,0.05,m,18,Pedestrian,pedestrian,36.2,>30m,32.1,0,0.0,1,1,1.0,1.03
nuscenes_mini_subset,scene-1094_004,ty,0.05,m,19,Bicycle,cyclist,29.7,15-30m,81.0,1,0.0,6,6,1.0,0.42
nuscenes_mini_subset,scene-1094_004,ty,0.1,m,1,Car,vehicle,24.2,15-30m,264.3,0,0.0,27,27,1.0,2.9
nuscenes_mini_subset,scene-1094_004,ty,0.1,m,2,Pedestrian,pedestrian,36.9,>30m,17.4,2,0.54,1,1,1.0,2.47
nuscenes_mini_subset,scene-1094_004,ty,0.1,m,3,Pedestrian,pedestrian,26.4,15-30m,41.3,0,0.0,4,4,1.0,0.76
nuscenes_mini_subset,scene-1094_004,ty,0.1,m,4,Pedestrian,pedestrian,35.7,>30m,39.0,0,0.0,4,4,1.0,0.61
nuscenes_mini_subset,scene-1094_004,ty,0.1,m,5,Car,vehicle,8.5,0-15m,438.0,0,0.0,367,367,1.0,2.94
nuscenes_mini_subset,scene-1094_004,ty,0.1,m,6,Pedestrian,pedestrian,34.4,>30m,34.0,0,0.0,5,5,1.0,2.31
nuscenes_mini_subset,scene-1094_004,ty,0.1,m,7,Pedestrian,pedestrian,23.0,15-30m,42.3,2,0.0,0,0,,
nuscenes_mini_subset,scene-1094_004,ty,0.1,m,8,Pedestrian,pedestrian,37.0,>30m,45.2,0,0.0,0,0,,
nuscenes_mini_subset,scene-1094_004,ty,0.1,m,9,Car,vehicle,32.3,>30m,116.8,1,0.52,6,6,1.0,2.96
nuscenes_mini_subset,scene-1094_004,ty,0.1,m,10,Car,vehicle,33.5,>30m,185.2,2,0.0,0,0,,
nuscenes_mini_subset,scene-1094_004,ty,0.1,m,11,Pedestrian,pedestrian,26.4,15-30m,45.9,0,0.0,4,4,1.0,1.86
nuscenes_mini_subset,scene-1094_004,ty,0.1,m,12,Car,vehicle,8.5,0-15m,46.2,0,0.95,14,12,0.8571,9.62
nuscenes_mini_subset,scene-1094_004,ty,0.1,m,13,Pedestrian,pedestrian,23.8,15-30m,53.8,0,0.0,6,6,1.0,1.07
nuscenes_mini_subset,scene-1094_004,ty,0.1,m,14,Pedestrian,pedestrian,37.8,>30m,6.9,2,0.81,0,0,,
nuscenes_mini_subset,scene-1094_004,ty,0.1,m,15,Car,vehicle,27.6,15-30m,271.6,2,0.0,5,5,1.0,1.97
nuscenes_mini_subset,scene-1094_004,ty,0.1,m,16,Car,vehicle,29.9,15-30m,321.6,0,0.0,68,68,1.0,1.64
nuscenes_mini_subset,scene-1094_004,ty,0.1,m,17,Pedestrian,pedestrian,14.6,0-15m,112.6,2,0.0,0,0,,
nuscenes_mini_subset,scene-1094_004,ty,0.1,m,18,Pedestrian,pedestrian,36.2,>30m,32.1,0,0.0,1,1,1.0,2.06
nuscenes_mini_subset,scene-1094_004,ty,0.1,m,19,Bicycle,cyclist,29.7,15-30m,81.0,1,0.0,6,6,1.0,0.84
nuscenes_mini_subset,scene-1094_004,ty,0.2,m,1,Car,vehicle,24.2,15-30m,264.3,0,0.0,27,27,1.0,5.76
nuscenes_mini_subset,scene-1094_004,ty,0.2,m,2,Pedestrian,pedestrian,36.9,>30m,17.4,2,0.54,1,1,1.0,4.93
nuscenes_mini_subset,scene-1094_004,ty,0.2,m,3,Pedestrian,pedestrian,26.4,15-30m,41.3,0,0.0,4,4,1.0,1.52
nuscenes_mini_subset,scene-1094_004,ty,0.2,m,4,Pedestrian,pedestrian,35.7,>30m,39.0,0,0.0,4,4,1.0,1.22
nuscenes_mini_subset,scene-1094_004,ty,0.2,m,5,Car,vehicle,8.5,0-15m,438.0,0,0.0,367,367,1.0,5.8
nuscenes_mini_subset,scene-1094_004,ty,0.2,m,6,Pedestrian,pedestrian,34.4,>30m,34.0,0,0.0,5,5,1.0,4.6
nuscenes_mini_subset,scene-1094_004,ty,0.2,m,7,Pedestrian,pedestrian,23.0,15-30m,42.3,2,0.0,0,0,,
nuscenes_mini_subset,scene-1094_004,ty,0.2,m,8,Pedestrian,pedestrian,37.0,>30m,45.2,0,0.0,0,0,,
nuscenes_mini_subset,scene-1094_004,ty,0.2,m,9,Car,vehicle,32.3,>30m,116.8,1,0.52,6,6,1.0,5.9
nuscenes_mini_subset,scene-1094_004,ty,0.2,m,10,Car,vehicle,33.5,>30m,185.2,2,0.0,0,0,,
nuscenes_mini_subset,scene-1094_004,ty,0.2,m,11,Pedestrian,pedestrian,26.4,15-30m,45.9,0,0.0,4,4,1.0,3.71
nuscenes_mini_subset,scene-1094_004,ty,0.2,m,12,Car,vehicle,8.5,0-15m,46.2,0,0.95,16,13,0.8125,19.0
nuscenes_mini_subset,scene-1094_004,ty,0.2,m,13,Pedestrian,pedestrian,23.8,15-30m,53.8,0,0.0,6,6,1.0,2.14
nuscenes_mini_subset,scene-1094_004,ty,0.2,m,14,Pedestrian,pedestrian,37.8,>30m,6.9,2,0.81,0,0,,
nuscenes_mini_subset,scene-1094_004,ty,0.2,m,15,Car,vehicle,27.6,15-30m,271.6,2,0.0,5,5,1.0,3.92
nuscenes_mini_subset,scene-1094_004,ty,0.2,m,16,Car,vehicle,29.9,15-30m,321.6,0,0.0,68,68,1.0,3.27
nuscenes_mini_subset,scene-1094_004,ty,0.2,m,17,Pedestrian,pedestrian,14.6,0-15m,112.6,2,0.0,0,0,,
nuscenes_mini_subset,scene-1094_004,ty,0.2,m,18,Pedestrian,pedestrian,36.2,>30m,32.1,0,0.0,1,1,1.0,4.1
nuscenes_mini_subset,scene-1094_004,ty,0.2,m,19,Bicycle,cyclist,29.7,15-30m,81.0,1,0.0,6,6,1.0,1.68
nuscenes_mini_subset,scene-1094_004,tz,0.0,m,1,Car,vehicle,24.2,15-30m,264.3,0,0.0,27,27,1.0,0.0
nuscenes_mini_subset,scene-1094_004,tz,0.0,m,2,Pedestrian,pedestrian,36.9,>30m,17.4,2,0.54,1,1,1.0,0.0
nuscenes_mini_subset,scene-1094_004,tz,0.0,m,3,Pedestrian,pedestrian,26.4,15-30m,41.3,0,0.0,4,4,1.0,0.0
nuscenes_mini_subset,scene-1094_004,tz,0.0,m,4,Pedestrian,pedestrian,35.7,>30m,39.0,0,0.0,4,4,1.0,0.0
nuscenes_mini_subset,scene-1094_004,tz,0.0,m,5,Car,vehicle,8.5,0-15m,438.0,0,0.0,367,367,1.0,0.0
nuscenes_mini_subset,scene-1094_004,tz,0.0,m,6,Pedestrian,pedestrian,34.4,>30m,34.0,0,0.0,5,5,1.0,0.0
nuscenes_mini_subset,scene-1094_004,tz,0.0,m,7,Pedestrian,pedestrian,23.0,15-30m,42.3,2,0.0,0,0,,
nuscenes_mini_subset,scene-1094_004,tz,0.0,m,8,Pedestrian,pedestrian,37.0,>30m,45.2,0,0.0,0,0,,
nuscenes_mini_subset,scene-1094_004,tz,0.0,m,9,Car,vehicle,32.3,>30m,116.8,1,0.52,6,6,1.0,0.0
nuscenes_mini_subset,scene-1094_004,tz,0.0,m,10,Car,vehicle,33.5,>30m,185.2,2,0.0,0,0,,
nuscenes_mini_subset,scene-1094_004,tz,0.0,m,11,Pedestrian,pedestrian,26.4,15-30m,45.9,0,0.0,4,4,1.0,0.0
nuscenes_mini_subset,scene-1094_004,tz,0.0,m,12,Car,vehicle,8.5,0-15m,46.2,0,0.95,11,11,1.0,0.0
nuscenes_mini_subset,scene-1094_004,tz,0.0,m,13,Pedestrian,pedestrian,23.8,15-30m,53.8,0,0.0,6,6,1.0,0.0
nuscenes_mini_subset,scene-1094_004,tz,0.0,m,14,Pedestrian,pedestrian,37.8,>30m,6.9,2,0.81,0,0,,
nuscenes_mini_subset,scene-1094_004,tz,0.0,m,15,Car,vehicle,27.6,15-30m,271.6,2,0.0,5,5,1.0,0.0
nuscenes_mini_subset,scene-1094_004,tz,0.0,m,16,Car,vehicle,29.9,15-30m,321.6,0,0.0,68,68,1.0,0.0
nuscenes_mini_subset,scene-1094_004,tz,0.0,m,17,Pedestrian,pedestrian,14.6,0-15m,112.6,2,0.0,0,0,,
nuscenes_mini_subset,scene-1094_004,tz,0.0,m,18,Pedestrian,pedestrian,36.2,>30m,32.1,0,0.0,1,1,1.0,0.0
nuscenes_mini_subset,scene-1094_004,tz,0.0,m,19,Bicycle,cyclist,29.7,15-30m,81.0,1,0.0,6,6,1.0,0.0
nuscenes_mini_subset,scene-1094_004,tz,0.02,m,1,Car,vehicle,24.2,15-30m,264.3,0,0.0,27,27,1.0,1.23
nuscenes_mini_subset,scene-1094_004,tz,0.02,m,2,Pedestrian,pedestrian,36.9,>30m,17.4,2,0.54,1,1,1.0,0.81
nuscenes_mini_subset,scene-1094_004,tz,0.02,m,3,Pedestrian,pedestrian,26.4,15-30m,41.3,0,0.0,4,4,1.0,0.97
nuscenes_mini_subset,scene-1094_004,tz,0.02,m,4,Pedestrian,pedestrian,35.7,>30m,39.0,0,0.0,4,4,1.0,0.72
nuscenes_mini_subset,scene-1094_004,tz,0.02,m,5,Car,vehicle,8.5,0-15m,438.0,0,0.0,367,365,0.9946,3.69
nuscenes_mini_subset,scene-1094_004,tz,0.02,m,6,Pedestrian,pedestrian,34.4,>30m,34.0,0,0.0,5,5,1.0,0.84
nuscenes_mini_subset,scene-1094_004,tz,0.02,m,7,Pedestrian,pedestrian,23.0,15-30m,42.3,2,0.0,0,0,,
nuscenes_mini_subset,scene-1094_004,tz,0.02,m,8,Pedestrian,pedestrian,37.0,>30m,45.2,0,0.0,0,0,,
nuscenes_mini_subset,scene-1094_004,tz,0.02,m,9,Car,vehicle,32.3,>30m,116.8,1,0.52,6,6,1.0,0.96
nuscenes_mini_subset,scene-1094_004,tz,0.02,m,10,Car,vehicle,33.5,>30m,185.2,2,0.0,0,0,,
nuscenes_mini_subset,scene-1094_004,tz,0.02,m,11,Pedestrian,pedestrian,26.4,15-30m,45.9,0,0.0,4,4,1.0,1.02
nuscenes_mini_subset,scene-1094_004,tz,0.02,m,12,Car,vehicle,8.5,0-15m,46.2,0,0.95,11,11,1.0,3.15
nuscenes_mini_subset,scene-1094_004,tz,0.02,m,13,Pedestrian,pedestrian,23.8,15-30m,53.8,0,0.0,6,6,1.0,1.08
nuscenes_mini_subset,scene-1094_004,tz,0.02,m,14,Pedestrian,pedestrian,37.8,>30m,6.9,2,0.81,0,0,,
nuscenes_mini_subset,scene-1094_004,tz,0.02,m,15,Car,vehicle,27.6,15-30m,271.6,2,0.0,5,5,1.0,1.04
nuscenes_mini_subset,scene-1094_004,tz,0.02,m,16,Car,vehicle,29.9,15-30m,321.6,0,0.0,68,68,1.0,0.94
nuscenes_mini_subset,scene-1094_004,tz,0.02,m,17,Pedestrian,pedestrian,14.6,0-15m,112.6,2,0.0,0,0,,
nuscenes_mini_subset,scene-1094_004,tz,0.02,m,18,Pedestrian,pedestrian,36.2,>30m,32.1,0,0.0,1,1,1.0,0.79
nuscenes_mini_subset,scene-1094_004,tz,0.02,m,19,Bicycle,cyclist,29.7,15-30m,81.0,1,0.0,6,6,1.0,0.87
nuscenes_mini_subset,scene-1094_004,tz,0.05,m,1,Car,vehicle,24.2,15-30m,264.3,0,0.0,27,27,1.0,3.06
nuscenes_mini_subset,scene-1094_004,tz,0.05,m,2,Pedestrian,pedestrian,36.9,>30m,17.4,2,0.54,1,1,1.0,2.02
nuscenes_mini_subset,scene-1094_004,tz,0.05,m,3,Pedestrian,pedestrian,26.4,15-30m,41.3,0,0.0,4,4,1.0,2.43
nuscenes_mini_subset,scene-1094_004,tz,0.05,m,4,Pedestrian,pedestrian,35.7,>30m,39.0,0,0.0,4,4,1.0,1.79
nuscenes_mini_subset,scene-1094_004,tz,0.05,m,5,Car,vehicle,8.5,0-15m,438.0,0,0.0,367,363,0.9891,9.22
nuscenes_mini_subset,scene-1094_004,tz,0.05,m,6,Pedestrian,pedestrian,34.4,>30m,34.0,0,0.0,5,5,1.0,2.1
nuscenes_mini_subset,scene-1094_004,tz,0.05,m,7,Pedestrian,pedestrian,23.0,15-30m,42.3,2,0.0,0,0,,
nuscenes_mini_subset,scene-1094_004,tz,0.05,m,8,Pedestrian,pedestrian,37.0,>30m,45.2,0,0.0,0,0,,
nuscenes_mini_subset,scene-1094_004,tz,0.05,m,9,Car,vehicle,32.3,>30m,116.8,1,0.52,6,6,1.0,2.41
nuscenes_mini_subset,scene-1094_004,tz,0.05,m,10,Car,vehicle,33.5,>30m,185.2,2,0.0,0,0,,
nuscenes_mini_subset,scene-1094_004,tz,0.05,m,11,Pedestrian,pedestrian,26.4,15-30m,45.9,0,0.0,4,4,1.0,2.55
nuscenes_mini_subset,scene-1094_004,tz,0.05,m,12,Car,vehicle,8.5,0-15m,46.2,0,0.95,11,11,1.0,7.87
nuscenes_mini_subset,scene-1094_004,tz,0.05,m,13,Pedestrian,pedestrian,23.8,15-30m,53.8,0,0.0,6,6,1.0,2.71
nuscenes_mini_subset,scene-1094_004,tz,0.05,m,14,Pedestrian,pedestrian,37.8,>30m,6.9,2,0.81,0,0,,
nuscenes_mini_subset,scene-1094_004,tz,0.05,m,15,Car,vehicle,27.6,15-30m,271.6,2,0.0,5,5,1.0,2.61
nuscenes_mini_subset,scene-1094_004,tz,0.05,m,16,Car,vehicle,29.9,15-30m,321.6,0,0.0,68,68,1.0,2.35
nuscenes_mini_subset,scene-1094_004,tz,0.05,m,17,Pedestrian,pedestrian,14.6,0-15m,112.6,2,0.0,0,0,,
nuscenes_mini_subset,scene-1094_004,tz,0.05,m,18,Pedestrian,pedestrian,36.2,>30m,32.1,0,0.0,1,1,1.0,1.97
nuscenes_mini_subset,scene-1094_004,tz,0.05,m,19,Bicycle,cyclist,29.7,15-30m,81.0,1,0.0,6,6,1.0,2.17
nuscenes_mini_subset,scene-1094_004,tz,0.1,m,1,Car,vehicle,24.2,15-30m,264.3,0,0.0,27,27,1.0,6.13
nuscenes_mini_subset,scene-1094_004,tz,0.1,m,2,Pedestrian,pedestrian,36.9,>30m,17.4,2,0.54,1,1,1.0,4.04
nuscenes_mini_subset,scene-1094_004,tz,0.1,m,3,Pedestrian,pedestrian,26.4,15-30m,41.3,0,0.0,4,4,1.0,4.86
nuscenes_mini_subset,scene-1094_004,tz,0.1,m,4,Pedestrian,pedestrian,35.7,>30m,39.0,0,0.0,4,4,1.0,3.58
nuscenes_mini_subset,scene-1094_004,tz,0.1,m,5,Car,vehicle,8.5,0-15m,438.0,0,0.0,367,363,0.9891,18.43
nuscenes_mini_subset,scene-1094_004,tz,0.1,m,6,Pedestrian,pedestrian,34.4,>30m,34.0,0,0.0,5,5,1.0,4.2
nuscenes_mini_subset,scene-1094_004,tz,0.1,m,7,Pedestrian,pedestrian,23.0,15-30m,42.3,2,0.0,0,0,,
nuscenes_mini_subset,scene-1094_004,tz,0.1,m,8,Pedestrian,pedestrian,37.0,>30m,45.2,0,0.0,0,0,,
nuscenes_mini_subset,scene-1094_004,tz,0.1,m,9,Car,vehicle,32.3,>30m,116.8,1,0.52,6,6,1.0,4.82
nuscenes_mini_subset,scene-1094_004,tz,0.1,m,10,Car,vehicle,33.5,>30m,185.2,2,0.0,0,0,,
nuscenes_mini_subset,scene-1094_004,tz,0.1,m,11,Pedestrian,pedestrian,26.4,15-30m,45.9,0,0.0,4,4,1.0,5.1
nuscenes_mini_subset,scene-1094_004,tz,0.1,m,12,Car,vehicle,8.5,0-15m,46.2,0,0.95,12,11,0.9167,15.73
nuscenes_mini_subset,scene-1094_004,tz,0.1,m,13,Pedestrian,pedestrian,23.8,15-30m,53.8,0,0.0,6,6,1.0,5.42
nuscenes_mini_subset,scene-1094_004,tz,0.1,m,14,Pedestrian,pedestrian,37.8,>30m,6.9,2,0.81,0,0,,
nuscenes_mini_subset,scene-1094_004,tz,0.1,m,15,Car,vehicle,27.6,15-30m,271.6,2,0.0,5,5,1.0,5.22
nuscenes_mini_subset,scene-1094_004,tz,0.1,m,16,Car,vehicle,29.9,15-30m,321.6,0,0.0,68,68,1.0,4.69
nuscenes_mini_subset,scene-1094_004,tz,0.1,m,17,Pedestrian,pedestrian,14.6,0-15m,112.6,2,0.0,0,0,,
nuscenes_mini_subset,scene-1094_004,tz,0.1,m,18,Pedestrian,pedestrian,36.2,>30m,32.1,0,0.0,1,1,1.0,3.95
nuscenes_mini_subset,scene-1094_004,tz,0.1,m,19,Bicycle,cyclist,29.7,15-30m,81.0,1,0.0,6,6,1.0,4.33
nuscenes_mini_subset,scene-1094_004,tz,0.2,m,1,Car,vehicle,24.2,15-30m,264.3,0,0.0,27,27,1.0,12.25
nuscenes_mini_subset,scene-1094_004,tz,0.2,m,2,Pedestrian,pedestrian,36.9,>30m,17.4,2,0.54,1,1,1.0,8.09
nuscenes_mini_subset,scene-1094_004,tz,0.2,m,3,Pedestrian,pedestrian,26.4,15-30m,41.3,0,0.0,4,4,1.0,9.72
nuscenes_mini_subset,scene-1094_004,tz,0.2,m,4,Pedestrian,pedestrian,35.7,>30m,39.0,0,0.0,4,4,1.0,7.17
nuscenes_mini_subset,scene-1094_004,tz,0.2,m,5,Car,vehicle,8.5,0-15m,438.0,0,0.0,367,335,0.9128,36.85
nuscenes_mini_subset,scene-1094_004,tz,0.2,m,6,Pedestrian,pedestrian,34.4,>30m,34.0,0,0.0,5,5,1.0,8.41
nuscenes_mini_subset,scene-1094_004,tz,0.2,m,7,Pedestrian,pedestrian,23.0,15-30m,42.3,2,0.0,0,0,,
nuscenes_mini_subset,scene-1094_004,tz,0.2,m,8,Pedestrian,pedestrian,37.0,>30m,45.2,0,0.0,0,0,,
nuscenes_mini_subset,scene-1094_004,tz,0.2,m,9,Car,vehicle,32.3,>30m,116.8,1,0.52,6,6,1.0,9.63
nuscenes_mini_subset,scene-1094_004,tz,0.2,m,10,Car,vehicle,33.5,>30m,185.2,2,0.0,0,0,,
nuscenes_mini_subset,scene-1094_004,tz,0.2,m,11,Pedestrian,pedestrian,26.4,15-30m,45.9,0,0.0,4,4,1.0,10.2
nuscenes_mini_subset,scene-1094_004,tz,0.2,m,12,Car,vehicle,8.5,0-15m,46.2,0,0.95,12,11,0.9167,31.45
nuscenes_mini_subset,scene-1094_004,tz,0.2,m,13,Pedestrian,pedestrian,23.8,15-30m,53.8,0,0.0,6,6,1.0,10.83
nuscenes_mini_subset,scene-1094_004,tz,0.2,m,14,Pedestrian,pedestrian,37.8,>30m,6.9,2,0.81,0,0,,
nuscenes_mini_subset,scene-1094_004,tz,0.2,m,15,Car,vehicle,27.6,15-30m,271.6,2,0.0,5,5,1.0,10.44
nuscenes_mini_subset,scene-1094_004,tz,0.2,m,16,Car,vehicle,29.9,15-30m,321.6,0,0.0,68,68,1.0,9.38
nuscenes_mini_subset,scene-1094_004,tz,0.2,m,17,Pedestrian,pedestrian,14.6,0-15m,112.6,2,0.0,0,0,,
nuscenes_mini_subset,scene-1094_004,tz,0.2,m,18,Pedestrian,pedestrian,36.2,>30m,32.1,0,0.0,1,1,1.0,7.89
nuscenes_mini_subset,scene-1094_004,tz,0.2,m,19,Bicycle,cyclist,29.7,15-30m,81.0,1,0.0,6,6,1.0,8.66
nuscenes_mini_subset,scene-1094_008,yaw,0.0,deg,0,Car,vehicle,20.4,15-30m,187.2,0,0.43,31,31,1.0,0.0
nuscenes_mini_subset,scene-1094_008,yaw,0.0,deg,1,Pedestrian,pedestrian,20.1,15-30m,47.4,0,0.0,8,8,1.0,0.0
nuscenes_mini_subset,scene-1094_008,yaw,0.0,deg,2,Pedestrian,pedestrian,23.6,15-30m,47.8,0,0.0,2,2,1.0,0.0
nuscenes_mini_subset,scene-1094_008,yaw,0.0,deg,3,Pedestrian,pedestrian,31.7,>30m,36.3,1,0.0,2,2,1.0,0.0
nuscenes_mini_subset,scene-1094_008,yaw,0.0,deg,4,Car,vehicle,7.9,0-15m,610.5,0,0.03,481,481,1.0,0.0
nuscenes_mini_subset,scene-1094_008,yaw,0.0,deg,5,Pedestrian,pedestrian,28.8,15-30m,47.3,1,0.0,2,2,1.0,0.0
nuscenes_mini_subset,scene-1094_008,yaw,0.0,deg,6,Pedestrian,pedestrian,20.5,15-30m,47.5,2,0.0,0,0,,
nuscenes_mini_subset,scene-1094_008,yaw,0.0,deg,7,Pedestrian,pedestrian,32.2,>30m,49.5,0,0.0,2,2,1.0,0.0
nuscenes_mini_subset,scene-1094_008,yaw,0.0,deg,8,Car,vehicle,29.2,15-30m,214.2,1,0.0,18,18,1.0,0.0
nuscenes_mini_subset,scene-1094_008,yaw,0.0,deg,9,Pedestrian,pedestrian,24.2,15-30m,56.9,0,0.0,4,4,1.0,0.0
nuscenes_mini_subset,scene-1094_008,yaw,0.0,deg,10,Pedestrian,pedestrian,21.4,15-30m,64.1,0,0.0,6,6,1.0,0.0
nuscenes_mini_subset,scene-1094_008,yaw,0.0,deg,11,Car,vehicle,23.6,15-30m,311.5,2,0.07,1,1,1.0,0.0
nuscenes_mini_subset,scene-1094_008,yaw,0.0,deg,12,Car,vehicle,25.8,15-30m,387.2,2,0.0,62,62,1.0,0.0
nuscenes_mini_subset,scene-1094_008,yaw,0.0,deg,13,Pedestrian,pedestrian,12.3,0-15m,131.6,0,0.0,20,20,1.0,0.0
nuscenes_mini_subset,scene-1094_008,yaw,0.0,deg,14,Pedestrian,pedestrian,20.1,15-30m,43.5,2,0.0,7,7,1.0,0.0
nuscenes_mini_subset,scene-1094_008,yaw,0.0,deg,15,Pedestrian,pedestrian,31.4,>30m,35.5,0,0.0,2,2,1.0,0.0
nuscenes_mini_subset,scene-1094_008,yaw,0.0,deg,16,Bicycle,cyclist,25.4,15-30m,94.4,0,0.0,1,1,1.0,0.0
nuscenes_mini_subset,scene-1094_008,yaw,0.25,deg,0,Car,vehicle,20.4,15-30m,187.2,0,0.43,29,29,1.0,7.73
nuscenes_mini_subset,scene-1094_008,yaw,0.25,deg,1,Pedestrian,pedestrian,20.1,15-30m,47.4,0,0.0,8,8,1.0,5.75
nuscenes_mini_subset,scene-1094_008,yaw,0.25,deg,2,Pedestrian,pedestrian,23.6,15-30m,47.8,0,0.0,2,2,1.0,5.98
nuscenes_mini_subset,scene-1094_008,yaw,0.25,deg,3,Pedestrian,pedestrian,31.7,>30m,36.3,1,0.0,2,2,1.0,5.69
nuscenes_mini_subset,scene-1094_008,yaw,0.25,deg,4,Car,vehicle,7.9,0-15m,610.5,0,0.03,481,481,1.0,7.09
nuscenes_mini_subset,scene-1094_008,yaw,0.25,deg,5,Pedestrian,pedestrian,28.8,15-30m,47.3,1,0.0,2,2,1.0,7.18
nuscenes_mini_subset,scene-1094_008,yaw,0.25,deg,6,Pedestrian,pedestrian,20.5,15-30m,47.5,2,0.0,0,0,,
nuscenes_mini_subset,scene-1094_008,yaw,0.25,deg,7,Pedestrian,pedestrian,32.2,>30m,49.5,0,0.0,2,2,1.0,5.95
nuscenes_mini_subset,scene-1094_008,yaw,0.25,deg,8,Car,vehicle,29.2,15-30m,214.2,1,0.0,18,18,1.0,5.8
nuscenes_mini_subset,scene-1094_008,yaw,0.25,deg,9,Pedestrian,pedestrian,24.2,15-30m,56.9,0,0.0,4,4,1.0,7.31
nuscenes_mini_subset,scene-1094_008,yaw,0.25,deg,10,Pedestrian,pedestrian,21.4,15-30m,64.1,0,0.0,6,6,1.0,6.21
nuscenes_mini_subset,scene-1094_008,yaw,0.25,deg,11,Car,vehicle,23.6,15-30m,311.5,2,0.07,1,1,1.0,7.16
nuscenes_mini_subset,scene-1094_008,yaw,0.25,deg,12,Car,vehicle,25.8,15-30m,387.2,2,0.0,62,62,1.0,6.84
nuscenes_mini_subset,scene-1094_008,yaw,0.25,deg,13,Pedestrian,pedestrian,12.3,0-15m,131.6,0,0.0,20,20,1.0,5.91
nuscenes_mini_subset,scene-1094_008,yaw,0.25,deg,14,Pedestrian,pedestrian,20.1,15-30m,43.5,2,0.0,7,7,1.0,5.72
nuscenes_mini_subset,scene-1094_008,yaw,0.25,deg,15,Pedestrian,pedestrian,31.4,>30m,35.5,0,0.0,2,2,1.0,6.95
nuscenes_mini_subset,scene-1094_008,yaw,0.25,deg,16,Bicycle,cyclist,25.4,15-30m,94.4,0,0.0,1,1,1.0,5.85
nuscenes_mini_subset,scene-1094_008,yaw,0.5,deg,0,Car,vehicle,20.4,15-30m,187.2,0,0.43,26,26,1.0,15.44
nuscenes_mini_subset,scene-1094_008,yaw,0.5,deg,1,Pedestrian,pedestrian,20.1,15-30m,47.4,0,0.0,8,7,0.875,11.51
nuscenes_mini_subset,scene-1094_008,yaw,0.5,deg,2,Pedestrian,pedestrian,23.6,15-30m,47.8,0,0.0,2,2,1.0,11.95
nuscenes_mini_subset,scene-1094_008,yaw,0.5,deg,3,Pedestrian,pedestrian,31.7,>30m,36.3,1,0.0,2,2,1.0,11.38
nuscenes_mini_subset,scene-1094_008,yaw,0.5,deg,4,Car,vehicle,7.9,0-15m,610.5,0,0.03,480,480,1.0,14.2
nuscenes_mini_subset,scene-1094_008,yaw,0.5,deg,5,Pedestrian,pedestrian,28.8,15-30m,47.3,1,0.0,2,1,0.5,14.32
nuscenes_mini_subset,scene-1094_008,yaw,0.5,deg,6,Pedestrian,pedestrian,20.5,15-30m,47.5,2,0.0,0,0,,
nuscenes_mini_subset,scene-1094_008,yaw,0.5,deg,7,Pedestrian,pedestrian,32.2,>30m,49.5,0,0.0,2,2,1.0,11.89
nuscenes_mini_subset,scene-1094_008,yaw,0.5,deg,8,Car,vehicle,29.2,15-30m,214.2,1,0.0,18,18,1.0,11.6
nuscenes_mini_subset,scene-1094_008,yaw,0.5,deg,9,Pedestrian,pedestrian,24.2,15-30m,56.9,0,0.0,4,4,1.0,14.58
nuscenes_mini_subset,scene-1094_008,yaw,0.5,deg,10,Pedestrian,pedestrian,21.4,15-30m,64.1,0,0.0,6,6,1.0,12.4
nuscenes_mini_subset,scene-1094_008,yaw,0.5,deg,11,Car,vehicle,23.6,15-30m,311.5,2,0.07,1,1,1.0,14.36
nuscenes_mini_subset,scene-1094_008,yaw,0.5,deg,12,Car,vehicle,25.8,15-30m,387.2,2,0.0,62,62,1.0,13.71
nuscenes_mini_subset,scene-1094_008,yaw,0.5,deg,13,Pedestrian,pedestrian,12.3,0-15m,131.6,0,0.0,20,20,1.0,11.82
nuscenes_mini_subset,scene-1094_008,yaw,0.5,deg,14,Pedestrian,pedestrian,20.1,15-30m,43.5,2,0.0,7,6,0.8571,11.45
nuscenes_mini_subset,scene-1094_008,yaw,0.5,deg,15,Pedestrian,pedestrian,31.4,>30m,35.5,0,0.0,2,1,0.5,13.87
nuscenes_mini_subset,scene-1094_008,yaw,0.5,deg,16,Bicycle,cyclist,25.4,15-30m,94.4,0,0.0,1,1,1.0,11.69
nuscenes_mini_subset,scene-1094_008,yaw,1.0,deg,0,Car,vehicle,20.4,15-30m,187.2,0,0.43,23,23,1.0,30.91
nuscenes_mini_subset,scene-1094_008,yaw,1.0,deg,1,Pedestrian,pedestrian,20.1,15-30m,47.4,0,0.0,8,6,0.75,23.04
nuscenes_mini_subset,scene-1094_008,yaw,1.0,deg,2,Pedestrian,pedestrian,23.6,15-30m,47.8,0,0.0,2,1,0.5,23.86
nuscenes_mini_subset,scene-1094_008,yaw,1.0,deg,3,Pedestrian,pedestrian,31.7,>30m,36.3,1,0.0,2,1,0.5,22.74
nuscenes_mini_subset,scene-1094_008,yaw,1.0,deg,4,Car,vehicle,7.9,0-15m,610.5,0,0.03,478,474,0.9916,28.49
nuscenes_mini_subset,scene-1094_008,yaw,1.0,deg,5,Pedestrian,pedestrian,28.8,15-30m,47.3,1,0.0,2,0,0.0,28.51
nuscenes_mini_subset,scene-1094_008,yaw,1.0,deg,6,Pedestrian,pedestrian,20.5,15-30m,47.5,2,0.0,0,0,,
nuscenes_mini_subset,scene-1094_008,yaw,1.0,deg,7,Pedestrian,pedestrian,32.2,>30m,49.5,0,0.0,2,1,0.5,23.73
nuscenes_mini_subset,scene-1094_008,yaw,1.0,deg,8,Car,vehicle,29.2,15-30m,214.2,1,0.0,18,16,0.8889,23.23
nuscenes_mini_subset,scene-1094_008,yaw,1.0,deg,9,Pedestrian,pedestrian,24.2,15-30m,56.9,0,0.0,4,2,0.5,29.02
nuscenes_mini_subset,scene-1094_008,yaw,1.0,deg,10,Pedestrian,pedestrian,21.4,15-30m,64.1,0,0.0,6,4,0.6667,24.73
nuscenes_mini_subset,scene-1094_008,yaw,1.0,deg,11,Car,vehicle,23.6,15-30m,311.5,2,0.07,1,1,1.0,28.85
nuscenes_mini_subset,scene-1094_008,yaw,1.0,deg,12,Car,vehicle,25.8,15-30m,387.2,2,0.0,62,61,0.9839,27.53
nuscenes_mini_subset,scene-1094_008,yaw,1.0,deg,13,Pedestrian,pedestrian,12.3,0-15m,131.6,0,0.0,20,20,1.0,23.67
nuscenes_mini_subset,scene-1094_008,yaw,1.0,deg,14,Pedestrian,pedestrian,20.1,15-30m,43.5,2,0.0,7,3,0.4286,22.91
nuscenes_mini_subset,scene-1094_008,yaw,1.0,deg,15,Pedestrian,pedestrian,31.4,>30m,35.5,0,0.0,2,0,0.0,27.63
nuscenes_mini_subset,scene-1094_008,yaw,1.0,deg,16,Bicycle,cyclist,25.4,15-30m,94.4,0,0.0,1,1,1.0,23.35
nuscenes_mini_subset,scene-1094_008,yaw,2.0,deg,0,Car,vehicle,20.4,15-30m,187.2,0,0.43,14,14,1.0,61.66
nuscenes_mini_subset,scene-1094_008,yaw,2.0,deg,1,Pedestrian,pedestrian,20.1,15-30m,47.4,0,0.0,8,0,0.0,46.17
nuscenes_mini_subset,scene-1094_008,yaw,2.0,deg,2,Pedestrian,pedestrian,23.6,15-30m,47.8,0,0.0,2,0,0.0,47.53
nuscenes_mini_subset,scene-1094_008,yaw,2.0,deg,3,Pedestrian,pedestrian,31.7,>30m,36.3,1,0.0,2,0,0.0,45.41
nuscenes_mini_subset,scene-1094_008,yaw,2.0,deg,4,Car,vehicle,7.9,0-15m,610.5,0,0.03,460,455,0.9891,57.09
nuscenes_mini_subset,scene-1094_008,yaw,2.0,deg,5,Pedestrian,pedestrian,28.8,15-30m,47.3,1,0.0,2,0,0.0,56.53
nuscenes_mini_subset,scene-1094_008,yaw,2.0,deg,6,Pedestrian,pedestrian,20.5,15-30m,47.5,2,0.0,0,0,,
nuscenes_mini_subset,scene-1094_008,yaw,2.0,deg,7,Pedestrian,pedestrian,32.2,>30m,49.5,0,0.0,2,0,0.0,47.27
nuscenes_mini_subset,scene-1094_008,yaw,2.0,deg,8,Car,vehicle,29.2,15-30m,214.2,1,0.0,18,11,0.6111,46.61
nuscenes_mini_subset,scene-1094_008,yaw,2.0,deg,9,Pedestrian,pedestrian,24.2,15-30m,56.9,0,0.0,4,0,0.0,57.51
nuscenes_mini_subset,scene-1094_008,yaw,2.0,deg,10,Pedestrian,pedestrian,21.4,15-30m,64.1,0,0.0,6,0,0.0,49.22
nuscenes_mini_subset,scene-1094_008,yaw,2.0,deg,11,Car,vehicle,23.6,15-30m,311.5,2,0.07,1,1,1.0,58.25
nuscenes_mini_subset,scene-1094_008,yaw,2.0,deg,12,Car,vehicle,25.8,15-30m,387.2,2,0.0,62,58,0.9355,55.52
nuscenes_mini_subset,scene-1094_008,yaw,2.0,deg,13,Pedestrian,pedestrian,12.3,0-15m,131.6,0,0.0,20,18,0.9,47.44
nuscenes_mini_subset,scene-1094_008,yaw,2.0,deg,14,Pedestrian,pedestrian,20.1,15-30m,43.5,2,0.0,7,0,0.0,45.88
nuscenes_mini_subset,scene-1094_008,yaw,2.0,deg,15,Pedestrian,pedestrian,31.4,>30m,35.5,0,0.0,2,0,0.0,54.8
nuscenes_mini_subset,scene-1094_008,yaw,2.0,deg,16,Bicycle,cyclist,25.4,15-30m,94.4,0,0.0,1,0,0.0,46.57
nuscenes_mini_subset,scene-1094_008,yaw,3.0,deg,0,Car,vehicle,20.4,15-30m,187.2,0,0.43,7,7,1.0,92.54
nuscenes_mini_subset,scene-1094_008,yaw,3.0,deg,1,Pedestrian,pedestrian,20.1,15-30m,47.4,0,0.0,8,0,0.0,69.4
nuscenes_mini_subset,scene-1094_008,yaw,3.0,deg,2,Pedestrian,pedestrian,23.6,15-30m,47.8,0,0.0,2,0,0.0,71.04
nuscenes_mini_subset,scene-1094_008,yaw,3.0,deg,3,Pedestrian,pedestrian,31.7,>30m,36.3,1,0.0,2,0,0.0,68.04
nuscenes_mini_subset,scene-1094_008,yaw,3.0,deg,4,Car,vehicle,7.9,0-15m,610.5,0,0.03,443,436,0.9842,85.86
nuscenes_mini_subset,scene-1094_008,yaw,3.0,deg,5,Pedestrian,pedestrian,28.8,15-30m,47.3,1,0.0,2,0,0.0,84.07
nuscenes_mini_subset,scene-1094_008,yaw,3.0,deg,6,Pedestrian,pedestrian,20.5,15-30m,47.5,2,0.0,0,0,,
nuscenes_mini_subset,scene-1094_008,yaw,3.0,deg,7,Pedestrian,pedestrian,32.2,>30m,49.5,0,0.0,2,0,0.0,70.65
nuscenes_mini_subset,scene-1094_008,yaw,3.0,deg,8,Car,vehicle,29.2,15-30m,214.2,1,0.0,18,6,0.3333,70.14
nuscenes_mini_subset,scene-1094_008,yaw,3.0,deg,9,Pedestrian,pedestrian,24.2,15-30m,56.9,0,0.0,4,0,0.0,85.5
nuscenes_mini_subset,scene-1094_008,yaw,3.0,deg,10,Pedestrian,pedestrian,21.4,15-30m,64.1,0,0.0,6,0,0.0,73.47
nuscenes_mini_subset,scene-1094_008,yaw,3.0,deg,11,Car,vehicle,23.6,15-30m,311.5,2,0.07,1,1,1.0,88.23
nuscenes_mini_subset,scene-1094_008,yaw,3.0,deg,12,Car,vehicle,25.8,15-30m,387.2,2,0.0,61,52,0.8525,83.85
nuscenes_mini_subset,scene-1094_008,yaw,3.0,deg,13,Pedestrian,pedestrian,12.3,0-15m,131.6,0,0.0,20,8,0.4,71.34
nuscenes_mini_subset,scene-1094_008,yaw,3.0,deg,14,Pedestrian,pedestrian,20.1,15-30m,43.5,2,0.0,7,0,0.0,68.9
nuscenes_mini_subset,scene-1094_008,yaw,3.0,deg,15,Pedestrian,pedestrian,31.4,>30m,35.5,0,0.0,2,0,0.0,81.56
nuscenes_mini_subset,scene-1094_008,yaw,3.0,deg,16,Bicycle,cyclist,25.4,15-30m,94.4,0,0.0,1,0,0.0,69.67
nuscenes_mini_subset,scene-1094_008,pitch,0.0,deg,0,Car,vehicle,20.4,15-30m,187.2,0,0.43,31,31,1.0,0.0
nuscenes_mini_subset,scene-1094_008,pitch,0.0,deg,1,Pedestrian,pedestrian,20.1,15-30m,47.4,0,0.0,8,8,1.0,0.0
nuscenes_mini_subset,scene-1094_008,pitch,0.0,deg,2,Pedestrian,pedestrian,23.6,15-30m,47.8,0,0.0,2,2,1.0,0.0
nuscenes_mini_subset,scene-1094_008,pitch,0.0,deg,3,Pedestrian,pedestrian,31.7,>30m,36.3,1,0.0,2,2,1.0,0.0
nuscenes_mini_subset,scene-1094_008,pitch,0.0,deg,4,Car,vehicle,7.9,0-15m,610.5,0,0.03,481,481,1.0,0.0
nuscenes_mini_subset,scene-1094_008,pitch,0.0,deg,5,Pedestrian,pedestrian,28.8,15-30m,47.3,1,0.0,2,2,1.0,0.0
nuscenes_mini_subset,scene-1094_008,pitch,0.0,deg,6,Pedestrian,pedestrian,20.5,15-30m,47.5,2,0.0,0,0,,
nuscenes_mini_subset,scene-1094_008,pitch,0.0,deg,7,Pedestrian,pedestrian,32.2,>30m,49.5,0,0.0,2,2,1.0,0.0
nuscenes_mini_subset,scene-1094_008,pitch,0.0,deg,8,Car,vehicle,29.2,15-30m,214.2,1,0.0,18,18,1.0,0.0
nuscenes_mini_subset,scene-1094_008,pitch,0.0,deg,9,Pedestrian,pedestrian,24.2,15-30m,56.9,0,0.0,4,4,1.0,0.0
nuscenes_mini_subset,scene-1094_008,pitch,0.0,deg,10,Pedestrian,pedestrian,21.4,15-30m,64.1,0,0.0,6,6,1.0,0.0
nuscenes_mini_subset,scene-1094_008,pitch,0.0,deg,11,Car,vehicle,23.6,15-30m,311.5,2,0.07,1,1,1.0,0.0
nuscenes_mini_subset,scene-1094_008,pitch,0.0,deg,12,Car,vehicle,25.8,15-30m,387.2,2,0.0,62,62,1.0,0.0
nuscenes_mini_subset,scene-1094_008,pitch,0.0,deg,13,Pedestrian,pedestrian,12.3,0-15m,131.6,0,0.0,20,20,1.0,0.0
nuscenes_mini_subset,scene-1094_008,pitch,0.0,deg,14,Pedestrian,pedestrian,20.1,15-30m,43.5,2,0.0,7,7,1.0,0.0
nuscenes_mini_subset,scene-1094_008,pitch,0.0,deg,15,Pedestrian,pedestrian,31.4,>30m,35.5,0,0.0,2,2,1.0,0.0
nuscenes_mini_subset,scene-1094_008,pitch,0.0,deg,16,Bicycle,cyclist,25.4,15-30m,94.4,0,0.0,1,1,1.0,0.0
nuscenes_mini_subset,scene-1094_008,pitch,0.25,deg,0,Car,vehicle,20.4,15-30m,187.2,0,0.43,30,30,1.0,3.33
nuscenes_mini_subset,scene-1094_008,pitch,0.25,deg,1,Pedestrian,pedestrian,20.1,15-30m,47.4,0,0.0,8,8,1.0,0.59
nuscenes_mini_subset,scene-1094_008,pitch,0.25,deg,2,Pedestrian,pedestrian,23.6,15-30m,47.8,0,0.0,2,2,1.0,1.28
nuscenes_mini_subset,scene-1094_008,pitch,0.25,deg,3,Pedestrian,pedestrian,31.7,>30m,36.3,1,0.0,2,2,1.0,0.53
nuscenes_mini_subset,scene-1094_008,pitch,0.25,deg,4,Car,vehicle,7.9,0-15m,610.5,0,0.03,481,481,1.0,2.46
nuscenes_mini_subset,scene-1094_008,pitch,0.25,deg,5,Pedestrian,pedestrian,28.8,15-30m,47.3,1,0.0,2,2,1.0,2.88
nuscenes_mini_subset,scene-1094_008,pitch,0.25,deg,6,Pedestrian,pedestrian,20.5,15-30m,47.5,2,0.0,0,0,,
nuscenes_mini_subset,scene-1094_008,pitch,0.25,deg,7,Pedestrian,pedestrian,32.2,>30m,49.5,0,0.0,2,2,1.0,1.29
nuscenes_mini_subset,scene-1094_008,pitch,0.25,deg,8,Car,vehicle,29.2,15-30m,214.2,1,0.0,18,18,1.0,0.89
nuscenes_mini_subset,scene-1094_008,pitch,0.25,deg,9,Pedestrian,pedestrian,24.2,15-30m,56.9,0,0.0,4,4,1.0,2.99
nuscenes_mini_subset,scene-1094_008,pitch,0.25,deg,10,Pedestrian,pedestrian,21.4,15-30m,64.1,0,0.0,6,6,1.0,1.7
nuscenes_mini_subset,scene-1094_008,pitch,0.25,deg,11,Car,vehicle,23.6,15-30m,311.5,2,0.07,1,1,1.0,2.85
nuscenes_mini_subset,scene-1094_008,pitch,0.25,deg,12,Car,vehicle,25.8,15-30m,387.2,2,0.0,62,62,1.0,2.51
nuscenes_mini_subset,scene-1094_008,pitch,0.25,deg,13,Pedestrian,pedestrian,12.3,0-15m,131.6,0,0.0,20,20,1.0,0.77
nuscenes_mini_subset,scene-1094_008,pitch,0.25,deg,14,Pedestrian,pedestrian,20.1,15-30m,43.5,2,0.0,7,7,1.0,0.44
nuscenes_mini_subset,scene-1094_008,pitch,0.25,deg,15,Pedestrian,pedestrian,31.4,>30m,35.5,0,0.0,2,2,1.0,2.67
nuscenes_mini_subset,scene-1094_008,pitch,0.25,deg,16,Bicycle,cyclist,25.4,15-30m,94.4,0,0.0,1,1,1.0,1.01
nuscenes_mini_subset,scene-1094_008,pitch,0.5,deg,0,Car,vehicle,20.4,15-30m,187.2,0,0.43,30,30,1.0,6.66
nuscenes_mini_subset,scene-1094_008,pitch,0.5,deg,1,Pedestrian,pedestrian,20.1,15-30m,47.4,0,0.0,8,8,1.0,1.17
nuscenes_mini_subset,scene-1094_008,pitch,0.5,deg,2,Pedestrian,pedestrian,23.6,15-30m,47.8,0,0.0,2,2,1.0,2.55
nuscenes_mini_subset,scene-1094_008,pitch,0.5,deg,3,Pedestrian,pedestrian,31.7,>30m,36.3,1,0.0,2,2,1.0,1.06
nuscenes_mini_subset,scene-1094_008,pitch,0.5,deg,4,Car,vehicle,7.9,0-15m,610.5,0,0.03,481,481,1.0,4.92
nuscenes_mini_subset,scene-1094_008,pitch,0.5,deg,5,Pedestrian,pedestrian,28.8,15-30m,47.3,1,0.0,2,2,1.0,5.76
nuscenes_mini_subset,scene-1094_008,pitch,0.5,deg,6,Pedestrian,pedestrian,20.5,15-30m,47.5,2,0.0,0,0,,
nuscenes_mini_subset,scene-1094_008,pitch,0.5,deg,7,Pedestrian,pedestrian,32.2,>30m,49.5,0,0.0,2,2,1.0,2.59
nuscenes_mini_subset,scene-1094_008,pitch,0.5,deg,8,Car,vehicle,29.2,15-30m,214.2,1,0.0,18,18,1.0,1.79
nuscenes_mini_subset,scene-1094_008,pitch,0.5,deg,9,Pedestrian,pedestrian,24.2,15-30m,56.9,0,0.0,4,4,1.0,5.98
nuscenes_mini_subset,scene-1094_008,pitch,0.5,deg,10,Pedestrian,pedestrian,21.4,15-30m,64.1,0,0.0,6,6,1.0,3.41
nuscenes_mini_subset,scene-1094_008,pitch,0.5,deg,11,Car,vehicle,23.6,15-30m,311.5,2,0.07,1,1,1.0,5.7
nuscenes_mini_subset,scene-1094_008,pitch,0.5,deg,12,Car,vehicle,25.8,15-30m,387.2,2,0.0,62,62,1.0,5.01
nuscenes_mini_subset,scene-1094_008,pitch,0.5,deg,13,Pedestrian,pedestrian,12.3,0-15m,131.6,0,0.0,20,20,1.0,1.54
nuscenes_mini_subset,scene-1094_008,pitch,0.5,deg,14,Pedestrian,pedestrian,20.1,15-30m,43.5,2,0.0,7,7,1.0,0.88
nuscenes_mini_subset,scene-1094_008,pitch,0.5,deg,15,Pedestrian,pedestrian,31.4,>30m,35.5,0,0.0,2,2,1.0,5.34
nuscenes_mini_subset,scene-1094_008,pitch,0.5,deg,16,Bicycle,cyclist,25.4,15-30m,94.4,0,0.0,1,1,1.0,2.02
nuscenes_mini_subset,scene-1094_008,pitch,1.0,deg,0,Car,vehicle,20.4,15-30m,187.2,0,0.43,30,30,1.0,13.31
nuscenes_mini_subset,scene-1094_008,pitch,1.0,deg,1,Pedestrian,pedestrian,20.1,15-30m,47.4,0,0.0,8,8,1.0,2.35
nuscenes_mini_subset,scene-1094_008,pitch,1.0,deg,2,Pedestrian,pedestrian,23.6,15-30m,47.8,0,0.0,2,2,1.0,5.1
nuscenes_mini_subset,scene-1094_008,pitch,1.0,deg,3,Pedestrian,pedestrian,31.7,>30m,36.3,1,0.0,2,2,1.0,2.12
nuscenes_mini_subset,scene-1094_008,pitch,1.0,deg,4,Car,vehicle,7.9,0-15m,610.5,0,0.03,481,481,1.0,9.83
nuscenes_mini_subset,scene-1094_008,pitch,1.0,deg,5,Pedestrian,pedestrian,28.8,15-30m,47.3,1,0.0,2,2,1.0,11.53
nuscenes_mini_subset,scene-1094_008,pitch,1.0,deg,6,Pedestrian,pedestrian,20.5,15-30m,47.5,2,0.0,0,0,,
nuscenes_mini_subset,scene-1094_008,pitch,1.0,deg,7,Pedestrian,pedestrian,32.2,>30m,49.5,0,0.0,2,2,1.0,5.18
nuscenes_mini_subset,scene-1094_008,pitch,1.0,deg,8,Car,vehicle,29.2,15-30m,214.2,1,0.0,18,18,1.0,3.57
nuscenes_mini_subset,scene-1094_008,pitch,1.0,deg,9,Pedestrian,pedestrian,24.2,15-30m,56.9,0,0.0,4,4,1.0,11.96
nuscenes_mini_subset,scene-1094_008,pitch,1.0,deg,10,Pedestrian,pedestrian,21.4,15-30m,64.1,0,0.0,6,6,1.0,6.81
nuscenes_mini_subset,scene-1094_008,pitch,1.0,deg,11,Car,vehicle,23.6,15-30m,311.5,2,0.07,1,1,1.0,11.4
nuscenes_mini_subset,scene-1094_008,pitch,1.0,deg,12,Car,vehicle,25.8,15-30m,387.2,2,0.0,62,62,1.0,10.03
nuscenes_mini_subset,scene-1094_008,pitch,1.0,deg,13,Pedestrian,pedestrian,12.3,0-15m,131.6,0,0.0,20,20,1.0,3.09
nuscenes_mini_subset,scene-1094_008,pitch,1.0,deg,14,Pedestrian,pedestrian,20.1,15-30m,43.5,2,0.0,7,7,1.0,1.76
nuscenes_mini_subset,scene-1094_008,pitch,1.0,deg,15,Pedestrian,pedestrian,31.4,>30m,35.5,0,0.0,2,2,1.0,10.68
nuscenes_mini_subset,scene-1094_008,pitch,1.0,deg,16,Bicycle,cyclist,25.4,15-30m,94.4,0,0.0,1,1,1.0,4.03
nuscenes_mini_subset,scene-1094_008,pitch,2.0,deg,0,Car,vehicle,20.4,15-30m,187.2,0,0.43,30,28,0.9333,26.62
nuscenes_mini_subset,scene-1094_008,pitch,2.0,deg,1,Pedestrian,pedestrian,20.1,15-30m,47.4,0,0.0,8,8,1.0,4.69
nuscenes_mini_subset,scene-1094_008,pitch,2.0,deg,2,Pedestrian,pedestrian,23.6,15-30m,47.8,0,0.0,2,2,1.0,10.2
nuscenes_mini_subset,scene-1094_008,pitch,2.0,deg,3,Pedestrian,pedestrian,31.7,>30m,36.3,1,0.0,2,2,1.0,4.23
nuscenes_mini_subset,scene-1094_008,pitch,2.0,deg,4,Car,vehicle,7.9,0-15m,610.5,0,0.03,481,481,1.0,19.66
nuscenes_mini_subset,scene-1094_008,pitch,2.0,deg,5,Pedestrian,pedestrian,28.8,15-30m,47.3,1,0.0,2,2,1.0,23.06
nuscenes_mini_subset,scene-1094_008,pitch,2.0,deg,6,Pedestrian,pedestrian,20.5,15-30m,47.5,2,0.0,0,0,,
nuscenes_mini_subset,scene-1094_008,pitch,2.0,deg,7,Pedestrian,pedestrian,32.2,>30m,49.5,0,0.0,2,2,1.0,10.36
nuscenes_mini_subset,scene-1094_008,pitch,2.0,deg,8,Car,vehicle,29.2,15-30m,214.2,1,0.0,18,18,1.0,7.15
nuscenes_mini_subset,scene-1094_008,pitch,2.0,deg,9,Pedestrian,pedestrian,24.2,15-30m,56.9,0,0.0,4,2,0.5,23.92
nuscenes_mini_subset,scene-1094_008,pitch,2.0,deg,10,Pedestrian,pedestrian,21.4,15-30m,64.1,0,0.0,6,4,0.6667,13.62
nuscenes_mini_subset,scene-1094_008,pitch,2.0,deg,11,Car,vehicle,23.6,15-30m,311.5,2,0.07,1,1,1.0,22.8
nuscenes_mini_subset,scene-1094_008,pitch,2.0,deg,12,Car,vehicle,25.8,15-30m,387.2,2,0.0,62,62,1.0,20.05
nuscenes_mini_subset,scene-1094_008,pitch,2.0,deg,13,Pedestrian,pedestrian,12.3,0-15m,131.6,0,0.0,20,20,1.0,6.17
nuscenes_mini_subset,scene-1094_008,pitch,2.0,deg,14,Pedestrian,pedestrian,20.1,15-30m,43.5,2,0.0,7,7,1.0,3.52
nuscenes_mini_subset,scene-1094_008,pitch,2.0,deg,15,Pedestrian,pedestrian,31.4,>30m,35.5,0,0.0,2,2,1.0,21.37
nuscenes_mini_subset,scene-1094_008,pitch,2.0,deg,16,Bicycle,cyclist,25.4,15-30m,94.4,0,0.0,1,1,1.0,8.07
nuscenes_mini_subset,scene-1094_008,pitch,3.0,deg,0,Car,vehicle,20.4,15-30m,187.2,0,0.43,30,22,0.7333,39.92
nuscenes_mini_subset,scene-1094_008,pitch,3.0,deg,1,Pedestrian,pedestrian,20.1,15-30m,47.4,0,0.0,8,8,1.0,7.04
nuscenes_mini_subset,scene-1094_008,pitch,3.0,deg,2,Pedestrian,pedestrian,23.6,15-30m,47.8,0,0.0,2,2,1.0,15.31
nuscenes_mini_subset,scene-1094_008,pitch,3.0,deg,3,Pedestrian,pedestrian,31.7,>30m,36.3,1,0.0,2,2,1.0,6.35
nuscenes_mini_subset,scene-1094_008,pitch,3.0,deg,4,Car,vehicle,7.9,0-15m,610.5,0,0.03,481,456,0.948,29.49
nuscenes_mini_subset,scene-1094_008,pitch,3.0,deg,5,Pedestrian,pedestrian,28.8,15-30m,47.3,1,0.0,2,2,1.0,34.59
nuscenes_mini_subset,scene-1094_008,pitch,3.0,deg,6,Pedestrian,pedestrian,20.5,15-30m,47.5,2,0.0,0,0,,
nuscenes_mini_subset,scene-1094_008,pitch,3.0,deg,7,Pedestrian,pedestrian,32.2,>30m,49.5,0,0.0,2,2,1.0,15.54
nuscenes_mini_subset,scene-1094_008,pitch,3.0,deg,8,Car,vehicle,29.2,15-30m,214.2,1,0.0,18,18,1.0,10.72
nuscenes_mini_subset,scene-1094_008,pitch,3.0,deg,9,Pedestrian,pedestrian,24.2,15-30m,56.9,0,0.0,4,2,0.5,35.88
nuscenes_mini_subset,scene-1094_008,pitch,3.0,deg,10,Pedestrian,pedestrian,21.4,15-30m,64.1,0,0.0,6,4,0.6667,20.44
nuscenes_mini_subset,scene-1094_008,pitch,3.0,deg,11,Car,vehicle,23.6,15-30m,311.5,2,0.07,1,0,0.0,34.19
nuscenes_mini_subset,scene-1094_008,pitch,3.0,deg,12,Car,vehicle,25.8,15-30m,387.2,2,0.0,62,62,1.0,30.08
nuscenes_mini_subset,scene-1094_008,pitch,3.0,deg,13,Pedestrian,pedestrian,12.3,0-15m,131.6,0,0.0,20,20,1.0,9.26
nuscenes_mini_subset,scene-1094_008,pitch,3.0,deg,14,Pedestrian,pedestrian,20.1,15-30m,43.5,2,0.0,7,7,1.0,5.27
nuscenes_mini_subset,scene-1094_008,pitch,3.0,deg,15,Pedestrian,pedestrian,31.4,>30m,35.5,0,0.0,2,0,0.0,32.05
nuscenes_mini_subset,scene-1094_008,pitch,3.0,deg,16,Bicycle,cyclist,25.4,15-30m,94.4,0,0.0,1,1,1.0,12.1
nuscenes_mini_subset,scene-1094_008,roll,0.0,deg,0,Car,vehicle,20.4,15-30m,187.2,0,0.43,31,31,1.0,0.0
nuscenes_mini_subset,scene-1094_008,roll,0.0,deg,1,Pedestrian,pedestrian,20.1,15-30m,47.4,0,0.0,8,8,1.0,0.0
nuscenes_mini_subset,scene-1094_008,roll,0.0,deg,2,Pedestrian,pedestrian,23.6,15-30m,47.8,0,0.0,2,2,1.0,0.0
nuscenes_mini_subset,scene-1094_008,roll,0.0,deg,3,Pedestrian,pedestrian,31.7,>30m,36.3,1,0.0,2,2,1.0,0.0
nuscenes_mini_subset,scene-1094_008,roll,0.0,deg,4,Car,vehicle,7.9,0-15m,610.5,0,0.03,481,481,1.0,0.0
nuscenes_mini_subset,scene-1094_008,roll,0.0,deg,5,Pedestrian,pedestrian,28.8,15-30m,47.3,1,0.0,2,2,1.0,0.0
nuscenes_mini_subset,scene-1094_008,roll,0.0,deg,6,Pedestrian,pedestrian,20.5,15-30m,47.5,2,0.0,0,0,,
nuscenes_mini_subset,scene-1094_008,roll,0.0,deg,7,Pedestrian,pedestrian,32.2,>30m,49.5,0,0.0,2,2,1.0,0.0
nuscenes_mini_subset,scene-1094_008,roll,0.0,deg,8,Car,vehicle,29.2,15-30m,214.2,1,0.0,18,18,1.0,0.0
nuscenes_mini_subset,scene-1094_008,roll,0.0,deg,9,Pedestrian,pedestrian,24.2,15-30m,56.9,0,0.0,4,4,1.0,0.0
nuscenes_mini_subset,scene-1094_008,roll,0.0,deg,10,Pedestrian,pedestrian,21.4,15-30m,64.1,0,0.0,6,6,1.0,0.0
nuscenes_mini_subset,scene-1094_008,roll,0.0,deg,11,Car,vehicle,23.6,15-30m,311.5,2,0.07,1,1,1.0,0.0
nuscenes_mini_subset,scene-1094_008,roll,0.0,deg,12,Car,vehicle,25.8,15-30m,387.2,2,0.0,62,62,1.0,0.0
nuscenes_mini_subset,scene-1094_008,roll,0.0,deg,13,Pedestrian,pedestrian,12.3,0-15m,131.6,0,0.0,20,20,1.0,0.0
nuscenes_mini_subset,scene-1094_008,roll,0.0,deg,14,Pedestrian,pedestrian,20.1,15-30m,43.5,2,0.0,7,7,1.0,0.0
nuscenes_mini_subset,scene-1094_008,roll,0.0,deg,15,Pedestrian,pedestrian,31.4,>30m,35.5,0,0.0,2,2,1.0,0.0
nuscenes_mini_subset,scene-1094_008,roll,0.0,deg,16,Bicycle,cyclist,25.4,15-30m,94.4,0,0.0,1,1,1.0,0.0
nuscenes_mini_subset,scene-1094_008,roll,0.25,deg,0,Car,vehicle,20.4,15-30m,187.2,0,0.43,31,31,1.0,5.76
nuscenes_mini_subset,scene-1094_008,roll,0.25,deg,1,Pedestrian,pedestrian,20.1,15-30m,47.4,0,0.0,8,8,1.0,5.73
nuscenes_mini_subset,scene-1094_008,roll,0.25,deg,2,Pedestrian,pedestrian,23.6,15-30m,47.8,0,0.0,2,2,1.0,5.69
nuscenes_mini_subset,scene-1094_008,roll,0.25,deg,3,Pedestrian,pedestrian,31.7,>30m,36.3,1,0.0,2,2,1.0,5.64
nuscenes_mini_subset,scene-1094_008,roll,0.25,deg,4,Car,vehicle,7.9,0-15m,610.5,0,0.03,481,481,1.0,6.32
nuscenes_mini_subset,scene-1094_008,roll,0.25,deg,5,Pedestrian,pedestrian,28.8,15-30m,47.3,1,0.0,2,2,1.0,5.69
nuscenes_mini_subset,scene-1094_008,roll,0.25,deg,6,Pedestrian,pedestrian,20.5,15-30m,47.5,2,0.0,0,0,,
nuscenes_mini_subset,scene-1094_008,roll,0.25,deg,7,Pedestrian,pedestrian,32.2,>30m,49.5,0,0.0,2,2,1.0,5.65
nuscenes_mini_subset,scene-1094_008,roll,0.25,deg,8,Car,vehicle,29.2,15-30m,214.2,1,0.0,18,18,1.0,5.66
nuscenes_mini_subset,scene-1094_008,roll,0.25,deg,9,Pedestrian,pedestrian,24.2,15-30m,56.9,0,0.0,4,4,1.0,5.74
nuscenes_mini_subset,scene-1094_008,roll,0.25,deg,10,Pedestrian,pedestrian,21.4,15-30m,64.1,0,0.0,6,6,1.0,5.75
nuscenes_mini_subset,scene-1094_008,roll,0.25,deg,11,Car,vehicle,23.6,15-30m,311.5,2,0.07,1,1,1.0,5.7
nuscenes_mini_subset,scene-1094_008,roll,0.25,deg,12,Car,vehicle,25.8,15-30m,387.2,2,0.0,62,62,1.0,5.68
nuscenes_mini_subset,scene-1094_008,roll,0.25,deg,13,Pedestrian,pedestrian,12.3,0-15m,131.6,0,0.0,20,20,1.0,5.87
nuscenes_mini_subset,scene-1094_008,roll,0.25,deg,14,Pedestrian,pedestrian,20.1,15-30m,43.5,2,0.0,7,7,1.0,5.74
nuscenes_mini_subset,scene-1094_008,roll,0.25,deg,15,Pedestrian,pedestrian,31.4,>30m,35.5,0,0.0,2,2,1.0,5.67
nuscenes_mini_subset,scene-1094_008,roll,0.25,deg,16,Bicycle,cyclist,25.4,15-30m,94.4,0,0.0,1,1,1.0,5.69
nuscenes_mini_subset,scene-1094_008,roll,0.5,deg,0,Car,vehicle,20.4,15-30m,187.2,0,0.43,31,31,1.0,11.52
nuscenes_mini_subset,scene-1094_008,roll,0.5,deg,1,Pedestrian,pedestrian,20.1,15-30m,47.4,0,0.0,8,8,1.0,11.46
nuscenes_mini_subset,scene-1094_008,roll,0.5,deg,2,Pedestrian,pedestrian,23.6,15-30m,47.8,0,0.0,2,2,1.0,11.39
nuscenes_mini_subset,scene-1094_008,roll,0.5,deg,3,Pedestrian,pedestrian,31.7,>30m,36.3,1,0.0,2,2,1.0,11.29
nuscenes_mini_subset,scene-1094_008,roll,0.5,deg,4,Car,vehicle,7.9,0-15m,610.5,0,0.03,481,481,1.0,12.64
nuscenes_mini_subset,scene-1094_008,roll,0.5,deg,5,Pedestrian,pedestrian,28.8,15-30m,47.3,1,0.0,2,2,1.0,11.37
nuscenes_mini_subset,scene-1094_008,roll,0.5,deg,6,Pedestrian,pedestrian,20.5,15-30m,47.5,2,0.0,0,0,,
nuscenes_mini_subset,scene-1094_008,roll,0.5,deg,7,Pedestrian,pedestrian,32.2,>30m,49.5,0,0.0,2,2,1.0,11.29
nuscenes_mini_subset,scene-1094_008,roll,0.5,deg,8,Car,vehicle,29.2,15-30m,214.2,1,0.0,18,18,1.0,11.32
nuscenes_mini_subset,scene-1094_008,roll,0.5,deg,9,Pedestrian,pedestrian,24.2,15-30m,56.9,0,0.0,4,4,1.0,11.48
nuscenes_mini_subset,scene-1094_008,roll,0.5,deg,10,Pedestrian,pedestrian,21.4,15-30m,64.1,0,0.0,6,6,1.0,11.51
nuscenes_mini_subset,scene-1094_008,roll,0.5,deg,11,Car,vehicle,23.6,15-30m,311.5,2,0.07,1,1,1.0,11.39
nuscenes_mini_subset,scene-1094_008,roll,0.5,deg,12,Car,vehicle,25.8,15-30m,387.2,2,0.0,62,62,1.0,11.35
nuscenes_mini_subset,scene-1094_008,roll,0.5,deg,13,Pedestrian,pedestrian,12.3,0-15m,131.6,0,0.0,20,20,1.0,11.74
nuscenes_mini_subset,scene-1094_008,roll,0.5,deg,14,Pedestrian,pedestrian,20.1,15-30m,43.5,2,0.0,7,7,1.0,11.47
nuscenes_mini_subset,scene-1094_008,roll,0.5,deg,15,Pedestrian,pedestrian,31.4,>30m,35.5,0,0.0,2,2,1.0,11.34
nuscenes_mini_subset,scene-1094_008,roll,0.5,deg,16,Bicycle,cyclist,25.4,15-30m,94.4,0,0.0,1,1,1.0,11.38
nuscenes_mini_subset,scene-1094_008,roll,1.0,deg,0,Car,vehicle,20.4,15-30m,187.2,0,0.43,31,31,1.0,23.02
nuscenes_mini_subset,scene-1094_008,roll,1.0,deg,1,Pedestrian,pedestrian,20.1,15-30m,47.4,0,0.0,8,8,1.0,22.91
nuscenes_mini_subset,scene-1094_008,roll,1.0,deg,2,Pedestrian,pedestrian,23.6,15-30m,47.8,0,0.0,2,0,0.0,22.77
nuscenes_mini_subset,scene-1094_008,roll,1.0,deg,3,Pedestrian,pedestrian,31.7,>30m,36.3,1,0.0,2,1,0.5,22.58
nuscenes_mini_subset,scene-1094_008,roll,1.0,deg,4,Car,vehicle,7.9,0-15m,610.5,0,0.03,481,467,0.9709,25.23
nuscenes_mini_subset,scene-1094_008,roll,1.0,deg,5,Pedestrian,pedestrian,28.8,15-30m,47.3,1,0.0,2,2,1.0,22.73
nuscenes_mini_subset,scene-1094_008,roll,1.0,deg,6,Pedestrian,pedestrian,20.5,15-30m,47.5,2,0.0,0,0,,
nuscenes_mini_subset,scene-1094_008,roll,1.0,deg,7,Pedestrian,pedestrian,32.2,>30m,49.5,0,0.0,2,2,1.0,22.59
nuscenes_mini_subset,scene-1094_008,roll,1.0,deg,8,Car,vehicle,29.2,15-30m,214.2,1,0.0,18,18,1.0,22.64
nuscenes_mini_subset,scene-1094_008,roll,1.0,deg,9,Pedestrian,pedestrian,24.2,15-30m,56.9,0,0.0,4,3,0.75,22.94
nuscenes_mini_subset,scene-1094_008,roll,1.0,deg,10,Pedestrian,pedestrian,21.4,15-30m,64.1,0,0.0,6,6,1.0,22.99
nuscenes_mini_subset,scene-1094_008,roll,1.0,deg,11,Car,vehicle,23.6,15-30m,311.5,2,0.07,1,1,1.0,22.77
nuscenes_mini_subset,scene-1094_008,roll,1.0,deg,12,Car,vehicle,25.8,15-30m,387.2,2,0.0,62,62,1.0,22.71
nuscenes_mini_subset,scene-1094_008,roll,1.0,deg,13,Pedestrian,pedestrian,12.3,0-15m,131.6,0,0.0,20,14,0.7,23.46
nuscenes_mini_subset,scene-1094_008,roll,1.0,deg,14,Pedestrian,pedestrian,20.1,15-30m,43.5,2,0.0,7,7,1.0,22.93
nuscenes_mini_subset,scene-1094_008,roll,1.0,deg,15,Pedestrian,pedestrian,31.4,>30m,35.5,0,0.0,2,2,1.0,22.68
nuscenes_mini_subset,scene-1094_008,roll,1.0,deg,16,Bicycle,cyclist,25.4,15-30m,94.4,0,0.0,1,1,1.0,22.76
nuscenes_mini_subset,scene-1094_008,roll,2.0,deg,0,Car,vehicle,20.4,15-30m,187.2,0,0.43,31,23,0.7419,46.0
nuscenes_mini_subset,scene-1094_008,roll,2.0,deg,1,Pedestrian,pedestrian,20.1,15-30m,47.4,0,0.0,8,4,0.5,45.77
nuscenes_mini_subset,scene-1094_008,roll,2.0,deg,2,Pedestrian,pedestrian,23.6,15-30m,47.8,0,0.0,2,0,0.0,45.52
nuscenes_mini_subset,scene-1094_008,roll,2.0,deg,3,Pedestrian,pedestrian,31.7,>30m,36.3,1,0.0,2,0,0.0,45.16
nuscenes_mini_subset,scene-1094_008,roll,2.0,deg,4,Car,vehicle,7.9,0-15m,610.5,0,0.03,481,441,0.9168,50.31
nuscenes_mini_subset,scene-1094_008,roll,2.0,deg,5,Pedestrian,pedestrian,28.8,15-30m,47.3,1,0.0,2,0,0.0,45.45
nuscenes_mini_subset,scene-1094_008,roll,2.0,deg,6,Pedestrian,pedestrian,20.5,15-30m,47.5,2,0.0,0,0,,
nuscenes_mini_subset,scene-1094_008,roll,2.0,deg,7,Pedestrian,pedestrian,32.2,>30m,49.5,0,0.0,2,0,0.0,45.17
nuscenes_mini_subset,scene-1094_008,roll,2.0,deg,8,Car,vehicle,29.2,15-30m,214.2,1,0.0,18,8,0.4444,45.25
nuscenes_mini_subset,scene-1094_008,roll,2.0,deg,9,Pedestrian,pedestrian,24.2,15-30m,56.9,0,0.0,4,3,0.75,45.83
nuscenes_mini_subset,scene-1094_008,roll,2.0,deg,10,Pedestrian,pedestrian,21.4,15-30m,64.1,0,0.0,6,5,0.8333,45.92
nuscenes_mini_subset,scene-1094_008,roll,2.0,deg,11,Car,vehicle,23.6,15-30m,311.5,2,0.07,1,0,0.0,45.53
nuscenes_mini_subset,scene-1094_008,roll,2.0,deg,12,Car,vehicle,25.8,15-30m,387.2,2,0.0,62,33,0.5323,45.43
nuscenes_mini_subset,scene-1094_008,roll,2.0,deg,13,Pedestrian,pedestrian,12.3,0-15m,131.6,0,0.0,20,14,0.7,46.87
nuscenes_mini_subset,scene-1094_008,roll,2.0,deg,14,Pedestrian,pedestrian,20.1,15-30m,43.5,2,0.0,7,4,0.5714,45.8
nuscenes_mini_subset,scene-1094_008,roll,2.0,deg,15,Pedestrian,pedestrian,31.4,>30m,35.5,0,0.0,2,0,0.0,45.33
nuscenes_mini_subset,scene-1094_008,roll,2.0,deg,16,Bicycle,cyclist,25.4,15-30m,94.4,0,0.0,1,0,0.0,45.48
nuscenes_mini_subset,scene-1094_008,roll,3.0,deg,0,Car,vehicle,20.4,15-30m,187.2,0,0.43,31,17,0.5484,68.97
nuscenes_mini_subset,scene-1094_008,roll,3.0,deg,1,Pedestrian,pedestrian,20.1,15-30m,47.4,0,0.0,8,4,0.5,68.6
nuscenes_mini_subset,scene-1094_008,roll,3.0,deg,2,Pedestrian,pedestrian,23.6,15-30m,47.8,0,0.0,2,0,0.0,68.27
nuscenes_mini_subset,scene-1094_008,roll,3.0,deg,3,Pedestrian,pedestrian,31.7,>30m,36.3,1,0.0,2,0,0.0,67.78
nuscenes_mini_subset,scene-1094_008,roll,3.0,deg,4,Car,vehicle,7.9,0-15m,610.5,0,0.03,481,420,0.8732,75.26
nuscenes_mini_subset,scene-1094_008,roll,3.0,deg,5,Pedestrian,pedestrian,28.8,15-30m,47.3,1,0.0,2,0,0.0,68.16
nuscenes_mini_subset,scene-1094_008,roll,3.0,deg,6,Pedestrian,pedestrian,20.5,15-30m,47.5,2,0.0,0,0,,
nuscenes_mini_subset,scene-1094_008,roll,3.0,deg,7,Pedestrian,pedestrian,32.2,>30m,49.5,0,0.0,2,0,0.0,67.78
nuscenes_mini_subset,scene-1094_008,roll,3.0,deg,8,Car,vehicle,29.2,15-30m,214.2,1,0.0,18,0,0.0,67.85
nuscenes_mini_subset,scene-1094_008,roll,3.0,deg,9,Pedestrian,pedestrian,24.2,15-30m,56.9,0,0.0,4,2,0.5,68.69
nuscenes_mini_subset,scene-1094_008,roll,3.0,deg,10,Pedestrian,pedestrian,21.4,15-30m,64.1,0,0.0,6,5,0.8333,68.81
nuscenes_mini_subset,scene-1094_008,roll,3.0,deg,11,Car,vehicle,23.6,15-30m,311.5,2,0.07,1,0,0.0,68.28
nuscenes_mini_subset,scene-1094_008,roll,3.0,deg,12,Car,vehicle,25.8,15-30m,387.2,2,0.0,62,33,0.5323,68.18
nuscenes_mini_subset,scene-1094_008,roll,3.0,deg,13,Pedestrian,pedestrian,12.3,0-15m,131.6,0,0.0,20,12,0.6,70.23
nuscenes_mini_subset,scene-1094_008,roll,3.0,deg,14,Pedestrian,pedestrian,20.1,15-30m,43.5,2,0.0,7,1,0.1429,68.65
nuscenes_mini_subset,scene-1094_008,roll,3.0,deg,15,Pedestrian,pedestrian,31.4,>30m,35.5,0,0.0,2,0,0.0,67.98
nuscenes_mini_subset,scene-1094_008,roll,3.0,deg,16,Bicycle,cyclist,25.4,15-30m,94.4,0,0.0,1,0,0.0,68.18
nuscenes_mini_subset,scene-1094_008,tx,0.0,m,0,Car,vehicle,20.4,15-30m,187.2,0,0.43,31,31,1.0,0.0
nuscenes_mini_subset,scene-1094_008,tx,0.0,m,1,Pedestrian,pedestrian,20.1,15-30m,47.4,0,0.0,8,8,1.0,0.0
nuscenes_mini_subset,scene-1094_008,tx,0.0,m,2,Pedestrian,pedestrian,23.6,15-30m,47.8,0,0.0,2,2,1.0,0.0
nuscenes_mini_subset,scene-1094_008,tx,0.0,m,3,Pedestrian,pedestrian,31.7,>30m,36.3,1,0.0,2,2,1.0,0.0
nuscenes_mini_subset,scene-1094_008,tx,0.0,m,4,Car,vehicle,7.9,0-15m,610.5,0,0.03,481,481,1.0,0.0
nuscenes_mini_subset,scene-1094_008,tx,0.0,m,5,Pedestrian,pedestrian,28.8,15-30m,47.3,1,0.0,2,2,1.0,0.0
nuscenes_mini_subset,scene-1094_008,tx,0.0,m,6,Pedestrian,pedestrian,20.5,15-30m,47.5,2,0.0,0,0,,
nuscenes_mini_subset,scene-1094_008,tx,0.0,m,7,Pedestrian,pedestrian,32.2,>30m,49.5,0,0.0,2,2,1.0,0.0
nuscenes_mini_subset,scene-1094_008,tx,0.0,m,8,Car,vehicle,29.2,15-30m,214.2,1,0.0,18,18,1.0,0.0
nuscenes_mini_subset,scene-1094_008,tx,0.0,m,9,Pedestrian,pedestrian,24.2,15-30m,56.9,0,0.0,4,4,1.0,0.0
nuscenes_mini_subset,scene-1094_008,tx,0.0,m,10,Pedestrian,pedestrian,21.4,15-30m,64.1,0,0.0,6,6,1.0,0.0
nuscenes_mini_subset,scene-1094_008,tx,0.0,m,11,Car,vehicle,23.6,15-30m,311.5,2,0.07,1,1,1.0,0.0
nuscenes_mini_subset,scene-1094_008,tx,0.0,m,12,Car,vehicle,25.8,15-30m,387.2,2,0.0,62,62,1.0,0.0
nuscenes_mini_subset,scene-1094_008,tx,0.0,m,13,Pedestrian,pedestrian,12.3,0-15m,131.6,0,0.0,20,20,1.0,0.0
nuscenes_mini_subset,scene-1094_008,tx,0.0,m,14,Pedestrian,pedestrian,20.1,15-30m,43.5,2,0.0,7,7,1.0,0.0
nuscenes_mini_subset,scene-1094_008,tx,0.0,m,15,Pedestrian,pedestrian,31.4,>30m,35.5,0,0.0,2,2,1.0,0.0
nuscenes_mini_subset,scene-1094_008,tx,0.0,m,16,Bicycle,cyclist,25.4,15-30m,94.4,0,0.0,1,1,1.0,0.0
nuscenes_mini_subset,scene-1094_008,tx,0.02,m,0,Car,vehicle,20.4,15-30m,187.2,0,0.43,31,31,1.0,1.56
nuscenes_mini_subset,scene-1094_008,tx,0.02,m,1,Pedestrian,pedestrian,20.1,15-30m,47.4,0,0.0,8,8,1.0,1.26
nuscenes_mini_subset,scene-1094_008,tx,0.02,m,2,Pedestrian,pedestrian,23.6,15-30m,47.8,0,0.0,2,2,1.0,1.1
nuscenes_mini_subset,scene-1094_008,tx,0.02,m,3,Pedestrian,pedestrian,31.7,>30m,36.3,1,0.0,2,2,1.0,0.81
nuscenes_mini_subset,scene-1094_008,tx,0.02,m,4,Car,vehicle,7.9,0-15m,610.5,0,0.03,481,481,1.0,4.16
nuscenes_mini_subset,scene-1094_008,tx,0.02,m,5,Pedestrian,pedestrian,28.8,15-30m,47.3,1,0.0,2,2,1.0,0.99
nuscenes_mini_subset,scene-1094_008,tx,0.02,m,6,Pedestrian,pedestrian,20.5,15-30m,47.5,2,0.0,0,0,,
nuscenes_mini_subset,scene-1094_008,tx,0.02,m,7,Pedestrian,pedestrian,32.2,>30m,49.5,0,0.0,2,2,1.0,0.81
nuscenes_mini_subset,scene-1094_008,tx,0.02,m,8,Car,vehicle,29.2,15-30m,214.2,1,0.0,18,18,1.0,0.89
nuscenes_mini_subset,scene-1094_008,tx,0.02,m,9,Pedestrian,pedestrian,24.2,15-30m,56.9,0,0.0,4,4,1.0,1.19
nuscenes_mini_subset,scene-1094_008,tx,0.02,m,10,Pedestrian,pedestrian,21.4,15-30m,64.1,0,0.0,6,6,1.0,1.23
nuscenes_mini_subset,scene-1094_008,tx,0.02,m,11,Car,vehicle,23.6,15-30m,311.5,2,0.07,1,1,1.0,1.2
nuscenes_mini_subset,scene-1094_008,tx,0.02,m,12,Car,vehicle,25.8,15-30m,387.2,2,0.0,62,62,1.0,1.11
nuscenes_mini_subset,scene-1094_008,tx,0.02,m,13,Pedestrian,pedestrian,12.3,0-15m,131.6,0,0.0,20,20,1.0,2.12
nuscenes_mini_subset,scene-1094_008,tx,0.02,m,14,Pedestrian,pedestrian,20.1,15-30m,43.5,2,0.0,7,7,1.0,1.26
nuscenes_mini_subset,scene-1094_008,tx,0.02,m,15,Pedestrian,pedestrian,31.4,>30m,35.5,0,0.0,2,2,1.0,0.9
nuscenes_mini_subset,scene-1094_008,tx,0.02,m,16,Bicycle,cyclist,25.4,15-30m,94.4,0,0.0,1,1,1.0,1.01
nuscenes_mini_subset,scene-1094_008,tx,0.05,m,0,Car,vehicle,20.4,15-30m,187.2,0,0.43,31,31,1.0,3.9
nuscenes_mini_subset,scene-1094_008,tx,0.05,m,1,Pedestrian,pedestrian,20.1,15-30m,47.4,0,0.0,8,8,1.0,3.15
nuscenes_mini_subset,scene-1094_008,tx,0.05,m,2,Pedestrian,pedestrian,23.6,15-30m,47.8,0,0.0,2,2,1.0,2.75
nuscenes_mini_subset,scene-1094_008,tx,0.05,m,3,Pedestrian,pedestrian,31.7,>30m,36.3,1,0.0,2,2,1.0,2.02
nuscenes_mini_subset,scene-1094_008,tx,0.05,m,4,Car,vehicle,7.9,0-15m,610.5,0,0.03,481,481,1.0,10.41
nuscenes_mini_subset,scene-1094_008,tx,0.05,m,5,Pedestrian,pedestrian,28.8,15-30m,47.3,1,0.0,2,2,1.0,2.48
nuscenes_mini_subset,scene-1094_008,tx,0.05,m,6,Pedestrian,pedestrian,20.5,15-30m,47.5,2,0.0,0,0,,
nuscenes_mini_subset,scene-1094_008,tx,0.05,m,7,Pedestrian,pedestrian,32.2,>30m,49.5,0,0.0,2,2,1.0,2.03
nuscenes_mini_subset,scene-1094_008,tx,0.05,m,8,Car,vehicle,29.2,15-30m,214.2,1,0.0,18,18,1.0,2.22
nuscenes_mini_subset,scene-1094_008,tx,0.05,m,9,Pedestrian,pedestrian,24.2,15-30m,56.9,0,0.0,4,4,1.0,2.98
nuscenes_mini_subset,scene-1094_008,tx,0.05,m,10,Pedestrian,pedestrian,21.4,15-30m,64.1,0,0.0,6,6,1.0,3.09
nuscenes_mini_subset,scene-1094_008,tx,0.05,m,11,Car,vehicle,23.6,15-30m,311.5,2,0.07,1,1,1.0,3.01
nuscenes_mini_subset,scene-1094_008,tx,0.05,m,12,Car,vehicle,25.8,15-30m,387.2,2,0.0,62,62,1.0,2.76
nuscenes_mini_subset,scene-1094_008,tx,0.05,m,13,Pedestrian,pedestrian,12.3,0-15m,131.6,0,0.0,20,20,1.0,5.29
nuscenes_mini_subset,scene-1094_008,tx,0.05,m,14,Pedestrian,pedestrian,20.1,15-30m,43.5,2,0.0,7,7,1.0,3.15
nuscenes_mini_subset,scene-1094_008,tx,0.05,m,15,Pedestrian,pedestrian,31.4,>30m,35.5,0,0.0,2,2,1.0,2.24
nuscenes_mini_subset,scene-1094_008,tx,0.05,m,16,Bicycle,cyclist,25.4,15-30m,94.4,0,0.0,1,1,1.0,2.54
nuscenes_mini_subset,scene-1094_008,tx,0.1,m,0,Car,vehicle,20.4,15-30m,187.2,0,0.43,32,32,1.0,7.79
nuscenes_mini_subset,scene-1094_008,tx,0.1,m,1,Pedestrian,pedestrian,20.1,15-30m,47.4,0,0.0,8,6,0.75,6.3
nuscenes_mini_subset,scene-1094_008,tx,0.1,m,2,Pedestrian,pedestrian,23.6,15-30m,47.8,0,0.0,2,2,1.0,5.51
nuscenes_mini_subset,scene-1094_008,tx,0.1,m,3,Pedestrian,pedestrian,31.7,>30m,36.3,1,0.0,2,2,1.0,4.03
nuscenes_mini_subset,scene-1094_008,tx,0.1,m,4,Car,vehicle,7.9,0-15m,610.5,0,0.03,481,481,1.0,20.81
nuscenes_mini_subset,scene-1094_008,tx,0.1,m,5,Pedestrian,pedestrian,28.8,15-30m,47.3,1,0.0,2,2,1.0,4.97
nuscenes_mini_subset,scene-1094_008,tx,0.1,m,6,Pedestrian,pedestrian,20.5,15-30m,47.5,2,0.0,0,0,,
nuscenes_mini_subset,scene-1094_008,tx,0.1,m,7,Pedestrian,pedestrian,32.2,>30m,49.5,0,0.0,2,2,1.0,4.05
nuscenes_mini_subset,scene-1094_008,tx,0.1,m,8,Car,vehicle,29.2,15-30m,214.2,1,0.0,18,18,1.0,4.44
nuscenes_mini_subset,scene-1094_008,tx,0.1,m,9,Pedestrian,pedestrian,24.2,15-30m,56.9,0,0.0,4,4,1.0,5.95
nuscenes_mini_subset,scene-1094_008,tx,0.1,m,10,Pedestrian,pedestrian,21.4,15-30m,64.1,0,0.0,6,6,1.0,6.17
nuscenes_mini_subset,scene-1094_008,tx,0.1,m,11,Car,vehicle,23.6,15-30m,311.5,2,0.07,1,1,1.0,6.02
nuscenes_mini_subset,scene-1094_008,tx,0.1,m,12,Car,vehicle,25.8,15-30m,387.2,2,0.0,62,62,1.0,5.53
nuscenes_mini_subset,scene-1094_008,tx,0.1,m,13,Pedestrian,pedestrian,12.3,0-15m,131.6,0,0.0,20,20,1.0,10.58
nuscenes_mini_subset,scene-1094_008,tx,0.1,m,14,Pedestrian,pedestrian,20.1,15-30m,43.5,2,0.0,7,7,1.0,6.3
nuscenes_mini_subset,scene-1094_008,tx,0.1,m,15,Pedestrian,pedestrian,31.4,>30m,35.5,0,0.0,2,2,1.0,4.48
nuscenes_mini_subset,scene-1094_008,tx,0.1,m,16,Bicycle,cyclist,25.4,15-30m,94.4,0,0.0,1,1,1.0,5.07
nuscenes_mini_subset,scene-1094_008,tx,0.2,m,0,Car,vehicle,20.4,15-30m,187.2,0,0.43,34,34,1.0,15.59
nuscenes_mini_subset,scene-1094_008,tx,0.2,m,1,Pedestrian,pedestrian,20.1,15-30m,47.4,0,0.0,8,6,0.75,12.59
nuscenes_mini_subset,scene-1094_008,tx,0.2,m,2,Pedestrian,pedestrian,23.6,15-30m,47.8,0,0.0,2,2,1.0,11.01
nuscenes_mini_subset,scene-1094_008,tx,0.2,m,3,Pedestrian,pedestrian,31.7,>30m,36.3,1,0.0,2,2,1.0,8.06
nuscenes_mini_subset,scene-1094_008,tx,0.2,m,4,Car,vehicle,7.9,0-15m,610.5,0,0.03,481,481,1.0,41.62
nuscenes_mini_subset,scene-1094_008,tx,0.2,m,5,Pedestrian,pedestrian,28.8,15-30m,47.3,1,0.0,2,2,1.0,9.93
nuscenes_mini_subset,scene-1094_008,tx,0.2,m,6,Pedestrian,pedestrian,20.5,15-30m,47.5,2,0.0,0,0,,
nuscenes_mini_subset,scene-1094_008,tx,0.2,m,7,Pedestrian,pedestrian,32.2,>30m,49.5,0,0.0,2,2,1.0,8.11
nuscenes_mini_subset,scene-1094_008,tx,0.2,m,8,Car,vehicle,29.2,15-30m,214.2,1,0.0,18,18,1.0,8.88
nuscenes_mini_subset,scene-1094_008,tx,0.2,m,9,Pedestrian,pedestrian,24.2,15-30m,56.9,0,0.0,4,4,1.0,11.91
nuscenes_mini_subset,scene-1094_008,tx,0.2,m,10,Pedestrian,pedestrian,21.4,15-30m,64.1,0,0.0,6,6,1.0,12.35
nuscenes_mini_subset,scene-1094_008,tx,0.2,m,11,Car,vehicle,23.6,15-30m,311.5,2,0.07,1,1,1.0,12.04
nuscenes_mini_subset,scene-1094_008,tx,0.2,m,12,Car,vehicle,25.8,15-30m,387.2,2,0.0,62,62,1.0,11.06
nuscenes_mini_subset,scene-1094_008,tx,0.2,m,13,Pedestrian,pedestrian,12.3,0-15m,131.6,0,0.0,20,20,1.0,21.16
nuscenes_mini_subset,scene-1094_008,tx,0.2,m,14,Pedestrian,pedestrian,20.1,15-30m,43.5,2,0.0,7,6,0.8571,12.59
nuscenes_mini_subset,scene-1094_008,tx,0.2,m,15,Pedestrian,pedestrian,31.4,>30m,35.5,0,0.0,2,2,1.0,8.95
nuscenes_mini_subset,scene-1094_008,tx,0.2,m,16,Bicycle,cyclist,25.4,15-30m,94.4,0,0.0,1,1,1.0,10.15
nuscenes_mini_subset,scene-1094_008,ty,0.0,m,0,Car,vehicle,20.4,15-30m,187.2,0,0.43,31,31,1.0,0.0
nuscenes_mini_subset,scene-1094_008,ty,0.0,m,1,Pedestrian,pedestrian,20.1,15-30m,47.4,0,0.0,8,8,1.0,0.0
nuscenes_mini_subset,scene-1094_008,ty,0.0,m,2,Pedestrian,pedestrian,23.6,15-30m,47.8,0,0.0,2,2,1.0,0.0
nuscenes_mini_subset,scene-1094_008,ty,0.0,m,3,Pedestrian,pedestrian,31.7,>30m,36.3,1,0.0,2,2,1.0,0.0
nuscenes_mini_subset,scene-1094_008,ty,0.0,m,4,Car,vehicle,7.9,0-15m,610.5,0,0.03,481,481,1.0,0.0
nuscenes_mini_subset,scene-1094_008,ty,0.0,m,5,Pedestrian,pedestrian,28.8,15-30m,47.3,1,0.0,2,2,1.0,0.0
nuscenes_mini_subset,scene-1094_008,ty,0.0,m,6,Pedestrian,pedestrian,20.5,15-30m,47.5,2,0.0,0,0,,
nuscenes_mini_subset,scene-1094_008,ty,0.0,m,7,Pedestrian,pedestrian,32.2,>30m,49.5,0,0.0,2,2,1.0,0.0
nuscenes_mini_subset,scene-1094_008,ty,0.0,m,8,Car,vehicle,29.2,15-30m,214.2,1,0.0,18,18,1.0,0.0
nuscenes_mini_subset,scene-1094_008,ty,0.0,m,9,Pedestrian,pedestrian,24.2,15-30m,56.9,0,0.0,4,4,1.0,0.0
nuscenes_mini_subset,scene-1094_008,ty,0.0,m,10,Pedestrian,pedestrian,21.4,15-30m,64.1,0,0.0,6,6,1.0,0.0
nuscenes_mini_subset,scene-1094_008,ty,0.0,m,11,Car,vehicle,23.6,15-30m,311.5,2,0.07,1,1,1.0,0.0
nuscenes_mini_subset,scene-1094_008,ty,0.0,m,12,Car,vehicle,25.8,15-30m,387.2,2,0.0,62,62,1.0,0.0
nuscenes_mini_subset,scene-1094_008,ty,0.0,m,13,Pedestrian,pedestrian,12.3,0-15m,131.6,0,0.0,20,20,1.0,0.0
nuscenes_mini_subset,scene-1094_008,ty,0.0,m,14,Pedestrian,pedestrian,20.1,15-30m,43.5,2,0.0,7,7,1.0,0.0
nuscenes_mini_subset,scene-1094_008,ty,0.0,m,15,Pedestrian,pedestrian,31.4,>30m,35.5,0,0.0,2,2,1.0,0.0
nuscenes_mini_subset,scene-1094_008,ty,0.0,m,16,Bicycle,cyclist,25.4,15-30m,94.4,0,0.0,1,1,1.0,0.0
nuscenes_mini_subset,scene-1094_008,ty,0.02,m,0,Car,vehicle,20.4,15-30m,187.2,0,0.43,31,31,1.0,0.94
nuscenes_mini_subset,scene-1094_008,ty,0.02,m,1,Pedestrian,pedestrian,20.1,15-30m,47.4,0,0.0,8,8,1.0,0.12
nuscenes_mini_subset,scene-1094_008,ty,0.02,m,2,Pedestrian,pedestrian,23.6,15-30m,47.8,0,0.0,2,2,1.0,0.25
nuscenes_mini_subset,scene-1094_008,ty,0.02,m,3,Pedestrian,pedestrian,31.7,>30m,36.3,1,0.0,2,2,1.0,0.08
nuscenes_mini_subset,scene-1094_008,ty,0.02,m,4,Car,vehicle,7.9,0-15m,610.5,0,0.03,481,481,1.0,1.75
nuscenes_mini_subset,scene-1094_008,ty,0.02,m,5,Pedestrian,pedestrian,28.8,15-30m,47.3,1,0.0,2,2,1.0,0.52
nuscenes_mini_subset,scene-1094_008,ty,0.02,m,6,Pedestrian,pedestrian,20.5,15-30m,47.5,2,0.0,0,0,,
nuscenes_mini_subset,scene-1094_008,ty,0.02,m,7,Pedestrian,pedestrian,32.2,>30m,49.5,0,0.0,2,2,1.0,0.19
nuscenes_mini_subset,scene-1094_008,ty,0.02,m,8,Car,vehicle,29.2,15-30m,214.2,1,0.0,18,18,1.0,0.14
nuscenes_mini_subset,scene-1094_008,ty,0.02,m,9,Pedestrian,pedestrian,24.2,15-30m,56.9,0,0.0,4,4,1.0,0.64
nuscenes_mini_subset,scene-1094_008,ty,0.02,m,10,Pedestrian,pedestrian,21.4,15-30m,64.1,0,0.0,6,6,1.0,0.38
nuscenes_mini_subset,scene-1094_008,ty,0.02,m,11,Car,vehicle,23.6,15-30m,311.5,2,0.07,1,1,1.0,0.62
nuscenes_mini_subset,scene-1094_008,ty,0.02,m,12,Car,vehicle,25.8,15-30m,387.2,2,0.0,62,62,1.0,0.5
nuscenes_mini_subset,scene-1094_008,ty,0.02,m,13,Pedestrian,pedestrian,12.3,0-15m,131.6,0,0.0,20,20,1.0,0.27
nuscenes_mini_subset,scene-1094_008,ty,0.02,m,14,Pedestrian,pedestrian,20.1,15-30m,43.5,2,0.0,7,7,1.0,0.08
nuscenes_mini_subset,scene-1094_008,ty,0.02,m,15,Pedestrian,pedestrian,31.4,>30m,35.5,0,0.0,2,2,1.0,0.43
nuscenes_mini_subset,scene-1094_008,ty,0.02,m,16,Bicycle,cyclist,25.4,15-30m,94.4,0,0.0,1,1,1.0,0.18
nuscenes_mini_subset,scene-1094_008,ty,0.05,m,0,Car,vehicle,20.4,15-30m,187.2,0,0.43,31,31,1.0,2.35
nuscenes_mini_subset,scene-1094_008,ty,0.05,m,1,Pedestrian,pedestrian,20.1,15-30m,47.4,0,0.0,8,8,1.0,0.31
nuscenes_mini_subset,scene-1094_008,ty,0.05,m,2,Pedestrian,pedestrian,23.6,15-30m,47.8,0,0.0,2,2,1.0,0.63
nuscenes_mini_subset,scene-1094_008,ty,0.05,m,3,Pedestrian,pedestrian,31.7,>30m,36.3,1,0.0,2,2,1.0,0.2
nuscenes_mini_subset,scene-1094_008,ty,0.05,m,4,Car,vehicle,7.9,0-15m,610.5,0,0.03,481,481,1.0,4.35
nuscenes_mini_subset,scene-1094_008,ty,0.05,m,5,Pedestrian,pedestrian,28.8,15-30m,47.3,1,0.0,2,2,1.0,1.29
nuscenes_mini_subset,scene-1094_008,ty,0.05,m,6,Pedestrian,pedestrian,20.5,15-30m,47.5,2,0.0,0,0,,
nuscenes_mini_subset,scene-1094_008,ty,0.05,m,7,Pedestrian,pedestrian,32.2,>30m,49.5,0,0.0,2,2,1.0,0.48
nuscenes_mini_subset,scene-1094_008,ty,0.05,m,8,Car,vehicle,29.2,15-30m,214.2,1,0.0,18,18,1.0,0.35
nuscenes_mini_subset,scene-1094_008,ty,0.05,m,9,Pedestrian,pedestrian,24.2,15-30m,56.9,0,0.0,4,4,1.0,1.6
nuscenes_mini_subset,scene-1094_008,ty,0.05,m,10,Pedestrian,pedestrian,21.4,15-30m,64.1,0,0.0,6,6,1.0,0.94
nuscenes_mini_subset,scene-1094_008,ty,0.05,m,11,Car,vehicle,23.6,15-30m,311.5,2,0.07,1,1,1.0,1.55
nuscenes_mini_subset,scene-1094_008,ty,0.05,m,12,Car,vehicle,25.8,15-30m,387.2,2,0.0,62,62,1.0,1.25
nuscenes_mini_subset,scene-1094_008,ty,0.05,m,13,Pedestrian,pedestrian,12.3,0-15m,131.6,0,0.0,20,20,1.0,0.67
nuscenes_mini_subset,scene-1094_008,ty,0.05,m,14,Pedestrian,pedestrian,20.1,15-30m,43.5,2,0.0,7,7,1.0,0.21
nuscenes_mini_subset,scene-1094_008,ty,0.05,m,15,Pedestrian,pedestrian,31.4,>30m,35.5,0,0.0,2,2,1.0,1.08
nuscenes_mini_subset,scene-1094_008,ty,0.05,m,16,Bicycle,cyclist,25.4,15-30m,94.4,0,0.0,1,1,1.0,0.46
nuscenes_mini_subset,scene-1094_008,ty,0.1,m,0,Car,vehicle,20.4,15-30m,187.2,0,0.43,31,31,1.0,4.68
nuscenes_mini_subset,scene-1094_008,ty,0.1,m,1,Pedestrian,pedestrian,20.1,15-30m,47.4,0,0.0,8,8,1.0,0.61
nuscenes_mini_subset,scene-1094_008,ty,0.1,m,2,Pedestrian,pedestrian,23.6,15-30m,47.8,0,0.0,2,2,1.0,1.26
nuscenes_mini_subset,scene-1094_008,ty,0.1,m,3,Pedestrian,pedestrian,31.7,>30m,36.3,1,0.0,2,2,1.0,0.39
nuscenes_mini_subset,scene-1094_008,ty,0.1,m,4,Car,vehicle,7.9,0-15m,610.5,0,0.03,481,481,1.0,8.63
nuscenes_mini_subset,scene-1094_008,ty,0.1,m,5,Pedestrian,pedestrian,28.8,15-30m,47.3,1,0.0,2,2,1.0,2.58
nuscenes_mini_subset,scene-1094_008,ty,0.1,m,6,Pedestrian,pedestrian,20.5,15-30m,47.5,2,0.0,0,0,,
nuscenes_mini_subset,scene-1094_008,ty,0.1,m,7,Pedestrian,pedestrian,32.2,>30m,49.5,0,0.0,2,2,1.0,0.95
nuscenes_mini_subset,scene-1094_008,ty,0.1,m,8,Car,vehicle,29.2,15-30m,214.2,1,0.0,18,18,1.0,0.7
nuscenes_mini_subset,scene-1094_008,ty,0.1,m,9,Pedestrian,pedestrian,24.2,15-30m,56.9,0,0.0,4,4,1.0,3.19
nuscenes_mini_subset,scene-1094_008,ty,0.1,m,10,Pedestrian,pedestrian,21.4,15-30m,64.1,0,0.0,6,6,1.0,1.87
nuscenes_mini_subset,scene-1094_008,ty,0.1,m,11,Car,vehicle,23.6,15-30m,311.5,2,0.07,1,1,1.0,3.09
nuscenes_mini_subset,scene-1094_008,ty,0.1,m,12,Car,vehicle,25.8,15-30m,387.2,2,0.0,62,62,1.0,2.5
nuscenes_mini_subset,scene-1094_008,ty,0.1,m,13,Pedestrian,pedestrian,12.3,0-15m,131.6,0,0.0,20,20,1.0,1.34
nuscenes_mini_subset,scene-1094_008,ty,0.1,m,14,Pedestrian,pedestrian,20.1,15-30m,43.5,2,0.0,7,7,1.0,0.42
nuscenes_mini_subset,scene-1094_008,ty,0.1,m,15,Pedestrian,pedestrian,31.4,>30m,35.5,0,0.0,2,2,1.0,2.15
nuscenes_mini_subset,scene-1094_008,ty,0.1,m,16,Bicycle,cyclist,25.4,15-30m,94.4,0,0.0,1,1,1.0,0.91
nuscenes_mini_subset,scene-1094_008,ty,0.2,m,0,Car,vehicle,20.4,15-30m,187.2,0,0.43,32,32,1.0,9.29
nuscenes_mini_subset,scene-1094_008,ty,0.2,m,1,Pedestrian,pedestrian,20.1,15-30m,47.4,0,0.0,8,8,1.0,1.22
nuscenes_mini_subset,scene-1094_008,ty,0.2,m,2,Pedestrian,pedestrian,23.6,15-30m,47.8,0,0.0,2,2,1.0,2.51
nuscenes_mini_subset,scene-1094_008,ty,0.2,m,3,Pedestrian,pedestrian,31.7,>30m,36.3,1,0.0,2,2,1.0,0.79
nuscenes_mini_subset,scene-1094_008,ty,0.2,m,4,Car,vehicle,7.9,0-15m,610.5,0,0.03,481,481,1.0,16.99
nuscenes_mini_subset,scene-1094_008,ty,0.2,m,5,Pedestrian,pedestrian,28.8,15-30m,47.3,1,0.0,2,2,1.0,5.13
nuscenes_mini_subset,scene-1094_008,ty,0.2,m,6,Pedestrian,pedestrian,20.5,15-30m,47.5,2,0.0,0,0,,
nuscenes_mini_subset,scene-1094_008,ty,0.2,m,7,Pedestrian,pedestrian,32.2,>30m,49.5,0,0.0,2,2,1.0,1.89
nuscenes_mini_subset,scene-1094_008,ty,0.2,m,8,Car,vehicle,29.2,15-30m,214.2,1,0.0,18,18,1.0,1.4
nuscenes_mini_subset,scene-1094_008,ty,0.2,m,9,Pedestrian,pedestrian,24.2,15-30m,56.9,0,0.0,4,4,1.0,6.36
nuscenes_mini_subset,scene-1094_008,ty,0.2,m,10,Pedestrian,pedestrian,21.4,15-30m,64.1,0,0.0,6,6,1.0,3.73
nuscenes_mini_subset,scene-1094_008,ty,0.2,m,11,Car,vehicle,23.6,15-30m,311.5,2,0.07,1,1,1.0,6.15
nuscenes_mini_subset,scene-1094_008,ty,0.2,m,12,Car,vehicle,25.8,15-30m,387.2,2,0.0,62,62,1.0,4.98
nuscenes_mini_subset,scene-1094_008,ty,0.2,m,13,Pedestrian,pedestrian,12.3,0-15m,131.6,0,0.0,20,20,1.0,2.66
nuscenes_mini_subset,scene-1094_008,ty,0.2,m,14,Pedestrian,pedestrian,20.1,15-30m,43.5,2,0.0,7,7,1.0,0.84
nuscenes_mini_subset,scene-1094_008,ty,0.2,m,15,Pedestrian,pedestrian,31.4,>30m,35.5,0,0.0,2,2,1.0,4.29
nuscenes_mini_subset,scene-1094_008,ty,0.2,m,16,Bicycle,cyclist,25.4,15-30m,94.4,0,0.0,1,1,1.0,1.81
nuscenes_mini_subset,scene-1094_008,tz,0.0,m,0,Car,vehicle,20.4,15-30m,187.2,0,0.43,31,31,1.0,0.0
nuscenes_mini_subset,scene-1094_008,tz,0.0,m,1,Pedestrian,pedestrian,20.1,15-30m,47.4,0,0.0,8,8,1.0,0.0
nuscenes_mini_subset,scene-1094_008,tz,0.0,m,2,Pedestrian,pedestrian,23.6,15-30m,47.8,0,0.0,2,2,1.0,0.0
nuscenes_mini_subset,scene-1094_008,tz,0.0,m,3,Pedestrian,pedestrian,31.7,>30m,36.3,1,0.0,2,2,1.0,0.0
nuscenes_mini_subset,scene-1094_008,tz,0.0,m,4,Car,vehicle,7.9,0-15m,610.5,0,0.03,481,481,1.0,0.0
nuscenes_mini_subset,scene-1094_008,tz,0.0,m,5,Pedestrian,pedestrian,28.8,15-30m,47.3,1,0.0,2,2,1.0,0.0
nuscenes_mini_subset,scene-1094_008,tz,0.0,m,6,Pedestrian,pedestrian,20.5,15-30m,47.5,2,0.0,0,0,,
nuscenes_mini_subset,scene-1094_008,tz,0.0,m,7,Pedestrian,pedestrian,32.2,>30m,49.5,0,0.0,2,2,1.0,0.0
nuscenes_mini_subset,scene-1094_008,tz,0.0,m,8,Car,vehicle,29.2,15-30m,214.2,1,0.0,18,18,1.0,0.0
nuscenes_mini_subset,scene-1094_008,tz,0.0,m,9,Pedestrian,pedestrian,24.2,15-30m,56.9,0,0.0,4,4,1.0,0.0
nuscenes_mini_subset,scene-1094_008,tz,0.0,m,10,Pedestrian,pedestrian,21.4,15-30m,64.1,0,0.0,6,6,1.0,0.0
nuscenes_mini_subset,scene-1094_008,tz,0.0,m,11,Car,vehicle,23.6,15-30m,311.5,2,0.07,1,1,1.0,0.0
nuscenes_mini_subset,scene-1094_008,tz,0.0,m,12,Car,vehicle,25.8,15-30m,387.2,2,0.0,62,62,1.0,0.0
nuscenes_mini_subset,scene-1094_008,tz,0.0,m,13,Pedestrian,pedestrian,12.3,0-15m,131.6,0,0.0,20,20,1.0,0.0
nuscenes_mini_subset,scene-1094_008,tz,0.0,m,14,Pedestrian,pedestrian,20.1,15-30m,43.5,2,0.0,7,7,1.0,0.0
nuscenes_mini_subset,scene-1094_008,tz,0.0,m,15,Pedestrian,pedestrian,31.4,>30m,35.5,0,0.0,2,2,1.0,0.0
nuscenes_mini_subset,scene-1094_008,tz,0.0,m,16,Bicycle,cyclist,25.4,15-30m,94.4,0,0.0,1,1,1.0,0.0
nuscenes_mini_subset,scene-1094_008,tz,0.02,m,0,Car,vehicle,20.4,15-30m,187.2,0,0.43,31,31,1.0,1.56
nuscenes_mini_subset,scene-1094_008,tz,0.02,m,1,Pedestrian,pedestrian,20.1,15-30m,47.4,0,0.0,8,8,1.0,1.26
nuscenes_mini_subset,scene-1094_008,tz,0.02,m,2,Pedestrian,pedestrian,23.6,15-30m,47.8,0,0.0,2,2,1.0,1.1
nuscenes_mini_subset,scene-1094_008,tz,0.02,m,3,Pedestrian,pedestrian,31.7,>30m,36.3,1,0.0,2,2,1.0,0.81
nuscenes_mini_subset,scene-1094_008,tz,0.02,m,4,Car,vehicle,7.9,0-15m,610.5,0,0.03,481,481,1.0,4.18
nuscenes_mini_subset,scene-1094_008,tz,0.02,m,5,Pedestrian,pedestrian,28.8,15-30m,47.3,1,0.0,2,2,1.0,0.99
nuscenes_mini_subset,scene-1094_008,tz,0.02,m,6,Pedestrian,pedestrian,20.5,15-30m,47.5,2,0.0,0,0,,
nuscenes_mini_subset,scene-1094_008,tz,0.02,m,7,Pedestrian,pedestrian,32.2,>30m,49.5,0,0.0,2,2,1.0,0.81
nuscenes_mini_subset,scene-1094_008,tz,0.02,m,8,Car,vehicle,29.2,15-30m,214.2,1,0.0,18,18,1.0,0.89
nuscenes_mini_subset,scene-1094_008,tz,0.02,m,9,Pedestrian,pedestrian,24.2,15-30m,56.9,0,0.0,4,4,1.0,1.19
nuscenes_mini_subset,scene-1094_008,tz,0.02,m,10,Pedestrian,pedestrian,21.4,15-30m,64.1,0,0.0,6,6,1.0,1.24
nuscenes_mini_subset,scene-1094_008,tz,0.02,m,11,Car,vehicle,23.6,15-30m,311.5,2,0.07,1,1,1.0,1.21
nuscenes_mini_subset,scene-1094_008,tz,0.02,m,12,Car,vehicle,25.8,15-30m,387.2,2,0.0,62,62,1.0,1.11
nuscenes_mini_subset,scene-1094_008,tz,0.02,m,13,Pedestrian,pedestrian,12.3,0-15m,131.6,0,0.0,20,20,1.0,2.12
nuscenes_mini_subset,scene-1094_008,tz,0.02,m,14,Pedestrian,pedestrian,20.1,15-30m,43.5,2,0.0,7,7,1.0,1.26
nuscenes_mini_subset,scene-1094_008,tz,0.02,m,15,Pedestrian,pedestrian,31.4,>30m,35.5,0,0.0,2,2,1.0,0.89
nuscenes_mini_subset,scene-1094_008,tz,0.02,m,16,Bicycle,cyclist,25.4,15-30m,94.4,0,0.0,1,1,1.0,1.01
nuscenes_mini_subset,scene-1094_008,tz,0.05,m,0,Car,vehicle,20.4,15-30m,187.2,0,0.43,31,31,1.0,3.91
nuscenes_mini_subset,scene-1094_008,tz,0.05,m,1,Pedestrian,pedestrian,20.1,15-30m,47.4,0,0.0,8,8,1.0,3.15
nuscenes_mini_subset,scene-1094_008,tz,0.05,m,2,Pedestrian,pedestrian,23.6,15-30m,47.8,0,0.0,2,2,1.0,2.75
nuscenes_mini_subset,scene-1094_008,tz,0.05,m,3,Pedestrian,pedestrian,31.7,>30m,36.3,1,0.0,2,2,1.0,2.01
nuscenes_mini_subset,scene-1094_008,tz,0.05,m,4,Car,vehicle,7.9,0-15m,610.5,0,0.03,481,481,1.0,10.45
nuscenes_mini_subset,scene-1094_008,tz,0.05,m,5,Pedestrian,pedestrian,28.8,15-30m,47.3,1,0.0,2,2,1.0,2.48
nuscenes_mini_subset,scene-1094_008,tz,0.05,m,6,Pedestrian,pedestrian,20.5,15-30m,47.5,2,0.0,0,0,,
nuscenes_mini_subset,scene-1094_008,tz,0.05,m,7,Pedestrian,pedestrian,32.2,>30m,49.5,0,0.0,2,2,1.0,2.03
nuscenes_mini_subset,scene-1094_008,tz,0.05,m,8,Car,vehicle,29.2,15-30m,214.2,1,0.0,18,18,1.0,2.22
nuscenes_mini_subset,scene-1094_008,tz,0.05,m,9,Pedestrian,pedestrian,24.2,15-30m,56.9,0,0.0,4,4,1.0,2.97
nuscenes_mini_subset,scene-1094_008,tz,0.05,m,10,Pedestrian,pedestrian,21.4,15-30m,64.1,0,0.0,6,6,1.0,3.09
nuscenes_mini_subset,scene-1094_008,tz,0.05,m,11,Car,vehicle,23.6,15-30m,311.5,2,0.07,1,1,1.0,3.02
nuscenes_mini_subset,scene-1094_008,tz,0.05,m,12,Car,vehicle,25.8,15-30m,387.2,2,0.0,62,62,1.0,2.77
nuscenes_mini_subset,scene-1094_008,tz,0.05,m,13,Pedestrian,pedestrian,12.3,0-15m,131.6,0,0.0,20,20,1.0,5.3
nuscenes_mini_subset,scene-1094_008,tz,0.05,m,14,Pedestrian,pedestrian,20.1,15-30m,43.5,2,0.0,7,7,1.0,3.15
nuscenes_mini_subset,scene-1094_008,tz,0.05,m,15,Pedestrian,pedestrian,31.4,>30m,35.5,0,0.0,2,2,1.0,2.24
nuscenes_mini_subset,scene-1094_008,tz,0.05,m,16,Bicycle,cyclist,25.4,15-30m,94.4,0,0.0,1,1,1.0,2.54
nuscenes_mini_subset,scene-1094_008,tz,0.1,m,0,Car,vehicle,20.4,15-30m,187.2,0,0.43,31,31,1.0,7.81
nuscenes_mini_subset,scene-1094_008,tz,0.1,m,1,Pedestrian,pedestrian,20.1,15-30m,47.4,0,0.0,8,8,1.0,6.3
nuscenes_mini_subset,scene-1094_008,tz,0.1,m,2,Pedestrian,pedestrian,23.6,15-30m,47.8,0,0.0,2,2,1.0,5.5
nuscenes_mini_subset,scene-1094_008,tz,0.1,m,3,Pedestrian,pedestrian,31.7,>30m,36.3,1,0.0,2,2,1.0,4.03
nuscenes_mini_subset,scene-1094_008,tz,0.1,m,4,Car,vehicle,7.9,0-15m,610.5,0,0.03,481,481,1.0,20.89
nuscenes_mini_subset,scene-1094_008,tz,0.1,m,5,Pedestrian,pedestrian,28.8,15-30m,47.3,1,0.0,2,2,1.0,4.96
nuscenes_mini_subset,scene-1094_008,tz,0.1,m,6,Pedestrian,pedestrian,20.5,15-30m,47.5,2,0.0,0,0,,
nuscenes_mini_subset,scene-1094_008,tz,0.1,m,7,Pedestrian,pedestrian,32.2,>30m,49.5,0,0.0,2,2,1.0,4.05
nuscenes_mini_subset,scene-1094_008,tz,0.1,m,8,Car,vehicle,29.2,15-30m,214.2,1,0.0,18,18,1.0,4.45
nuscenes_mini_subset,scene-1094_008,tz,0.1,m,9,Pedestrian,pedestrian,24.2,15-30m,56.9,0,0.0,4,4,1.0,5.95
nuscenes_mini_subset,scene-1094_008,tz,0.1,m,10,Pedestrian,pedestrian,21.4,15-30m,64.1,0,0.0,6,6,1.0,6.17
nuscenes_mini_subset,scene-1094_008,tz,0.1,m,11,Car,vehicle,23.6,15-30m,311.5,2,0.07,1,1,1.0,6.03
nuscenes_mini_subset,scene-1094_008,tz,0.1,m,12,Car,vehicle,25.8,15-30m,387.2,2,0.0,62,62,1.0,5.54
nuscenes_mini_subset,scene-1094_008,tz,0.1,m,13,Pedestrian,pedestrian,12.3,0-15m,131.6,0,0.0,20,20,1.0,10.6
nuscenes_mini_subset,scene-1094_008,tz,0.1,m,14,Pedestrian,pedestrian,20.1,15-30m,43.5,2,0.0,7,7,1.0,6.3
nuscenes_mini_subset,scene-1094_008,tz,0.1,m,15,Pedestrian,pedestrian,31.4,>30m,35.5,0,0.0,2,2,1.0,4.47
nuscenes_mini_subset,scene-1094_008,tz,0.1,m,16,Bicycle,cyclist,25.4,15-30m,94.4,0,0.0,1,1,1.0,5.07
nuscenes_mini_subset,scene-1094_008,tz,0.2,m,0,Car,vehicle,20.4,15-30m,187.2,0,0.43,31,31,1.0,15.63
nuscenes_mini_subset,scene-1094_008,tz,0.2,m,1,Pedestrian,pedestrian,20.1,15-30m,47.4,0,0.0,8,8,1.0,12.61
nuscenes_mini_subset,scene-1094_008,tz,0.2,m,2,Pedestrian,pedestrian,23.6,15-30m,47.8,0,0.0,2,2,1.0,11.0
nuscenes_mini_subset,scene-1094_008,tz,0.2,m,3,Pedestrian,pedestrian,31.7,>30m,36.3,1,0.0,2,2,1.0,8.06
nuscenes_mini_subset,scene-1094_008,tz,0.2,m,4,Car,vehicle,7.9,0-15m,610.5,0,0.03,481,443,0.921,41.76
nuscenes_mini_subset,scene-1094_008,tz,0.2,m,5,Pedestrian,pedestrian,28.8,15-30m,47.3,1,0.0,2,2,1.0,9.92
nuscenes_mini_subset,scene-1094_008,tz,0.2,m,6,Pedestrian,pedestrian,20.5,15-30m,47.5,2,0.0,0,0,,
nuscenes_mini_subset,scene-1094_008,tz,0.2,m,7,Pedestrian,pedestrian,32.2,>30m,49.5,0,0.0,2,2,1.0,8.1
nuscenes_mini_subset,scene-1094_008,tz,0.2,m,8,Car,vehicle,29.2,15-30m,214.2,1,0.0,18,18,1.0,8.89
nuscenes_mini_subset,scene-1094_008,tz,0.2,m,9,Pedestrian,pedestrian,24.2,15-30m,56.9,0,0.0,4,4,1.0,11.9
nuscenes_mini_subset,scene-1094_008,tz,0.2,m,10,Pedestrian,pedestrian,21.4,15-30m,64.1,0,0.0,6,6,1.0,12.35
nuscenes_mini_subset,scene-1094_008,tz,0.2,m,11,Car,vehicle,23.6,15-30m,311.5,2,0.07,1,1,1.0,12.06
nuscenes_mini_subset,scene-1094_008,tz,0.2,m,12,Car,vehicle,25.8,15-30m,387.2,2,0.0,62,62,1.0,11.07
nuscenes_mini_subset,scene-1094_008,tz,0.2,m,13,Pedestrian,pedestrian,12.3,0-15m,131.6,0,0.0,20,14,0.7,21.19
nuscenes_mini_subset,scene-1094_008,tz,0.2,m,14,Pedestrian,pedestrian,20.1,15-30m,43.5,2,0.0,7,7,1.0,12.61
nuscenes_mini_subset,scene-1094_008,tz,0.2,m,15,Pedestrian,pedestrian,31.4,>30m,35.5,0,0.0,2,2,1.0,8.94
nuscenes_mini_subset,scene-1094_008,tz,0.2,m,16,Bicycle,cyclist,25.4,15-30m,94.4,0,0.0,1,1,1.0,10.15
nuscenes_mini_subset,scene-1094_012,yaw,0.0,deg,0,Car,vehicle,15.9,15-30m,306.7,0,0.0,137,137,1.0,0.0
nuscenes_mini_subset,scene-1094_012,yaw,0.0,deg,1,Car,vehicle,31.2,>30m,90.2,2,0.59,2,2,1.0,0.0
nuscenes_mini_subset,scene-1094_012,yaw,0.0,deg,2,Car,vehicle,35.4,>30m,147.8,2,0.0,3,3,1.0,0.0
nuscenes_mini_subset,scene-1094_012,yaw,0.0,deg,3,Pedestrian,pedestrian,17.2,15-30m,59.0,0,0.0,8,8,1.0,0.0
nuscenes_mini_subset,scene-1094_012,yaw,0.0,deg,4,Car,vehicle,41.3,>30m,23.4,2,0.87,0,0,,
nuscenes_mini_subset,scene-1094_012,yaw,0.0,deg,5,Pedestrian,pedestrian,27.0,15-30m,50.1,2,0.0,3,3,1.0,0.0
nuscenes_mini_subset,scene-1094_012,yaw,0.0,deg,6,Car,vehicle,10.7,0-15m,78.9,0,0.85,20,20,1.0,0.0
nuscenes_mini_subset,scene-1094_012,yaw,0.0,deg,7,Pedestrian,pedestrian,17.3,15-30m,57.0,0,0.0,6,6,1.0,0.0
nuscenes_mini_subset,scene-1094_012,yaw,0.0,deg,8,Pedestrian,pedestrian,23.6,15-30m,68.3,2,0.0,0,0,,
nuscenes_mini_subset,scene-1094_012,yaw,0.0,deg,9,Car,vehicle,24.5,15-30m,248.6,2,0.0,15,15,1.0,0.0
nuscenes_mini_subset,scene-1094_012,yaw,0.0,deg,10,Car,vehicle,23.9,15-30m,270.2,0,0.0,31,31,1.0,0.0
nuscenes_mini_subset,scene-1094_012,yaw,0.0,deg,11,Car,vehicle,18.7,15-30m,340.7,2,0.0,34,34,1.0,0.0
nuscenes_mini_subset,scene-1094_012,yaw,0.0,deg,12,Car,vehicle,20.7,15-30m,405.2,0,0.0,121,121,1.0,0.0
nuscenes_mini_subset,scene-1094_012,yaw,0.0,deg,13,Pedestrian,pedestrian,8.7,0-15m,221.9,0,0.0,49,49,1.0,0.0
nuscenes_mini_subset,scene-1094_012,yaw,0.0,deg,14,Pedestrian,pedestrian,17.2,15-30m,54.8,2,0.0,8,8,1.0,0.0
nuscenes_mini_subset,scene-1094_012,yaw,0.25,deg,0,Car,vehicle,15.9,15-30m,306.7,0,0.0,137,137,1.0,6.58
nuscenes_mini_subset,scene-1094_012,yaw,0.25,deg,1,Car,vehicle,31.2,>30m,90.2,2,0.59,2,2,1.0,7.66
nuscenes_mini_subset,scene-1094_012,yaw,0.25,deg,2,Car,vehicle,35.4,>30m,147.8,2,0.0,3,3,1.0,7.44
nuscenes_mini_subset,scene-1094_012,yaw,0.25,deg,3,Pedestrian,pedestrian,17.2,15-30m,59.0,0,0.0,8,8,1.0,6.32
nuscenes_mini_subset,scene-1094_012,yaw,0.25,deg,4,Car,vehicle,41.3,>30m,23.4,2,0.87,0,0,,
nuscenes_mini_subset,scene-1094_012,yaw,0.25,deg,5,Pedestrian,pedestrian,27.0,15-30m,50.1,2,0.0,3,3,1.0,6.55
nuscenes_mini_subset,scene-1094_012,yaw,0.25,deg,6,Car,vehicle,10.7,0-15m,78.9,0,0.85,15,15,1.0,8.2
nuscenes_mini_subset,scene-1094_012,yaw,0.25,deg,7,Pedestrian,pedestrian,17.3,15-30m,57.0,0,0.0,6,6,1.0,6.18
nuscenes_mini_subset,scene-1094_012,yaw,0.25,deg,8,Pedestrian,pedestrian,23.6,15-30m,68.3,2,0.0,0,0,,
nuscenes_mini_subset,scene-1094_012,yaw,0.25,deg,9,Car,vehicle,24.5,15-30m,248.6,2,0.0,15,15,1.0,7.14
nuscenes_mini_subset,scene-1094_012,yaw,0.25,deg,10,Car,vehicle,23.9,15-30m,270.2,0,0.0,31,31,1.0,5.96
nuscenes_mini_subset,scene-1094_012,yaw,0.25,deg,11,Car,vehicle,18.7,15-30m,340.7,2,0.0,34,34,1.0,5.98
nuscenes_mini_subset,scene-1094_012,yaw,0.25,deg,12,Car,vehicle,20.7,15-30m,405.2,0,0.0,121,121,1.0,5.85
nuscenes_mini_subset,scene-1094_012,yaw,0.25,deg,13,Pedestrian,pedestrian,8.7,0-15m,221.9,0,0.0,49,49,1.0,7.07
nuscenes_mini_subset,scene-1094_012,yaw,0.25,deg,14,Pedestrian,pedestrian,17.2,15-30m,54.8,2,0.0,8,7,0.875,6.49
nuscenes_mini_subset,scene-1094_012,yaw,0.5,deg,0,Car,vehicle,15.9,15-30m,306.7,0,0.0,137,136,0.9927,13.17
nuscenes_mini_subset,scene-1094_012,yaw,0.5,deg,1,Car,vehicle,31.2,>30m,90.2,2,0.59,2,2,1.0,15.35
nuscenes_mini_subset,scene-1094_012,yaw,0.5,deg,2,Car,vehicle,35.4,>30m,147.8,2,0.0,3,3,1.0,14.91
nuscenes_mini_subset,scene-1094_012,yaw,0.5,deg,3,Pedestrian,pedestrian,17.2,15-30m,59.0,0,0.0,8,8,1.0,12.63
nuscenes_mini_subset,scene-1094_012,yaw,0.5,deg,4,Car,vehicle,41.3,>30m,23.4,2,0.87,0,0,,
nuscenes_mini_subset,scene-1094_012,yaw,0.5,deg,5,Pedestrian,pedestrian,27.0,15-30m,50.1,2,0.0,3,3,1.0,13.08
nuscenes_mini_subset,scene-1094_012,yaw,0.5,deg,6,Car,vehicle,10.7,0-15m,78.9,0,0.85,11,11,1.0,16.4
nuscenes_mini_subset,scene-1094_012,yaw,0.5,deg,7,Pedestrian,pedestrian,17.3,15-30m,57.0,0,0.0,6,6,1.0,12.35
nuscenes_mini_subset,scene-1094_012,yaw,0.5,deg,8,Pedestrian,pedestrian,23.6,15-30m,68.3,2,0.0,0,0,,
nuscenes_mini_subset,scene-1094_012,yaw,0.5,deg,9,Car,vehicle,24.5,15-30m,248.6,2,0.0,15,15,1.0,14.32
nuscenes_mini_subset,scene-1094_012,yaw,0.5,deg,10,Car,vehicle,23.9,15-30m,270.2,0,0.0,31,31,1.0,11.9
nuscenes_mini_subset,scene-1094_012,yaw,0.5,deg,11,Car,vehicle,18.7,15-30m,340.7,2,0.0,34,34,1.0,11.98
nuscenes_mini_subset,scene-1094_012,yaw,0.5,deg,12,Car,vehicle,20.7,15-30m,405.2,0,0.0,121,121,1.0,11.7
nuscenes_mini_subset,scene-1094_012,yaw,0.5,deg,13,Pedestrian,pedestrian,8.7,0-15m,221.9,0,0.0,49,49,1.0,14.11
nuscenes_mini_subset,scene-1094_012,yaw,0.5,deg,14,Pedestrian,pedestrian,17.2,15-30m,54.8,2,0.0,8,7,0.875,12.95
nuscenes_mini_subset,scene-1094_012,yaw,1.0,deg,0,Car,vehicle,15.9,15-30m,306.7,0,0.0,137,133,0.9708,26.43
nuscenes_mini_subset,scene-1094_012,yaw,1.0,deg,1,Car,vehicle,31.2,>30m,90.2,2,0.59,2,2,1.0,30.87
nuscenes_mini_subset,scene-1094_012,yaw,1.0,deg,2,Car,vehicle,35.4,>30m,147.8,2,0.0,3,3,1.0,29.97
nuscenes_mini_subset,scene-1094_012,yaw,1.0,deg,3,Pedestrian,pedestrian,17.2,15-30m,59.0,0,0.0,8,6,0.75,25.19
nuscenes_mini_subset,scene-1094_012,yaw,1.0,deg,4,Car,vehicle,41.3,>30m,23.4,2,0.87,0,0,,
nuscenes_mini_subset,scene-1094_012,yaw,1.0,deg,5,Pedestrian,pedestrian,27.0,15-30m,50.1,2,0.0,3,3,1.0,26.08
nuscenes_mini_subset,scene-1094_012,yaw,1.0,deg,6,Car,vehicle,10.7,0-15m,78.9,0,0.85,5,5,1.0,32.8
nuscenes_mini_subset,scene-1094_012,yaw,1.0,deg,7,Pedestrian,pedestrian,17.3,15-30m,57.0,0,0.0,6,5,0.8333,24.65
nuscenes_mini_subset,scene-1094_012,yaw,1.0,deg,8,Pedestrian,pedestrian,23.6,15-30m,68.3,2,0.0,0,0,,
nuscenes_mini_subset,scene-1094_012,yaw,1.0,deg,9,Car,vehicle,24.5,15-30m,248.6,2,0.0,15,14,0.9333,28.77
nuscenes_mini_subset,scene-1094_012,yaw,1.0,deg,10,Car,vehicle,23.9,15-30m,270.2,0,0.0,31,31,1.0,23.76
nuscenes_mini_subset,scene-1094_012,yaw,1.0,deg,11,Car,vehicle,18.7,15-30m,340.7,2,0.0,34,34,1.0,24.0
nuscenes_mini_subset,scene-1094_012,yaw,1.0,deg,12,Car,vehicle,20.7,15-30m,405.2,0,0.0,121,121,1.0,23.44
nuscenes_mini_subset,scene-1094_012,yaw,1.0,deg,13,Pedestrian,pedestrian,8.7,0-15m,221.9,0,0.0,49,49,1.0,28.11
nuscenes_mini_subset,scene-1094_012,yaw,1.0,deg,14,Pedestrian,pedestrian,17.2,15-30m,54.8,2,0.0,8,3,0.375,25.82
nuscenes_mini_subset,scene-1094_012,yaw,2.0,deg,0,Car,vehicle,15.9,15-30m,306.7,0,0.0,137,119,0.8686,53.24
nuscenes_mini_subset,scene-1094_012,yaw,2.0,deg,1,Car,vehicle,31.2,>30m,90.2,2,0.59,1,1,1.0,62.2
nuscenes_mini_subset,scene-1094_012,yaw,2.0,deg,2,Car,vehicle,35.4,>30m,147.8,2,0.0,3,1,0.3333,60.56
nuscenes_mini_subset,scene-1094_012,yaw,2.0,deg,3,Pedestrian,pedestrian,17.2,15-30m,59.0,0,0.0,8,0,0.0,50.11
nuscenes_mini_subset,scene-1094_012,yaw,2.0,deg,4,Car,vehicle,41.3,>30m,23.4,2,0.87,0,0,,
nuscenes_mini_subset,scene-1094_012,yaw,2.0,deg,5,Pedestrian,pedestrian,27.0,15-30m,50.1,2,0.0,3,0,0.0,51.81
nuscenes_mini_subset,scene-1094_012,yaw,2.0,deg,6,Car,vehicle,10.7,0-15m,78.9,0,0.85,0,0,,
nuscenes_mini_subset,scene-1094_012,yaw,2.0,deg,7,Pedestrian,pedestrian,17.3,15-30m,57.0,0,0.0,6,1,0.1667,49.07
nuscenes_mini_subset,scene-1094_012,yaw,2.0,deg,8,Pedestrian,pedestrian,23.6,15-30m,68.3,2,0.0,0,0,,
nuscenes_mini_subset,scene-1094_012,yaw,2.0,deg,9,Car,vehicle,24.5,15-30m,248.6,2,0.0,15,9,0.6,58.08
nuscenes_mini_subset,scene-1094_012,yaw,2.0,deg,10,Car,vehicle,23.9,15-30m,270.2,0,0.0,31,29,0.9355,47.36
nuscenes_mini_subset,scene-1094_012,yaw,2.0,deg,11,Car,vehicle,18.7,15-30m,340.7,2,0.0,34,34,1.0,48.2
nuscenes_mini_subset,scene-1094_012,yaw,2.0,deg,12,Car,vehicle,20.7,15-30m,405.2,0,0.0,121,118,0.9752,47.0
nuscenes_mini_subset,scene-1094_012,yaw,2.0,deg,13,Pedestrian,pedestrian,8.7,0-15m,221.9,0,0.0,49,45,0.9184,55.8
nuscenes_mini_subset,scene-1094_012,yaw,2.0,deg,14,Pedestrian,pedestrian,17.2,15-30m,54.8,2,0.0,8,0,0.0,51.33
nuscenes_mini_subset,scene-1094_012,yaw,3.0,deg,0,Car,vehicle,15.9,15-30m,306.7,0,0.0,137,101,0.7372,80.44
nuscenes_mini_subset,scene-1094_012,yaw,3.0,deg,1,Car,vehicle,31.2,>30m,90.2,2,0.59,0,0,,
nuscenes_mini_subset,scene-1094_012,yaw,3.0,deg,2,Car,vehicle,35.4,>30m,147.8,2,0.0,2,0,0.0,91.23
nuscenes_mini_subset,scene-1094_012,yaw,3.0,deg,3,Pedestrian,pedestrian,17.2,15-30m,59.0,0,0.0,8,0,0.0,74.77
nuscenes_mini_subset,scene-1094_012,yaw,3.0,deg,4,Car,vehicle,41.3,>30m,23.4,2,0.87,0,0,,
nuscenes_mini_subset,scene-1094_012,yaw,3.0,deg,5,Pedestrian,pedestrian,27.0,15-30m,50.1,2,0.0,3,0,0.0,77.21
nuscenes_mini_subset,scene-1094_012,yaw,3.0,deg,6,Car,vehicle,10.7,0-15m,78.9,0,0.85,0,0,,
nuscenes_mini_subset,scene-1094_012,yaw,3.0,deg,7,Pedestrian,pedestrian,17.3,15-30m,57.0,0,0.0,6,0,0.0,73.28
nuscenes_mini_subset,scene-1094_012,yaw,3.0,deg,8,Pedestrian,pedestrian,23.6,15-30m,68.3,2,0.0,0,0,,
nuscenes_mini_subset,scene-1094_012,yaw,3.0,deg,9,Car,vehicle,24.5,15-30m,248.6,2,0.0,15,6,0.4,87.97
nuscenes_mini_subset,scene-1094_012,yaw,3.0,deg,10,Car,vehicle,23.9,15-30m,270.2,0,0.0,31,24,0.7742,70.8
nuscenes_mini_subset,scene-1094_012,yaw,3.0,deg,11,Car,vehicle,18.7,15-30m,340.7,2,0.0,34,34,1.0,72.6
nuscenes_mini_subset,scene-1094_012,yaw,3.0,deg,12,Car,vehicle,20.7,15-30m,405.2,0,0.0,121,111,0.9174,70.71
nuscenes_mini_subset,scene-1094_012,yaw,3.0,deg,13,Pedestrian,pedestrian,8.7,0-15m,221.9,0,0.0,49,33,0.6735,83.09
nuscenes_mini_subset,scene-1094_012,yaw,3.0,deg,14,Pedestrian,pedestrian,17.2,15-30m,54.8,2,0.0,8,0,0.0,76.55
nuscenes_mini_subset,scene-1094_012,pitch,0.0,deg,0,Car,vehicle,15.9,15-30m,306.7,0,0.0,137,137,1.0,0.0
nuscenes_mini_subset,scene-1094_012,pitch,0.0,deg,1,Car,vehicle,31.2,>30m,90.2,2,0.59,2,2,1.0,0.0
nuscenes_mini_subset,scene-1094_012,pitch,0.0,deg,2,Car,vehicle,35.4,>30m,147.8,2,0.0,3,3,1.0,0.0
nuscenes_mini_subset,scene-1094_012,pitch,0.0,deg,3,Pedestrian,pedestrian,17.2,15-30m,59.0,0,0.0,8,8,1.0,0.0
nuscenes_mini_subset,scene-1094_012,pitch,0.0,deg,4,Car,vehicle,41.3,>30m,23.4,2,0.87,0,0,,
nuscenes_mini_subset,scene-1094_012,pitch,0.0,deg,5,Pedestrian,pedestrian,27.0,15-30m,50.1,2,0.0,3,3,1.0,0.0
nuscenes_mini_subset,scene-1094_012,pitch,0.0,deg,6,Car,vehicle,10.7,0-15m,78.9,0,0.85,20,20,1.0,0.0
nuscenes_mini_subset,scene-1094_012,pitch,0.0,deg,7,Pedestrian,pedestrian,17.3,15-30m,57.0,0,0.0,6,6,1.0,0.0
nuscenes_mini_subset,scene-1094_012,pitch,0.0,deg,8,Pedestrian,pedestrian,23.6,15-30m,68.3,2,0.0,0,0,,
nuscenes_mini_subset,scene-1094_012,pitch,0.0,deg,9,Car,vehicle,24.5,15-30m,248.6,2,0.0,15,15,1.0,0.0
nuscenes_mini_subset,scene-1094_012,pitch,0.0,deg,10,Car,vehicle,23.9,15-30m,270.2,0,0.0,31,31,1.0,0.0
nuscenes_mini_subset,scene-1094_012,pitch,0.0,deg,11,Car,vehicle,18.7,15-30m,340.7,2,0.0,34,34,1.0,0.0
nuscenes_mini_subset,scene-1094_012,pitch,0.0,deg,12,Car,vehicle,20.7,15-30m,405.2,0,0.0,121,121,1.0,0.0
nuscenes_mini_subset,scene-1094_012,pitch,0.0,deg,13,Pedestrian,pedestrian,8.7,0-15m,221.9,0,0.0,49,49,1.0,0.0
nuscenes_mini_subset,scene-1094_012,pitch,0.0,deg,14,Pedestrian,pedestrian,17.2,15-30m,54.8,2,0.0,8,8,1.0,0.0
nuscenes_mini_subset,scene-1094_012,pitch,0.25,deg,0,Car,vehicle,15.9,15-30m,306.7,0,0.0,137,137,1.0,2.01
nuscenes_mini_subset,scene-1094_012,pitch,0.25,deg,1,Car,vehicle,31.2,>30m,90.2,2,0.59,2,2,1.0,3.25
nuscenes_mini_subset,scene-1094_012,pitch,0.25,deg,2,Car,vehicle,35.4,>30m,147.8,2,0.0,3,3,1.0,3.08
nuscenes_mini_subset,scene-1094_012,pitch,0.25,deg,3,Pedestrian,pedestrian,17.2,15-30m,59.0,0,0.0,8,8,1.0,1.85
nuscenes_mini_subset,scene-1094_012,pitch,0.25,deg,4,Car,vehicle,41.3,>30m,23.4,2,0.87,0,0,,
nuscenes_mini_subset,scene-1094_012,pitch,0.25,deg,5,Pedestrian,pedestrian,27.0,15-30m,50.1,2,0.0,3,3,1.0,2.29
nuscenes_mini_subset,scene-1094_012,pitch,0.25,deg,6,Car,vehicle,10.7,0-15m,78.9,0,0.85,20,20,1.0,3.52
nuscenes_mini_subset,scene-1094_012,pitch,0.25,deg,7,Pedestrian,pedestrian,17.3,15-30m,57.0,0,0.0,6,6,1.0,1.62
nuscenes_mini_subset,scene-1094_012,pitch,0.25,deg,8,Pedestrian,pedestrian,23.6,15-30m,68.3,2,0.0,0,0,,
nuscenes_mini_subset,scene-1094_012,pitch,0.25,deg,9,Car,vehicle,24.5,15-30m,248.6,2,0.0,15,15,1.0,2.76
nuscenes_mini_subset,scene-1094_012,pitch,0.25,deg,10,Car,vehicle,23.9,15-30m,270.2,0,0.0,31,31,1.0,1.25
nuscenes_mini_subset,scene-1094_012,pitch,0.25,deg,11,Car,vehicle,18.7,15-30m,340.7,2,0.0,34,34,1.0,1.11
nuscenes_mini_subset,scene-1094_012,pitch,0.25,deg,12,Car,vehicle,20.7,15-30m,405.2,0,0.0,121,121,1.0,0.74
nuscenes_mini_subset,scene-1094_012,pitch,0.25,deg,13,Pedestrian,pedestrian,8.7,0-15m,221.9,0,0.0,49,49,1.0,2.54
nuscenes_mini_subset,scene-1094_012,pitch,0.25,deg,14,Pedestrian,pedestrian,17.2,15-30m,54.8,2,0.0,8,8,1.0,2.08
nuscenes_mini_subset,scene-1094_012,pitch,0.5,deg,0,Car,vehicle,15.9,15-30m,306.7,0,0.0,137,137,1.0,4.02
nuscenes_mini_subset,scene-1094_012,pitch,0.5,deg,1,Car,vehicle,31.2,>30m,90.2,2,0.59,2,2,1.0,6.5
nuscenes_mini_subset,scene-1094_012,pitch,0.5,deg,2,Car,vehicle,35.4,>30m,147.8,2,0.0,3,3,1.0,6.15
nuscenes_mini_subset,scene-1094_012,pitch,0.5,deg,3,Pedestrian,pedestrian,17.2,15-30m,59.0,0,0.0,8,8,1.0,3.69
nuscenes_mini_subset,scene-1094_012,pitch,0.5,deg,4,Car,vehicle,41.3,>30m,23.4,2,0.87,0,0,,
nuscenes_mini_subset,scene-1094_012,pitch,0.5,deg,5,Pedestrian,pedestrian,27.0,15-30m,50.1,2,0.0,3,3,1.0,4.59
nuscenes_mini_subset,scene-1094_012,pitch,0.5,deg,6,Car,vehicle,10.7,0-15m,78.9,0,0.85,19,19,1.0,7.03
nuscenes_mini_subset,scene-1094_012,pitch,0.5,deg,7,Pedestrian,pedestrian,17.3,15-30m,57.0,0,0.0,6,6,1.0,3.25
nuscenes_mini_subset,scene-1094_012,pitch,0.5,deg,8,Pedestrian,pedestrian,23.6,15-30m,68.3,2,0.0,0,0,,
nuscenes_mini_subset,scene-1094_012,pitch,0.5,deg,9,Car,vehicle,24.5,15-30m,248.6,2,0.0,15,15,1.0,5.53
nuscenes_mini_subset,scene-1094_012,pitch,0.5,deg,10,Car,vehicle,23.9,15-30m,270.2,0,0.0,31,31,1.0,2.5
nuscenes_mini_subset,scene-1094_012,pitch,0.5,deg,11,Car,vehicle,18.7,15-30m,340.7,2,0.0,34,34,1.0,2.22
nuscenes_mini_subset,scene-1094_012,pitch,0.5,deg,12,Car,vehicle,20.7,15-30m,405.2,0,0.0,121,121,1.0,1.48
nuscenes_mini_subset,scene-1094_012,pitch,0.5,deg,13,Pedestrian,pedestrian,8.7,0-15m,221.9,0,0.0,49,49,1.0,5.08
nuscenes_mini_subset,scene-1094_012,pitch,0.5,deg,14,Pedestrian,pedestrian,17.2,15-30m,54.8,2,0.0,8,8,1.0,4.16
nuscenes_mini_subset,scene-1094_012,pitch,1.0,deg,0,Car,vehicle,15.9,15-30m,306.7,0,0.0,137,137,1.0,8.04
nuscenes_mini_subset,scene-1094_012,pitch,1.0,deg,1,Car,vehicle,31.2,>30m,90.2,2,0.59,2,2,1.0,12.99
nuscenes_mini_subset,scene-1094_012,pitch,1.0,deg,2,Car,vehicle,35.4,>30m,147.8,2,0.0,3,3,1.0,12.31
nuscenes_mini_subset,scene-1094_012,pitch,1.0,deg,3,Pedestrian,pedestrian,17.2,15-30m,59.0,0,0.0,8,8,1.0,7.39
nuscenes_mini_subset,scene-1094_012,pitch,1.0,deg,4,Car,vehicle,41.3,>30m,23.4,2,0.87,0,0,,
nuscenes_mini_subset,scene-1094_012,pitch,1.0,deg,5,Pedestrian,pedestrian,27.0,15-30m,50.1,2,0.0,3,3,1.0,9.18
nuscenes_mini_subset,scene-1094_012,pitch,1.0,deg,6,Car,vehicle,10.7,0-15m,78.9,0,0.85,18,18,1.0,14.04
nuscenes_mini_subset,scene-1094_012,pitch,1.0,deg,7,Pedestrian,pedestrian,17.3,15-30m,57.0,0,0.0,6,6,1.0,6.49
nuscenes_mini_subset,scene-1094_012,pitch,1.0,deg,8,Pedestrian,pedestrian,23.6,15-30m,68.3,2,0.0,0,0,,
nuscenes_mini_subset,scene-1094_012,pitch,1.0,deg,9,Car,vehicle,24.5,15-30m,248.6,2,0.0,15,15,1.0,11.05
nuscenes_mini_subset,scene-1094_012,pitch,1.0,deg,10,Car,vehicle,23.9,15-30m,270.2,0,0.0,31,31,1.0,5.0
nuscenes_mini_subset,scene-1094_012,pitch,1.0,deg,11,Car,vehicle,18.7,15-30m,340.7,2,0.0,34,34,1.0,4.44
nuscenes_mini_subset,scene-1094_012,pitch,1.0,deg,12,Car,vehicle,20.7,15-30m,405.2,0,0.0,121,121,1.0,2.97
nuscenes_mini_subset,scene-1094_012,pitch,1.0,deg,13,Pedestrian,pedestrian,8.7,0-15m,221.9,0,0.0,49,49,1.0,10.16
nuscenes_mini_subset,scene-1094_012,pitch,1.0,deg,14,Pedestrian,pedestrian,17.2,15-30m,54.8,2,0.0,8,8,1.0,8.32
nuscenes_mini_subset,scene-1094_012,pitch,2.0,deg,0,Car,vehicle,15.9,15-30m,306.7,0,0.0,137,137,1.0,16.08
nuscenes_mini_subset,scene-1094_012,pitch,2.0,deg,1,Car,vehicle,31.2,>30m,90.2,2,0.59,2,2,1.0,25.98
nuscenes_mini_subset,scene-1094_012,pitch,2.0,deg,2,Car,vehicle,35.4,>30m,147.8,2,0.0,3,3,1.0,24.61
nuscenes_mini_subset,scene-1094_012,pitch,2.0,deg,3,Pedestrian,pedestrian,17.2,15-30m,59.0,0,0.0,8,6,0.75,14.77
nuscenes_mini_subset,scene-1094_012,pitch,2.0,deg,4,Car,vehicle,41.3,>30m,23.4,2,0.87,0,0,,
nuscenes_mini_subset,scene-1094_012,pitch,2.0,deg,5,Pedestrian,pedestrian,27.0,15-30m,50.1,2,0.0,3,3,1.0,18.36
nuscenes_mini_subset,scene-1094_012,pitch,2.0,deg,6,Car,vehicle,10.7,0-15m,78.9,0,0.85,17,17,1.0,28.01
nuscenes_mini_subset,scene-1094_012,pitch,2.0,deg,7,Pedestrian,pedestrian,17.3,15-30m,57.0,0,0.0,6,6,1.0,12.98
nuscenes_mini_subset,scene-1094_012,pitch,2.0,deg,8,Pedestrian,pedestrian,23.6,15-30m,68.3,2,0.0,0,0,,
nuscenes_mini_subset,scene-1094_012,pitch,2.0,deg,9,Car,vehicle,24.5,15-30m,248.6,2,0.0,15,15,1.0,22.1
nuscenes_mini_subset,scene-1094_012,pitch,2.0,deg,10,Car,vehicle,23.9,15-30m,270.2,0,0.0,31,30,0.9677,10.0
nuscenes_mini_subset,scene-1094_012,pitch,2.0,deg,11,Car,vehicle,18.7,15-30m,340.7,2,0.0,34,34,1.0,8.89
nuscenes_mini_subset,scene-1094_012,pitch,2.0,deg,12,Car,vehicle,20.7,15-30m,405.2,0,0.0,121,121,1.0,5.93
nuscenes_mini_subset,scene-1094_012,pitch,2.0,deg,13,Pedestrian,pedestrian,8.7,0-15m,221.9,0,0.0,49,49,1.0,20.32
nuscenes_mini_subset,scene-1094_012,pitch,2.0,deg,14,Pedestrian,pedestrian,17.2,15-30m,54.8,2,0.0,8,6,0.75,16.65
nuscenes_mini_subset,scene-1094_012,pitch,3.0,deg,0,Car,vehicle,15.9,15-30m,306.7,0,0.0,137,137,1.0,24.11
nuscenes_mini_subset,scene-1094_012,pitch,3.0,deg,1,Car,vehicle,31.2,>30m,90.2,2,0.59,2,2,1.0,38.96
nuscenes_mini_subset,scene-1094_012,pitch,3.0,deg,2,Car,vehicle,35.4,>30m,147.8,2,0.0,3,1,0.3333,36.92
nuscenes_mini_subset,scene-1094_012,pitch,3.0,deg,3,Pedestrian,pedestrian,17.2,15-30m,59.0,0,0.0,8,6,0.75,22.16
nuscenes_mini_subset,scene-1094_012,pitch,3.0,deg,4,Car,vehicle,41.3,>30m,23.4,2,0.87,0,0,,
nuscenes_mini_subset,scene-1094_012,pitch,3.0,deg,5,Pedestrian,pedestrian,27.0,15-30m,50.1,2,0.0,3,3,1.0,27.54
nuscenes_mini_subset,scene-1094_012,pitch,3.0,deg,6,Car,vehicle,10.7,0-15m,78.9,0,0.85,16,16,1.0,41.96
nuscenes_mini_subset,scene-1094_012,pitch,3.0,deg,7,Pedestrian,pedestrian,17.3,15-30m,57.0,0,0.0,6,5,0.8333,19.48
nuscenes_mini_subset,scene-1094_012,pitch,3.0,deg,8,Pedestrian,pedestrian,23.6,15-30m,68.3,2,0.0,0,0,,
nuscenes_mini_subset,scene-1094_012,pitch,3.0,deg,9,Car,vehicle,24.5,15-30m,248.6,2,0.0,15,11,0.7333,33.15
nuscenes_mini_subset,scene-1094_012,pitch,3.0,deg,10,Car,vehicle,23.9,15-30m,270.2,0,0.0,31,27,0.871,14.99
nuscenes_mini_subset,scene-1094_012,pitch,3.0,deg,11,Car,vehicle,18.7,15-30m,340.7,2,0.0,34,34,1.0,13.33
nuscenes_mini_subset,scene-1094_012,pitch,3.0,deg,12,Car,vehicle,20.7,15-30m,405.2,0,0.0,121,121,1.0,8.9
nuscenes_mini_subset,scene-1094_012,pitch,3.0,deg,13,Pedestrian,pedestrian,8.7,0-15m,221.9,0,0.0,49,48,0.9796,30.48
nuscenes_mini_subset,scene-1094_012,pitch,3.0,deg,14,Pedestrian,pedestrian,17.2,15-30m,54.8,2,0.0,8,6,0.75,24.97
nuscenes_mini_subset,scene-1094_012,roll,0.0,deg,0,Car,vehicle,15.9,15-30m,306.7,0,0.0,137,137,1.0,0.0
nuscenes_mini_subset,scene-1094_012,roll,0.0,deg,1,Car,vehicle,31.2,>30m,90.2,2,0.59,2,2,1.0,0.0
nuscenes_mini_subset,scene-1094_012,roll,0.0,deg,2,Car,vehicle,35.4,>30m,147.8,2,0.0,3,3,1.0,0.0
nuscenes_mini_subset,scene-1094_012,roll,0.0,deg,3,Pedestrian,pedestrian,17.2,15-30m,59.0,0,0.0,8,8,1.0,0.0
nuscenes_mini_subset,scene-1094_012,roll,0.0,deg,4,Car,vehicle,41.3,>30m,23.4,2,0.87,0,0,,
nuscenes_mini_subset,scene-1094_012,roll,0.0,deg,5,Pedestrian,pedestrian,27.0,15-30m,50.1,2,0.0,3,3,1.0,0.0
nuscenes_mini_subset,scene-1094_012,roll,0.0,deg,6,Car,vehicle,10.7,0-15m,78.9,0,0.85,20,20,1.0,0.0
nuscenes_mini_subset,scene-1094_012,roll,0.0,deg,7,Pedestrian,pedestrian,17.3,15-30m,57.0,0,0.0,6,6,1.0,0.0
nuscenes_mini_subset,scene-1094_012,roll,0.0,deg,8,Pedestrian,pedestrian,23.6,15-30m,68.3,2,0.0,0,0,,
nuscenes_mini_subset,scene-1094_012,roll,0.0,deg,9,Car,vehicle,24.5,15-30m,248.6,2,0.0,15,15,1.0,0.0
nuscenes_mini_subset,scene-1094_012,roll,0.0,deg,10,Car,vehicle,23.9,15-30m,270.2,0,0.0,31,31,1.0,0.0
nuscenes_mini_subset,scene-1094_012,roll,0.0,deg,11,Car,vehicle,18.7,15-30m,340.7,2,0.0,34,34,1.0,0.0
nuscenes_mini_subset,scene-1094_012,roll,0.0,deg,12,Car,vehicle,20.7,15-30m,405.2,0,0.0,121,121,1.0,0.0
nuscenes_mini_subset,scene-1094_012,roll,0.0,deg,13,Pedestrian,pedestrian,8.7,0-15m,221.9,0,0.0,49,49,1.0,0.0
nuscenes_mini_subset,scene-1094_012,roll,0.0,deg,14,Pedestrian,pedestrian,17.2,15-30m,54.8,2,0.0,8,8,1.0,0.0
nuscenes_mini_subset,scene-1094_012,roll,0.25,deg,0,Car,vehicle,15.9,15-30m,306.7,0,0.0,137,137,1.0,5.83
nuscenes_mini_subset,scene-1094_012,roll,0.25,deg,1,Car,vehicle,31.2,>30m,90.2,2,0.59,2,2,1.0,5.71
nuscenes_mini_subset,scene-1094_012,roll,0.25,deg,2,Car,vehicle,35.4,>30m,147.8,2,0.0,3,3,1.0,5.68
nuscenes_mini_subset,scene-1094_012,roll,0.25,deg,3,Pedestrian,pedestrian,17.2,15-30m,59.0,0,0.0,8,8,1.0,5.75
nuscenes_mini_subset,scene-1094_012,roll,0.25,deg,4,Car,vehicle,41.3,>30m,23.4,2,0.87,0,0,,
nuscenes_mini_subset,scene-1094_012,roll,0.25,deg,5,Pedestrian,pedestrian,27.0,15-30m,50.1,2,0.0,3,3,1.0,5.67
nuscenes_mini_subset,scene-1094_012,roll,0.25,deg,6,Car,vehicle,10.7,0-15m,78.9,0,0.85,21,21,1.0,6.18
nuscenes_mini_subset,scene-1094_012,roll,0.25,deg,7,Pedestrian,pedestrian,17.3,15-30m,57.0,0,0.0,6,6,1.0,5.75
nuscenes_mini_subset,scene-1094_012,roll,0.25,deg,8,Pedestrian,pedestrian,23.6,15-30m,68.3,2,0.0,0,0,,
nuscenes_mini_subset,scene-1094_012,roll,0.25,deg,9,Car,vehicle,24.5,15-30m,248.6,2,0.0,15,15,1.0,5.72
nuscenes_mini_subset,scene-1094_012,roll,0.25,deg,10,Car,vehicle,23.9,15-30m,270.2,0,0.0,31,31,1.0,5.68
nuscenes_mini_subset,scene-1094_012,roll,0.25,deg,11,Car,vehicle,18.7,15-30m,340.7,2,0.0,34,34,1.0,5.77
nuscenes_mini_subset,scene-1094_012,roll,0.25,deg,12,Car,vehicle,20.7,15-30m,405.2,0,0.0,121,121,1.0,5.73
nuscenes_mini_subset,scene-1094_012,roll,0.25,deg,13,Pedestrian,pedestrian,8.7,0-15m,221.9,0,0.0,49,49,1.0,6.02
nuscenes_mini_subset,scene-1094_012,roll,0.25,deg,14,Pedestrian,pedestrian,17.2,15-30m,54.8,2,0.0,8,8,1.0,5.75
nuscenes_mini_subset,scene-1094_012,roll,0.5,deg,0,Car,vehicle,15.9,15-30m,306.7,0,0.0,137,137,1.0,11.65
nuscenes_mini_subset,scene-1094_012,roll,0.5,deg,1,Car,vehicle,31.2,>30m,90.2,2,0.59,2,2,1.0,11.42
nuscenes_mini_subset,scene-1094_012,roll,0.5,deg,2,Car,vehicle,35.4,>30m,147.8,2,0.0,3,3,1.0,11.36
nuscenes_mini_subset,scene-1094_012,roll,0.5,deg,3,Pedestrian,pedestrian,17.2,15-30m,59.0,0,0.0,8,8,1.0,11.51
nuscenes_mini_subset,scene-1094_012,roll,0.5,deg,4,Car,vehicle,41.3,>30m,23.4,2,0.87,0,0,,
nuscenes_mini_subset,scene-1094_012,roll,0.5,deg,5,Pedestrian,pedestrian,27.0,15-30m,50.1,2,0.0,3,3,1.0,11.34
nuscenes_mini_subset,scene-1094_012,roll,0.5,deg,6,Car,vehicle,10.7,0-15m,78.9,0,0.85,21,21,1.0,12.35
nuscenes_mini_subset,scene-1094_012,roll,0.5,deg,7,Pedestrian,pedestrian,17.3,15-30m,57.0,0,0.0,6,6,1.0,11.5
nuscenes_mini_subset,scene-1094_012,roll,0.5,deg,8,Pedestrian,pedestrian,23.6,15-30m,68.3,2,0.0,0,0,,
nuscenes_mini_subset,scene-1094_012,roll,0.5,deg,9,Car,vehicle,24.5,15-30m,248.6,2,0.0,15,15,1.0,11.45
nuscenes_mini_subset,scene-1094_012,roll,0.5,deg,10,Car,vehicle,23.9,15-30m,270.2,0,0.0,31,31,1.0,11.36
nuscenes_mini_subset,scene-1094_012,roll,0.5,deg,11,Car,vehicle,18.7,15-30m,340.7,2,0.0,34,34,1.0,11.54
nuscenes_mini_subset,scene-1094_012,roll,0.5,deg,12,Car,vehicle,20.7,15-30m,405.2,0,0.0,121,121,1.0,11.45
nuscenes_mini_subset,scene-1094_012,roll,0.5,deg,13,Pedestrian,pedestrian,8.7,0-15m,221.9,0,0.0,49,49,1.0,12.04
nuscenes_mini_subset,scene-1094_012,roll,0.5,deg,14,Pedestrian,pedestrian,17.2,15-30m,54.8,2,0.0,8,8,1.0,11.51
nuscenes_mini_subset,scene-1094_012,roll,1.0,deg,0,Car,vehicle,15.9,15-30m,306.7,0,0.0,137,137,1.0,23.3
nuscenes_mini_subset,scene-1094_012,roll,1.0,deg,1,Car,vehicle,31.2,>30m,90.2,2,0.59,2,2,1.0,22.83
nuscenes_mini_subset,scene-1094_012,roll,1.0,deg,2,Car,vehicle,35.4,>30m,147.8,2,0.0,3,3,1.0,22.71
nuscenes_mini_subset,scene-1094_012,roll,1.0,deg,3,Pedestrian,pedestrian,17.2,15-30m,59.0,0,0.0,8,8,1.0,23.0
nuscenes_mini_subset,scene-1094_012,roll,1.0,deg,4,Car,vehicle,41.3,>30m,23.4,2,0.87,0,0,,
nuscenes_mini_subset,scene-1094_012,roll,1.0,deg,5,Pedestrian,pedestrian,27.0,15-30m,50.1,2,0.0,3,2,0.6667,22.7
nuscenes_mini_subset,scene-1094_012,roll,1.0,deg,6,Car,vehicle,10.7,0-15m,78.9,0,0.85,21,21,1.0,24.67
nuscenes_mini_subset,scene-1094_012,roll,1.0,deg,7,Pedestrian,pedestrian,17.3,15-30m,57.0,0,0.0,6,6,1.0,22.99
nuscenes_mini_subset,scene-1094_012,roll,1.0,deg,8,Pedestrian,pedestrian,23.6,15-30m,68.3,2,0.0,0,0,,
nuscenes_mini_subset,scene-1094_012,roll,1.0,deg,9,Car,vehicle,24.5,15-30m,248.6,2,0.0,15,15,1.0,22.89
nuscenes_mini_subset,scene-1094_012,roll,1.0,deg,10,Car,vehicle,23.9,15-30m,270.2,0,0.0,31,29,0.9355,22.71
nuscenes_mini_subset,scene-1094_012,roll,1.0,deg,11,Car,vehicle,18.7,15-30m,340.7,2,0.0,34,34,1.0,23.06
nuscenes_mini_subset,scene-1094_012,roll,1.0,deg,12,Car,vehicle,20.7,15-30m,405.2,0,0.0,121,121,1.0,22.91
nuscenes_mini_subset,scene-1094_012,roll,1.0,deg,13,Pedestrian,pedestrian,8.7,0-15m,221.9,0,0.0,49,49,1.0,24.06
nuscenes_mini_subset,scene-1094_012,roll,1.0,deg,14,Pedestrian,pedestrian,17.2,15-30m,54.8,2,0.0,8,6,0.75,23.0
nuscenes_mini_subset,scene-1094_012,roll,2.0,deg,0,Car,vehicle,15.9,15-30m,306.7,0,0.0,137,117,0.854,46.57
nuscenes_mini_subset,scene-1094_012,roll,2.0,deg,1,Car,vehicle,31.2,>30m,90.2,2,0.59,2,2,1.0,45.63
nuscenes_mini_subset,scene-1094_012,roll,2.0,deg,2,Car,vehicle,35.4,>30m,147.8,2,0.0,3,1,0.3333,45.42
nuscenes_mini_subset,scene-1094_012,roll,2.0,deg,3,Pedestrian,pedestrian,17.2,15-30m,59.0,0,0.0,8,7,0.875,45.98
nuscenes_mini_subset,scene-1094_012,roll,2.0,deg,4,Car,vehicle,41.3,>30m,23.4,2,0.87,0,0,,
nuscenes_mini_subset,scene-1094_012,roll,2.0,deg,5,Pedestrian,pedestrian,27.0,15-30m,50.1,2,0.0,3,0,0.0,45.45
nuscenes_mini_subset,scene-1094_012,roll,2.0,deg,6,Car,vehicle,10.7,0-15m,78.9,0,0.85,22,22,1.0,49.2
nuscenes_mini_subset,scene-1094_012,roll,2.0,deg,7,Pedestrian,pedestrian,17.3,15-30m,57.0,0,0.0,6,6,1.0,45.94
nuscenes_mini_subset,scene-1094_012,roll,2.0,deg,8,Pedestrian,pedestrian,23.6,15-30m,68.3,2,0.0,0,0,,
nuscenes_mini_subset,scene-1094_012,roll,2.0,deg,9,Car,vehicle,24.5,15-30m,248.6,2,0.0,15,11,0.7333,45.76
nuscenes_mini_subset,scene-1094_012,roll,2.0,deg,10,Car,vehicle,23.9,15-30m,270.2,0,0.0,31,29,0.9355,45.42
nuscenes_mini_subset,scene-1094_012,roll,2.0,deg,11,Car,vehicle,18.7,15-30m,340.7,2,0.0,34,27,0.7941,46.09
nuscenes_mini_subset,scene-1094_012,roll,2.0,deg,12,Car,vehicle,20.7,15-30m,405.2,0,0.0,121,121,1.0,45.83
nuscenes_mini_subset,scene-1094_012,roll,2.0,deg,13,Pedestrian,pedestrian,8.7,0-15m,221.9,0,0.0,49,41,0.8367,48.07
nuscenes_mini_subset,scene-1094_012,roll,2.0,deg,14,Pedestrian,pedestrian,17.2,15-30m,54.8,2,0.0,8,5,0.625,45.98
nuscenes_mini_subset,scene-1094_012,roll,3.0,deg,0,Car,vehicle,15.9,15-30m,306.7,0,0.0,137,96,0.7007,69.84
nuscenes_mini_subset,scene-1094_012,roll,3.0,deg,1,Car,vehicle,31.2,>30m,90.2,2,0.59,2,2,1.0,68.43
nuscenes_mini_subset,scene-1094_012,roll,3.0,deg,2,Car,vehicle,35.4,>30m,147.8,2,0.0,3,1,0.3333,68.14
nuscenes_mini_subset,scene-1094_012,roll,3.0,deg,3,Pedestrian,pedestrian,17.2,15-30m,59.0,0,0.0,8,4,0.5,68.94
nuscenes_mini_subset,scene-1094_012,roll,3.0,deg,4,Car,vehicle,41.3,>30m,23.4,2,0.87,0,0,,
nuscenes_mini_subset,scene-1094_012,roll,3.0,deg,5,Pedestrian,pedestrian,27.0,15-30m,50.1,2,0.0,3,0,0.0,68.28
nuscenes_mini_subset,scene-1094_012,roll,3.0,deg,6,Car,vehicle,10.7,0-15m,78.9,0,0.85,22,21,0.9545,73.62
nuscenes_mini_subset,scene-1094_012,roll,3.0,deg,7,Pedestrian,pedestrian,17.3,15-30m,57.0,0,0.0,6,3,0.5,68.88
nuscenes_mini_subset,scene-1094_012,roll,3.0,deg,8,Pedestrian,pedestrian,23.6,15-30m,68.3,2,0.0,0,0,,
nuscenes_mini_subset,scene-1094_012,roll,3.0,deg,9,Car,vehicle,24.5,15-30m,248.6,2,0.0,15,0,0.0,68.64
nuscenes_mini_subset,scene-1094_012,roll,3.0,deg,10,Car,vehicle,23.9,15-30m,270.2,0,0.0,31,4,0.129,68.16
nuscenes_mini_subset,scene-1094_012,roll,3.0,deg,11,Car,vehicle,18.7,15-30m,340.7,2,0.0,34,26,0.7647,69.11
nuscenes_mini_subset,scene-1094_012,roll,3.0,deg,12,Car,vehicle,20.7,15-30m,405.2,0,0.0,121,87,0.719,68.78
nuscenes_mini_subset,scene-1094_012,roll,3.0,deg,13,Pedestrian,pedestrian,8.7,0-15m,221.9,0,0.0,49,25,0.5102,72.04
nuscenes_mini_subset,scene-1094_012,roll,3.0,deg,14,Pedestrian,pedestrian,17.2,15-30m,54.8,2,0.0,8,4,0.5,68.95
nuscenes_mini_subset,scene-1094_012,tx,0.0,m,0,Car,vehicle,15.9,15-30m,306.7,0,0.0,137,137,1.0,0.0
nuscenes_mini_subset,scene-1094_012,tx,0.0,m,1,Car,vehicle,31.2,>30m,90.2,2,0.59,2,2,1.0,0.0
nuscenes_mini_subset,scene-1094_012,tx,0.0,m,2,Car,vehicle,35.4,>30m,147.8,2,0.0,3,3,1.0,0.0
nuscenes_mini_subset,scene-1094_012,tx,0.0,m,3,Pedestrian,pedestrian,17.2,15-30m,59.0,0,0.0,8,8,1.0,0.0
nuscenes_mini_subset,scene-1094_012,tx,0.0,m,4,Car,vehicle,41.3,>30m,23.4,2,0.87,0,0,,
nuscenes_mini_subset,scene-1094_012,tx,0.0,m,5,Pedestrian,pedestrian,27.0,15-30m,50.1,2,0.0,3,3,1.0,0.0
nuscenes_mini_subset,scene-1094_012,tx,0.0,m,6,Car,vehicle,10.7,0-15m,78.9,0,0.85,20,20,1.0,0.0
nuscenes_mini_subset,scene-1094_012,tx,0.0,m,7,Pedestrian,pedestrian,17.3,15-30m,57.0,0,0.0,6,6,1.0,0.0
nuscenes_mini_subset,scene-1094_012,tx,0.0,m,8,Pedestrian,pedestrian,23.6,15-30m,68.3,2,0.0,0,0,,
nuscenes_mini_subset,scene-1094_012,tx,0.0,m,9,Car,vehicle,24.5,15-30m,248.6,2,0.0,15,15,1.0,0.0
nuscenes_mini_subset,scene-1094_012,tx,0.0,m,10,Car,vehicle,23.9,15-30m,270.2,0,0.0,31,31,1.0,0.0
nuscenes_mini_subset,scene-1094_012,tx,0.0,m,11,Car,vehicle,18.7,15-30m,340.7,2,0.0,34,34,1.0,0.0
nuscenes_mini_subset,scene-1094_012,tx,0.0,m,12,Car,vehicle,20.7,15-30m,405.2,0,0.0,121,121,1.0,0.0
nuscenes_mini_subset,scene-1094_012,tx,0.0,m,13,Pedestrian,pedestrian,8.7,0-15m,221.9,0,0.0,49,49,1.0,0.0
nuscenes_mini_subset,scene-1094_012,tx,0.0,m,14,Pedestrian,pedestrian,17.2,15-30m,54.8,2,0.0,8,8,1.0,0.0
nuscenes_mini_subset,scene-1094_012,tx,0.02,m,0,Car,vehicle,15.9,15-30m,306.7,0,0.0,137,137,1.0,1.83
nuscenes_mini_subset,scene-1094_012,tx,0.02,m,1,Car,vehicle,31.2,>30m,90.2,2,0.59,2,2,1.0,1.01
nuscenes_mini_subset,scene-1094_012,tx,0.02,m,2,Car,vehicle,35.4,>30m,147.8,2,0.0,3,3,1.0,0.85
nuscenes_mini_subset,scene-1094_012,tx,0.02,m,3,Pedestrian,pedestrian,17.2,15-30m,59.0,0,0.0,8,8,1.0,1.55
nuscenes_mini_subset,scene-1094_012,tx,0.02,m,4,Car,vehicle,41.3,>30m,23.4,2,0.87,0,0,,
nuscenes_mini_subset,scene-1094_012,tx,0.02,m,5,Pedestrian,pedestrian,27.0,15-30m,50.1,2,0.0,3,3,1.0,1.01
nuscenes_mini_subset,scene-1094_012,tx,0.02,m,6,Car,vehicle,10.7,0-15m,78.9,0,0.85,21,21,1.0,3.32
nuscenes_mini_subset,scene-1094_012,tx,0.02,m,7,Pedestrian,pedestrian,17.3,15-30m,57.0,0,0.0,6,6,1.0,1.52
nuscenes_mini_subset,scene-1094_012,tx,0.02,m,8,Pedestrian,pedestrian,23.6,15-30m,68.3,2,0.0,0,0,,
nuscenes_mini_subset,scene-1094_012,tx,0.02,m,9,Car,vehicle,24.5,15-30m,248.6,2,0.0,15,15,1.0,1.16
nuscenes_mini_subset,scene-1094_012,tx,0.02,m,10,Car,vehicle,23.9,15-30m,270.2,0,0.0,31,31,1.0,1.11
nuscenes_mini_subset,scene-1094_012,tx,0.02,m,11,Car,vehicle,18.7,15-30m,340.7,2,0.0,34,34,1.0,1.48
nuscenes_mini_subset,scene-1094_012,tx,0.02,m,12,Car,vehicle,20.7,15-30m,405.2,0,0.0,121,121,1.0,1.3
nuscenes_mini_subset,scene-1094_012,tx,0.02,m,13,Pedestrian,pedestrian,8.7,0-15m,221.9,0,0.0,49,49,1.0,3.17
nuscenes_mini_subset,scene-1094_012,tx,0.02,m,14,Pedestrian,pedestrian,17.2,15-30m,54.8,2,0.0,8,8,1.0,1.56
nuscenes_mini_subset,scene-1094_012,tx,0.05,m,0,Car,vehicle,15.9,15-30m,306.7,0,0.0,137,137,1.0,4.56
nuscenes_mini_subset,scene-1094_012,tx,0.05,m,1,Car,vehicle,31.2,>30m,90.2,2,0.59,2,2,1.0,2.54
nuscenes_mini_subset,scene-1094_012,tx,0.05,m,2,Car,vehicle,35.4,>30m,147.8,2,0.0,3,3,1.0,2.13
nuscenes_mini_subset,scene-1094_012,tx,0.05,m,3,Pedestrian,pedestrian,17.2,15-30m,59.0,0,0.0,8,8,1.0,3.87
nuscenes_mini_subset,scene-1094_012,tx,0.05,m,4,Car,vehicle,41.3,>30m,23.4,2,0.87,0,0,,
nuscenes_mini_subset,scene-1094_012,tx,0.05,m,5,Pedestrian,pedestrian,27.0,15-30m,50.1,2,0.0,3,3,1.0,2.53
nuscenes_mini_subset,scene-1094_012,tx,0.05,m,6,Car,vehicle,10.7,0-15m,78.9,0,0.85,25,25,1.0,8.3
nuscenes_mini_subset,scene-1094_012,tx,0.05,m,7,Pedestrian,pedestrian,17.3,15-30m,57.0,0,0.0,6,6,1.0,3.79
nuscenes_mini_subset,scene-1094_012,tx,0.05,m,8,Pedestrian,pedestrian,23.6,15-30m,68.3,2,0.0,0,0,,
nuscenes_mini_subset,scene-1094_012,tx,0.05,m,9,Car,vehicle,24.5,15-30m,248.6,2,0.0,15,15,1.0,2.91
nuscenes_mini_subset,scene-1094_012,tx,0.05,m,10,Car,vehicle,23.9,15-30m,270.2,0,0.0,31,31,1.0,2.76
nuscenes_mini_subset,scene-1094_012,tx,0.05,m,11,Car,vehicle,18.7,15-30m,340.7,2,0.0,34,34,1.0,3.69
nuscenes_mini_subset,scene-1094_012,tx,0.05,m,12,Car,vehicle,20.7,15-30m,405.2,0,0.0,121,121,1.0,3.24
nuscenes_mini_subset,scene-1094_012,tx,0.05,m,13,Pedestrian,pedestrian,8.7,0-15m,221.9,0,0.0,49,49,1.0,7.93
nuscenes_mini_subset,scene-1094_012,tx,0.05,m,14,Pedestrian,pedestrian,17.2,15-30m,54.8,2,0.0,8,8,1.0,3.91
nuscenes_mini_subset,scene-1094_012,tx,0.1,m,0,Car,vehicle,15.9,15-30m,306.7,0,0.0,137,137,1.0,9.13
nuscenes_mini_subset,scene-1094_012,tx,0.1,m,1,Car,vehicle,31.2,>30m,90.2,2,0.59,2,2,1.0,5.07
nuscenes_mini_subset,scene-1094_012,tx,0.1,m,2,Car,vehicle,35.4,>30m,147.8,2,0.0,3,3,1.0,4.27
nuscenes_mini_subset,scene-1094_012,tx,0.1,m,3,Pedestrian,pedestrian,17.2,15-30m,59.0,0,0.0,8,8,1.0,7.74
nuscenes_mini_subset,scene-1094_012,tx,0.1,m,4,Car,vehicle,41.3,>30m,23.4,2,0.87,0,0,,
nuscenes_mini_subset,scene-1094_012,tx,0.1,m,5,Pedestrian,pedestrian,27.0,15-30m,50.1,2,0.0,3,3,1.0,5.07
nuscenes_mini_subset,scene-1094_012,tx,0.1,m,6,Car,vehicle,10.7,0-15m,78.9,0,0.85,28,28,1.0,16.6
nuscenes_mini_subset,scene-1094_012,tx,0.1,m,7,Pedestrian,pedestrian,17.3,15-30m,57.0,0,0.0,6,6,1.0,7.58
nuscenes_mini_subset,scene-1094_012,tx,0.1,m,8,Pedestrian,pedestrian,23.6,15-30m,68.3,2,0.0,0,0,,
nuscenes_mini_subset,scene-1094_012,tx,0.1,m,9,Car,vehicle,24.5,15-30m,248.6,2,0.0,15,15,1.0,5.81
nuscenes_mini_subset,scene-1094_012,tx,0.1,m,10,Car,vehicle,23.9,15-30m,270.2,0,0.0,31,31,1.0,5.53
nuscenes_mini_subset,scene-1094_012,tx,0.1,m,11,Car,vehicle,18.7,15-30m,340.7,2,0.0,34,34,1.0,7.39
nuscenes_mini_subset,scene-1094_012,tx,0.1,m,12,Car,vehicle,20.7,15-30m,405.2,0,0.0,121,121,1.0,6.48
nuscenes_mini_subset,scene-1094_012,tx,0.1,m,13,Pedestrian,pedestrian,8.7,0-15m,221.9,0,0.0,49,49,1.0,15.87
nuscenes_mini_subset,scene-1094_012,tx,0.1,m,14,Pedestrian,pedestrian,17.2,15-30m,54.8,2,0.0,8,8,1.0,7.81
nuscenes_mini_subset,scene-1094_012,tx,0.2,m,0,Car,vehicle,15.9,15-30m,306.7,0,0.0,137,137,1.0,18.26
nuscenes_mini_subset,scene-1094_012,tx,0.2,m,1,Car,vehicle,31.2,>30m,90.2,2,0.59,2,2,1.0,10.15
nuscenes_mini_subset,scene-1094_012,tx,0.2,m,2,Car,vehicle,35.4,>30m,147.8,2,0.0,3,3,1.0,8.54
nuscenes_mini_subset,scene-1094_012,tx,0.2,m,3,Pedestrian,pedestrian,17.2,15-30m,59.0,0,0.0,8,8,1.0,15.48
nuscenes_mini_subset,scene-1094_012,tx,0.2,m,4,Car,vehicle,41.3,>30m,23.4,2,0.87,0,0,,
nuscenes_mini_subset,scene-1094_012,tx,0.2,m,5,Pedestrian,pedestrian,27.0,15-30m,50.1,2,0.0,3,2,0.6667,10.13
nuscenes_mini_subset,scene-1094_012,tx,0.2,m,6,Car,vehicle,10.7,0-15m,78.9,0,0.85,39,38,0.9744,33.19
nuscenes_mini_subset,scene-1094_012,tx,0.2,m,7,Pedestrian,pedestrian,17.3,15-30m,57.0,0,0.0,6,5,0.8333,15.16
nuscenes_mini_subset,scene-1094_012,tx,0.2,m,8,Pedestrian,pedestrian,23.6,15-30m,68.3,2,0.0,0,0,,
nuscenes_mini_subset,scene-1094_012,tx,0.2,m,9,Car,vehicle,24.5,15-30m,248.6,2,0.0,15,15,1.0,11.62
nuscenes_mini_subset,scene-1094_012,tx,0.2,m,10,Car,vehicle,23.9,15-30m,270.2,0,0.0,31,31,1.0,11.06
nuscenes_mini_subset,scene-1094_012,tx,0.2,m,11,Car,vehicle,18.7,15-30m,340.7,2,0.0,34,34,1.0,14.78
nuscenes_mini_subset,scene-1094_012,tx,0.2,m,12,Car,vehicle,20.7,15-30m,405.2,0,0.0,121,119,0.9835,12.96
nuscenes_mini_subset,scene-1094_012,tx,0.2,m,13,Pedestrian,pedestrian,8.7,0-15m,221.9,0,0.0,49,49,1.0,31.73
nuscenes_mini_subset,scene-1094_012,tx,0.2,m,14,Pedestrian,pedestrian,17.2,15-30m,54.8,2,0.0,8,8,1.0,15.63
nuscenes_mini_subset,scene-1094_012,ty,0.0,m,0,Car,vehicle,15.9,15-30m,306.7,0,0.0,137,137,1.0,0.0
nuscenes_mini_subset,scene-1094_012,ty,0.0,m,1,Car,vehicle,31.2,>30m,90.2,2,0.59,2,2,1.0,0.0
nuscenes_mini_subset,scene-1094_012,ty,0.0,m,2,Car,vehicle,35.4,>30m,147.8,2,0.0,3,3,1.0,0.0
nuscenes_mini_subset,scene-1094_012,ty,0.0,m,3,Pedestrian,pedestrian,17.2,15-30m,59.0,0,0.0,8,8,1.0,0.0
nuscenes_mini_subset,scene-1094_012,ty,0.0,m,4,Car,vehicle,41.3,>30m,23.4,2,0.87,0,0,,
nuscenes_mini_subset,scene-1094_012,ty,0.0,m,5,Pedestrian,pedestrian,27.0,15-30m,50.1,2,0.0,3,3,1.0,0.0
nuscenes_mini_subset,scene-1094_012,ty,0.0,m,6,Car,vehicle,10.7,0-15m,78.9,0,0.85,20,20,1.0,0.0
nuscenes_mini_subset,scene-1094_012,ty,0.0,m,7,Pedestrian,pedestrian,17.3,15-30m,57.0,0,0.0,6,6,1.0,0.0
nuscenes_mini_subset,scene-1094_012,ty,0.0,m,8,Pedestrian,pedestrian,23.6,15-30m,68.3,2,0.0,0,0,,
nuscenes_mini_subset,scene-1094_012,ty,0.0,m,9,Car,vehicle,24.5,15-30m,248.6,2,0.0,15,15,1.0,0.0
nuscenes_mini_subset,scene-1094_012,ty,0.0,m,10,Car,vehicle,23.9,15-30m,270.2,0,0.0,31,31,1.0,0.0
nuscenes_mini_subset,scene-1094_012,ty,0.0,m,11,Car,vehicle,18.7,15-30m,340.7,2,0.0,34,34,1.0,0.0
nuscenes_mini_subset,scene-1094_012,ty,0.0,m,12,Car,vehicle,20.7,15-30m,405.2,0,0.0,121,121,1.0,0.0
nuscenes_mini_subset,scene-1094_012,ty,0.0,m,13,Pedestrian,pedestrian,8.7,0-15m,221.9,0,0.0,49,49,1.0,0.0
nuscenes_mini_subset,scene-1094_012,ty,0.0,m,14,Pedestrian,pedestrian,17.2,15-30m,54.8,2,0.0,8,8,1.0,0.0
nuscenes_mini_subset,scene-1094_012,ty,0.02,m,0,Car,vehicle,15.9,15-30m,306.7,0,0.0,137,137,1.0,0.65
nuscenes_mini_subset,scene-1094_012,ty,0.02,m,1,Car,vehicle,31.2,>30m,90.2,2,0.59,2,2,1.0,0.59
nuscenes_mini_subset,scene-1094_012,ty,0.02,m,2,Car,vehicle,35.4,>30m,147.8,2,0.0,3,3,1.0,0.47
nuscenes_mini_subset,scene-1094_012,ty,0.02,m,3,Pedestrian,pedestrian,17.2,15-30m,59.0,0,0.0,8,8,1.0,0.52
nuscenes_mini_subset,scene-1094_012,ty,0.02,m,4,Car,vehicle,41.3,>30m,23.4,2,0.87,0,0,,
nuscenes_mini_subset,scene-1094_012,ty,0.02,m,5,Pedestrian,pedestrian,27.0,15-30m,50.1,2,0.0,3,3,1.0,0.42
nuscenes_mini_subset,scene-1094_012,ty,0.02,m,6,Car,vehicle,10.7,0-15m,78.9,0,0.85,21,21,1.0,2.07
nuscenes_mini_subset,scene-1094_012,ty,0.02,m,7,Pedestrian,pedestrian,17.3,15-30m,57.0,0,0.0,6,6,1.0,0.44
nuscenes_mini_subset,scene-1094_012,ty,0.02,m,8,Pedestrian,pedestrian,23.6,15-30m,68.3,2,0.0,0,0,,
nuscenes_mini_subset,scene-1094_012,ty,0.02,m,9,Car,vehicle,24.5,15-30m,248.6,2,0.0,15,15,1.0,0.58
nuscenes_mini_subset,scene-1094_012,ty,0.02,m,10,Car,vehicle,23.9,15-30m,270.2,0,0.0,31,31,1.0,0.25
nuscenes_mini_subset,scene-1094_012,ty,0.02,m,11,Car,vehicle,18.7,15-30m,340.7,2,0.0,34,34,1.0,0.29
nuscenes_mini_subset,scene-1094_012,ty,0.02,m,12,Car,vehicle,20.7,15-30m,405.2,0,0.0,121,121,1.0,0.17
nuscenes_mini_subset,scene-1094_012,ty,0.02,m,13,Pedestrian,pedestrian,8.7,0-15m,221.9,0,0.0,49,49,1.0,1.45
nuscenes_mini_subset,scene-1094_012,ty,0.02,m,14,Pedestrian,pedestrian,17.2,15-30m,54.8,2,0.0,8,8,1.0,0.59
nuscenes_mini_subset,scene-1094_012,ty,0.05,m,0,Car,vehicle,15.9,15-30m,306.7,0,0.0,137,137,1.0,1.63
nuscenes_mini_subset,scene-1094_012,ty,0.05,m,1,Car,vehicle,31.2,>30m,90.2,2,0.59,2,2,1.0,1.48
nuscenes_mini_subset,scene-1094_012,ty,0.05,m,2,Car,vehicle,35.4,>30m,147.8,2,0.0,3,3,1.0,1.18
nuscenes_mini_subset,scene-1094_012,ty,0.05,m,3,Pedestrian,pedestrian,17.2,15-30m,59.0,0,0.0,8,8,1.0,1.29
nuscenes_mini_subset,scene-1094_012,ty,0.05,m,4,Car,vehicle,41.3,>30m,23.4,2,0.87,0,0,,
nuscenes_mini_subset,scene-1094_012,ty,0.05,m,5,Pedestrian,pedestrian,27.0,15-30m,50.1,2,0.0,3,3,1.0,1.06
nuscenes_mini_subset,scene-1094_012,ty,0.05,m,6,Car,vehicle,10.7,0-15m,78.9,0,0.85,22,22,1.0,5.15
nuscenes_mini_subset,scene-1094_012,ty,0.05,m,7,Pedestrian,pedestrian,17.3,15-30m,57.0,0,0.0,6,6,1.0,1.11
nuscenes_mini_subset,scene-1094_012,ty,0.05,m,8,Pedestrian,pedestrian,23.6,15-30m,68.3,2,0.0,0,0,,
nuscenes_mini_subset,scene-1094_012,ty,0.05,m,9,Car,vehicle,24.5,15-30m,248.6,2,0.0,15,15,1.0,1.44
nuscenes_mini_subset,scene-1094_012,ty,0.05,m,10,Car,vehicle,23.9,15-30m,270.2,0,0.0,31,31,1.0,0.63
nuscenes_mini_subset,scene-1094_012,ty,0.05,m,11,Car,vehicle,18.7,15-30m,340.7,2,0.0,34,34,1.0,0.72
nuscenes_mini_subset,scene-1094_012,ty,0.05,m,12,Car,vehicle,20.7,15-30m,405.2,0,0.0,121,121,1.0,0.42
nuscenes_mini_subset,scene-1094_012,ty,0.05,m,13,Pedestrian,pedestrian,8.7,0-15m,221.9,0,0.0,49,49,1.0,3.61
nuscenes_mini_subset,scene-1094_012,ty,0.05,m,14,Pedestrian,pedestrian,17.2,15-30m,54.8,2,0.0,8,8,1.0,1.47
nuscenes_mini_subset,scene-1094_012,ty,0.1,m,0,Car,vehicle,15.9,15-30m,306.7,0,0.0,137,137,1.0,3.25
nuscenes_mini_subset,scene-1094_012,ty,0.1,m,1,Car,vehicle,31.2,>30m,90.2,2,0.59,2,2,1.0,2.95
nuscenes_mini_subset,scene-1094_012,ty,0.1,m,2,Car,vehicle,35.4,>30m,147.8,2,0.0,3,3,1.0,2.36
nuscenes_mini_subset,scene-1094_012,ty,0.1,m,3,Pedestrian,pedestrian,17.2,15-30m,59.0,0,0.0,8,8,1.0,2.57
nuscenes_mini_subset,scene-1094_012,ty,0.1,m,4,Car,vehicle,41.3,>30m,23.4,2,0.87,0,0,,
nuscenes_mini_subset,scene-1094_012,ty,0.1,m,5,Pedestrian,pedestrian,27.0,15-30m,50.1,2,0.0,3,3,1.0,2.11
nuscenes_mini_subset,scene-1094_012,ty,0.1,m,6,Car,vehicle,10.7,0-15m,78.9,0,0.85,27,27,1.0,10.24
nuscenes_mini_subset,scene-1094_012,ty,0.1,m,7,Pedestrian,pedestrian,17.3,15-30m,57.0,0,0.0,6,6,1.0,2.21
nuscenes_mini_subset,scene-1094_012,ty,0.1,m,8,Pedestrian,pedestrian,23.6,15-30m,68.3,2,0.0,0,0,,
nuscenes_mini_subset,scene-1094_012,ty,0.1,m,9,Car,vehicle,24.5,15-30m,248.6,2,0.0,15,15,1.0,2.87
nuscenes_mini_subset,scene-1094_012,ty,0.1,m,10,Car,vehicle,23.9,15-30m,270.2,0,0.0,31,31,1.0,1.26
nuscenes_mini_subset,scene-1094_012,ty,0.1,m,11,Car,vehicle,18.7,15-30m,340.7,2,0.0,34,34,1.0,1.44
nuscenes_mini_subset,scene-1094_012,ty,0.1,m,12,Car,vehicle,20.7,15-30m,405.2,0,0.0,121,121,1.0,0.85
nuscenes_mini_subset,scene-1094_012,ty,0.1,m,13,Pedestrian,pedestrian,8.7,0-15m,221.9,0,0.0,49,49,1.0,7.18
nuscenes_mini_subset,scene-1094_012,ty,0.1,m,14,Pedestrian,pedestrian,17.2,15-30m,54.8,2,0.0,8,8,1.0,2.93
nuscenes_mini_subset,scene-1094_012,ty,0.2,m,0,Car,vehicle,15.9,15-30m,306.7,0,0.0,137,137,1.0,6.45
nuscenes_mini_subset,scene-1094_012,ty,0.2,m,1,Car,vehicle,31.2,>30m,90.2,2,0.59,2,2,1.0,5.88
nuscenes_mini_subset,scene-1094_012,ty,0.2,m,2,Car,vehicle,35.4,>30m,147.8,2,0.0,3,3,1.0,4.7
nuscenes_mini_subset,scene-1094_012,ty,0.2,m,3,Pedestrian,pedestrian,17.2,15-30m,59.0,0,0.0,8,8,1.0,5.11
nuscenes_mini_subset,scene-1094_012,ty,0.2,m,4,Car,vehicle,41.3,>30m,23.4,2,0.87,0,0,,
nuscenes_mini_subset,scene-1094_012,ty,0.2,m,5,Pedestrian,pedestrian,27.0,15-30m,50.1,2,0.0,3,3,1.0,4.21
nuscenes_mini_subset,scene-1094_012,ty,0.2,m,6,Car,vehicle,10.7,0-15m,78.9,0,0.85,33,33,1.0,20.22
nuscenes_mini_subset,scene-1094_012,ty,0.2,m,7,Pedestrian,pedestrian,17.3,15-30m,57.0,0,0.0,6,6,1.0,4.39
nuscenes_mini_subset,scene-1094_012,ty,0.2,m,8,Pedestrian,pedestrian,23.6,15-30m,68.3,2,0.0,0,0,,
nuscenes_mini_subset,scene-1094_012,ty,0.2,m,9,Car,vehicle,24.5,15-30m,248.6,2,0.0,15,15,1.0,5.72
nuscenes_mini_subset,scene-1094_012,ty,0.2,m,10,Car,vehicle,23.9,15-30m,270.2,0,0.0,31,31,1.0,2.51
nuscenes_mini_subset,scene-1094_012,ty,0.2,m,11,Car,vehicle,18.7,15-30m,340.7,2,0.0,34,34,1.0,2.87
nuscenes_mini_subset,scene-1094_012,ty,0.2,m,12,Car,vehicle,20.7,15-30m,405.2,0,0.0,121,121,1.0,1.68
nuscenes_mini_subset,scene-1094_012,ty,0.2,m,13,Pedestrian,pedestrian,8.7,0-15m,221.9,0,0.0,49,49,1.0,14.19
nuscenes_mini_subset,scene-1094_012,ty,0.2,m,14,Pedestrian,pedestrian,17.2,15-30m,54.8,2,0.0,8,8,1.0,5.82
nuscenes_mini_subset,scene-1094_012,tz,0.0,m,0,Car,vehicle,15.9,15-30m,306.7,0,0.0,137,137,1.0,0.0
nuscenes_mini_subset,scene-1094_012,tz,0.0,m,1,Car,vehicle,31.2,>30m,90.2,2,0.59,2,2,1.0,0.0
nuscenes_mini_subset,scene-1094_012,tz,0.0,m,2,Car,vehicle,35.4,>30m,147.8,2,0.0,3,3,1.0,0.0
nuscenes_mini_subset,scene-1094_012,tz,0.0,m,3,Pedestrian,pedestrian,17.2,15-30m,59.0,0,0.0,8,8,1.0,0.0
nuscenes_mini_subset,scene-1094_012,tz,0.0,m,4,Car,vehicle,41.3,>30m,23.4,2,0.87,0,0,,
nuscenes_mini_subset,scene-1094_012,tz,0.0,m,5,Pedestrian,pedestrian,27.0,15-30m,50.1,2,0.0,3,3,1.0,0.0
nuscenes_mini_subset,scene-1094_012,tz,0.0,m,6,Car,vehicle,10.7,0-15m,78.9,0,0.85,20,20,1.0,0.0
nuscenes_mini_subset,scene-1094_012,tz,0.0,m,7,Pedestrian,pedestrian,17.3,15-30m,57.0,0,0.0,6,6,1.0,0.0
nuscenes_mini_subset,scene-1094_012,tz,0.0,m,8,Pedestrian,pedestrian,23.6,15-30m,68.3,2,0.0,0,0,,
nuscenes_mini_subset,scene-1094_012,tz,0.0,m,9,Car,vehicle,24.5,15-30m,248.6,2,0.0,15,15,1.0,0.0
nuscenes_mini_subset,scene-1094_012,tz,0.0,m,10,Car,vehicle,23.9,15-30m,270.2,0,0.0,31,31,1.0,0.0
nuscenes_mini_subset,scene-1094_012,tz,0.0,m,11,Car,vehicle,18.7,15-30m,340.7,2,0.0,34,34,1.0,0.0
nuscenes_mini_subset,scene-1094_012,tz,0.0,m,12,Car,vehicle,20.7,15-30m,405.2,0,0.0,121,121,1.0,0.0
nuscenes_mini_subset,scene-1094_012,tz,0.0,m,13,Pedestrian,pedestrian,8.7,0-15m,221.9,0,0.0,49,49,1.0,0.0
nuscenes_mini_subset,scene-1094_012,tz,0.0,m,14,Pedestrian,pedestrian,17.2,15-30m,54.8,2,0.0,8,8,1.0,0.0
nuscenes_mini_subset,scene-1094_012,tz,0.02,m,0,Car,vehicle,15.9,15-30m,306.7,0,0.0,137,137,1.0,1.82
nuscenes_mini_subset,scene-1094_012,tz,0.02,m,1,Car,vehicle,31.2,>30m,90.2,2,0.59,2,2,1.0,1.01
nuscenes_mini_subset,scene-1094_012,tz,0.02,m,2,Car,vehicle,35.4,>30m,147.8,2,0.0,3,3,1.0,0.85
nuscenes_mini_subset,scene-1094_012,tz,0.02,m,3,Pedestrian,pedestrian,17.2,15-30m,59.0,0,0.0,8,8,1.0,1.55
nuscenes_mini_subset,scene-1094_012,tz,0.02,m,4,Car,vehicle,41.3,>30m,23.4,2,0.87,0,0,,
nuscenes_mini_subset,scene-1094_012,tz,0.02,m,5,Pedestrian,pedestrian,27.0,15-30m,50.1,2,0.0,3,3,1.0,1.02
nuscenes_mini_subset,scene-1094_012,tz,0.02,m,6,Car,vehicle,10.7,0-15m,78.9,0,0.85,20,20,1.0,3.31
nuscenes_mini_subset,scene-1094_012,tz,0.02,m,7,Pedestrian,pedestrian,17.3,15-30m,57.0,0,0.0,6,6,1.0,1.52
nuscenes_mini_subset,scene-1094_012,tz,0.02,m,8,Pedestrian,pedestrian,23.6,15-30m,68.3,2,0.0,0,0,,
nuscenes_mini_subset,scene-1094_012,tz,0.02,m,9,Car,vehicle,24.5,15-30m,248.6,2,0.0,15,15,1.0,1.16
nuscenes_mini_subset,scene-1094_012,tz,0.02,m,10,Car,vehicle,23.9,15-30m,270.2,0,0.0,31,31,1.0,1.11
nuscenes_mini_subset,scene-1094_012,tz,0.02,m,11,Car,vehicle,18.7,15-30m,340.7,2,0.0,34,34,1.0,1.48
nuscenes_mini_subset,scene-1094_012,tz,0.02,m,12,Car,vehicle,20.7,15-30m,405.2,0,0.0,121,121,1.0,1.29
nuscenes_mini_subset,scene-1094_012,tz,0.02,m,13,Pedestrian,pedestrian,8.7,0-15m,221.9,0,0.0,49,49,1.0,3.19
nuscenes_mini_subset,scene-1094_012,tz,0.02,m,14,Pedestrian,pedestrian,17.2,15-30m,54.8,2,0.0,8,8,1.0,1.57
nuscenes_mini_subset,scene-1094_012,tz,0.05,m,0,Car,vehicle,15.9,15-30m,306.7,0,0.0,137,137,1.0,4.55
nuscenes_mini_subset,scene-1094_012,tz,0.05,m,1,Car,vehicle,31.2,>30m,90.2,2,0.59,2,2,1.0,2.53
nuscenes_mini_subset,scene-1094_012,tz,0.05,m,2,Car,vehicle,35.4,>30m,147.8,2,0.0,3,3,1.0,2.12
nuscenes_mini_subset,scene-1094_012,tz,0.05,m,3,Pedestrian,pedestrian,17.2,15-30m,59.0,0,0.0,8,8,1.0,3.88
nuscenes_mini_subset,scene-1094_012,tz,0.05,m,4,Car,vehicle,41.3,>30m,23.4,2,0.87,0,0,,
nuscenes_mini_subset,scene-1094_012,tz,0.05,m,5,Pedestrian,pedestrian,27.0,15-30m,50.1,2,0.0,3,3,1.0,2.54
nuscenes_mini_subset,scene-1094_012,tz,0.05,m,6,Car,vehicle,10.7,0-15m,78.9,0,0.85,20,20,1.0,8.27
nuscenes_mini_subset,scene-1094_012,tz,0.05,m,7,Pedestrian,pedestrian,17.3,15-30m,57.0,0,0.0,6,6,1.0,3.8
nuscenes_mini_subset,scene-1094_012,tz,0.05,m,8,Pedestrian,pedestrian,23.6,15-30m,68.3,2,0.0,0,0,,
nuscenes_mini_subset,scene-1094_012,tz,0.05,m,9,Car,vehicle,24.5,15-30m,248.6,2,0.0,15,15,1.0,2.89
nuscenes_mini_subset,scene-1094_012,tz,0.05,m,10,Car,vehicle,23.9,15-30m,270.2,0,0.0,31,31,1.0,2.77
nuscenes_mini_subset,scene-1094_012,tz,0.05,m,11,Car,vehicle,18.7,15-30m,340.7,2,0.0,34,34,1.0,3.69
nuscenes_mini_subset,scene-1094_012,tz,0.05,m,12,Car,vehicle,20.7,15-30m,405.2,0,0.0,121,121,1.0,3.24
nuscenes_mini_subset,scene-1094_012,tz,0.05,m,13,Pedestrian,pedestrian,8.7,0-15m,221.9,0,0.0,49,49,1.0,7.97
nuscenes_mini_subset,scene-1094_012,tz,0.05,m,14,Pedestrian,pedestrian,17.2,15-30m,54.8,2,0.0,8,8,1.0,3.92
nuscenes_mini_subset,scene-1094_012,tz,0.1,m,0,Car,vehicle,15.9,15-30m,306.7,0,0.0,137,137,1.0,9.11
nuscenes_mini_subset,scene-1094_012,tz,0.1,m,1,Car,vehicle,31.2,>30m,90.2,2,0.59,2,2,1.0,5.05
nuscenes_mini_subset,scene-1094_012,tz,0.1,m,2,Car,vehicle,35.4,>30m,147.8,2,0.0,3,3,1.0,4.25
nuscenes_mini_subset,scene-1094_012,tz,0.1,m,3,Pedestrian,pedestrian,17.2,15-30m,59.0,0,0.0,8,8,1.0,7.77
nuscenes_mini_subset,scene-1094_012,tz,0.1,m,4,Car,vehicle,41.3,>30m,23.4,2,0.87,0,0,,
nuscenes_mini_subset,scene-1094_012,tz,0.1,m,5,Pedestrian,pedestrian,27.0,15-30m,50.1,2,0.0,3,3,1.0,5.08
nuscenes_mini_subset,scene-1094_012,tz,0.1,m,6,Car,vehicle,10.7,0-15m,78.9,0,0.85,21,21,1.0,16.54
nuscenes_mini_subset,scene-1094_012,tz,0.1,m,7,Pedestrian,pedestrian,17.3,15-30m,57.0,0,0.0,6,6,1.0,7.6
nuscenes_mini_subset,scene-1094_012,tz,0.1,m,8,Pedestrian,pedestrian,23.6,15-30m,68.3,2,0.0,0,0,,
nuscenes_mini_subset,scene-1094_012,tz,0.1,m,9,Car,vehicle,24.5,15-30m,248.6,2,0.0,15,15,1.0,5.79
nuscenes_mini_subset,scene-1094_012,tz,0.1,m,10,Car,vehicle,23.9,15-30m,270.2,0,0.0,31,31,1.0,5.54
nuscenes_mini_subset,scene-1094_012,tz,0.1,m,11,Car,vehicle,18.7,15-30m,340.7,2,0.0,34,34,1.0,7.38
nuscenes_mini_subset,scene-1094_012,tz,0.1,m,12,Car,vehicle,20.7,15-30m,405.2,0,0.0,121,121,1.0,6.47
nuscenes_mini_subset,scene-1094_012,tz,0.1,m,13,Pedestrian,pedestrian,8.7,0-15m,221.9,0,0.0,49,49,1.0,15.94
nuscenes_mini_subset,scene-1094_012,tz,0.1,m,14,Pedestrian,pedestrian,17.2,15-30m,54.8,2,0.0,8,8,1.0,7.84
nuscenes_mini_subset,scene-1094_012,tz,0.2,m,0,Car,vehicle,15.9,15-30m,306.7,0,0.0,137,137,1.0,18.21
nuscenes_mini_subset,scene-1094_012,tz,0.2,m,1,Car,vehicle,31.2,>30m,90.2,2,0.59,2,2,1.0,10.1
nuscenes_mini_subset,scene-1094_012,tz,0.2,m,2,Car,vehicle,35.4,>30m,147.8,2,0.0,3,3,1.0,8.5
nuscenes_mini_subset,scene-1094_012,tz,0.2,m,3,Pedestrian,pedestrian,17.2,15-30m,59.0,0,0.0,8,8,1.0,15.53
nuscenes_mini_subset,scene-1094_012,tz,0.2,m,4,Car,vehicle,41.3,>30m,23.4,2,0.87,0,0,,
nuscenes_mini_subset,scene-1094_012,tz,0.2,m,5,Pedestrian,pedestrian,27.0,15-30m,50.1,2,0.0,3,3,1.0,10.15
nuscenes_mini_subset,scene-1094_012,tz,0.2,m,6,Car,vehicle,10.7,0-15m,78.9,0,0.85,21,21,1.0,33.08
nuscenes_mini_subset,scene-1094_012,tz,0.2,m,7,Pedestrian,pedestrian,17.3,15-30m,57.0,0,0.0,6,6,1.0,15.21
nuscenes_mini_subset,scene-1094_012,tz,0.2,m,8,Pedestrian,pedestrian,23.6,15-30m,68.3,2,0.0,0,0,,
nuscenes_mini_subset,scene-1094_012,tz,0.2,m,9,Car,vehicle,24.5,15-30m,248.6,2,0.0,15,15,1.0,11.57
nuscenes_mini_subset,scene-1094_012,tz,0.2,m,10,Car,vehicle,23.9,15-30m,270.2,0,0.0,31,31,1.0,11.08
nuscenes_mini_subset,scene-1094_012,tz,0.2,m,11,Car,vehicle,18.7,15-30m,340.7,2,0.0,34,34,1.0,14.76
nuscenes_mini_subset,scene-1094_012,tz,0.2,m,12,Car,vehicle,20.7,15-30m,405.2,0,0.0,121,121,1.0,12.94
nuscenes_mini_subset,scene-1094_012,tz,0.2,m,13,Pedestrian,pedestrian,8.7,0-15m,221.9,0,0.0,49,41,0.8367,31.87
nuscenes_mini_subset,scene-1094_012,tz,0.2,m,14,Pedestrian,pedestrian,17.2,15-30m,54.8,2,0.0,8,6,0.75,15.68
nuscenes_mini_subset,scene-1094_016,yaw,0.0,deg,0,Car,vehicle,9.2,0-15m,40.5,0,0.97,16,15,0.9375,0.0
nuscenes_mini_subset,scene-1094_016,yaw,0.0,deg,1,Car,vehicle,24.1,15-30m,221.1,0,0.0,22,22,1.0,0.0
nuscenes_mini_subset,scene-1094_016,yaw,0.0,deg,2,Car,vehicle,28.3,15-30m,168.9,2,0.0,20,20,1.0,0.0
nuscenes_mini_subset,scene-1094_016,yaw,0.0,deg,3,Car,vehicle,34.2,>30m,157.9,2,0.0,17,17,1.0,0.0
nuscenes_mini_subset,scene-1094_016,yaw,0.0,deg,4,Car,vehicle,15.9,15-30m,191.1,0,0.0,72,72,1.0,0.0
nuscenes_mini_subset,scene-1094_016,yaw,0.0,deg,5,Car,vehicle,17.5,15-30m,265.1,0,0.33,23,23,1.0,0.0
nuscenes_mini_subset,scene-1094_016,yaw,0.0,deg,6,Car,vehicle,31.6,>30m,126.9,0,0.0,7,7,1.0,0.0
nuscenes_mini_subset,scene-1094_016,yaw,0.0,deg,7,Pedestrian,pedestrian,46.8,>30m,19.9,0,0.0,2,2,1.0,0.0
nuscenes_mini_subset,scene-1094_016,yaw,0.0,deg,8,Car,vehicle,39.4,>30m,94.0,0,0.0,0,0,,
nuscenes_mini_subset,scene-1094_016,yaw,0.25,deg,0,Car,vehicle,9.2,0-15m,40.5,0,0.97,16,16,1.0,7.92
nuscenes_mini_subset,scene-1094_016,yaw,0.25,deg,1,Car,vehicle,24.1,15-30m,221.1,0,0.0,22,22,1.0,6.18
nuscenes_mini_subset,scene-1094_016,yaw,0.25,deg,2,Car,vehicle,28.3,15-30m,168.9,2,0.0,20,20,1.0,6.52
nuscenes_mini_subset,scene-1094_016,yaw,0.25,deg,3,Car,vehicle,34.2,>30m,157.9,2,0.0,17,17,1.0,5.95
nuscenes_mini_subset,scene-1094_016,yaw,0.25,deg,4,Car,vehicle,15.9,15-30m,191.1,0,0.0,72,72,1.0,5.79
nuscenes_mini_subset,scene-1094_016,yaw,0.25,deg,5,Car,vehicle,17.5,15-30m,265.1,0,0.33,23,23,1.0,7.35
nuscenes_mini_subset,scene-1094_016,yaw,0.25,deg,6,Car,vehicle,31.6,>30m,126.9,0,0.0,7,7,1.0,5.86
nuscenes_mini_subset,scene-1094_016,yaw,0.25,deg,7,Pedestrian,pedestrian,46.8,>30m,19.9,0,0.0,2,1,0.5,5.95
nuscenes_mini_subset,scene-1094_016,yaw,0.25,deg,8,Car,vehicle,39.4,>30m,94.0,0,0.0,0,0,,
nuscenes_mini_subset,scene-1094_016,yaw,0.5,deg,0,Car,vehicle,9.2,0-15m,40.5,0,0.97,22,22,1.0,15.8
nuscenes_mini_subset,scene-1094_016,yaw,0.5,deg,1,Car,vehicle,24.1,15-30m,221.1,0,0.0,22,22,1.0,12.34
nuscenes_mini_subset,scene-1094_016,yaw,0.5,deg,2,Car,vehicle,28.3,15-30m,168.9,2,0.0,20,20,1.0,13.01
nuscenes_mini_subset,scene-1094_016,yaw,0.5,deg,3,Car,vehicle,34.2,>30m,157.9,2,0.0,17,17,1.0,11.88
nuscenes_mini_subset,scene-1094_016,yaw,0.5,deg,4,Car,vehicle,15.9,15-30m,191.1,0,0.0,72,71,0.9861,11.58
nuscenes_mini_subset,scene-1094_016,yaw,0.5,deg,5,Car,vehicle,17.5,15-30m,265.1,0,0.33,23,23,1.0,14.66
nuscenes_mini_subset,scene-1094_016,yaw,0.5,deg,6,Car,vehicle,31.6,>30m,126.9,0,0.0,7,7,1.0,11.7
nuscenes_mini_subset,scene-1094_016,yaw,0.5,deg,7,Pedestrian,pedestrian,46.8,>30m,19.9,0,0.0,2,1,0.5,11.92
nuscenes_mini_subset,scene-1094_016,yaw,0.5,deg,8,Car,vehicle,39.4,>30m,94.0,0,0.0,0,0,,
nuscenes_mini_subset,scene-1094_016,yaw,1.0,deg,0,Car,vehicle,9.2,0-15m,40.5,0,0.97,28,18,0.6429,31.43
nuscenes_mini_subset,scene-1094_016,yaw,1.0,deg,1,Car,vehicle,24.1,15-30m,221.1,0,0.0,22,22,1.0,24.61
nuscenes_mini_subset,scene-1094_016,yaw,1.0,deg,2,Car,vehicle,28.3,15-30m,168.9,2,0.0,20,20,1.0,25.93
nuscenes_mini_subset,scene-1094_016,yaw,1.0,deg,3,Car,vehicle,34.2,>30m,157.9,2,0.0,17,14,0.8235,23.72
nuscenes_mini_subset,scene-1094_016,yaw,1.0,deg,4,Car,vehicle,15.9,15-30m,191.1,0,0.0,72,68,0.9444,23.17
nuscenes_mini_subset,scene-1094_016,yaw,1.0,deg,5,Car,vehicle,17.5,15-30m,265.1,0,0.33,23,23,1.0,29.19
nuscenes_mini_subset,scene-1094_016,yaw,1.0,deg,6,Car,vehicle,31.6,>30m,126.9,0,0.0,7,7,1.0,23.37
nuscenes_mini_subset,scene-1094_016,yaw,1.0,deg,7,Pedestrian,pedestrian,46.8,>30m,19.9,0,0.0,2,0,0.0,23.89
nuscenes_mini_subset,scene-1094_016,yaw,1.0,deg,8,Car,vehicle,39.4,>30m,94.0,0,0.0,0,0,,
nuscenes_mini_subset,scene-1094_016,yaw,2.0,deg,0,Car,vehicle,9.2,0-15m,40.5,0,0.97,48,24,0.5,62.22
nuscenes_mini_subset,scene-1094_016,yaw,2.0,deg,1,Car,vehicle,24.1,15-30m,221.1,0,0.0,22,19,0.8636,48.98
nuscenes_mini_subset,scene-1094_016,yaw,2.0,deg,2,Car,vehicle,28.3,15-30m,168.9,2,0.0,20,19,0.95,51.52
nuscenes_mini_subset,scene-1094_016,yaw,2.0,deg,3,Car,vehicle,34.2,>30m,157.9,2,0.0,17,9,0.5294,47.25
nuscenes_mini_subset,scene-1094_016,yaw,2.0,deg,4,Car,vehicle,15.9,15-30m,191.1,0,0.0,72,61,0.8472,46.39
nuscenes_mini_subset,scene-1094_016,yaw,2.0,deg,5,Car,vehicle,17.5,15-30m,265.1,0,0.33,23,22,0.9565,57.85
nuscenes_mini_subset,scene-1094_016,yaw,2.0,deg,6,Car,vehicle,31.6,>30m,126.9,0,0.0,7,7,1.0,46.59
nuscenes_mini_subset,scene-1094_016,yaw,2.0,deg,7,Pedestrian,pedestrian,46.8,>30m,19.9,0,0.0,2,0,0.0,48.01
nuscenes_mini_subset,scene-1094_016,yaw,2.0,deg,8,Car,vehicle,39.4,>30m,94.0,0,0.0,0,0,,
nuscenes_mini_subset,scene-1094_016,yaw,3.0,deg,0,Car,vehicle,9.2,0-15m,40.5,0,0.97,71,31,0.4366,92.4
nuscenes_mini_subset,scene-1094_016,yaw,3.0,deg,1,Car,vehicle,24.1,15-30m,221.1,0,0.0,22,16,0.7273,73.13
nuscenes_mini_subset,scene-1094_016,yaw,3.0,deg,2,Car,vehicle,28.3,15-30m,168.9,2,0.0,20,11,0.55,76.78
nuscenes_mini_subset,scene-1094_016,yaw,3.0,deg,3,Car,vehicle,34.2,>30m,157.9,2,0.0,17,6,0.3529,70.61
nuscenes_mini_subset,scene-1094_016,yaw,3.0,deg,4,Car,vehicle,15.9,15-30m,191.1,0,0.0,72,53,0.7361,69.69
nuscenes_mini_subset,scene-1094_016,yaw,3.0,deg,5,Car,vehicle,17.5,15-30m,265.1,0,0.33,23,22,0.9565,86.01
nuscenes_mini_subset,scene-1094_016,yaw,3.0,deg,6,Car,vehicle,31.6,>30m,126.9,0,0.0,7,4,0.5714,69.68
nuscenes_mini_subset,scene-1094_016,yaw,3.0,deg,7,Pedestrian,pedestrian,46.8,>30m,19.9,0,0.0,2,0,0.0,72.37
nuscenes_mini_subset,scene-1094_016,yaw,3.0,deg,8,Car,vehicle,39.4,>30m,94.0,0,0.0,0,0,,
nuscenes_mini_subset,scene-1094_016,pitch,0.0,deg,0,Car,vehicle,9.2,0-15m,40.5,0,0.97,16,15,0.9375,0.0
nuscenes_mini_subset,scene-1094_016,pitch,0.0,deg,1,Car,vehicle,24.1,15-30m,221.1,0,0.0,22,22,1.0,0.0
nuscenes_mini_subset,scene-1094_016,pitch,0.0,deg,2,Car,vehicle,28.3,15-30m,168.9,2,0.0,20,20,1.0,0.0
nuscenes_mini_subset,scene-1094_016,pitch,0.0,deg,3,Car,vehicle,34.2,>30m,157.9,2,0.0,17,17,1.0,0.0
nuscenes_mini_subset,scene-1094_016,pitch,0.0,deg,4,Car,vehicle,15.9,15-30m,191.1,0,0.0,72,72,1.0,0.0
nuscenes_mini_subset,scene-1094_016,pitch,0.0,deg,5,Car,vehicle,17.5,15-30m,265.1,0,0.33,23,23,1.0,0.0
nuscenes_mini_subset,scene-1094_016,pitch,0.0,deg,6,Car,vehicle,31.6,>30m,126.9,0,0.0,7,7,1.0,0.0
nuscenes_mini_subset,scene-1094_016,pitch,0.0,deg,7,Pedestrian,pedestrian,46.8,>30m,19.9,0,0.0,2,2,1.0,0.0
nuscenes_mini_subset,scene-1094_016,pitch,0.0,deg,8,Car,vehicle,39.4,>30m,94.0,0,0.0,0,0,,
nuscenes_mini_subset,scene-1094_016,pitch,0.25,deg,0,Car,vehicle,9.2,0-15m,40.5,0,0.97,16,15,0.9375,3.4
nuscenes_mini_subset,scene-1094_016,pitch,0.25,deg,1,Car,vehicle,24.1,15-30m,221.1,0,0.0,22,22,1.0,1.68
nuscenes_mini_subset,scene-1094_016,pitch,0.25,deg,2,Car,vehicle,28.3,15-30m,168.9,2,0.0,20,20,1.0,2.21
nuscenes_mini_subset,scene-1094_016,pitch,0.25,deg,3,Car,vehicle,34.2,>30m,157.9,2,0.0,17,17,1.0,1.39
nuscenes_mini_subset,scene-1094_016,pitch,0.25,deg,4,Car,vehicle,15.9,15-30m,191.1,0,0.0,72,72,1.0,0.48
nuscenes_mini_subset,scene-1094_016,pitch,0.25,deg,5,Car,vehicle,17.5,15-30m,265.1,0,0.33,23,23,1.0,3.01
nuscenes_mini_subset,scene-1094_016,pitch,0.25,deg,6,Car,vehicle,31.6,>30m,126.9,0,0.0,7,7,1.0,1.13
nuscenes_mini_subset,scene-1094_016,pitch,0.25,deg,7,Pedestrian,pedestrian,46.8,>30m,19.9,0,0.0,2,2,1.0,1.38
nuscenes_mini_subset,scene-1094_016,pitch,0.25,deg,8,Car,vehicle,39.4,>30m,94.0,0,0.0,0,0,,
nuscenes_mini_subset,scene-1094_016,pitch,0.5,deg,0,Car,vehicle,9.2,0-15m,40.5,0,0.97,16,16,1.0,6.8
nuscenes_mini_subset,scene-1094_016,pitch,0.5,deg,1,Car,vehicle,24.1,15-30m,221.1,0,0.0,22,22,1.0,3.37
nuscenes_mini_subset,scene-1094_016,pitch,0.5,deg,2,Car,vehicle,28.3,15-30m,168.9,2,0.0,20,20,1.0,4.42
nuscenes_mini_subset,scene-1094_016,pitch,0.5,deg,3,Car,vehicle,34.2,>30m,157.9,2,0.0,17,17,1.0,2.78
nuscenes_mini_subset,scene-1094_016,pitch,0.5,deg,4,Car,vehicle,15.9,15-30m,191.1,0,0.0,72,72,1.0,0.95
nuscenes_mini_subset,scene-1094_016,pitch,0.5,deg,5,Car,vehicle,17.5,15-30m,265.1,0,0.33,23,23,1.0,6.02
nuscenes_mini_subset,scene-1094_016,pitch,0.5,deg,6,Car,vehicle,31.6,>30m,126.9,0,0.0,7,7,1.0,2.26
nuscenes_mini_subset,scene-1094_016,pitch,0.5,deg,7,Pedestrian,pedestrian,46.8,>30m,19.9,0,0.0,2,2,1.0,2.75
nuscenes_mini_subset,scene-1094_016,pitch,0.5,deg,8,Car,vehicle,39.4,>30m,94.0,0,0.0,0,0,,
nuscenes_mini_subset,scene-1094_016,pitch,1.0,deg,0,Car,vehicle,9.2,0-15m,40.5,0,0.97,16,16,1.0,13.61
nuscenes_mini_subset,scene-1094_016,pitch,1.0,deg,1,Car,vehicle,24.1,15-30m,221.1,0,0.0,22,22,1.0,6.74
nuscenes_mini_subset,scene-1094_016,pitch,1.0,deg,2,Car,vehicle,28.3,15-30m,168.9,2,0.0,20,20,1.0,8.85
nuscenes_mini_subset,scene-1094_016,pitch,1.0,deg,3,Car,vehicle,34.2,>30m,157.9,2,0.0,17,17,1.0,5.56
nuscenes_mini_subset,scene-1094_016,pitch,1.0,deg,4,Car,vehicle,15.9,15-30m,191.1,0,0.0,72,72,1.0,1.91
nuscenes_mini_subset,scene-1094_016,pitch,1.0,deg,5,Car,vehicle,17.5,15-30m,265.1,0,0.33,23,23,1.0,12.04
nuscenes_mini_subset,scene-1094_016,pitch,1.0,deg,6,Car,vehicle,31.6,>30m,126.9,0,0.0,7,7,1.0,4.52
nuscenes_mini_subset,scene-1094_016,pitch,1.0,deg,7,Pedestrian,pedestrian,46.8,>30m,19.9,0,0.0,2,2,1.0,5.5
nuscenes_mini_subset,scene-1094_016,pitch,1.0,deg,8,Car,vehicle,39.4,>30m,94.0,0,0.0,0,0,,
nuscenes_mini_subset,scene-1094_016,pitch,2.0,deg,0,Car,vehicle,9.2,0-15m,40.5,0,0.97,16,15,0.9375,27.21
nuscenes_mini_subset,scene-1094_016,pitch,2.0,deg,1,Car,vehicle,24.1,15-30m,221.1,0,0.0,22,22,1.0,13.47
nuscenes_mini_subset,scene-1094_016,pitch,2.0,deg,2,Car,vehicle,28.3,15-30m,168.9,2,0.0,20,15,0.75,17.7
nuscenes_mini_subset,scene-1094_016,pitch,2.0,deg,3,Car,vehicle,34.2,>30m,157.9,2,0.0,17,17,1.0,11.11
nuscenes_mini_subset,scene-1094_016,pitch,2.0,deg,4,Car,vehicle,15.9,15-30m,191.1,0,0.0,72,72,1.0,3.81
nuscenes_mini_subset,scene-1094_016,pitch,2.0,deg,5,Car,vehicle,17.5,15-30m,265.1,0,0.33,23,14,0.6087,24.09
nuscenes_mini_subset,scene-1094_016,pitch,2.0,deg,6,Car,vehicle,31.6,>30m,126.9,0,0.0,7,7,1.0,9.05
nuscenes_mini_subset,scene-1094_016,pitch,2.0,deg,7,Pedestrian,pedestrian,46.8,>30m,19.9,0,0.0,2,2,1.0,11.0
nuscenes_mini_subset,scene-1094_016,pitch,2.0,deg,8,Car,vehicle,39.4,>30m,94.0,0,0.0,0,0,,
nuscenes_mini_subset,scene-1094_016,pitch,3.0,deg,0,Car,vehicle,9.2,0-15m,40.5,0,0.97,16,15,0.9375,40.82
nuscenes_mini_subset,scene-1094_016,pitch,3.0,deg,1,Car,vehicle,24.1,15-30m,221.1,0,0.0,22,20,0.9091,20.21
nuscenes_mini_subset,scene-1094_016,pitch,3.0,deg,2,Car,vehicle,28.3,15-30m,168.9,2,0.0,20,15,0.75,26.54
nuscenes_mini_subset,scene-1094_016,pitch,3.0,deg,3,Car,vehicle,34.2,>30m,157.9,2,0.0,17,17,1.0,16.67
nuscenes_mini_subset,scene-1094_016,pitch,3.0,deg,4,Car,vehicle,15.9,15-30m,191.1,0,0.0,72,72,1.0,5.72
nuscenes_mini_subset,scene-1094_016,pitch,3.0,deg,5,Car,vehicle,17.5,15-30m,265.1,0,0.33,23,14,0.6087,36.13
nuscenes_mini_subset,scene-1094_016,pitch,3.0,deg,6,Car,vehicle,31.6,>30m,126.9,0,0.0,7,7,1.0,13.57
nuscenes_mini_subset,scene-1094_016,pitch,3.0,deg,7,Pedestrian,pedestrian,46.8,>30m,19.9,0,0.0,2,2,1.0,16.5
nuscenes_mini_subset,scene-1094_016,pitch,3.0,deg,8,Car,vehicle,39.4,>30m,94.0,0,0.0,0,0,,
nuscenes_mini_subset,scene-1094_016,roll,0.0,deg,0,Car,vehicle,9.2,0-15m,40.5,0,0.97,16,15,0.9375,0.0
nuscenes_mini_subset,scene-1094_016,roll,0.0,deg,1,Car,vehicle,24.1,15-30m,221.1,0,0.0,22,22,1.0,0.0
nuscenes_mini_subset,scene-1094_016,roll,0.0,deg,2,Car,vehicle,28.3,15-30m,168.9,2,0.0,20,20,1.0,0.0
nuscenes_mini_subset,scene-1094_016,roll,0.0,deg,3,Car,vehicle,34.2,>30m,157.9,2,0.0,17,17,1.0,0.0
nuscenes_mini_subset,scene-1094_016,roll,0.0,deg,4,Car,vehicle,15.9,15-30m,191.1,0,0.0,72,72,1.0,0.0
nuscenes_mini_subset,scene-1094_016,roll,0.0,deg,5,Car,vehicle,17.5,15-30m,265.1,0,0.33,23,23,1.0,0.0
nuscenes_mini_subset,scene-1094_016,roll,0.0,deg,6,Car,vehicle,31.6,>30m,126.9,0,0.0,7,7,1.0,0.0
nuscenes_mini_subset,scene-1094_016,roll,0.0,deg,7,Pedestrian,pedestrian,46.8,>30m,19.9,0,0.0,2,2,1.0,0.0
nuscenes_mini_subset,scene-1094_016,roll,0.0,deg,8,Car,vehicle,39.4,>30m,94.0,0,0.0,0,0,,
nuscenes_mini_subset,scene-1094_016,roll,0.25,deg,0,Car,vehicle,9.2,0-15m,40.5,0,0.97,16,15,0.9375,5.91
nuscenes_mini_subset,scene-1094_016,roll,0.25,deg,1,Car,vehicle,24.1,15-30m,221.1,0,0.0,22,22,1.0,5.67
nuscenes_mini_subset,scene-1094_016,roll,0.25,deg,2,Car,vehicle,28.3,15-30m,168.9,2,0.0,20,15,0.75,5.65
nuscenes_mini_subset,scene-1094_016,roll,0.25,deg,3,Car,vehicle,34.2,>30m,157.9,2,0.0,17,17,1.0,5.63
nuscenes_mini_subset,scene-1094_016,roll,0.25,deg,4,Car,vehicle,15.9,15-30m,191.1,0,0.0,72,72,1.0,5.79
nuscenes_mini_subset,scene-1094_016,roll,0.25,deg,5,Car,vehicle,17.5,15-30m,265.1,0,0.33,23,23,1.0,5.77
nuscenes_mini_subset,scene-1094_016,roll,0.25,deg,6,Car,vehicle,31.6,>30m,126.9,0,0.0,7,7,1.0,5.63
nuscenes_mini_subset,scene-1094_016,roll,0.25,deg,7,Pedestrian,pedestrian,46.8,>30m,19.9,0,0.0,2,2,1.0,5.6
nuscenes_mini_subset,scene-1094_016,roll,0.25,deg,8,Car,vehicle,39.4,>30m,94.0,0,0.0,0,0,,
nuscenes_mini_subset,scene-1094_016,roll,0.5,deg,0,Car,vehicle,9.2,0-15m,40.5,0,0.97,16,15,0.9375,11.81
nuscenes_mini_subset,scene-1094_016,roll,0.5,deg,1,Car,vehicle,24.1,15-30m,221.1,0,0.0,22,22,1.0,11.34
nuscenes_mini_subset,scene-1094_016,roll,0.5,deg,2,Car,vehicle,28.3,15-30m,168.9,2,0.0,20,15,0.75,11.3
nuscenes_mini_subset,scene-1094_016,roll,0.5,deg,3,Car,vehicle,34.2,>30m,157.9,2,0.0,17,17,1.0,11.25
nuscenes_mini_subset,scene-1094_016,roll,0.5,deg,4,Car,vehicle,15.9,15-30m,191.1,0,0.0,72,72,1.0,11.58
nuscenes_mini_subset,scene-1094_016,roll,0.5,deg,5,Car,vehicle,17.5,15-30m,265.1,0,0.33,23,23,1.0,11.53
nuscenes_mini_subset,scene-1094_016,roll,0.5,deg,6,Car,vehicle,31.6,>30m,126.9,0,0.0,7,7,1.0,11.27
nuscenes_mini_subset,scene-1094_016,roll,0.5,deg,7,Pedestrian,pedestrian,46.8,>30m,19.9,0,0.0,2,2,1.0,11.21
nuscenes_mini_subset,scene-1094_016,roll,0.5,deg,8,Car,vehicle,39.4,>30m,94.0,0,0.0,0,0,,
nuscenes_mini_subset,scene-1094_016,roll,1.0,deg,0,Car,vehicle,9.2,0-15m,40.5,0,0.97,16,16,1.0,23.61
nuscenes_mini_subset,scene-1094_016,roll,1.0,deg,1,Car,vehicle,24.1,15-30m,221.1,0,0.0,22,22,1.0,22.68
nuscenes_mini_subset,scene-1094_016,roll,1.0,deg,2,Car,vehicle,28.3,15-30m,168.9,2,0.0,20,15,0.75,22.6
nuscenes_mini_subset,scene-1094_016,roll,1.0,deg,3,Car,vehicle,34.2,>30m,157.9,2,0.0,17,4,0.2353,22.52
nuscenes_mini_subset,scene-1094_016,roll,1.0,deg,4,Car,vehicle,15.9,15-30m,191.1,0,0.0,72,72,1.0,23.14
nuscenes_mini_subset,scene-1094_016,roll,1.0,deg,5,Car,vehicle,17.5,15-30m,265.1,0,0.33,23,23,1.0,23.06
nuscenes_mini_subset,scene-1094_016,roll,1.0,deg,6,Car,vehicle,31.6,>30m,126.9,0,0.0,7,7,1.0,22.53
nuscenes_mini_subset,scene-1094_016,roll,1.0,deg,7,Pedestrian,pedestrian,46.8,>30m,19.9,0,0.0,2,2,1.0,22.42
nuscenes_mini_subset,scene-1094_016,roll,1.0,deg,8,Car,vehicle,39.4,>30m,94.0,0,0.0,0,0,,
nuscenes_mini_subset,scene-1094_016,roll,2.0,deg,0,Car,vehicle,9.2,0-15m,40.5,0,0.97,16,15,0.9375,47.18
nuscenes_mini_subset,scene-1094_016,roll,2.0,deg,1,Car,vehicle,24.1,15-30m,221.1,0,0.0,22,22,1.0,45.36
nuscenes_mini_subset,scene-1094_016,roll,2.0,deg,2,Car,vehicle,28.3,15-30m,168.9,2,0.0,20,5,0.25,45.2
nuscenes_mini_subset,scene-1094_016,roll,2.0,deg,3,Car,vehicle,34.2,>30m,157.9,2,0.0,17,4,0.2353,45.07
nuscenes_mini_subset,scene-1094_016,roll,2.0,deg,4,Car,vehicle,15.9,15-30m,191.1,0,0.0,72,72,1.0,46.24
nuscenes_mini_subset,scene-1094_016,roll,2.0,deg,5,Car,vehicle,17.5,15-30m,265.1,0,0.33,23,21,0.913,46.07
nuscenes_mini_subset,scene-1094_016,roll,2.0,deg,6,Car,vehicle,31.6,>30m,126.9,0,0.0,7,7,1.0,45.07
nuscenes_mini_subset,scene-1094_016,roll,2.0,deg,7,Pedestrian,pedestrian,46.8,>30m,19.9,0,0.0,2,0,0.0,44.86
nuscenes_mini_subset,scene-1094_016,roll,2.0,deg,8,Car,vehicle,39.4,>30m,94.0,0,0.0,0,0,,
nuscenes_mini_subset,scene-1094_016,roll,3.0,deg,0,Car,vehicle,9.2,0-15m,40.5,0,0.97,15,14,0.9333,70.73
nuscenes_mini_subset,scene-1094_016,roll,3.0,deg,1,Car,vehicle,24.1,15-30m,221.1,0,0.0,22,4,0.1818,68.06
nuscenes_mini_subset,scene-1094_016,roll,3.0,deg,2,Car,vehicle,28.3,15-30m,168.9,2,0.0,20,5,0.25,67.82
nuscenes_mini_subset,scene-1094_016,roll,3.0,deg,3,Car,vehicle,34.2,>30m,157.9,2,0.0,17,0,0.0,67.68
nuscenes_mini_subset,scene-1094_016,roll,3.0,deg,4,Car,vehicle,15.9,15-30m,191.1,0,0.0,72,56,0.7778,69.31
nuscenes_mini_subset,scene-1094_016,roll,3.0,deg,5,Car,vehicle,17.5,15-30m,265.1,0,0.33,23,12,0.5217,69.06
nuscenes_mini_subset,scene-1094_016,roll,3.0,deg,6,Car,vehicle,31.6,>30m,126.9,0,0.0,7,0,0.0,67.62
nuscenes_mini_subset,scene-1094_016,roll,3.0,deg,7,Pedestrian,pedestrian,46.8,>30m,19.9,0,0.0,2,0,0.0,67.34
nuscenes_mini_subset,scene-1094_016,roll,3.0,deg,8,Car,vehicle,39.4,>30m,94.0,0,0.0,0,0,,
nuscenes_mini_subset,scene-1094_016,tx,0.0,m,0,Car,vehicle,9.2,0-15m,40.5,0,0.97,16,15,0.9375,0.0
nuscenes_mini_subset,scene-1094_016,tx,0.0,m,1,Car,vehicle,24.1,15-30m,221.1,0,0.0,22,22,1.0,0.0
nuscenes_mini_subset,scene-1094_016,tx,0.0,m,2,Car,vehicle,28.3,15-30m,168.9,2,0.0,20,20,1.0,0.0
nuscenes_mini_subset,scene-1094_016,tx,0.0,m,3,Car,vehicle,34.2,>30m,157.9,2,0.0,17,17,1.0,0.0
nuscenes_mini_subset,scene-1094_016,tx,0.0,m,4,Car,vehicle,15.9,15-30m,191.1,0,0.0,72,72,1.0,0.0
nuscenes_mini_subset,scene-1094_016,tx,0.0,m,5,Car,vehicle,17.5,15-30m,265.1,0,0.33,23,23,1.0,0.0
nuscenes_mini_subset,scene-1094_016,tx,0.0,m,6,Car,vehicle,31.6,>30m,126.9,0,0.0,7,7,1.0,0.0
nuscenes_mini_subset,scene-1094_016,tx,0.0,m,7,Pedestrian,pedestrian,46.8,>30m,19.9,0,0.0,2,2,1.0,0.0
nuscenes_mini_subset,scene-1094_016,tx,0.0,m,8,Car,vehicle,39.4,>30m,94.0,0,0.0,0,0,,
nuscenes_mini_subset,scene-1094_016,tx,0.02,m,0,Car,vehicle,9.2,0-15m,40.5,0,0.97,10,10,1.0,2.77
nuscenes_mini_subset,scene-1094_016,tx,0.02,m,1,Car,vehicle,24.1,15-30m,221.1,0,0.0,22,22,1.0,1.16
nuscenes_mini_subset,scene-1094_016,tx,0.02,m,2,Car,vehicle,28.3,15-30m,168.9,2,0.0,20,20,1.0,1.01
nuscenes_mini_subset,scene-1094_016,tx,0.02,m,3,Car,vehicle,34.2,>30m,157.9,2,0.0,17,17,1.0,0.77
nuscenes_mini_subset,scene-1094_016,tx,0.02,m,4,Car,vehicle,15.9,15-30m,191.1,0,0.0,72,72,1.0,1.8
nuscenes_mini_subset,scene-1094_016,tx,0.02,m,5,Car,vehicle,17.5,15-30m,265.1,0,0.33,23,23,1.0,1.76
nuscenes_mini_subset,scene-1094_016,tx,0.02,m,6,Car,vehicle,31.6,>30m,126.9,0,0.0,7,7,1.0,0.86
nuscenes_mini_subset,scene-1094_016,tx,0.02,m,7,Pedestrian,pedestrian,46.8,>30m,19.9,0,0.0,2,2,1.0,0.56
nuscenes_mini_subset,scene-1094_016,tx,0.02,m,8,Car,vehicle,39.4,>30m,94.0,0,0.0,0,0,,
nuscenes_mini_subset,scene-1094_016,tx,0.05,m,0,Car,vehicle,9.2,0-15m,40.5,0,0.97,10,10,1.0,6.92
nuscenes_mini_subset,scene-1094_016,tx,0.05,m,1,Car,vehicle,24.1,15-30m,221.1,0,0.0,22,22,1.0,2.9
nuscenes_mini_subset,scene-1094_016,tx,0.05,m,2,Car,vehicle,28.3,15-30m,168.9,2,0.0,20,20,1.0,2.52
nuscenes_mini_subset,scene-1094_016,tx,0.05,m,3,Car,vehicle,34.2,>30m,157.9,2,0.0,17,17,1.0,1.92
nuscenes_mini_subset,scene-1094_016,tx,0.05,m,4,Car,vehicle,15.9,15-30m,191.1,0,0.0,72,72,1.0,4.5
nuscenes_mini_subset,scene-1094_016,tx,0.05,m,5,Car,vehicle,17.5,15-30m,265.1,0,0.33,23,23,1.0,4.39
nuscenes_mini_subset,scene-1094_016,tx,0.05,m,6,Car,vehicle,31.6,>30m,126.9,0,0.0,7,7,1.0,2.15
nuscenes_mini_subset,scene-1094_016,tx,0.05,m,7,Pedestrian,pedestrian,46.8,>30m,19.9,0,0.0,2,2,1.0,1.4
nuscenes_mini_subset,scene-1094_016,tx,0.05,m,8,Car,vehicle,39.4,>30m,94.0,0,0.0,0,0,,
nuscenes_mini_subset,scene-1094_016,tx,0.1,m,0,Car,vehicle,9.2,0-15m,40.5,0,0.97,5,5,1.0,13.7
nuscenes_mini_subset,scene-1094_016,tx,0.1,m,1,Car,vehicle,24.1,15-30m,221.1,0,0.0,22,22,1.0,5.79
nuscenes_mini_subset,scene-1094_016,tx,0.1,m,2,Car,vehicle,28.3,15-30m,168.9,2,0.0,20,20,1.0,5.03
nuscenes_mini_subset,scene-1094_016,tx,0.1,m,3,Car,vehicle,34.2,>30m,157.9,2,0.0,17,17,1.0,3.84
nuscenes_mini_subset,scene-1094_016,tx,0.1,m,4,Car,vehicle,15.9,15-30m,191.1,0,0.0,72,71,0.9861,8.99
nuscenes_mini_subset,scene-1094_016,tx,0.1,m,5,Car,vehicle,17.5,15-30m,265.1,0,0.33,23,23,1.0,8.79
nuscenes_mini_subset,scene-1094_016,tx,0.1,m,6,Car,vehicle,31.6,>30m,126.9,0,0.0,7,7,1.0,4.31
nuscenes_mini_subset,scene-1094_016,tx,0.1,m,7,Pedestrian,pedestrian,46.8,>30m,19.9,0,0.0,2,2,1.0,2.8
nuscenes_mini_subset,scene-1094_016,tx,0.1,m,8,Car,vehicle,39.4,>30m,94.0,0,0.0,0,0,,
nuscenes_mini_subset,scene-1094_016,tx,0.2,m,0,Car,vehicle,9.2,0-15m,40.5,0,0.97,0,0,,
nuscenes_mini_subset,scene-1094_016,tx,0.2,m,1,Car,vehicle,24.1,15-30m,221.1,0,0.0,22,22,1.0,11.58
nuscenes_mini_subset,scene-1094_016,tx,0.2,m,2,Car,vehicle,28.3,15-30m,168.9,2,0.0,20,20,1.0,10.06
nuscenes_mini_subset,scene-1094_016,tx,0.2,m,3,Car,vehicle,34.2,>30m,157.9,2,0.0,17,17,1.0,7.68
nuscenes_mini_subset,scene-1094_016,tx,0.2,m,4,Car,vehicle,15.9,15-30m,191.1,0,0.0,72,70,0.9722,17.99
nuscenes_mini_subset,scene-1094_016,tx,0.2,m,5,Car,vehicle,17.5,15-30m,265.1,0,0.33,23,23,1.0,17.57
nuscenes_mini_subset,scene-1094_016,tx,0.2,m,6,Car,vehicle,31.6,>30m,126.9,0,0.0,7,7,1.0,8.62
nuscenes_mini_subset,scene-1094_016,tx,0.2,m,7,Pedestrian,pedestrian,46.8,>30m,19.9,0,0.0,2,2,1.0,5.59
nuscenes_mini_subset,scene-1094_016,tx,0.2,m,8,Car,vehicle,39.4,>30m,94.0,0,0.0,0,0,,
nuscenes_mini_subset,scene-1094_016,ty,0.0,m,0,Car,vehicle,9.2,0-15m,40.5,0,0.97,16,15,0.9375,0.0
nuscenes_mini_subset,scene-1094_016,ty,0.0,m,1,Car,vehicle,24.1,15-30m,221.1,0,0.0,22,22,1.0,0.0
nuscenes_mini_subset,scene-1094_016,ty,0.0,m,2,Car,vehicle,28.3,15-30m,168.9,2,0.0,20,20,1.0,0.0
nuscenes_mini_subset,scene-1094_016,ty,0.0,m,3,Car,vehicle,34.2,>30m,157.9,2,0.0,17,17,1.0,0.0
nuscenes_mini_subset,scene-1094_016,ty,0.0,m,4,Car,vehicle,15.9,15-30m,191.1,0,0.0,72,72,1.0,0.0
nuscenes_mini_subset,scene-1094_016,ty,0.0,m,5,Car,vehicle,17.5,15-30m,265.1,0,0.33,23,23,1.0,0.0
nuscenes_mini_subset,scene-1094_016,ty,0.0,m,6,Car,vehicle,31.6,>30m,126.9,0,0.0,7,7,1.0,0.0
nuscenes_mini_subset,scene-1094_016,ty,0.0,m,7,Pedestrian,pedestrian,46.8,>30m,19.9,0,0.0,2,2,1.0,0.0
nuscenes_mini_subset,scene-1094_016,ty,0.0,m,8,Car,vehicle,39.4,>30m,94.0,0,0.0,0,0,,
nuscenes_mini_subset,scene-1094_016,ty,0.02,m,0,Car,vehicle,9.2,0-15m,40.5,0,0.97,16,16,1.0,1.72
nuscenes_mini_subset,scene-1094_016,ty,0.02,m,1,Car,vehicle,24.1,15-30m,221.1,0,0.0,22,22,1.0,0.36
nuscenes_mini_subset,scene-1094_016,ty,0.02,m,2,Car,vehicle,28.3,15-30m,168.9,2,0.0,20,20,1.0,0.4
nuscenes_mini_subset,scene-1094_016,ty,0.02,m,3,Car,vehicle,34.2,>30m,157.9,2,0.0,17,17,1.0,0.2
nuscenes_mini_subset,scene-1094_016,ty,0.02,m,4,Car,vehicle,15.9,15-30m,191.1,0,0.0,72,72,1.0,0.13
nuscenes_mini_subset,scene-1094_016,ty,0.02,m,5,Car,vehicle,17.5,15-30m,265.1,0,0.33,23,23,1.0,0.96
nuscenes_mini_subset,scene-1094_016,ty,0.02,m,6,Car,vehicle,31.6,>30m,126.9,0,0.0,7,7,1.0,0.18
nuscenes_mini_subset,scene-1094_016,ty,0.02,m,7,Pedestrian,pedestrian,46.8,>30m,19.9,0,0.0,2,2,1.0,0.14
nuscenes_mini_subset,scene-1094_016,ty,0.02,m,8,Car,vehicle,39.4,>30m,94.0,0,0.0,0,0,,
nuscenes_mini_subset,scene-1094_016,ty,0.05,m,0,Car,vehicle,9.2,0-15m,40.5,0,0.97,16,16,1.0,4.29
nuscenes_mini_subset,scene-1094_016,ty,0.05,m,1,Car,vehicle,24.1,15-30m,221.1,0,0.0,22,22,1.0,0.89
nuscenes_mini_subset,scene-1094_016,ty,0.05,m,2,Car,vehicle,28.3,15-30m,168.9,2,0.0,20,20,1.0,1.01
nuscenes_mini_subset,scene-1094_016,ty,0.05,m,3,Car,vehicle,34.2,>30m,157.9,2,0.0,17,17,1.0,0.49
nuscenes_mini_subset,scene-1094_016,ty,0.05,m,4,Car,vehicle,15.9,15-30m,191.1,0,0.0,72,72,1.0,0.31
nuscenes_mini_subset,scene-1094_016,ty,0.05,m,5,Car,vehicle,17.5,15-30m,265.1,0,0.33,23,23,1.0,2.39
nuscenes_mini_subset,scene-1094_016,ty,0.05,m,6,Car,vehicle,31.6,>30m,126.9,0,0.0,7,7,1.0,0.44
nuscenes_mini_subset,scene-1094_016,ty,0.05,m,7,Pedestrian,pedestrian,46.8,>30m,19.9,0,0.0,2,2,1.0,0.35
nuscenes_mini_subset,scene-1094_016,ty,0.05,m,8,Car,vehicle,39.4,>30m,94.0,0,0.0,0,0,,
nuscenes_mini_subset,scene-1094_016,ty,0.1,m,0,Car,vehicle,9.2,0-15m,40.5,0,0.97,17,16,0.9412,8.53
nuscenes_mini_subset,scene-1094_016,ty,0.1,m,1,Car,vehicle,24.1,15-30m,221.1,0,0.0,22,22,1.0,1.77
nuscenes_mini_subset,scene-1094_016,ty,0.1,m,2,Car,vehicle,28.3,15-30m,168.9,2,0.0,20,20,1.0,2.01
nuscenes_mini_subset,scene-1094_016,ty,0.1,m,3,Car,vehicle,34.2,>30m,157.9,2,0.0,17,17,1.0,0.97
nuscenes_mini_subset,scene-1094_016,ty,0.1,m,4,Car,vehicle,15.9,15-30m,191.1,0,0.0,72,72,1.0,0.62
nuscenes_mini_subset,scene-1094_016,ty,0.1,m,5,Car,vehicle,17.5,15-30m,265.1,0,0.33,23,23,1.0,4.77
nuscenes_mini_subset,scene-1094_016,ty,0.1,m,6,Car,vehicle,31.6,>30m,126.9,0,0.0,7,7,1.0,0.88
nuscenes_mini_subset,scene-1094_016,ty,0.1,m,7,Pedestrian,pedestrian,46.8,>30m,19.9,0,0.0,2,2,1.0,0.7
nuscenes_mini_subset,scene-1094_016,ty,0.1,m,8,Car,vehicle,39.4,>30m,94.0,0,0.0,0,0,,
nuscenes_mini_subset,scene-1094_016,ty,0.2,m,0,Car,vehicle,9.2,0-15m,40.5,0,0.97,22,21,0.9545,16.87
nuscenes_mini_subset,scene-1094_016,ty,0.2,m,1,Car,vehicle,24.1,15-30m,221.1,0,0.0,22,22,1.0,3.53
nuscenes_mini_subset,scene-1094_016,ty,0.2,m,2,Car,vehicle,28.3,15-30m,168.9,2,0.0,20,20,1.0,4.01
nuscenes_mini_subset,scene-1094_016,ty,0.2,m,3,Car,vehicle,34.2,>30m,157.9,2,0.0,17,17,1.0,1.94
nuscenes_mini_subset,scene-1094_016,ty,0.2,m,4,Car,vehicle,15.9,15-30m,191.1,0,0.0,72,72,1.0,1.24
nuscenes_mini_subset,scene-1094_016,ty,0.2,m,5,Car,vehicle,17.5,15-30m,265.1,0,0.33,23,23,1.0,9.47
nuscenes_mini_subset,scene-1094_016,ty,0.2,m,6,Car,vehicle,31.6,>30m,126.9,0,0.0,7,7,1.0,1.76
nuscenes_mini_subset,scene-1094_016,ty,0.2,m,7,Pedestrian,pedestrian,46.8,>30m,19.9,0,0.0,2,2,1.0,1.39
nuscenes_mini_subset,scene-1094_016,ty,0.2,m,8,Car,vehicle,39.4,>30m,94.0,0,0.0,0,0,,
nuscenes_mini_subset,scene-1094_016,tz,0.0,m,0,Car,vehicle,9.2,0-15m,40.5,0,0.97,16,15,0.9375,0.0
nuscenes_mini_subset,scene-1094_016,tz,0.0,m,1,Car,vehicle,24.1,15-30m,221.1,0,0.0,22,22,1.0,0.0
nuscenes_mini_subset,scene-1094_016,tz,0.0,m,2,Car,vehicle,28.3,15-30m,168.9,2,0.0,20,20,1.0,0.0
nuscenes_mini_subset,scene-1094_016,tz,0.0,m,3,Car,vehicle,34.2,>30m,157.9,2,0.0,17,17,1.0,0.0
nuscenes_mini_subset,scene-1094_016,tz,0.0,m,4,Car,vehicle,15.9,15-30m,191.1,0,0.0,72,72,1.0,0.0
nuscenes_mini_subset,scene-1094_016,tz,0.0,m,5,Car,vehicle,17.5,15-30m,265.1,0,0.33,23,23,1.0,0.0
nuscenes_mini_subset,scene-1094_016,tz,0.0,m,6,Car,vehicle,31.6,>30m,126.9,0,0.0,7,7,1.0,0.0
nuscenes_mini_subset,scene-1094_016,tz,0.0,m,7,Pedestrian,pedestrian,46.8,>30m,19.9,0,0.0,2,2,1.0,0.0
nuscenes_mini_subset,scene-1094_016,tz,0.0,m,8,Car,vehicle,39.4,>30m,94.0,0,0.0,0,0,,
nuscenes_mini_subset,scene-1094_016,tz,0.02,m,0,Car,vehicle,9.2,0-15m,40.5,0,0.97,16,15,0.9375,2.8
nuscenes_mini_subset,scene-1094_016,tz,0.02,m,1,Car,vehicle,24.1,15-30m,221.1,0,0.0,22,22,1.0,1.16
nuscenes_mini_subset,scene-1094_016,tz,0.02,m,2,Car,vehicle,28.3,15-30m,168.9,2,0.0,20,20,1.0,1.01
nuscenes_mini_subset,scene-1094_016,tz,0.02,m,3,Car,vehicle,34.2,>30m,157.9,2,0.0,17,17,1.0,0.77
nuscenes_mini_subset,scene-1094_016,tz,0.02,m,4,Car,vehicle,15.9,15-30m,191.1,0,0.0,72,72,1.0,1.8
nuscenes_mini_subset,scene-1094_016,tz,0.02,m,5,Car,vehicle,17.5,15-30m,265.1,0,0.33,23,23,1.0,1.76
nuscenes_mini_subset,scene-1094_016,tz,0.02,m,6,Car,vehicle,31.6,>30m,126.9,0,0.0,7,7,1.0,0.86
nuscenes_mini_subset,scene-1094_016,tz,0.02,m,7,Pedestrian,pedestrian,46.8,>30m,19.9,0,0.0,2,2,1.0,0.56
nuscenes_mini_subset,scene-1094_016,tz,0.02,m,8,Car,vehicle,39.4,>30m,94.0,0,0.0,0,0,,
nuscenes_mini_subset,scene-1094_016,tz,0.05,m,0,Car,vehicle,9.2,0-15m,40.5,0,0.97,16,15,0.9375,7.01
nuscenes_mini_subset,scene-1094_016,tz,0.05,m,1,Car,vehicle,24.1,15-30m,221.1,0,0.0,22,22,1.0,2.9
nuscenes_mini_subset,scene-1094_016,tz,0.05,m,2,Car,vehicle,28.3,15-30m,168.9,2,0.0,20,20,1.0,2.52
nuscenes_mini_subset,scene-1094_016,tz,0.05,m,3,Car,vehicle,34.2,>30m,157.9,2,0.0,17,17,1.0,1.92
nuscenes_mini_subset,scene-1094_016,tz,0.05,m,4,Car,vehicle,15.9,15-30m,191.1,0,0.0,72,72,1.0,4.5
nuscenes_mini_subset,scene-1094_016,tz,0.05,m,5,Car,vehicle,17.5,15-30m,265.1,0,0.33,23,23,1.0,4.41
nuscenes_mini_subset,scene-1094_016,tz,0.05,m,6,Car,vehicle,31.6,>30m,126.9,0,0.0,7,7,1.0,2.16
nuscenes_mini_subset,scene-1094_016,tz,0.05,m,7,Pedestrian,pedestrian,46.8,>30m,19.9,0,0.0,2,2,1.0,1.4
nuscenes_mini_subset,scene-1094_016,tz,0.05,m,8,Car,vehicle,39.4,>30m,94.0,0,0.0,0,0,,
nuscenes_mini_subset,scene-1094_016,tz,0.1,m,0,Car,vehicle,9.2,0-15m,40.5,0,0.97,16,15,0.9375,14.02
nuscenes_mini_subset,scene-1094_016,tz,0.1,m,1,Car,vehicle,24.1,15-30m,221.1,0,0.0,22,22,1.0,5.8
nuscenes_mini_subset,scene-1094_016,tz,0.1,m,2,Car,vehicle,28.3,15-30m,168.9,2,0.0,20,20,1.0,5.04
nuscenes_mini_subset,scene-1094_016,tz,0.1,m,3,Car,vehicle,34.2,>30m,157.9,2,0.0,17,17,1.0,3.84
nuscenes_mini_subset,scene-1094_016,tz,0.1,m,4,Car,vehicle,15.9,15-30m,191.1,0,0.0,72,72,1.0,9.0
nuscenes_mini_subset,scene-1094_016,tz,0.1,m,5,Car,vehicle,17.5,15-30m,265.1,0,0.33,23,23,1.0,8.81
nuscenes_mini_subset,scene-1094_016,tz,0.1,m,6,Car,vehicle,31.6,>30m,126.9,0,0.0,7,7,1.0,4.31
nuscenes_mini_subset,scene-1094_016,tz,0.1,m,7,Pedestrian,pedestrian,46.8,>30m,19.9,0,0.0,2,2,1.0,2.79
nuscenes_mini_subset,scene-1094_016,tz,0.1,m,8,Car,vehicle,39.4,>30m,94.0,0,0.0,0,0,,
nuscenes_mini_subset,scene-1094_016,tz,0.2,m,0,Car,vehicle,9.2,0-15m,40.5,0,0.97,16,15,0.9375,28.03
nuscenes_mini_subset,scene-1094_016,tz,0.2,m,1,Car,vehicle,24.1,15-30m,221.1,0,0.0,22,22,1.0,11.6
nuscenes_mini_subset,scene-1094_016,tz,0.2,m,2,Car,vehicle,28.3,15-30m,168.9,2,0.0,20,15,0.75,10.08
nuscenes_mini_subset,scene-1094_016,tz,0.2,m,3,Car,vehicle,34.2,>30m,157.9,2,0.0,17,17,1.0,7.68
nuscenes_mini_subset,scene-1094_016,tz,0.2,m,4,Car,vehicle,15.9,15-30m,191.1,0,0.0,72,72,1.0,18.0
nuscenes_mini_subset,scene-1094_016,tz,0.2,m,5,Car,vehicle,17.5,15-30m,265.1,0,0.33,23,23,1.0,17.62
nuscenes_mini_subset,scene-1094_016,tz,0.2,m,6,Car,vehicle,31.6,>30m,126.9,0,0.0,7,7,1.0,8.62
nuscenes_mini_subset,scene-1094_016,tz,0.2,m,7,Pedestrian,pedestrian,46.8,>30m,19.9,0,0.0,2,2,1.0,5.58
nuscenes_mini_subset,scene-1094_016,tz,0.2,m,8,Car,vehicle,39.4,>30m,94.0,0,0.0,0,0,,
nuscenes_mini_subset,scene-1094_020,yaw,0.0,deg,0,Car,vehicle,99.1,>30m,26.5,0,0.0,0,0,,
nuscenes_mini_subset,scene-1094_020,yaw,0.0,deg,1,Car,vehicle,23.8,15-30m,161.0,2,0.53,21,21,1.0,0.0
nuscenes_mini_subset,scene-1094_020,yaw,0.0,deg,2,Pedestrian,pedestrian,63.1,>30m,20.8,2,0.0,2,2,1.0,0.0
nuscenes_mini_subset,scene-1094_020,yaw,0.0,deg,3,Car,vehicle,20.0,15-30m,129.1,0,0.0,37,37,1.0,0.0
nuscenes_mini_subset,scene-1094_020,yaw,0.0,deg,4,Car,vehicle,20.9,15-30m,265.5,0,0.03,25,25,1.0,0.0
nuscenes_mini_subset,scene-1094_020,yaw,0.0,deg,5,Car,vehicle,86.9,>30m,37.6,0,0.0,0,0,,
nuscenes_mini_subset,scene-1094_020,yaw,0.0,deg,6,Pedestrian,pedestrian,33.4,>30m,27.7,0,0.0,4,4,1.0,0.0
nuscenes_mini_subset,scene-1094_020,yaw,0.0,deg,7,Motorcycle,cyclist,23.5,15-30m,88.1,2,0.0,7,7,1.0,0.0
nuscenes_mini_subset,scene-1094_020,yaw,0.0,deg,8,Pedestrian,pedestrian,47.0,>30m,22.6,1,0.0,1,1,1.0,0.0
nuscenes_mini_subset,scene-1094_020,yaw,0.0,deg,9,Car,vehicle,27.7,15-30m,165.1,1,0.0,0,0,,
nuscenes_mini_subset,scene-1094_020,yaw,0.25,deg,0,Car,vehicle,99.1,>30m,26.5,0,0.0,0,0,,
nuscenes_mini_subset,scene-1094_020,yaw,0.25,deg,1,Car,vehicle,23.8,15-30m,161.0,2,0.53,24,24,1.0,7.49
nuscenes_mini_subset,scene-1094_020,yaw,0.25,deg,2,Pedestrian,pedestrian,63.1,>30m,20.8,2,0.0,2,2,1.0,6.0
nuscenes_mini_subset,scene-1094_020,yaw,0.25,deg,3,Car,vehicle,20.0,15-30m,129.1,0,0.0,37,35,0.9459,5.69
nuscenes_mini_subset,scene-1094_020,yaw,0.25,deg,4,Car,vehicle,20.9,15-30m,265.5,0,0.03,25,25,1.0,7.16
nuscenes_mini_subset,scene-1094_020,yaw,0.25,deg,5,Car,vehicle,86.9,>30m,37.6,0,0.0,0,0,,
nuscenes_mini_subset,scene-1094_020,yaw,0.25,deg,6,Pedestrian,pedestrian,33.4,>30m,27.7,0,0.0,4,4,1.0,5.76
nuscenes_mini_subset,scene-1094_020,yaw,0.25,deg,7,Motorcycle,cyclist,23.5,15-30m,88.1,2,0.0,7,7,1.0,6.23
nuscenes_mini_subset,scene-1094_020,yaw,0.25,deg,8,Pedestrian,pedestrian,47.0,>30m,22.6,1,0.0,1,1,1.0,5.71
nuscenes_mini_subset,scene-1094_020,yaw,0.25,deg,9,Car,vehicle,27.7,15-30m,165.1,1,0.0,0,0,,
nuscenes_mini_subset,scene-1094_020,yaw,0.5,deg,0,Car,vehicle,99.1,>30m,26.5,0,0.0,0,0,,
nuscenes_mini_subset,scene-1094_020,yaw,0.5,deg,1,Car,vehicle,23.8,15-30m,161.0,2,0.53,24,24,1.0,14.95
nuscenes_mini_subset,scene-1094_020,yaw,0.5,deg,2,Pedestrian,pedestrian,63.1,>30m,20.8,2,0.0,2,1,0.5,11.99
nuscenes_mini_subset,scene-1094_020,yaw,0.5,deg,3,Car,vehicle,20.0,15-30m,129.1,0,0.0,37,34,0.9189,11.37
nuscenes_mini_subset,scene-1094_020,yaw,0.5,deg,4,Car,vehicle,20.9,15-30m,265.5,0,0.03,25,25,1.0,14.29
nuscenes_mini_subset,scene-1094_020,yaw,0.5,deg,5,Car,vehicle,86.9,>30m,37.6,0,0.0,0,0,,
nuscenes_mini_subset,scene-1094_020,yaw,0.5,deg,6,Pedestrian,pedestrian,33.4,>30m,27.7,0,0.0,4,2,0.5,11.53
nuscenes_mini_subset,scene-1094_020,yaw,0.5,deg,7,Motorcycle,cyclist,23.5,15-30m,88.1,2,0.0,7,7,1.0,12.43
nuscenes_mini_subset,scene-1094_020,yaw,0.5,deg,8,Pedestrian,pedestrian,47.0,>30m,22.6,1,0.0,1,0,0.0,11.42
nuscenes_mini_subset,scene-1094_020,yaw,0.5,deg,9,Car,vehicle,27.7,15-30m,165.1,1,0.0,0,0,,
nuscenes_mini_subset,scene-1094_020,yaw,1.0,deg,0,Car,vehicle,99.1,>30m,26.5,0,0.0,0,0,,
nuscenes_mini_subset,scene-1094_020,yaw,1.0,deg,1,Car,vehicle,23.8,15-30m,161.0,2,0.53,29,29,1.0,29.75
nuscenes_mini_subset,scene-1094_020,yaw,1.0,deg,2,Pedestrian,pedestrian,63.1,>30m,20.8,2,0.0,2,0,0.0,23.92
nuscenes_mini_subset,scene-1094_020,yaw,1.0,deg,3,Car,vehicle,20.0,15-30m,129.1,0,0.0,37,31,0.8378,22.74
nuscenes_mini_subset,scene-1094_020,yaw,1.0,deg,4,Car,vehicle,20.9,15-30m,265.5,0,0.03,25,25,1.0,28.46
nuscenes_mini_subset,scene-1094_020,yaw,1.0,deg,5,Car,vehicle,86.9,>30m,37.6,0,0.0,0,0,,
nuscenes_mini_subset,scene-1094_020,yaw,1.0,deg,6,Pedestrian,pedestrian,33.4,>30m,27.7,0,0.0,4,0,0.0,23.09
nuscenes_mini_subset,scene-1094_020,yaw,1.0,deg,7,Motorcycle,cyclist,23.5,15-30m,88.1,2,0.0,7,6,0.8571,24.8
nuscenes_mini_subset,scene-1094_020,yaw,1.0,deg,8,Pedestrian,pedestrian,47.0,>30m,22.6,1,0.0,1,0,0.0,22.87
nuscenes_mini_subset,scene-1094_020,yaw,1.0,deg,9,Car,vehicle,27.7,15-30m,165.1,1,0.0,0,0,,
nuscenes_mini_subset,scene-1094_020,yaw,2.0,deg,0,Car,vehicle,99.1,>30m,26.5,0,0.0,0,0,,
nuscenes_mini_subset,scene-1094_020,yaw,2.0,deg,1,Car,vehicle,23.8,15-30m,161.0,2,0.53,34,31,0.9118,58.93
nuscenes_mini_subset,scene-1094_020,yaw,2.0,deg,2,Pedestrian,pedestrian,63.1,>30m,20.8,2,0.0,2,0,0.0,47.61
nuscenes_mini_subset,scene-1094_020,yaw,2.0,deg,3,Car,vehicle,20.0,15-30m,129.1,0,0.0,37,22,0.5946,45.49
nuscenes_mini_subset,scene-1094_020,yaw,2.0,deg,4,Car,vehicle,20.9,15-30m,265.5,0,0.03,25,23,0.92,56.42
nuscenes_mini_subset,scene-1094_020,yaw,2.0,deg,5,Car,vehicle,86.9,>30m,37.6,0,0.0,0,0,,
nuscenes_mini_subset,scene-1094_020,yaw,2.0,deg,6,Pedestrian,pedestrian,33.4,>30m,27.7,0,0.0,4,0,0.0,46.33
nuscenes_mini_subset,scene-1094_020,yaw,2.0,deg,7,Motorcycle,cyclist,23.5,15-30m,88.1,2,0.0,7,3,0.4286,49.33
nuscenes_mini_subset,scene-1094_020,yaw,2.0,deg,8,Pedestrian,pedestrian,47.0,>30m,22.6,1,0.0,1,0,0.0,45.87
nuscenes_mini_subset,scene-1094_020,yaw,2.0,deg,9,Car,vehicle,27.7,15-30m,165.1,1,0.0,0,0,,
nuscenes_mini_subset,scene-1094_020,yaw,3.0,deg,0,Car,vehicle,99.1,>30m,26.5,0,0.0,0,0,,
nuscenes_mini_subset,scene-1094_020,yaw,3.0,deg,1,Car,vehicle,23.8,15-30m,161.0,2,0.53,37,31,0.8378,87.57
nuscenes_mini_subset,scene-1094_020,yaw,3.0,deg,2,Pedestrian,pedestrian,63.1,>30m,20.8,2,0.0,2,0,0.0,71.11
nuscenes_mini_subset,scene-1094_020,yaw,3.0,deg,3,Car,vehicle,20.0,15-30m,129.1,0,0.0,37,16,0.4324,68.25
nuscenes_mini_subset,scene-1094_020,yaw,3.0,deg,4,Car,vehicle,20.9,15-30m,265.5,0,0.03,25,20,0.8,83.92
nuscenes_mini_subset,scene-1094_020,yaw,3.0,deg,5,Car,vehicle,86.9,>30m,37.6,0,0.0,0,0,,
nuscenes_mini_subset,scene-1094_020,yaw,3.0,deg,6,Pedestrian,pedestrian,33.4,>30m,27.7,0,0.0,4,0,0.0,69.73
nuscenes_mini_subset,scene-1094_020,yaw,3.0,deg,7,Motorcycle,cyclist,23.5,15-30m,88.1,2,0.0,7,0,0.0,73.62
nuscenes_mini_subset,scene-1094_020,yaw,3.0,deg,8,Pedestrian,pedestrian,47.0,>30m,22.6,1,0.0,1,0,0.0,69.02
nuscenes_mini_subset,scene-1094_020,yaw,3.0,deg,9,Car,vehicle,27.7,15-30m,165.1,1,0.0,0,0,,
nuscenes_mini_subset,scene-1094_020,pitch,0.0,deg,0,Car,vehicle,99.1,>30m,26.5,0,0.0,0,0,,
nuscenes_mini_subset,scene-1094_020,pitch,0.0,deg,1,Car,vehicle,23.8,15-30m,161.0,2,0.53,21,21,1.0,0.0
nuscenes_mini_subset,scene-1094_020,pitch,0.0,deg,2,Pedestrian,pedestrian,63.1,>30m,20.8,2,0.0,2,2,1.0,0.0
nuscenes_mini_subset,scene-1094_020,pitch,0.0,deg,3,Car,vehicle,20.0,15-30m,129.1,0,0.0,37,37,1.0,0.0
nuscenes_mini_subset,scene-1094_020,pitch,0.0,deg,4,Car,vehicle,20.9,15-30m,265.5,0,0.03,25,25,1.0,0.0
nuscenes_mini_subset,scene-1094_020,pitch,0.0,deg,5,Car,vehicle,86.9,>30m,37.6,0,0.0,0,0,,
nuscenes_mini_subset,scene-1094_020,pitch,0.0,deg,6,Pedestrian,pedestrian,33.4,>30m,27.7,0,0.0,4,4,1.0,0.0
nuscenes_mini_subset,scene-1094_020,pitch,0.0,deg,7,Motorcycle,cyclist,23.5,15-30m,88.1,2,0.0,7,7,1.0,0.0
nuscenes_mini_subset,scene-1094_020,pitch,0.0,deg,8,Pedestrian,pedestrian,47.0,>30m,22.6,1,0.0,1,1,1.0,0.0
nuscenes_mini_subset,scene-1094_020,pitch,0.0,deg,9,Car,vehicle,27.7,15-30m,165.1,1,0.0,0,0,,
nuscenes_mini_subset,scene-1094_020,pitch,0.25,deg,0,Car,vehicle,99.1,>30m,26.5,0,0.0,0,0,,
nuscenes_mini_subset,scene-1094_020,pitch,0.25,deg,1,Car,vehicle,23.8,15-30m,161.0,2,0.53,21,21,1.0,3.18
nuscenes_mini_subset,scene-1094_020,pitch,0.25,deg,2,Pedestrian,pedestrian,63.1,>30m,20.8,2,0.0,2,2,1.0,1.55
nuscenes_mini_subset,scene-1094_020,pitch,0.25,deg,3,Car,vehicle,20.0,15-30m,129.1,0,0.0,37,37,1.0,0.24
nuscenes_mini_subset,scene-1094_020,pitch,0.25,deg,4,Car,vehicle,20.9,15-30m,265.5,0,0.03,25,25,1.0,2.85
nuscenes_mini_subset,scene-1094_020,pitch,0.25,deg,5,Car,vehicle,86.9,>30m,37.6,0,0.0,0,0,,
nuscenes_mini_subset,scene-1094_020,pitch,0.25,deg,6,Pedestrian,pedestrian,33.4,>30m,27.7,0,0.0,4,4,1.0,0.92
nuscenes_mini_subset,scene-1094_020,pitch,0.25,deg,7,Motorcycle,cyclist,23.5,15-30m,88.1,2,0.0,7,7,1.0,1.78
nuscenes_mini_subset,scene-1094_020,pitch,0.25,deg,8,Pedestrian,pedestrian,47.0,>30m,22.6,1,0.0,1,1,1.0,0.83
nuscenes_mini_subset,scene-1094_020,pitch,0.25,deg,9,Car,vehicle,27.7,15-30m,165.1,1,0.0,0,0,,
nuscenes_mini_subset,scene-1094_020,pitch,0.5,deg,0,Car,vehicle,99.1,>30m,26.5,0,0.0,0,0,,
nuscenes_mini_subset,scene-1094_020,pitch,0.5,deg,1,Car,vehicle,23.8,15-30m,161.0,2,0.53,21,21,1.0,6.36
nuscenes_mini_subset,scene-1094_020,pitch,0.5,deg,2,Pedestrian,pedestrian,63.1,>30m,20.8,2,0.0,2,2,1.0,3.09
nuscenes_mini_subset,scene-1094_020,pitch,0.5,deg,3,Car,vehicle,20.0,15-30m,129.1,0,0.0,37,37,1.0,0.49
nuscenes_mini_subset,scene-1094_020,pitch,0.5,deg,4,Car,vehicle,20.9,15-30m,265.5,0,0.03,25,24,0.96,5.71
nuscenes_mini_subset,scene-1094_020,pitch,0.5,deg,5,Car,vehicle,86.9,>30m,37.6,0,0.0,0,0,,
nuscenes_mini_subset,scene-1094_020,pitch,0.5,deg,6,Pedestrian,pedestrian,33.4,>30m,27.7,0,0.0,4,4,1.0,1.83
nuscenes_mini_subset,scene-1094_020,pitch,0.5,deg,7,Motorcycle,cyclist,23.5,15-30m,88.1,2,0.0,7,7,1.0,3.56
nuscenes_mini_subset,scene-1094_020,pitch,0.5,deg,8,Pedestrian,pedestrian,47.0,>30m,22.6,1,0.0,1,1,1.0,1.66
nuscenes_mini_subset,scene-1094_020,pitch,0.5,deg,9,Car,vehicle,27.7,15-30m,165.1,1,0.0,0,0,,
nuscenes_mini_subset,scene-1094_020,pitch,1.0,deg,0,Car,vehicle,99.1,>30m,26.5,0,0.0,0,0,,
nuscenes_mini_subset,scene-1094_020,pitch,1.0,deg,1,Car,vehicle,23.8,15-30m,161.0,2,0.53,21,21,1.0,12.73
nuscenes_mini_subset,scene-1094_020,pitch,1.0,deg,2,Pedestrian,pedestrian,63.1,>30m,20.8,2,0.0,2,2,1.0,6.19
nuscenes_mini_subset,scene-1094_020,pitch,1.0,deg,3,Car,vehicle,20.0,15-30m,129.1,0,0.0,37,37,1.0,0.97
nuscenes_mini_subset,scene-1094_020,pitch,1.0,deg,4,Car,vehicle,20.9,15-30m,265.5,0,0.03,25,24,0.96,11.41
nuscenes_mini_subset,scene-1094_020,pitch,1.0,deg,5,Car,vehicle,86.9,>30m,37.6,0,0.0,0,0,,
nuscenes_mini_subset,scene-1094_020,pitch,1.0,deg,6,Pedestrian,pedestrian,33.4,>30m,27.7,0,0.0,4,4,1.0,3.67
nuscenes_mini_subset,scene-1094_020,pitch,1.0,deg,7,Motorcycle,cyclist,23.5,15-30m,88.1,2,0.0,7,6,0.8571,7.13
nuscenes_mini_subset,scene-1094_020,pitch,1.0,deg,8,Pedestrian,pedestrian,47.0,>30m,22.6,1,0.0,1,1,1.0,3.33
nuscenes_mini_subset,scene-1094_020,pitch,1.0,deg,9,Car,vehicle,27.7,15-30m,165.1,1,0.0,0,0,,
nuscenes_mini_subset,scene-1094_020,pitch,2.0,deg,0,Car,vehicle,99.1,>30m,26.5,0,0.0,0,0,,
nuscenes_mini_subset,scene-1094_020,pitch,2.0,deg,1,Car,vehicle,23.8,15-30m,161.0,2,0.53,21,21,1.0,25.45
nuscenes_mini_subset,scene-1094_020,pitch,2.0,deg,2,Pedestrian,pedestrian,63.1,>30m,20.8,2,0.0,2,2,1.0,12.38
nuscenes_mini_subset,scene-1094_020,pitch,2.0,deg,3,Car,vehicle,20.0,15-30m,129.1,0,0.0,37,37,1.0,1.95
nuscenes_mini_subset,scene-1094_020,pitch,2.0,deg,4,Car,vehicle,20.9,15-30m,265.5,0,0.03,25,24,0.96,22.82
nuscenes_mini_subset,scene-1094_020,pitch,2.0,deg,5,Car,vehicle,86.9,>30m,37.6,0,0.0,0,0,,
nuscenes_mini_subset,scene-1094_020,pitch,2.0,deg,6,Pedestrian,pedestrian,33.4,>30m,27.7,0,0.0,4,4,1.0,7.33
nuscenes_mini_subset,scene-1094_020,pitch,2.0,deg,7,Motorcycle,cyclist,23.5,15-30m,88.1,2,0.0,7,6,0.8571,14.25
nuscenes_mini_subset,scene-1094_020,pitch,2.0,deg,8,Pedestrian,pedestrian,47.0,>30m,22.6,1,0.0,1,1,1.0,6.66
nuscenes_mini_subset,scene-1094_020,pitch,2.0,deg,9,Car,vehicle,27.7,15-30m,165.1,1,0.0,0,0,,
nuscenes_mini_subset,scene-1094_020,pitch,3.0,deg,0,Car,vehicle,99.1,>30m,26.5,0,0.0,0,0,,
nuscenes_mini_subset,scene-1094_020,pitch,3.0,deg,1,Car,vehicle,23.8,15-30m,161.0,2,0.53,21,19,0.9048,38.18
nuscenes_mini_subset,scene-1094_020,pitch,3.0,deg,2,Pedestrian,pedestrian,63.1,>30m,20.8,2,0.0,2,0,0.0,18.57
nuscenes_mini_subset,scene-1094_020,pitch,3.0,deg,3,Car,vehicle,20.0,15-30m,129.1,0,0.0,37,37,1.0,2.92
nuscenes_mini_subset,scene-1094_020,pitch,3.0,deg,4,Car,vehicle,20.9,15-30m,265.5,0,0.03,25,22,0.88,34.24
nuscenes_mini_subset,scene-1094_020,pitch,3.0,deg,5,Car,vehicle,86.9,>30m,37.6,0,0.0,0,0,,
nuscenes_mini_subset,scene-1094_020,pitch,3.0,deg,6,Pedestrian,pedestrian,33.4,>30m,27.7,0,0.0,4,4,1.0,11.0
nuscenes_mini_subset,scene-1094_020,pitch,3.0,deg,7,Motorcycle,cyclist,23.5,15-30m,88.1,2,0.0,7,6,0.8571,21.38
nuscenes_mini_subset,scene-1094_020,pitch,3.0,deg,8,Pedestrian,pedestrian,47.0,>30m,22.6,1,0.0,1,1,1.0,9.99
nuscenes_mini_subset,scene-1094_020,pitch,3.0,deg,9,Car,vehicle,27.7,15-30m,165.1,1,0.0,0,0,,
nuscenes_mini_subset,scene-1094_020,roll,0.0,deg,0,Car,vehicle,99.1,>30m,26.5,0,0.0,0,0,,
nuscenes_mini_subset,scene-1094_020,roll,0.0,deg,1,Car,vehicle,23.8,15-30m,161.0,2,0.53,21,21,1.0,0.0
nuscenes_mini_subset,scene-1094_020,roll,0.0,deg,2,Pedestrian,pedestrian,63.1,>30m,20.8,2,0.0,2,2,1.0,0.0
nuscenes_mini_subset,scene-1094_020,roll,0.0,deg,3,Car,vehicle,20.0,15-30m,129.1,0,0.0,37,37,1.0,0.0
nuscenes_mini_subset,scene-1094_020,roll,0.0,deg,4,Car,vehicle,20.9,15-30m,265.5,0,0.03,25,25,1.0,0.0
nuscenes_mini_subset,scene-1094_020,roll,0.0,deg,5,Car,vehicle,86.9,>30m,37.6,0,0.0,0,0,,
nuscenes_mini_subset,scene-1094_020,roll,0.0,deg,6,Pedestrian,pedestrian,33.4,>30m,27.7,0,0.0,4,4,1.0,0.0
nuscenes_mini_subset,scene-1094_020,roll,0.0,deg,7,Motorcycle,cyclist,23.5,15-30m,88.1,2,0.0,7,7,1.0,0.0
nuscenes_mini_subset,scene-1094_020,roll,0.0,deg,8,Pedestrian,pedestrian,47.0,>30m,22.6,1,0.0,1,1,1.0,0.0
nuscenes_mini_subset,scene-1094_020,roll,0.0,deg,9,Car,vehicle,27.7,15-30m,165.1,1,0.0,0,0,,
nuscenes_mini_subset,scene-1094_020,roll,0.25,deg,0,Car,vehicle,99.1,>30m,26.5,0,0.0,0,0,,
nuscenes_mini_subset,scene-1094_020,roll,0.25,deg,1,Car,vehicle,23.8,15-30m,161.0,2,0.53,21,21,1.0,5.68
nuscenes_mini_subset,scene-1094_020,roll,0.25,deg,2,Pedestrian,pedestrian,63.1,>30m,20.8,2,0.0,2,2,1.0,5.58
nuscenes_mini_subset,scene-1094_020,roll,0.25,deg,3,Car,vehicle,20.0,15-30m,129.1,0,0.0,37,37,1.0,5.69
nuscenes_mini_subset,scene-1094_020,roll,0.25,deg,4,Car,vehicle,20.9,15-30m,265.5,0,0.03,25,25,1.0,5.71
nuscenes_mini_subset,scene-1094_020,roll,0.25,deg,5,Car,vehicle,86.9,>30m,37.6,0,0.0,0,0,,
nuscenes_mini_subset,scene-1094_020,roll,0.25,deg,6,Pedestrian,pedestrian,33.4,>30m,27.7,0,0.0,4,4,1.0,5.61
nuscenes_mini_subset,scene-1094_020,roll,0.25,deg,7,Motorcycle,cyclist,23.5,15-30m,88.1,2,0.0,7,7,1.0,5.66
nuscenes_mini_subset,scene-1094_020,roll,0.25,deg,8,Pedestrian,pedestrian,47.0,>30m,22.6,1,0.0,1,1,1.0,5.58
nuscenes_mini_subset,scene-1094_020,roll,0.25,deg,9,Car,vehicle,27.7,15-30m,165.1,1,0.0,0,0,,
nuscenes_mini_subset,scene-1094_020,roll,0.5,deg,0,Car,vehicle,99.1,>30m,26.5,0,0.0,0,0,,
nuscenes_mini_subset,scene-1094_020,roll,0.5,deg,1,Car,vehicle,23.8,15-30m,161.0,2,0.53,21,21,1.0,11.35
nuscenes_mini_subset,scene-1094_020,roll,0.5,deg,2,Pedestrian,pedestrian,63.1,>30m,20.8,2,0.0,2,2,1.0,11.15
nuscenes_mini_subset,scene-1094_020,roll,0.5,deg,3,Car,vehicle,20.0,15-30m,129.1,0,0.0,37,31,0.8378,11.37
nuscenes_mini_subset,scene-1094_020,roll,0.5,deg,4,Car,vehicle,20.9,15-30m,265.5,0,0.03,25,25,1.0,11.41
nuscenes_mini_subset,scene-1094_020,roll,0.5,deg,5,Car,vehicle,86.9,>30m,37.6,0,0.0,0,0,,
nuscenes_mini_subset,scene-1094_020,roll,0.5,deg,6,Pedestrian,pedestrian,33.4,>30m,27.7,0,0.0,4,4,1.0,11.22
nuscenes_mini_subset,scene-1094_020,roll,0.5,deg,7,Motorcycle,cyclist,23.5,15-30m,88.1,2,0.0,7,7,1.0,11.32
nuscenes_mini_subset,scene-1094_020,roll,0.5,deg,8,Pedestrian,pedestrian,47.0,>30m,22.6,1,0.0,1,1,1.0,11.17
nuscenes_mini_subset,scene-1094_020,roll,0.5,deg,9,Car,vehicle,27.7,15-30m,165.1,1,0.0,0,0,,
nuscenes_mini_subset,scene-1094_020,roll,1.0,deg,0,Car,vehicle,99.1,>30m,26.5,0,0.0,0,0,,
nuscenes_mini_subset,scene-1094_020,roll,1.0,deg,1,Car,vehicle,23.8,15-30m,161.0,2,0.53,21,21,1.0,22.7
nuscenes_mini_subset,scene-1094_020,roll,1.0,deg,2,Pedestrian,pedestrian,63.1,>30m,20.8,2,0.0,2,2,1.0,22.31
nuscenes_mini_subset,scene-1094_020,roll,1.0,deg,3,Car,vehicle,20.0,15-30m,129.1,0,0.0,37,31,0.8378,22.74
nuscenes_mini_subset,scene-1094_020,roll,1.0,deg,4,Car,vehicle,20.9,15-30m,265.5,0,0.03,25,25,1.0,22.81
nuscenes_mini_subset,scene-1094_020,roll,1.0,deg,5,Car,vehicle,86.9,>30m,37.6,0,0.0,0,0,,
nuscenes_mini_subset,scene-1094_020,roll,1.0,deg,6,Pedestrian,pedestrian,33.4,>30m,27.7,0,0.0,4,4,1.0,22.43
nuscenes_mini_subset,scene-1094_020,roll,1.0,deg,7,Motorcycle,cyclist,23.5,15-30m,88.1,2,0.0,7,7,1.0,22.64
nuscenes_mini_subset,scene-1094_020,roll,1.0,deg,8,Pedestrian,pedestrian,47.0,>30m,22.6,1,0.0,1,1,1.0,22.34
nuscenes_mini_subset,scene-1094_020,roll,1.0,deg,9,Car,vehicle,27.7,15-30m,165.1,1,0.0,0,0,,
nuscenes_mini_subset,scene-1094_020,roll,2.0,deg,0,Car,vehicle,99.1,>30m,26.5,0,0.0,0,0,,
nuscenes_mini_subset,scene-1094_020,roll,2.0,deg,1,Car,vehicle,23.8,15-30m,161.0,2,0.53,21,8,0.381,45.42
nuscenes_mini_subset,scene-1094_020,roll,2.0,deg,2,Pedestrian,pedestrian,63.1,>30m,20.8,2,0.0,2,0,0.0,44.63
nuscenes_mini_subset,scene-1094_020,roll,2.0,deg,3,Car,vehicle,20.0,15-30m,129.1,0,0.0,37,28,0.7568,45.47
nuscenes_mini_subset,scene-1094_020,roll,2.0,deg,4,Car,vehicle,20.9,15-30m,265.5,0,0.03,25,24,0.96,45.59
nuscenes_mini_subset,scene-1094_020,roll,2.0,deg,5,Car,vehicle,86.9,>30m,37.6,0,0.0,0,0,,
nuscenes_mini_subset,scene-1094_020,roll,2.0,deg,6,Pedestrian,pedestrian,33.4,>30m,27.7,0,0.0,4,2,0.5,44.88
nuscenes_mini_subset,scene-1094_020,roll,2.0,deg,7,Motorcycle,cyclist,23.5,15-30m,88.1,2,0.0,7,4,0.5714,45.27
nuscenes_mini_subset,scene-1094_020,roll,2.0,deg,8,Pedestrian,pedestrian,47.0,>30m,22.6,1,0.0,1,0,0.0,44.7
nuscenes_mini_subset,scene-1094_020,roll,2.0,deg,9,Car,vehicle,27.7,15-30m,165.1,1,0.0,0,0,,
nuscenes_mini_subset,scene-1094_020,roll,3.0,deg,0,Car,vehicle,99.1,>30m,26.5,0,0.0,0,0,,
nuscenes_mini_subset,scene-1094_020,roll,3.0,deg,1,Car,vehicle,23.8,15-30m,161.0,2,0.53,21,8,0.381,68.16
nuscenes_mini_subset,scene-1094_020,roll,3.0,deg,2,Pedestrian,pedestrian,63.1,>30m,20.8,2,0.0,2,0,0.0,67.0
nuscenes_mini_subset,scene-1094_020,roll,3.0,deg,3,Car,vehicle,20.0,15-30m,129.1,0,0.0,37,28,0.7568,68.2
nuscenes_mini_subset,scene-1094_020,roll,3.0,deg,4,Car,vehicle,20.9,15-30m,265.5,0,0.03,25,9,0.36,68.36
nuscenes_mini_subset,scene-1094_020,roll,3.0,deg,5,Car,vehicle,86.9,>30m,37.6,0,0.0,0,0,,
nuscenes_mini_subset,scene-1094_020,roll,3.0,deg,6,Pedestrian,pedestrian,33.4,>30m,27.7,0,0.0,4,0,0.0,67.35
nuscenes_mini_subset,scene-1094_020,roll,3.0,deg,7,Motorcycle,cyclist,23.5,15-30m,88.1,2,0.0,7,1,0.1429,67.9
nuscenes_mini_subset,scene-1094_020,roll,3.0,deg,8,Pedestrian,pedestrian,47.0,>30m,22.6,1,0.0,1,0,0.0,67.09
nuscenes_mini_subset,scene-1094_020,roll,3.0,deg,9,Car,vehicle,27.7,15-30m,165.1,1,0.0,0,0,,
nuscenes_mini_subset,scene-1094_020,tx,0.0,m,0,Car,vehicle,99.1,>30m,26.5,0,0.0,0,0,,
nuscenes_mini_subset,scene-1094_020,tx,0.0,m,1,Car,vehicle,23.8,15-30m,161.0,2,0.53,21,21,1.0,0.0
nuscenes_mini_subset,scene-1094_020,tx,0.0,m,2,Pedestrian,pedestrian,63.1,>30m,20.8,2,0.0,2,2,1.0,0.0
nuscenes_mini_subset,scene-1094_020,tx,0.0,m,3,Car,vehicle,20.0,15-30m,129.1,0,0.0,37,37,1.0,0.0
nuscenes_mini_subset,scene-1094_020,tx,0.0,m,4,Car,vehicle,20.9,15-30m,265.5,0,0.03,25,25,1.0,0.0
nuscenes_mini_subset,scene-1094_020,tx,0.0,m,5,Car,vehicle,86.9,>30m,37.6,0,0.0,0,0,,
nuscenes_mini_subset,scene-1094_020,tx,0.0,m,6,Pedestrian,pedestrian,33.4,>30m,27.7,0,0.0,4,4,1.0,0.0
nuscenes_mini_subset,scene-1094_020,tx,0.0,m,7,Motorcycle,cyclist,23.5,15-30m,88.1,2,0.0,7,7,1.0,0.0
nuscenes_mini_subset,scene-1094_020,tx,0.0,m,8,Pedestrian,pedestrian,47.0,>30m,22.6,1,0.0,1,1,1.0,0.0
nuscenes_mini_subset,scene-1094_020,tx,0.0,m,9,Car,vehicle,27.7,15-30m,165.1,1,0.0,0,0,,
nuscenes_mini_subset,scene-1094_020,tx,0.02,m,0,Car,vehicle,99.1,>30m,26.5,0,0.0,0,0,,
nuscenes_mini_subset,scene-1094_020,tx,0.02,m,1,Car,vehicle,23.8,15-30m,161.0,2,0.53,21,21,1.0,1.26
nuscenes_mini_subset,scene-1094_020,tx,0.02,m,2,Pedestrian,pedestrian,63.1,>30m,20.8,2,0.0,2,2,1.0,0.42
nuscenes_mini_subset,scene-1094_020,tx,0.02,m,3,Car,vehicle,20.0,15-30m,129.1,0,0.0,37,37,1.0,1.4
nuscenes_mini_subset,scene-1094_020,tx,0.02,m,4,Car,vehicle,20.9,15-30m,265.5,0,0.03,25,25,1.0,1.45
nuscenes_mini_subset,scene-1094_020,tx,0.02,m,5,Car,vehicle,86.9,>30m,37.6,0,0.0,0,0,,
nuscenes_mini_subset,scene-1094_020,tx,0.02,m,6,Pedestrian,pedestrian,33.4,>30m,27.7,0,0.0,4,4,1.0,0.77
nuscenes_mini_subset,scene-1094_020,tx,0.02,m,7,Motorcycle,cyclist,23.5,15-30m,88.1,2,0.0,7,7,1.0,1.15
nuscenes_mini_subset,scene-1094_020,tx,0.02,m,8,Pedestrian,pedestrian,47.0,>30m,22.6,1,0.0,1,1,1.0,0.54
nuscenes_mini_subset,scene-1094_020,tx,0.02,m,9,Car,vehicle,27.7,15-30m,165.1,1,0.0,0,0,,
nuscenes_mini_subset,scene-1094_020,tx,0.05,m,0,Car,vehicle,99.1,>30m,26.5,0,0.0,0,0,,
nuscenes_mini_subset,scene-1094_020,tx,0.05,m,1,Car,vehicle,23.8,15-30m,161.0,2,0.53,21,20,0.9524,3.15
nuscenes_mini_subset,scene-1094_020,tx,0.05,m,2,Pedestrian,pedestrian,63.1,>30m,20.8,2,0.0,2,2,1.0,1.04
nuscenes_mini_subset,scene-1094_020,tx,0.05,m,3,Car,vehicle,20.0,15-30m,129.1,0,0.0,37,37,1.0,3.49
nuscenes_mini_subset,scene-1094_020,tx,0.05,m,4,Car,vehicle,20.9,15-30m,265.5,0,0.03,25,25,1.0,3.63
nuscenes_mini_subset,scene-1094_020,tx,0.05,m,5,Car,vehicle,86.9,>30m,37.6,0,0.0,0,0,,
nuscenes_mini_subset,scene-1094_020,tx,0.05,m,6,Pedestrian,pedestrian,33.4,>30m,27.7,0,0.0,4,4,1.0,1.92
nuscenes_mini_subset,scene-1094_020,tx,0.05,m,7,Motorcycle,cyclist,23.5,15-30m,88.1,2,0.0,7,7,1.0,2.87
nuscenes_mini_subset,scene-1094_020,tx,0.05,m,8,Pedestrian,pedestrian,47.0,>30m,22.6,1,0.0,1,1,1.0,1.36
nuscenes_mini_subset,scene-1094_020,tx,0.05,m,9,Car,vehicle,27.7,15-30m,165.1,1,0.0,0,0,,
nuscenes_mini_subset,scene-1094_020,tx,0.1,m,0,Car,vehicle,99.1,>30m,26.5,0,0.0,0,0,,
nuscenes_mini_subset,scene-1094_020,tx,0.1,m,1,Car,vehicle,23.8,15-30m,161.0,2,0.53,18,18,1.0,6.22
nuscenes_mini_subset,scene-1094_020,tx,0.1,m,2,Pedestrian,pedestrian,63.1,>30m,20.8,2,0.0,2,2,1.0,2.08
nuscenes_mini_subset,scene-1094_020,tx,0.1,m,3,Car,vehicle,20.0,15-30m,129.1,0,0.0,37,37,1.0,6.99
nuscenes_mini_subset,scene-1094_020,tx,0.1,m,4,Car,vehicle,20.9,15-30m,265.5,0,0.03,25,25,1.0,7.27
nuscenes_mini_subset,scene-1094_020,tx,0.1,m,5,Car,vehicle,86.9,>30m,37.6,0,0.0,0,0,,
nuscenes_mini_subset,scene-1094_020,tx,0.1,m,6,Pedestrian,pedestrian,33.4,>30m,27.7,0,0.0,4,4,1.0,3.83
nuscenes_mini_subset,scene-1094_020,tx,0.1,m,7,Motorcycle,cyclist,23.5,15-30m,88.1,2,0.0,7,7,1.0,5.75
nuscenes_mini_subset,scene-1094_020,tx,0.1,m,8,Pedestrian,pedestrian,47.0,>30m,22.6,1,0.0,1,1,1.0,2.72
nuscenes_mini_subset,scene-1094_020,tx,0.1,m,9,Car,vehicle,27.7,15-30m,165.1,1,0.0,0,0,,
nuscenes_mini_subset,scene-1094_020,tx,0.2,m,0,Car,vehicle,99.1,>30m,26.5,0,0.0,0,0,,
nuscenes_mini_subset,scene-1094_020,tx,0.2,m,1,Car,vehicle,23.8,15-30m,161.0,2,0.53,18,18,1.0,12.44
nuscenes_mini_subset,scene-1094_020,tx,0.2,m,2,Pedestrian,pedestrian,63.1,>30m,20.8,2,0.0,2,2,1.0,4.17
nuscenes_mini_subset,scene-1094_020,tx,0.2,m,3,Car,vehicle,20.0,15-30m,129.1,0,0.0,37,37,1.0,13.98
nuscenes_mini_subset,scene-1094_020,tx,0.2,m,4,Car,vehicle,20.9,15-30m,265.5,0,0.03,25,25,1.0,14.53
nuscenes_mini_subset,scene-1094_020,tx,0.2,m,5,Car,vehicle,86.9,>30m,37.6,0,0.0,0,0,,
nuscenes_mini_subset,scene-1094_020,tx,0.2,m,6,Pedestrian,pedestrian,33.4,>30m,27.7,0,0.0,4,4,1.0,7.67
nuscenes_mini_subset,scene-1094_020,tx,0.2,m,7,Motorcycle,cyclist,23.5,15-30m,88.1,2,0.0,7,7,1.0,11.49
nuscenes_mini_subset,scene-1094_020,tx,0.2,m,8,Pedestrian,pedestrian,47.0,>30m,22.6,1,0.0,1,1,1.0,5.43
nuscenes_mini_subset,scene-1094_020,tx,0.2,m,9,Car,vehicle,27.7,15-30m,165.1,1,0.0,0,0,,
nuscenes_mini_subset,scene-1094_020,ty,0.0,m,0,Car,vehicle,99.1,>30m,26.5,0,0.0,0,0,,
nuscenes_mini_subset,scene-1094_020,ty,0.0,m,1,Car,vehicle,23.8,15-30m,161.0,2,0.53,21,21,1.0,0.0
nuscenes_mini_subset,scene-1094_020,ty,0.0,m,2,Pedestrian,pedestrian,63.1,>30m,20.8,2,0.0,2,2,1.0,0.0
nuscenes_mini_subset,scene-1094_020,ty,0.0,m,3,Car,vehicle,20.0,15-30m,129.1,0,0.0,37,37,1.0,0.0
nuscenes_mini_subset,scene-1094_020,ty,0.0,m,4,Car,vehicle,20.9,15-30m,265.5,0,0.03,25,25,1.0,0.0
nuscenes_mini_subset,scene-1094_020,ty,0.0,m,5,Car,vehicle,86.9,>30m,37.6,0,0.0,0,0,,
nuscenes_mini_subset,scene-1094_020,ty,0.0,m,6,Pedestrian,pedestrian,33.4,>30m,27.7,0,0.0,4,4,1.0,0.0
nuscenes_mini_subset,scene-1094_020,ty,0.0,m,7,Motorcycle,cyclist,23.5,15-30m,88.1,2,0.0,7,7,1.0,0.0
nuscenes_mini_subset,scene-1094_020,ty,0.0,m,8,Pedestrian,pedestrian,47.0,>30m,22.6,1,0.0,1,1,1.0,0.0
nuscenes_mini_subset,scene-1094_020,ty,0.0,m,9,Car,vehicle,27.7,15-30m,165.1,1,0.0,0,0,,
nuscenes_mini_subset,scene-1094_020,ty,0.02,m,0,Car,vehicle,99.1,>30m,26.5,0,0.0,0,0,,
nuscenes_mini_subset,scene-1094_020,ty,0.02,m,1,Car,vehicle,23.8,15-30m,161.0,2,0.53,21,21,1.0,0.73
nuscenes_mini_subset,scene-1094_020,ty,0.02,m,2,Pedestrian,pedestrian,63.1,>30m,20.8,2,0.0,2,2,1.0,0.12
nuscenes_mini_subset,scene-1094_020,ty,0.02,m,3,Car,vehicle,20.0,15-30m,129.1,0,0.0,37,37,1.0,0.05
nuscenes_mini_subset,scene-1094_020,ty,0.02,m,4,Car,vehicle,20.9,15-30m,265.5,0,0.03,25,25,1.0,0.75
nuscenes_mini_subset,scene-1094_020,ty,0.02,m,5,Car,vehicle,86.9,>30m,37.6,0,0.0,0,0,,
nuscenes_mini_subset,scene-1094_020,ty,0.02,m,6,Pedestrian,pedestrian,33.4,>30m,27.7,0,0.0,4,4,1.0,0.13
nuscenes_mini_subset,scene-1094_020,ty,0.02,m,7,Motorcycle,cyclist,23.5,15-30m,88.1,2,0.0,7,7,1.0,0.37
nuscenes_mini_subset,scene-1094_020,ty,0.02,m,8,Pedestrian,pedestrian,47.0,>30m,22.6,1,0.0,1,1,1.0,0.08
nuscenes_mini_subset,scene-1094_020,ty,0.02,m,9,Car,vehicle,27.7,15-30m,165.1,1,0.0,0,0,,
nuscenes_mini_subset,scene-1094_020,ty,0.05,m,0,Car,vehicle,99.1,>30m,26.5,0,0.0,0,0,,
nuscenes_mini_subset,scene-1094_020,ty,0.05,m,1,Car,vehicle,23.8,15-30m,161.0,2,0.53,21,21,1.0,1.81
nuscenes_mini_subset,scene-1094_020,ty,0.05,m,2,Pedestrian,pedestrian,63.1,>30m,20.8,2,0.0,2,2,1.0,0.29
nuscenes_mini_subset,scene-1094_020,ty,0.05,m,3,Car,vehicle,20.0,15-30m,129.1,0,0.0,37,37,1.0,0.13
nuscenes_mini_subset,scene-1094_020,ty,0.05,m,4,Car,vehicle,20.9,15-30m,265.5,0,0.03,25,25,1.0,1.87
nuscenes_mini_subset,scene-1094_020,ty,0.05,m,5,Car,vehicle,86.9,>30m,37.6,0,0.0,0,0,,
nuscenes_mini_subset,scene-1094_020,ty,0.05,m,6,Pedestrian,pedestrian,33.4,>30m,27.7,0,0.0,4,4,1.0,0.32
nuscenes_mini_subset,scene-1094_020,ty,0.05,m,7,Motorcycle,cyclist,23.5,15-30m,88.1,2,0.0,7,7,1.0,0.92
nuscenes_mini_subset,scene-1094_020,ty,0.05,m,8,Pedestrian,pedestrian,47.0,>30m,22.6,1,0.0,1,1,1.0,0.21
nuscenes_mini_subset,scene-1094_020,ty,0.05,m,9,Car,vehicle,27.7,15-30m,165.1,1,0.0,0,0,,
nuscenes_mini_subset,scene-1094_020,ty,0.1,m,0,Car,vehicle,99.1,>30m,26.5,0,0.0,0,0,,
nuscenes_mini_subset,scene-1094_020,ty,0.1,m,1,Car,vehicle,23.8,15-30m,161.0,2,0.53,21,21,1.0,3.62
nuscenes_mini_subset,scene-1094_020,ty,0.1,m,2,Pedestrian,pedestrian,63.1,>30m,20.8,2,0.0,2,2,1.0,0.58
nuscenes_mini_subset,scene-1094_020,ty,0.1,m,3,Car,vehicle,20.0,15-30m,129.1,0,0.0,37,37,1.0,0.26
nuscenes_mini_subset,scene-1094_020,ty,0.1,m,4,Car,vehicle,20.9,15-30m,265.5,0,0.03,25,25,1.0,3.74
nuscenes_mini_subset,scene-1094_020,ty,0.1,m,5,Car,vehicle,86.9,>30m,37.6,0,0.0,0,0,,
nuscenes_mini_subset,scene-1094_020,ty,0.1,m,6,Pedestrian,pedestrian,33.4,>30m,27.7,0,0.0,4,4,1.0,0.64
nuscenes_mini_subset,scene-1094_020,ty,0.1,m,7,Motorcycle,cyclist,23.5,15-30m,88.1,2,0.0,7,7,1.0,1.84
nuscenes_mini_subset,scene-1094_020,ty,0.1,m,8,Pedestrian,pedestrian,47.0,>30m,22.6,1,0.0,1,1,1.0,0.41
nuscenes_mini_subset,scene-1094_020,ty,0.1,m,9,Car,vehicle,27.7,15-30m,165.1,1,0.0,0,0,,
nuscenes_mini_subset,scene-1094_020,ty,0.2,m,0,Car,vehicle,99.1,>30m,26.5,0,0.0,0,0,,
nuscenes_mini_subset,scene-1094_020,ty,0.2,m,1,Car,vehicle,23.8,15-30m,161.0,2,0.53,24,24,1.0,7.2
nuscenes_mini_subset,scene-1094_020,ty,0.2,m,2,Pedestrian,pedestrian,63.1,>30m,20.8,2,0.0,2,2,1.0,1.16
nuscenes_mini_subset,scene-1094_020,ty,0.2,m,3,Car,vehicle,20.0,15-30m,129.1,0,0.0,37,37,1.0,0.51
nuscenes_mini_subset,scene-1094_020,ty,0.2,m,4,Car,vehicle,20.9,15-30m,265.5,0,0.03,25,25,1.0,7.43
nuscenes_mini_subset,scene-1094_020,ty,0.2,m,5,Car,vehicle,86.9,>30m,37.6,0,0.0,0,0,,
nuscenes_mini_subset,scene-1094_020,ty,0.2,m,6,Pedestrian,pedestrian,33.4,>30m,27.7,0,0.0,4,4,1.0,1.27
nuscenes_mini_subset,scene-1094_020,ty,0.2,m,7,Motorcycle,cyclist,23.5,15-30m,88.1,2,0.0,7,7,1.0,3.67
nuscenes_mini_subset,scene-1094_020,ty,0.2,m,8,Pedestrian,pedestrian,47.0,>30m,22.6,1,0.0,1,1,1.0,0.82
nuscenes_mini_subset,scene-1094_020,ty,0.2,m,9,Car,vehicle,27.7,15-30m,165.1,1,0.0,0,0,,
nuscenes_mini_subset,scene-1094_020,tz,0.0,m,0,Car,vehicle,99.1,>30m,26.5,0,0.0,0,0,,
nuscenes_mini_subset,scene-1094_020,tz,0.0,m,1,Car,vehicle,23.8,15-30m,161.0,2,0.53,21,21,1.0,0.0
nuscenes_mini_subset,scene-1094_020,tz,0.0,m,2,Pedestrian,pedestrian,63.1,>30m,20.8,2,0.0,2,2,1.0,0.0
nuscenes_mini_subset,scene-1094_020,tz,0.0,m,3,Car,vehicle,20.0,15-30m,129.1,0,0.0,37,37,1.0,0.0
nuscenes_mini_subset,scene-1094_020,tz,0.0,m,4,Car,vehicle,20.9,15-30m,265.5,0,0.03,25,25,1.0,0.0
nuscenes_mini_subset,scene-1094_020,tz,0.0,m,5,Car,vehicle,86.9,>30m,37.6,0,0.0,0,0,,
nuscenes_mini_subset,scene-1094_020,tz,0.0,m,6,Pedestrian,pedestrian,33.4,>30m,27.7,0,0.0,4,4,1.0,0.0
nuscenes_mini_subset,scene-1094_020,tz,0.0,m,7,Motorcycle,cyclist,23.5,15-30m,88.1,2,0.0,7,7,1.0,0.0
nuscenes_mini_subset,scene-1094_020,tz,0.0,m,8,Pedestrian,pedestrian,47.0,>30m,22.6,1,0.0,1,1,1.0,0.0
nuscenes_mini_subset,scene-1094_020,tz,0.0,m,9,Car,vehicle,27.7,15-30m,165.1,1,0.0,0,0,,
nuscenes_mini_subset,scene-1094_020,tz,0.02,m,0,Car,vehicle,99.1,>30m,26.5,0,0.0,0,0,,
nuscenes_mini_subset,scene-1094_020,tz,0.02,m,1,Car,vehicle,23.8,15-30m,161.0,2,0.53,21,21,1.0,1.26
nuscenes_mini_subset,scene-1094_020,tz,0.02,m,2,Pedestrian,pedestrian,63.1,>30m,20.8,2,0.0,2,2,1.0,0.42
nuscenes_mini_subset,scene-1094_020,tz,0.02,m,3,Car,vehicle,20.0,15-30m,129.1,0,0.0,37,37,1.0,1.4
nuscenes_mini_subset,scene-1094_020,tz,0.02,m,4,Car,vehicle,20.9,15-30m,265.5,0,0.03,25,25,1.0,1.45
nuscenes_mini_subset,scene-1094_020,tz,0.02,m,5,Car,vehicle,86.9,>30m,37.6,0,0.0,0,0,,
nuscenes_mini_subset,scene-1094_020,tz,0.02,m,6,Pedestrian,pedestrian,33.4,>30m,27.7,0,0.0,4,4,1.0,0.77
nuscenes_mini_subset,scene-1094_020,tz,0.02,m,7,Motorcycle,cyclist,23.5,15-30m,88.1,2,0.0,7,7,1.0,1.15
nuscenes_mini_subset,scene-1094_020,tz,0.02,m,8,Pedestrian,pedestrian,47.0,>30m,22.6,1,0.0,1,1,1.0,0.54
nuscenes_mini_subset,scene-1094_020,tz,0.02,m,9,Car,vehicle,27.7,15-30m,165.1,1,0.0,0,0,,
nuscenes_mini_subset,scene-1094_020,tz,0.05,m,0,Car,vehicle,99.1,>30m,26.5,0,0.0,0,0,,
nuscenes_mini_subset,scene-1094_020,tz,0.05,m,1,Car,vehicle,23.8,15-30m,161.0,2,0.53,21,21,1.0,3.14
nuscenes_mini_subset,scene-1094_020,tz,0.05,m,2,Pedestrian,pedestrian,63.1,>30m,20.8,2,0.0,2,2,1.0,1.04
nuscenes_mini_subset,scene-1094_020,tz,0.05,m,3,Car,vehicle,20.0,15-30m,129.1,0,0.0,37,37,1.0,3.49
nuscenes_mini_subset,scene-1094_020,tz,0.05,m,4,Car,vehicle,20.9,15-30m,265.5,0,0.03,25,25,1.0,3.63
nuscenes_mini_subset,scene-1094_020,tz,0.05,m,5,Car,vehicle,86.9,>30m,37.6,0,0.0,0,0,,
nuscenes_mini_subset,scene-1094_020,tz,0.05,m,6,Pedestrian,pedestrian,33.4,>30m,27.7,0,0.0,4,4,1.0,1.92
nuscenes_mini_subset,scene-1094_020,tz,0.05,m,7,Motorcycle,cyclist,23.5,15-30m,88.1,2,0.0,7,7,1.0,2.87
nuscenes_mini_subset,scene-1094_020,tz,0.05,m,8,Pedestrian,pedestrian,47.0,>30m,22.6,1,0.0,1,1,1.0,1.36
nuscenes_mini_subset,scene-1094_020,tz,0.05,m,9,Car,vehicle,27.7,15-30m,165.1,1,0.0,0,0,,
nuscenes_mini_subset,scene-1094_020,tz,0.1,m,0,Car,vehicle,99.1,>30m,26.5,0,0.0,0,0,,
nuscenes_mini_subset,scene-1094_020,tz,0.1,m,1,Car,vehicle,23.8,15-30m,161.0,2,0.53,21,21,1.0,6.28
nuscenes_mini_subset,scene-1094_020,tz,0.1,m,2,Pedestrian,pedestrian,63.1,>30m,20.8,2,0.0,2,2,1.0,2.08
nuscenes_mini_subset,scene-1094_020,tz,0.1,m,3,Car,vehicle,20.0,15-30m,129.1,0,0.0,37,37,1.0,6.99
nuscenes_mini_subset,scene-1094_020,tz,0.1,m,4,Car,vehicle,20.9,15-30m,265.5,0,0.03,25,25,1.0,7.26
nuscenes_mini_subset,scene-1094_020,tz,0.1,m,5,Car,vehicle,86.9,>30m,37.6,0,0.0,0,0,,
nuscenes_mini_subset,scene-1094_020,tz,0.1,m,6,Pedestrian,pedestrian,33.4,>30m,27.7,0,0.0,4,4,1.0,3.83
nuscenes_mini_subset,scene-1094_020,tz,0.1,m,7,Motorcycle,cyclist,23.5,15-30m,88.1,2,0.0,7,7,1.0,5.74
nuscenes_mini_subset,scene-1094_020,tz,0.1,m,8,Pedestrian,pedestrian,47.0,>30m,22.6,1,0.0,1,1,1.0,2.72
nuscenes_mini_subset,scene-1094_020,tz,0.1,m,9,Car,vehicle,27.7,15-30m,165.1,1,0.0,0,0,,
nuscenes_mini_subset,scene-1094_020,tz,0.2,m,0,Car,vehicle,99.1,>30m,26.5,0,0.0,0,0,,
nuscenes_mini_subset,scene-1094_020,tz,0.2,m,1,Car,vehicle,23.8,15-30m,161.0,2,0.53,21,21,1.0,12.56
nuscenes_mini_subset,scene-1094_020,tz,0.2,m,2,Pedestrian,pedestrian,63.1,>30m,20.8,2,0.0,2,2,1.0,4.16
nuscenes_mini_subset,scene-1094_020,tz,0.2,m,3,Car,vehicle,20.0,15-30m,129.1,0,0.0,37,31,0.8378,13.98
nuscenes_mini_subset,scene-1094_020,tz,0.2,m,4,Car,vehicle,20.9,15-30m,265.5,0,0.03,25,25,1.0,14.52
nuscenes_mini_subset,scene-1094_020,tz,0.2,m,5,Car,vehicle,86.9,>30m,37.6,0,0.0,0,0,,
nuscenes_mini_subset,scene-1094_020,tz,0.2,m,6,Pedestrian,pedestrian,33.4,>30m,27.7,0,0.0,4,4,1.0,7.67
nuscenes_mini_subset,scene-1094_020,tz,0.2,m,7,Motorcycle,cyclist,23.5,15-30m,88.1,2,0.0,7,7,1.0,11.49
nuscenes_mini_subset,scene-1094_020,tz,0.2,m,8,Pedestrian,pedestrian,47.0,>30m,22.6,1,0.0,1,1,1.0,5.43
nuscenes_mini_subset,scene-1094_020,tz,0.2,m,9,Car,vehicle,27.7,15-30m,165.1,1,0.0,0,0,,
nuscenes_mini_subset,scene-1094_024,yaw,0.0,deg,0,Pedestrian,pedestrian,32.9,>30m,39.0,0,0.0,4,4,1.0,0.0
nuscenes_mini_subset,scene-1094_024,yaw,0.0,deg,1,Car,vehicle,62.1,>30m,47.6,0,0.0,0,0,,
nuscenes_mini_subset,scene-1094_024,yaw,0.0,deg,2,Pedestrian,pedestrian,50.2,>30m,29.2,2,0.0,0,0,,
nuscenes_mini_subset,scene-1094_024,yaw,0.0,deg,3,Car,vehicle,23.5,15-30m,108.1,0,0.0,30,30,1.0,0.0
nuscenes_mini_subset,scene-1094_024,yaw,0.0,deg,4,Pedestrian,pedestrian,27.8,15-30m,41.1,0,0.0,1,1,1.0,0.0
nuscenes_mini_subset,scene-1094_024,yaw,0.0,deg,5,Car,vehicle,57.2,>30m,66.3,0,0.0,0,0,,
nuscenes_mini_subset,scene-1094_024,yaw,0.0,deg,6,Pedestrian,pedestrian,15.9,15-30m,68.0,0,0.0,15,15,1.0,0.0
nuscenes_mini_subset,scene-1094_024,yaw,0.0,deg,7,Pedestrian,pedestrian,28.8,15-30m,39.8,2,0.0,0,0,,
nuscenes_mini_subset,scene-1094_024,yaw,0.25,deg,0,Pedestrian,pedestrian,32.9,>30m,39.0,0,0.0,4,4,1.0,5.61
nuscenes_mini_subset,scene-1094_024,yaw,0.25,deg,1,Car,vehicle,62.1,>30m,47.6,0,0.0,0,0,,
nuscenes_mini_subset,scene-1094_024,yaw,0.25,deg,2,Pedestrian,pedestrian,50.2,>30m,29.2,2,0.0,0,0,,
nuscenes_mini_subset,scene-1094_024,yaw,0.25,deg,3,Car,vehicle,23.5,15-30m,108.1,0,0.0,30,30,1.0,5.66
nuscenes_mini_subset,scene-1094_024,yaw,0.25,deg,4,Pedestrian,pedestrian,27.8,15-30m,41.1,0,0.0,1,1,1.0,5.71
nuscenes_mini_subset,scene-1094_024,yaw,0.25,deg,5,Car,vehicle,57.2,>30m,66.3,0,0.0,0,0,,
nuscenes_mini_subset,scene-1094_024,yaw,0.25,deg,6,Pedestrian,pedestrian,15.9,15-30m,68.0,0,0.0,15,15,1.0,6.23
nuscenes_mini_subset,scene-1094_024,yaw,0.25,deg,7,Pedestrian,pedestrian,28.8,15-30m,39.8,2,0.0,0,0,,
nuscenes_mini_subset,scene-1094_024,yaw,0.5,deg,0,Pedestrian,pedestrian,32.9,>30m,39.0,0,0.0,4,3,0.75,11.23
nuscenes_mini_subset,scene-1094_024,yaw,0.5,deg,1,Car,vehicle,62.1,>30m,47.6,0,0.0,0,0,,
nuscenes_mini_subset,scene-1094_024,yaw,0.5,deg,2,Pedestrian,pedestrian,50.2,>30m,29.2,2,0.0,0,0,,
nuscenes_mini_subset,scene-1094_024,yaw,0.5,deg,3,Car,vehicle,23.5,15-30m,108.1,0,0.0,30,29,0.9667,11.32
nuscenes_mini_subset,scene-1094_024,yaw,0.5,deg,4,Pedestrian,pedestrian,27.8,15-30m,41.1,0,0.0,1,1,1.0,11.42
nuscenes_mini_subset,scene-1094_024,yaw,0.5,deg,5,Car,vehicle,57.2,>30m,66.3,0,0.0,0,0,,
nuscenes_mini_subset,scene-1094_024,yaw,0.5,deg,6,Pedestrian,pedestrian,15.9,15-30m,68.0,0,0.0,15,14,0.9333,12.47
nuscenes_mini_subset,scene-1094_024,yaw,0.5,deg,7,Pedestrian,pedestrian,28.8,15-30m,39.8,2,0.0,0,0,,
nuscenes_mini_subset,scene-1094_024,yaw,1.0,deg,0,Pedestrian,pedestrian,32.9,>30m,39.0,0,0.0,4,2,0.5,22.46
nuscenes_mini_subset,scene-1094_024,yaw,1.0,deg,1,Car,vehicle,62.1,>30m,47.6,0,0.0,0,0,,
nuscenes_mini_subset,scene-1094_024,yaw,1.0,deg,2,Pedestrian,pedestrian,50.2,>30m,29.2,2,0.0,0,0,,
nuscenes_mini_subset,scene-1094_024,yaw,1.0,deg,3,Car,vehicle,23.5,15-30m,108.1,0,0.0,30,26,0.8667,22.63
nuscenes_mini_subset,scene-1094_024,yaw,1.0,deg,4,Pedestrian,pedestrian,27.8,15-30m,41.1,0,0.0,1,0,0.0,22.87
nuscenes_mini_subset,scene-1094_024,yaw,1.0,deg,5,Car,vehicle,57.2,>30m,66.3,0,0.0,0,0,,
nuscenes_mini_subset,scene-1094_024,yaw,1.0,deg,6,Pedestrian,pedestrian,15.9,15-30m,68.0,0,0.0,15,12,0.8,25.01
nuscenes_mini_subset,scene-1094_024,yaw,1.0,deg,7,Pedestrian,pedestrian,28.8,15-30m,39.8,2,0.0,0,0,,
nuscenes_mini_subset,scene-1094_024,yaw,2.0,deg,0,Pedestrian,pedestrian,32.9,>30m,39.0,0,0.0,4,0,0.0,44.97
nuscenes_mini_subset,scene-1094_024,yaw,2.0,deg,1,Car,vehicle,62.1,>30m,47.6,0,0.0,0,0,,
nuscenes_mini_subset,scene-1094_024,yaw,2.0,deg,2,Pedestrian,pedestrian,50.2,>30m,29.2,2,0.0,0,0,,
nuscenes_mini_subset,scene-1094_024,yaw,2.0,deg,3,Car,vehicle,23.5,15-30m,108.1,0,0.0,30,18,0.6,45.23
nuscenes_mini_subset,scene-1094_024,yaw,2.0,deg,4,Pedestrian,pedestrian,27.8,15-30m,41.1,0,0.0,1,0,0.0,45.86
nuscenes_mini_subset,scene-1094_024,yaw,2.0,deg,5,Car,vehicle,57.2,>30m,66.3,0,0.0,0,0,,
nuscenes_mini_subset,scene-1094_024,yaw,2.0,deg,6,Pedestrian,pedestrian,15.9,15-30m,68.0,0,0.0,15,4,0.2667,50.31
nuscenes_mini_subset,scene-1094_024,yaw,2.0,deg,7,Pedestrian,pedestrian,28.8,15-30m,39.8,2,0.0,0,0,,
nuscenes_mini_subset,scene-1094_024,yaw,3.0,deg,0,Pedestrian,pedestrian,32.9,>30m,39.0,0,0.0,4,0,0.0,67.54
nuscenes_mini_subset,scene-1094_024,yaw,3.0,deg,1,Car,vehicle,62.1,>30m,47.6,0,0.0,0,0,,
nuscenes_mini_subset,scene-1094_024,yaw,3.0,deg,2,Pedestrian,pedestrian,50.2,>30m,29.2,2,0.0,0,0,,
nuscenes_mini_subset,scene-1094_024,yaw,3.0,deg,3,Car,vehicle,23.5,15-30m,108.1,0,0.0,30,10,0.3333,67.81
nuscenes_mini_subset,scene-1094_024,yaw,3.0,deg,4,Pedestrian,pedestrian,27.8,15-30m,41.1,0,0.0,1,0,0.0,68.98
nuscenes_mini_subset,scene-1094_024,yaw,3.0,deg,5,Car,vehicle,57.2,>30m,66.3,0,0.0,0,0,,
nuscenes_mini_subset,scene-1094_024,yaw,3.0,deg,6,Pedestrian,pedestrian,15.9,15-30m,68.0,0,0.0,15,0,0.0,75.93
nuscenes_mini_subset,scene-1094_024,yaw,3.0,deg,7,Pedestrian,pedestrian,28.8,15-30m,39.8,2,0.0,0,0,,
nuscenes_mini_subset,scene-1094_024,pitch,0.0,deg,0,Pedestrian,pedestrian,32.9,>30m,39.0,0,0.0,4,4,1.0,0.0
nuscenes_mini_subset,scene-1094_024,pitch,0.0,deg,1,Car,vehicle,62.1,>30m,47.6,0,0.0,0,0,,
nuscenes_mini_subset,scene-1094_024,pitch,0.0,deg,2,Pedestrian,pedestrian,50.2,>30m,29.2,2,0.0,0,0,,
nuscenes_mini_subset,scene-1094_024,pitch,0.0,deg,3,Car,vehicle,23.5,15-30m,108.1,0,0.0,30,30,1.0,0.0
nuscenes_mini_subset,scene-1094_024,pitch,0.0,deg,4,Pedestrian,pedestrian,27.8,15-30m,41.1,0,0.0,1,1,1.0,0.0
nuscenes_mini_subset,scene-1094_024,pitch,0.0,deg,5,Car,vehicle,57.2,>30m,66.3,0,0.0,0,0,,
nuscenes_mini_subset,scene-1094_024,pitch,0.0,deg,6,Pedestrian,pedestrian,15.9,15-30m,68.0,0,0.0,15,15,1.0,0.0
nuscenes_mini_subset,scene-1094_024,pitch,0.0,deg,7,Pedestrian,pedestrian,28.8,15-30m,39.8,2,0.0,0,0,,
nuscenes_mini_subset,scene-1094_024,pitch,0.25,deg,0,Pedestrian,pedestrian,32.9,>30m,39.0,0,0.0,4,4,1.0,0.25
nuscenes_mini_subset,scene-1094_024,pitch,0.25,deg,1,Car,vehicle,62.1,>30m,47.6,0,0.0,0,0,,
nuscenes_mini_subset,scene-1094_024,pitch,0.25,deg,2,Pedestrian,pedestrian,50.2,>30m,29.2,2,0.0,0,0,,
nuscenes_mini_subset,scene-1094_024,pitch,0.25,deg,3,Car,vehicle,23.5,15-30m,108.1,0,0.0,30,30,1.0,0.31
nuscenes_mini_subset,scene-1094_024,pitch,0.25,deg,4,Pedestrian,pedestrian,27.8,15-30m,41.1,0,0.0,1,1,1.0,0.71
nuscenes_mini_subset,scene-1094_024,pitch,0.25,deg,5,Car,vehicle,57.2,>30m,66.3,0,0.0,0,0,,
nuscenes_mini_subset,scene-1094_024,pitch,0.25,deg,6,Pedestrian,pedestrian,15.9,15-30m,68.0,0,0.0,15,15,1.0,1.73
nuscenes_mini_subset,scene-1094_024,pitch,0.25,deg,7,Pedestrian,pedestrian,28.8,15-30m,39.8,2,0.0,0,0,,
nuscenes_mini_subset,scene-1094_024,pitch,0.5,deg,0,Pedestrian,pedestrian,32.9,>30m,39.0,0,0.0,4,4,1.0,0.51
nuscenes_mini_subset,scene-1094_024,pitch,0.5,deg,1,Car,vehicle,62.1,>30m,47.6,0,0.0,0,0,,
nuscenes_mini_subset,scene-1094_024,pitch,0.5,deg,2,Pedestrian,pedestrian,50.2,>30m,29.2,2,0.0,0,0,,
nuscenes_mini_subset,scene-1094_024,pitch,0.5,deg,3,Car,vehicle,23.5,15-30m,108.1,0,0.0,30,30,1.0,0.62
nuscenes_mini_subset,scene-1094_024,pitch,0.5,deg,4,Pedestrian,pedestrian,27.8,15-30m,41.1,0,0.0,1,1,1.0,1.42
nuscenes_mini_subset,scene-1094_024,pitch,0.5,deg,5,Car,vehicle,57.2,>30m,66.3,0,0.0,0,0,,
nuscenes_mini_subset,scene-1094_024,pitch,0.5,deg,6,Pedestrian,pedestrian,15.9,15-30m,68.0,0,0.0,15,15,1.0,3.47
nuscenes_mini_subset,scene-1094_024,pitch,0.5,deg,7,Pedestrian,pedestrian,28.8,15-30m,39.8,2,0.0,0,0,,
nuscenes_mini_subset,scene-1094_024,pitch,1.0,deg,0,Pedestrian,pedestrian,32.9,>30m,39.0,0,0.0,4,4,1.0,1.01
nuscenes_mini_subset,scene-1094_024,pitch,1.0,deg,1,Car,vehicle,62.1,>30m,47.6,0,0.0,0,0,,
nuscenes_mini_subset,scene-1094_024,pitch,1.0,deg,2,Pedestrian,pedestrian,50.2,>30m,29.2,2,0.0,0,0,,
nuscenes_mini_subset,scene-1094_024,pitch,1.0,deg,3,Car,vehicle,23.5,15-30m,108.1,0,0.0,30,30,1.0,1.24
nuscenes_mini_subset,scene-1094_024,pitch,1.0,deg,4,Pedestrian,pedestrian,27.8,15-30m,41.1,0,0.0,1,1,1.0,2.85
nuscenes_mini_subset,scene-1094_024,pitch,1.0,deg,5,Car,vehicle,57.2,>30m,66.3,0,0.0,0,0,,
nuscenes_mini_subset,scene-1094_024,pitch,1.0,deg,6,Pedestrian,pedestrian,15.9,15-30m,68.0,0,0.0,15,15,1.0,6.93
nuscenes_mini_subset,scene-1094_024,pitch,1.0,deg,7,Pedestrian,pedestrian,28.8,15-30m,39.8,2,0.0,0,0,,
nuscenes_mini_subset,scene-1094_024,pitch,2.0,deg,0,Pedestrian,pedestrian,32.9,>30m,39.0,0,0.0,4,4,1.0,2.03
nuscenes_mini_subset,scene-1094_024,pitch,2.0,deg,1,Car,vehicle,62.1,>30m,47.6,0,0.0,0,0,,
nuscenes_mini_subset,scene-1094_024,pitch,2.0,deg,2,Pedestrian,pedestrian,50.2,>30m,29.2,2,0.0,0,0,,
nuscenes_mini_subset,scene-1094_024,pitch,2.0,deg,3,Car,vehicle,23.5,15-30m,108.1,0,0.0,30,30,1.0,2.48
nuscenes_mini_subset,scene-1094_024,pitch,2.0,deg,4,Pedestrian,pedestrian,27.8,15-30m,41.1,0,0.0,1,1,1.0,5.69
nuscenes_mini_subset,scene-1094_024,pitch,2.0,deg,5,Car,vehicle,57.2,>30m,66.3,0,0.0,0,0,,
nuscenes_mini_subset,scene-1094_024,pitch,2.0,deg,6,Pedestrian,pedestrian,15.9,15-30m,68.0,0,0.0,15,15,1.0,13.87
nuscenes_mini_subset,scene-1094_024,pitch,2.0,deg,7,Pedestrian,pedestrian,28.8,15-30m,39.8,2,0.0,0,0,,
nuscenes_mini_subset,scene-1094_024,pitch,3.0,deg,0,Pedestrian,pedestrian,32.9,>30m,39.0,0,0.0,4,4,1.0,3.04
nuscenes_mini_subset,scene-1094_024,pitch,3.0,deg,1,Car,vehicle,62.1,>30m,47.6,0,0.0,0,0,,
nuscenes_mini_subset,scene-1094_024,pitch,3.0,deg,2,Pedestrian,pedestrian,50.2,>30m,29.2,2,0.0,0,0,,
nuscenes_mini_subset,scene-1094_024,pitch,3.0,deg,3,Car,vehicle,23.5,15-30m,108.1,0,0.0,30,30,1.0,3.72
nuscenes_mini_subset,scene-1094_024,pitch,3.0,deg,4,Pedestrian,pedestrian,27.8,15-30m,41.1,0,0.0,1,1,1.0,8.54
nuscenes_mini_subset,scene-1094_024,pitch,3.0,deg,5,Car,vehicle,57.2,>30m,66.3,0,0.0,0,0,,
nuscenes_mini_subset,scene-1094_024,pitch,3.0,deg,6,Pedestrian,pedestrian,15.9,15-30m,68.0,0,0.0,15,14,0.9333,20.8
nuscenes_mini_subset,scene-1094_024,pitch,3.0,deg,7,Pedestrian,pedestrian,28.8,15-30m,39.8,2,0.0,0,0,,
nuscenes_mini_subset,scene-1094_024,roll,0.0,deg,0,Pedestrian,pedestrian,32.9,>30m,39.0,0,0.0,4,4,1.0,0.0
nuscenes_mini_subset,scene-1094_024,roll,0.0,deg,1,Car,vehicle,62.1,>30m,47.6,0,0.0,0,0,,
nuscenes_mini_subset,scene-1094_024,roll,0.0,deg,2,Pedestrian,pedestrian,50.2,>30m,29.2,2,0.0,0,0,,
nuscenes_mini_subset,scene-1094_024,roll,0.0,deg,3,Car,vehicle,23.5,15-30m,108.1,0,0.0,30,30,1.0,0.0
nuscenes_mini_subset,scene-1094_024,roll,0.0,deg,4,Pedestrian,pedestrian,27.8,15-30m,41.1,0,0.0,1,1,1.0,0.0
nuscenes_mini_subset,scene-1094_024,roll,0.0,deg,5,Car,vehicle,57.2,>30m,66.3,0,0.0,0,0,,
nuscenes_mini_subset,scene-1094_024,roll,0.0,deg,6,Pedestrian,pedestrian,15.9,15-30m,68.0,0,0.0,15,15,1.0,0.0
nuscenes_mini_subset,scene-1094_024,roll,0.0,deg,7,Pedestrian,pedestrian,28.8,15-30m,39.8,2,0.0,0,0,,
nuscenes_mini_subset,scene-1094_024,roll,0.25,deg,0,Pedestrian,pedestrian,32.9,>30m,39.0,0,0.0,4,4,1.0,5.6
nuscenes_mini_subset,scene-1094_024,roll,0.25,deg,1,Car,vehicle,62.1,>30m,47.6,0,0.0,0,0,,
nuscenes_mini_subset,scene-1094_024,roll,0.25,deg,2,Pedestrian,pedestrian,50.2,>30m,29.2,2,0.0,0,0,,
nuscenes_mini_subset,scene-1094_024,roll,0.25,deg,3,Car,vehicle,23.5,15-30m,108.1,0,0.0,30,30,1.0,5.65
nuscenes_mini_subset,scene-1094_024,roll,0.25,deg,4,Pedestrian,pedestrian,27.8,15-30m,41.1,0,0.0,1,1,1.0,5.62
nuscenes_mini_subset,scene-1094_024,roll,0.25,deg,5,Car,vehicle,57.2,>30m,66.3,0,0.0,0,0,,
nuscenes_mini_subset,scene-1094_024,roll,0.25,deg,6,Pedestrian,pedestrian,15.9,15-30m,68.0,0,0.0,15,15,1.0,5.7
nuscenes_mini_subset,scene-1094_024,roll,0.25,deg,7,Pedestrian,pedestrian,28.8,15-30m,39.8,2,0.0,0,0,,
nuscenes_mini_subset,scene-1094_024,roll,0.5,deg,0,Pedestrian,pedestrian,32.9,>30m,39.0,0,0.0,4,4,1.0,11.21
nuscenes_mini_subset,scene-1094_024,roll,0.5,deg,1,Car,vehicle,62.1,>30m,47.6,0,0.0,0,0,,
nuscenes_mini_subset,scene-1094_024,roll,0.5,deg,2,Pedestrian,pedestrian,50.2,>30m,29.2,2,0.0,0,0,,
nuscenes_mini_subset,scene-1094_024,roll,0.5,deg,3,Car,vehicle,23.5,15-30m,108.1,0,0.0,30,30,1.0,11.3
nuscenes_mini_subset,scene-1094_024,roll,0.5,deg,4,Pedestrian,pedestrian,27.8,15-30m,41.1,0,0.0,1,1,1.0,11.23
nuscenes_mini_subset,scene-1094_024,roll,0.5,deg,5,Car,vehicle,57.2,>30m,66.3,0,0.0,0,0,,
nuscenes_mini_subset,scene-1094_024,roll,0.5,deg,6,Pedestrian,pedestrian,15.9,15-30m,68.0,0,0.0,15,15,1.0,11.4
nuscenes_mini_subset,scene-1094_024,roll,0.5,deg,7,Pedestrian,pedestrian,28.8,15-30m,39.8,2,0.0,0,0,,
nuscenes_mini_subset,scene-1094_024,roll,1.0,deg,0,Pedestrian,pedestrian,32.9,>30m,39.0,0,0.0,4,2,0.5,22.41
nuscenes_mini_subset,scene-1094_024,roll,1.0,deg,1,Car,vehicle,62.1,>30m,47.6,0,0.0,0,0,,
nuscenes_mini_subset,scene-1094_024,roll,1.0,deg,2,Pedestrian,pedestrian,50.2,>30m,29.2,2,0.0,0,0,,
nuscenes_mini_subset,scene-1094_024,roll,1.0,deg,3,Car,vehicle,23.5,15-30m,108.1,0,0.0,30,30,1.0,22.59
nuscenes_mini_subset,scene-1094_024,roll,1.0,deg,4,Pedestrian,pedestrian,27.8,15-30m,41.1,0,0.0,1,1,1.0,22.46
nuscenes_mini_subset,scene-1094_024,roll,1.0,deg,5,Car,vehicle,57.2,>30m,66.3,0,0.0,0,0,,
nuscenes_mini_subset,scene-1094_024,roll,1.0,deg,6,Pedestrian,pedestrian,15.9,15-30m,68.0,0,0.0,15,14,0.9333,22.8
nuscenes_mini_subset,scene-1094_024,roll,1.0,deg,7,Pedestrian,pedestrian,28.8,15-30m,39.8,2,0.0,0,0,,
nuscenes_mini_subset,scene-1094_024,roll,2.0,deg,0,Pedestrian,pedestrian,32.9,>30m,39.0,0,0.0,4,2,0.5,44.84
nuscenes_mini_subset,scene-1094_024,roll,2.0,deg,1,Car,vehicle,62.1,>30m,47.6,0,0.0,0,0,,
nuscenes_mini_subset,scene-1094_024,roll,2.0,deg,2,Pedestrian,pedestrian,50.2,>30m,29.2,2,0.0,0,0,,
nuscenes_mini_subset,scene-1094_024,roll,2.0,deg,3,Car,vehicle,23.5,15-30m,108.1,0,0.0,30,21,0.7,45.17
nuscenes_mini_subset,scene-1094_024,roll,2.0,deg,4,Pedestrian,pedestrian,27.8,15-30m,41.1,0,0.0,1,0,0.0,44.93
nuscenes_mini_subset,scene-1094_024,roll,2.0,deg,5,Car,vehicle,57.2,>30m,66.3,0,0.0,0,0,,
nuscenes_mini_subset,scene-1094_024,roll,2.0,deg,6,Pedestrian,pedestrian,15.9,15-30m,68.0,0,0.0,15,14,0.9333,45.57
nuscenes_mini_subset,scene-1094_024,roll,2.0,deg,7,Pedestrian,pedestrian,28.8,15-30m,39.8,2,0.0,0,0,,
nuscenes_mini_subset,scene-1094_024,roll,3.0,deg,0,Pedestrian,pedestrian,32.9,>30m,39.0,0,0.0,4,0,0.0,67.29
nuscenes_mini_subset,scene-1094_024,roll,3.0,deg,1,Car,vehicle,62.1,>30m,47.6,0,0.0,0,0,,
nuscenes_mini_subset,scene-1094_024,roll,3.0,deg,2,Pedestrian,pedestrian,50.2,>30m,29.2,2,0.0,0,0,,
nuscenes_mini_subset,scene-1094_024,roll,3.0,deg,3,Car,vehicle,23.5,15-30m,108.1,0,0.0,30,21,0.7,67.75
nuscenes_mini_subset,scene-1094_024,roll,3.0,deg,4,Pedestrian,pedestrian,27.8,15-30m,41.1,0,0.0,1,0,0.0,67.41
nuscenes_mini_subset,scene-1094_024,roll,3.0,deg,5,Car,vehicle,57.2,>30m,66.3,0,0.0,0,0,,
nuscenes_mini_subset,scene-1094_024,roll,3.0,deg,6,Pedestrian,pedestrian,15.9,15-30m,68.0,0,0.0,15,10,0.6667,68.35
nuscenes_mini_subset,scene-1094_024,roll,3.0,deg,7,Pedestrian,pedestrian,28.8,15-30m,39.8,2,0.0,0,0,,
nuscenes_mini_subset,scene-1094_024,tx,0.0,m,0,Pedestrian,pedestrian,32.9,>30m,39.0,0,0.0,4,4,1.0,0.0
nuscenes_mini_subset,scene-1094_024,tx,0.0,m,1,Car,vehicle,62.1,>30m,47.6,0,0.0,0,0,,
nuscenes_mini_subset,scene-1094_024,tx,0.0,m,2,Pedestrian,pedestrian,50.2,>30m,29.2,2,0.0,0,0,,
nuscenes_mini_subset,scene-1094_024,tx,0.0,m,3,Car,vehicle,23.5,15-30m,108.1,0,0.0,30,30,1.0,0.0
nuscenes_mini_subset,scene-1094_024,tx,0.0,m,4,Pedestrian,pedestrian,27.8,15-30m,41.1,0,0.0,1,1,1.0,0.0
nuscenes_mini_subset,scene-1094_024,tx,0.0,m,5,Car,vehicle,57.2,>30m,66.3,0,0.0,0,0,,
nuscenes_mini_subset,scene-1094_024,tx,0.0,m,6,Pedestrian,pedestrian,15.9,15-30m,68.0,0,0.0,15,15,1.0,0.0
nuscenes_mini_subset,scene-1094_024,tx,0.0,m,7,Pedestrian,pedestrian,28.8,15-30m,39.8,2,0.0,0,0,,
nuscenes_mini_subset,scene-1094_024,tx,0.02,m,0,Pedestrian,pedestrian,32.9,>30m,39.0,0,0.0,4,4,1.0,0.77
nuscenes_mini_subset,scene-1094_024,tx,0.02,m,1,Car,vehicle,62.1,>30m,47.6,0,0.0,0,0,,
nuscenes_mini_subset,scene-1094_024,tx,0.02,m,2,Pedestrian,pedestrian,50.2,>30m,29.2,2,0.0,0,0,,
nuscenes_mini_subset,scene-1094_024,tx,0.02,m,3,Car,vehicle,23.5,15-30m,108.1,0,0.0,30,30,1.0,1.15
nuscenes_mini_subset,scene-1094_024,tx,0.02,m,4,Pedestrian,pedestrian,27.8,15-30m,41.1,0,0.0,1,1,1.0,0.92
nuscenes_mini_subset,scene-1094_024,tx,0.02,m,5,Car,vehicle,57.2,>30m,66.3,0,0.0,0,0,,
nuscenes_mini_subset,scene-1094_024,tx,0.02,m,6,Pedestrian,pedestrian,15.9,15-30m,68.0,0,0.0,15,15,1.0,1.67
nuscenes_mini_subset,scene-1094_024,tx,0.02,m,7,Pedestrian,pedestrian,28.8,15-30m,39.8,2,0.0,0,0,,
nuscenes_mini_subset,scene-1094_024,tx,0.05,m,0,Pedestrian,pedestrian,32.9,>30m,39.0,0,0.0,4,4,1.0,1.93
nuscenes_mini_subset,scene-1094_024,tx,0.05,m,1,Car,vehicle,62.1,>30m,47.6,0,0.0,0,0,,
nuscenes_mini_subset,scene-1094_024,tx,0.05,m,2,Pedestrian,pedestrian,50.2,>30m,29.2,2,0.0,0,0,,
nuscenes_mini_subset,scene-1094_024,tx,0.05,m,3,Car,vehicle,23.5,15-30m,108.1,0,0.0,30,30,1.0,2.87
nuscenes_mini_subset,scene-1094_024,tx,0.05,m,4,Pedestrian,pedestrian,27.8,15-30m,41.1,0,0.0,1,1,1.0,2.3
nuscenes_mini_subset,scene-1094_024,tx,0.05,m,5,Car,vehicle,57.2,>30m,66.3,0,0.0,0,0,,
nuscenes_mini_subset,scene-1094_024,tx,0.05,m,6,Pedestrian,pedestrian,15.9,15-30m,68.0,0,0.0,15,14,0.9333,4.18
nuscenes_mini_subset,scene-1094_024,tx,0.05,m,7,Pedestrian,pedestrian,28.8,15-30m,39.8,2,0.0,0,0,,
nuscenes_mini_subset,scene-1094_024,tx,0.1,m,0,Pedestrian,pedestrian,32.9,>30m,39.0,0,0.0,4,4,1.0,3.85
nuscenes_mini_subset,scene-1094_024,tx,0.1,m,1,Car,vehicle,62.1,>30m,47.6,0,0.0,0,0,,
nuscenes_mini_subset,scene-1094_024,tx,0.1,m,2,Pedestrian,pedestrian,50.2,>30m,29.2,2,0.0,0,0,,
nuscenes_mini_subset,scene-1094_024,tx,0.1,m,3,Car,vehicle,23.5,15-30m,108.1,0,0.0,30,30,1.0,5.74
nuscenes_mini_subset,scene-1094_024,tx,0.1,m,4,Pedestrian,pedestrian,27.8,15-30m,41.1,0,0.0,1,1,1.0,4.6
nuscenes_mini_subset,scene-1094_024,tx,0.1,m,5,Car,vehicle,57.2,>30m,66.3,0,0.0,0,0,,
nuscenes_mini_subset,scene-1094_024,tx,0.1,m,6,Pedestrian,pedestrian,15.9,15-30m,68.0,0,0.0,15,14,0.9333,8.37
nuscenes_mini_subset,scene-1094_024,tx,0.1,m,7,Pedestrian,pedestrian,28.8,15-30m,39.8,2,0.0,0,0,,
nuscenes_mini_subset,scene-1094_024,tx,0.2,m,0,Pedestrian,pedestrian,32.9,>30m,39.0,0,0.0,4,4,1.0,7.71
nuscenes_mini_subset,scene-1094_024,tx,0.2,m,1,Car,vehicle,62.1,>30m,47.6,0,0.0,0,0,,
nuscenes_mini_subset,scene-1094_024,tx,0.2,m,2,Pedestrian,pedestrian,50.2,>30m,29.2,2,0.0,0,0,,
nuscenes_mini_subset,scene-1094_024,tx,0.2,m,3,Car,vehicle,23.5,15-30m,108.1,0,0.0,30,29,0.9667,11.48
nuscenes_mini_subset,scene-1094_024,tx,0.2,m,4,Pedestrian,pedestrian,27.8,15-30m,41.1,0,0.0,1,1,1.0,9.19
nuscenes_mini_subset,scene-1094_024,tx,0.2,m,5,Car,vehicle,57.2,>30m,66.3,0,0.0,0,0,,
nuscenes_mini_subset,scene-1094_024,tx,0.2,m,6,Pedestrian,pedestrian,15.9,15-30m,68.0,0,0.0,15,11,0.7333,16.74
nuscenes_mini_subset,scene-1094_024,tx,0.2,m,7,Pedestrian,pedestrian,28.8,15-30m,39.8,2,0.0,0,0,,
nuscenes_mini_subset,scene-1094_024,ty,0.0,m,0,Pedestrian,pedestrian,32.9,>30m,39.0,0,0.0,4,4,1.0,0.0
nuscenes_mini_subset,scene-1094_024,ty,0.0,m,1,Car,vehicle,62.1,>30m,47.6,0,0.0,0,0,,
nuscenes_mini_subset,scene-1094_024,ty,0.0,m,2,Pedestrian,pedestrian,50.2,>30m,29.2,2,0.0,0,0,,
nuscenes_mini_subset,scene-1094_024,ty,0.0,m,3,Car,vehicle,23.5,15-30m,108.1,0,0.0,30,30,1.0,0.0
nuscenes_mini_subset,scene-1094_024,ty,0.0,m,4,Pedestrian,pedestrian,27.8,15-30m,41.1,0,0.0,1,1,1.0,0.0
nuscenes_mini_subset,scene-1094_024,ty,0.0,m,5,Car,vehicle,57.2,>30m,66.3,0,0.0,0,0,,
nuscenes_mini_subset,scene-1094_024,ty,0.0,m,6,Pedestrian,pedestrian,15.9,15-30m,68.0,0,0.0,15,15,1.0,0.0
nuscenes_mini_subset,scene-1094_024,ty,0.0,m,7,Pedestrian,pedestrian,28.8,15-30m,39.8,2,0.0,0,0,,
nuscenes_mini_subset,scene-1094_024,ty,0.02,m,0,Pedestrian,pedestrian,32.9,>30m,39.0,0,0.0,4,4,1.0,0.04
nuscenes_mini_subset,scene-1094_024,ty,0.02,m,1,Car,vehicle,62.1,>30m,47.6,0,0.0,0,0,,
nuscenes_mini_subset,scene-1094_024,ty,0.02,m,2,Pedestrian,pedestrian,50.2,>30m,29.2,2,0.0,0,0,,
nuscenes_mini_subset,scene-1094_024,ty,0.02,m,3,Car,vehicle,23.5,15-30m,108.1,0,0.0,30,30,1.0,0.06
nuscenes_mini_subset,scene-1094_024,ty,0.02,m,4,Pedestrian,pedestrian,27.8,15-30m,41.1,0,0.0,1,1,1.0,0.12
nuscenes_mini_subset,scene-1094_024,ty,0.02,m,5,Car,vehicle,57.2,>30m,66.3,0,0.0,0,0,,
nuscenes_mini_subset,scene-1094_024,ty,0.02,m,6,Pedestrian,pedestrian,15.9,15-30m,68.0,0,0.0,15,15,1.0,0.52
nuscenes_mini_subset,scene-1094_024,ty,0.02,m,7,Pedestrian,pedestrian,28.8,15-30m,39.8,2,0.0,0,0,,
nuscenes_mini_subset,scene-1094_024,ty,0.05,m,0,Pedestrian,pedestrian,32.9,>30m,39.0,0,0.0,4,4,1.0,0.09
nuscenes_mini_subset,scene-1094_024,ty,0.05,m,1,Car,vehicle,62.1,>30m,47.6,0,0.0,0,0,,
nuscenes_mini_subset,scene-1094_024,ty,0.05,m,2,Pedestrian,pedestrian,50.2,>30m,29.2,2,0.0,0,0,,
nuscenes_mini_subset,scene-1094_024,ty,0.05,m,3,Car,vehicle,23.5,15-30m,108.1,0,0.0,30,30,1.0,0.15
nuscenes_mini_subset,scene-1094_024,ty,0.05,m,4,Pedestrian,pedestrian,27.8,15-30m,41.1,0,0.0,1,1,1.0,0.3
nuscenes_mini_subset,scene-1094_024,ty,0.05,m,5,Car,vehicle,57.2,>30m,66.3,0,0.0,0,0,,
nuscenes_mini_subset,scene-1094_024,ty,0.05,m,6,Pedestrian,pedestrian,15.9,15-30m,68.0,0,0.0,15,15,1.0,1.3
nuscenes_mini_subset,scene-1094_024,ty,0.05,m,7,Pedestrian,pedestrian,28.8,15-30m,39.8,2,0.0,0,0,,
nuscenes_mini_subset,scene-1094_024,ty,0.1,m,0,Pedestrian,pedestrian,32.9,>30m,39.0,0,0.0,4,4,1.0,0.19
nuscenes_mini_subset,scene-1094_024,ty,0.1,m,1,Car,vehicle,62.1,>30m,47.6,0,0.0,0,0,,
nuscenes_mini_subset,scene-1094_024,ty,0.1,m,2,Pedestrian,pedestrian,50.2,>30m,29.2,2,0.0,0,0,,
nuscenes_mini_subset,scene-1094_024,ty,0.1,m,3,Car,vehicle,23.5,15-30m,108.1,0,0.0,30,30,1.0,0.3
nuscenes_mini_subset,scene-1094_024,ty,0.1,m,4,Pedestrian,pedestrian,27.8,15-30m,41.1,0,0.0,1,1,1.0,0.59
nuscenes_mini_subset,scene-1094_024,ty,0.1,m,5,Car,vehicle,57.2,>30m,66.3,0,0.0,0,0,,
nuscenes_mini_subset,scene-1094_024,ty,0.1,m,6,Pedestrian,pedestrian,15.9,15-30m,68.0,0,0.0,15,15,1.0,2.59
nuscenes_mini_subset,scene-1094_024,ty,0.1,m,7,Pedestrian,pedestrian,28.8,15-30m,39.8,2,0.0,0,0,,
nuscenes_mini_subset,scene-1094_024,ty,0.2,m,0,Pedestrian,pedestrian,32.9,>30m,39.0,0,0.0,4,4,1.0,0.37
nuscenes_mini_subset,scene-1094_024,ty,0.2,m,1,Car,vehicle,62.1,>30m,47.6,0,0.0,0,0,,
nuscenes_mini_subset,scene-1094_024,ty,0.2,m,2,Pedestrian,pedestrian,50.2,>30m,29.2,2,0.0,0,0,,
nuscenes_mini_subset,scene-1094_024,ty,0.2,m,3,Car,vehicle,23.5,15-30m,108.1,0,0.0,30,30,1.0,0.59
nuscenes_mini_subset,scene-1094_024,ty,0.2,m,4,Pedestrian,pedestrian,27.8,15-30m,41.1,0,0.0,1,1,1.0,1.18
nuscenes_mini_subset,scene-1094_024,ty,0.2,m,5,Car,vehicle,57.2,>30m,66.3,0,0.0,0,0,,
nuscenes_mini_subset,scene-1094_024,ty,0.2,m,6,Pedestrian,pedestrian,15.9,15-30m,68.0,0,0.0,15,14,0.9333,5.15
nuscenes_mini_subset,scene-1094_024,ty,0.2,m,7,Pedestrian,pedestrian,28.8,15-30m,39.8,2,0.0,0,0,,
nuscenes_mini_subset,scene-1094_024,tz,0.0,m,0,Pedestrian,pedestrian,32.9,>30m,39.0,0,0.0,4,4,1.0,0.0
nuscenes_mini_subset,scene-1094_024,tz,0.0,m,1,Car,vehicle,62.1,>30m,47.6,0,0.0,0,0,,
nuscenes_mini_subset,scene-1094_024,tz,0.0,m,2,Pedestrian,pedestrian,50.2,>30m,29.2,2,0.0,0,0,,
nuscenes_mini_subset,scene-1094_024,tz,0.0,m,3,Car,vehicle,23.5,15-30m,108.1,0,0.0,30,30,1.0,0.0
nuscenes_mini_subset,scene-1094_024,tz,0.0,m,4,Pedestrian,pedestrian,27.8,15-30m,41.1,0,0.0,1,1,1.0,0.0
nuscenes_mini_subset,scene-1094_024,tz,0.0,m,5,Car,vehicle,57.2,>30m,66.3,0,0.0,0,0,,
nuscenes_mini_subset,scene-1094_024,tz,0.0,m,6,Pedestrian,pedestrian,15.9,15-30m,68.0,0,0.0,15,15,1.0,0.0
nuscenes_mini_subset,scene-1094_024,tz,0.0,m,7,Pedestrian,pedestrian,28.8,15-30m,39.8,2,0.0,0,0,,
nuscenes_mini_subset,scene-1094_024,tz,0.02,m,0,Pedestrian,pedestrian,32.9,>30m,39.0,0,0.0,4,4,1.0,0.77
nuscenes_mini_subset,scene-1094_024,tz,0.02,m,1,Car,vehicle,62.1,>30m,47.6,0,0.0,0,0,,
nuscenes_mini_subset,scene-1094_024,tz,0.02,m,2,Pedestrian,pedestrian,50.2,>30m,29.2,2,0.0,0,0,,
nuscenes_mini_subset,scene-1094_024,tz,0.02,m,3,Car,vehicle,23.5,15-30m,108.1,0,0.0,30,30,1.0,1.15
nuscenes_mini_subset,scene-1094_024,tz,0.02,m,4,Pedestrian,pedestrian,27.8,15-30m,41.1,0,0.0,1,1,1.0,0.92
nuscenes_mini_subset,scene-1094_024,tz,0.02,m,5,Car,vehicle,57.2,>30m,66.3,0,0.0,0,0,,
nuscenes_mini_subset,scene-1094_024,tz,0.02,m,6,Pedestrian,pedestrian,15.9,15-30m,68.0,0,0.0,15,15,1.0,1.68
nuscenes_mini_subset,scene-1094_024,tz,0.02,m,7,Pedestrian,pedestrian,28.8,15-30m,39.8,2,0.0,0,0,,
nuscenes_mini_subset,scene-1094_024,tz,0.05,m,0,Pedestrian,pedestrian,32.9,>30m,39.0,0,0.0,4,4,1.0,1.93
nuscenes_mini_subset,scene-1094_024,tz,0.05,m,1,Car,vehicle,62.1,>30m,47.6,0,0.0,0,0,,
nuscenes_mini_subset,scene-1094_024,tz,0.05,m,2,Pedestrian,pedestrian,50.2,>30m,29.2,2,0.0,0,0,,
nuscenes_mini_subset,scene-1094_024,tz,0.05,m,3,Car,vehicle,23.5,15-30m,108.1,0,0.0,30,30,1.0,2.87
nuscenes_mini_subset,scene-1094_024,tz,0.05,m,4,Pedestrian,pedestrian,27.8,15-30m,41.1,0,0.0,1,1,1.0,2.3
nuscenes_mini_subset,scene-1094_024,tz,0.05,m,5,Car,vehicle,57.2,>30m,66.3,0,0.0,0,0,,
nuscenes_mini_subset,scene-1094_024,tz,0.05,m,6,Pedestrian,pedestrian,15.9,15-30m,68.0,0,0.0,15,15,1.0,4.19
nuscenes_mini_subset,scene-1094_024,tz,0.05,m,7,Pedestrian,pedestrian,28.8,15-30m,39.8,2,0.0,0,0,,
nuscenes_mini_subset,scene-1094_024,tz,0.1,m,0,Pedestrian,pedestrian,32.9,>30m,39.0,0,0.0,4,4,1.0,3.85
nuscenes_mini_subset,scene-1094_024,tz,0.1,m,1,Car,vehicle,62.1,>30m,47.6,0,0.0,0,0,,
nuscenes_mini_subset,scene-1094_024,tz,0.1,m,2,Pedestrian,pedestrian,50.2,>30m,29.2,2,0.0,0,0,,
nuscenes_mini_subset,scene-1094_024,tz,0.1,m,3,Car,vehicle,23.5,15-30m,108.1,0,0.0,30,30,1.0,5.74
nuscenes_mini_subset,scene-1094_024,tz,0.1,m,4,Pedestrian,pedestrian,27.8,15-30m,41.1,0,0.0,1,1,1.0,4.6
nuscenes_mini_subset,scene-1094_024,tz,0.1,m,5,Car,vehicle,57.2,>30m,66.3,0,0.0,0,0,,
nuscenes_mini_subset,scene-1094_024,tz,0.1,m,6,Pedestrian,pedestrian,15.9,15-30m,68.0,0,0.0,15,15,1.0,8.38
nuscenes_mini_subset,scene-1094_024,tz,0.1,m,7,Pedestrian,pedestrian,28.8,15-30m,39.8,2,0.0,0,0,,
nuscenes_mini_subset,scene-1094_024,tz,0.2,m,0,Pedestrian,pedestrian,32.9,>30m,39.0,0,0.0,4,4,1.0,7.71
nuscenes_mini_subset,scene-1094_024,tz,0.2,m,1,Car,vehicle,62.1,>30m,47.6,0,0.0,0,0,,
nuscenes_mini_subset,scene-1094_024,tz,0.2,m,2,Pedestrian,pedestrian,50.2,>30m,29.2,2,0.0,0,0,,
nuscenes_mini_subset,scene-1094_024,tz,0.2,m,3,Car,vehicle,23.5,15-30m,108.1,0,0.0,30,30,1.0,11.47
nuscenes_mini_subset,scene-1094_024,tz,0.2,m,4,Pedestrian,pedestrian,27.8,15-30m,41.1,0,0.0,1,1,1.0,9.2
nuscenes_mini_subset,scene-1094_024,tz,0.2,m,5,Car,vehicle,57.2,>30m,66.3,0,0.0,0,0,,
nuscenes_mini_subset,scene-1094_024,tz,0.2,m,6,Pedestrian,pedestrian,15.9,15-30m,68.0,0,0.0,15,15,1.0,16.76
nuscenes_mini_subset,scene-1094_024,tz,0.2,m,7,Pedestrian,pedestrian,28.8,15-30m,39.8,2,0.0,0,0,,
nuscenes_mini_subset,scene-1094_028,yaw,0.0,deg,0,Pedestrian,pedestrian,17.0,15-30m,75.5,0,0.0,9,9,1.0,0.0
nuscenes_mini_subset,scene-1094_028,yaw,0.0,deg,1,Bus,vehicle,58.1,>30m,119.9,0,0.0,2,2,1.0,0.0
nuscenes_mini_subset,scene-1094_028,yaw,0.0,deg,2,Car,vehicle,25.2,15-30m,177.7,0,0.0,7,7,1.0,0.0
nuscenes_mini_subset,scene-1094_028,yaw,0.0,deg,3,Pedestrian,pedestrian,35.7,>30m,50.3,2,0.0,2,2,1.0,0.0
nuscenes_mini_subset,scene-1094_028,yaw,0.0,deg,4,Car,vehicle,26.6,15-30m,94.4,0,0.0,9,9,1.0,0.0
nuscenes_mini_subset,scene-1094_028,yaw,0.0,deg,5,Pedestrian,pedestrian,47.5,>30m,19.9,2,0.0,1,1,1.0,0.0
nuscenes_mini_subset,scene-1094_028,yaw,0.0,deg,6,Pedestrian,pedestrian,8.0,0-15m,146.4,0,0.0,49,49,1.0,0.0
nuscenes_mini_subset,scene-1094_028,yaw,0.0,deg,7,Car,vehicle,27.3,15-30m,214.8,0,0.0,9,9,1.0,0.0
nuscenes_mini_subset,scene-1094_028,yaw,0.25,deg,0,Pedestrian,pedestrian,17.0,15-30m,75.5,0,0.0,9,9,1.0,5.88
nuscenes_mini_subset,scene-1094_028,yaw,0.25,deg,1,Bus,vehicle,58.1,>30m,119.9,0,0.0,2,2,1.0,5.8
nuscenes_mini_subset,scene-1094_028,yaw,0.25,deg,2,Car,vehicle,25.2,15-30m,177.7,0,0.0,7,7,1.0,6.44
nuscenes_mini_subset,scene-1094_028,yaw,0.25,deg,3,Pedestrian,pedestrian,35.7,>30m,50.3,2,0.0,2,2,1.0,7.38
nuscenes_mini_subset,scene-1094_028,yaw,0.25,deg,4,Car,vehicle,26.6,15-30m,94.4,0,0.0,9,9,1.0,5.63
nuscenes_mini_subset,scene-1094_028,yaw,0.25,deg,5,Pedestrian,pedestrian,47.5,>30m,19.9,2,0.0,1,1,1.0,5.65
nuscenes_mini_subset,scene-1094_028,yaw,0.25,deg,6,Pedestrian,pedestrian,8.0,0-15m,146.4,0,0.0,49,49,1.0,6.75
nuscenes_mini_subset,scene-1094_028,yaw,0.25,deg,7,Car,vehicle,27.3,15-30m,214.8,0,0.0,9,9,1.0,7.09
nuscenes_mini_subset,scene-1094_028,yaw,0.5,deg,0,Pedestrian,pedestrian,17.0,15-30m,75.5,0,0.0,9,9,1.0,11.77
nuscenes_mini_subset,scene-1094_028,yaw,0.5,deg,1,Bus,vehicle,58.1,>30m,119.9,0,0.0,2,2,1.0,11.6
nuscenes_mini_subset,scene-1094_028,yaw,0.5,deg,2,Car,vehicle,25.2,15-30m,177.7,0,0.0,7,7,1.0,12.85
nuscenes_mini_subset,scene-1094_028,yaw,0.5,deg,3,Pedestrian,pedestrian,35.7,>30m,50.3,2,0.0,2,2,1.0,14.73
nuscenes_mini_subset,scene-1094_028,yaw,0.5,deg,4,Car,vehicle,26.6,15-30m,94.4,0,0.0,9,8,0.8889,11.26
nuscenes_mini_subset,scene-1094_028,yaw,0.5,deg,5,Pedestrian,pedestrian,47.5,>30m,19.9,2,0.0,1,1,1.0,11.31
nuscenes_mini_subset,scene-1094_028,yaw,0.5,deg,6,Pedestrian,pedestrian,8.0,0-15m,146.4,0,0.0,49,49,1.0,13.53
nuscenes_mini_subset,scene-1094_028,yaw,0.5,deg,7,Car,vehicle,27.3,15-30m,214.8,0,0.0,9,9,1.0,14.15
nuscenes_mini_subset,scene-1094_028,yaw,1.0,deg,0,Pedestrian,pedestrian,17.0,15-30m,75.5,0,0.0,9,8,0.8889,23.58
nuscenes_mini_subset,scene-1094_028,yaw,1.0,deg,1,Bus,vehicle,58.1,>30m,119.9,0,0.0,2,2,1.0,23.15
nuscenes_mini_subset,scene-1094_028,yaw,1.0,deg,2,Car,vehicle,25.2,15-30m,177.7,0,0.0,7,7,1.0,25.62
nuscenes_mini_subset,scene-1094_028,yaw,1.0,deg,3,Pedestrian,pedestrian,35.7,>30m,50.3,2,0.0,2,0,0.0,29.31
nuscenes_mini_subset,scene-1094_028,yaw,1.0,deg,4,Car,vehicle,26.6,15-30m,94.4,0,0.0,9,7,0.7778,22.52
nuscenes_mini_subset,scene-1094_028,yaw,1.0,deg,5,Pedestrian,pedestrian,47.5,>30m,19.9,2,0.0,1,0,0.0,22.64
nuscenes_mini_subset,scene-1094_028,yaw,1.0,deg,6,Pedestrian,pedestrian,8.0,0-15m,146.4,0,0.0,49,46,0.9388,27.16
nuscenes_mini_subset,scene-1094_028,yaw,1.0,deg,7,Car,vehicle,27.3,15-30m,214.8,0,0.0,9,9,1.0,28.18
nuscenes_mini_subset,scene-1094_028,yaw,2.0,deg,0,Pedestrian,pedestrian,17.0,15-30m,75.5,0,0.0,9,1,0.1111,47.34
nuscenes_mini_subset,scene-1094_028,yaw,2.0,deg,1,Bus,vehicle,58.1,>30m,119.9,0,0.0,2,1,0.5,46.15
nuscenes_mini_subset,scene-1094_028,yaw,2.0,deg,2,Car,vehicle,25.2,15-30m,177.7,0,0.0,7,7,1.0,50.91
nuscenes_mini_subset,scene-1094_028,yaw,2.0,deg,3,Pedestrian,pedestrian,35.7,>30m,50.3,2,0.0,2,0,0.0,58.06
nuscenes_mini_subset,scene-1094_028,yaw,2.0,deg,4,Car,vehicle,26.6,15-30m,94.4,0,0.0,9,6,0.6667,45.02
nuscenes_mini_subset,scene-1094_028,yaw,2.0,deg,5,Pedestrian,pedestrian,47.5,>30m,19.9,2,0.0,1,0,0.0,45.38
nuscenes_mini_subset,scene-1094_028,yaw,2.0,deg,6,Pedestrian,pedestrian,8.0,0-15m,146.4,0,0.0,49,43,0.8776,54.73
nuscenes_mini_subset,scene-1094_028,yaw,2.0,deg,7,Car,vehicle,27.3,15-30m,214.8,0,0.0,9,9,1.0,55.88
nuscenes_mini_subset,scene-1094_028,yaw,3.0,deg,0,Pedestrian,pedestrian,17.0,15-30m,75.5,0,0.0,9,0,0.0,71.29
nuscenes_mini_subset,scene-1094_028,yaw,3.0,deg,1,Bus,vehicle,58.1,>30m,119.9,0,0.0,2,0,0.0,69.01
nuscenes_mini_subset,scene-1094_028,yaw,3.0,deg,2,Car,vehicle,25.2,15-30m,177.7,0,0.0,7,6,0.8571,75.9
nuscenes_mini_subset,scene-1094_028,yaw,3.0,deg,3,Pedestrian,pedestrian,35.7,>30m,50.3,2,0.0,2,0,0.0,86.29
nuscenes_mini_subset,scene-1094_028,yaw,3.0,deg,4,Car,vehicle,26.6,15-30m,94.4,0,0.0,9,3,0.3333,67.52
nuscenes_mini_subset,scene-1094_028,yaw,3.0,deg,5,Pedestrian,pedestrian,47.5,>30m,19.9,2,0.0,1,0,0.0,68.24
nuscenes_mini_subset,scene-1094_028,yaw,3.0,deg,6,Pedestrian,pedestrian,8.0,0-15m,146.4,0,0.0,49,34,0.6939,82.74
nuscenes_mini_subset,scene-1094_028,yaw,3.0,deg,7,Car,vehicle,27.3,15-30m,214.8,0,0.0,9,8,0.8889,83.12
nuscenes_mini_subset,scene-1094_028,pitch,0.0,deg,0,Pedestrian,pedestrian,17.0,15-30m,75.5,0,0.0,9,9,1.0,0.0
nuscenes_mini_subset,scene-1094_028,pitch,0.0,deg,1,Bus,vehicle,58.1,>30m,119.9,0,0.0,2,2,1.0,0.0
nuscenes_mini_subset,scene-1094_028,pitch,0.0,deg,2,Car,vehicle,25.2,15-30m,177.7,0,0.0,7,7,1.0,0.0
nuscenes_mini_subset,scene-1094_028,pitch,0.0,deg,3,Pedestrian,pedestrian,35.7,>30m,50.3,2,0.0,2,2,1.0,0.0
nuscenes_mini_subset,scene-1094_028,pitch,0.0,deg,4,Car,vehicle,26.6,15-30m,94.4,0,0.0,9,9,1.0,0.0
nuscenes_mini_subset,scene-1094_028,pitch,0.0,deg,5,Pedestrian,pedestrian,47.5,>30m,19.9,2,0.0,1,1,1.0,0.0
nuscenes_mini_subset,scene-1094_028,pitch,0.0,deg,6,Pedestrian,pedestrian,8.0,0-15m,146.4,0,0.0,49,49,1.0,0.0
nuscenes_mini_subset,scene-1094_028,pitch,0.0,deg,7,Car,vehicle,27.3,15-30m,214.8,0,0.0,9,9,1.0,0.0
nuscenes_mini_subset,scene-1094_028,pitch,0.25,deg,0,Pedestrian,pedestrian,17.0,15-30m,75.5,0,0.0,9,9,1.0,1.12
nuscenes_mini_subset,scene-1094_028,pitch,0.25,deg,1,Bus,vehicle,58.1,>30m,119.9,0,0.0,2,2,1.0,1.12
nuscenes_mini_subset,scene-1094_028,pitch,0.25,deg,2,Car,vehicle,25.2,15-30m,177.7,0,0.0,7,7,1.0,2.1
nuscenes_mini_subset,scene-1094_028,pitch,0.25,deg,3,Pedestrian,pedestrian,35.7,>30m,50.3,2,0.0,2,2,1.0,3.13
nuscenes_mini_subset,scene-1094_028,pitch,0.25,deg,4,Car,vehicle,26.6,15-30m,94.4,0,0.0,9,9,1.0,0.25
nuscenes_mini_subset,scene-1094_028,pitch,0.25,deg,5,Pedestrian,pedestrian,47.5,>30m,19.9,2,0.0,1,1,1.0,0.65
nuscenes_mini_subset,scene-1094_028,pitch,0.25,deg,6,Pedestrian,pedestrian,8.0,0-15m,146.4,0,0.0,49,49,1.0,2.34
nuscenes_mini_subset,scene-1094_028,pitch,0.25,deg,7,Car,vehicle,27.3,15-30m,214.8,0,0.0,9,9,1.0,2.84
nuscenes_mini_subset,scene-1094_028,pitch,0.5,deg,0,Pedestrian,pedestrian,17.0,15-30m,75.5,0,0.0,9,9,1.0,2.24
nuscenes_mini_subset,scene-1094_028,pitch,0.5,deg,1,Bus,vehicle,58.1,>30m,119.9,0,0.0,2,2,1.0,2.24
nuscenes_mini_subset,scene-1094_028,pitch,0.5,deg,2,Car,vehicle,25.2,15-30m,177.7,0,0.0,7,7,1.0,4.21
nuscenes_mini_subset,scene-1094_028,pitch,0.5,deg,3,Pedestrian,pedestrian,35.7,>30m,50.3,2,0.0,2,2,1.0,6.26
nuscenes_mini_subset,scene-1094_028,pitch,0.5,deg,4,Car,vehicle,26.6,15-30m,94.4,0,0.0,9,9,1.0,0.5
nuscenes_mini_subset,scene-1094_028,pitch,0.5,deg,5,Pedestrian,pedestrian,47.5,>30m,19.9,2,0.0,1,1,1.0,1.3
nuscenes_mini_subset,scene-1094_028,pitch,0.5,deg,6,Pedestrian,pedestrian,8.0,0-15m,146.4,0,0.0,49,49,1.0,4.68
nuscenes_mini_subset,scene-1094_028,pitch,0.5,deg,7,Car,vehicle,27.3,15-30m,214.8,0,0.0,9,9,1.0,5.68
nuscenes_mini_subset,scene-1094_028,pitch,1.0,deg,0,Pedestrian,pedestrian,17.0,15-30m,75.5,0,0.0,9,9,1.0,4.48
nuscenes_mini_subset,scene-1094_028,pitch,1.0,deg,1,Bus,vehicle,58.1,>30m,119.9,0,0.0,2,2,1.0,4.48
nuscenes_mini_subset,scene-1094_028,pitch,1.0,deg,2,Car,vehicle,25.2,15-30m,177.7,0,0.0,7,7,1.0,8.42
nuscenes_mini_subset,scene-1094_028,pitch,1.0,deg,3,Pedestrian,pedestrian,35.7,>30m,50.3,2,0.0,2,2,1.0,12.52
nuscenes_mini_subset,scene-1094_028,pitch,1.0,deg,4,Car,vehicle,26.6,15-30m,94.4,0,0.0,9,9,1.0,1.0
nuscenes_mini_subset,scene-1094_028,pitch,1.0,deg,5,Pedestrian,pedestrian,47.5,>30m,19.9,2,0.0,1,1,1.0,2.61
nuscenes_mini_subset,scene-1094_028,pitch,1.0,deg,6,Pedestrian,pedestrian,8.0,0-15m,146.4,0,0.0,49,49,1.0,9.36
nuscenes_mini_subset,scene-1094_028,pitch,1.0,deg,7,Car,vehicle,27.3,15-30m,214.8,0,0.0,9,9,1.0,11.37
nuscenes_mini_subset,scene-1094_028,pitch,2.0,deg,0,Pedestrian,pedestrian,17.0,15-30m,75.5,0,0.0,9,9,1.0,8.96
nuscenes_mini_subset,scene-1094_028,pitch,2.0,deg,1,Bus,vehicle,58.1,>30m,119.9,0,0.0,2,2,1.0,8.96
nuscenes_mini_subset,scene-1094_028,pitch,2.0,deg,2,Car,vehicle,25.2,15-30m,177.7,0,0.0,7,0,0.0,16.83
nuscenes_mini_subset,scene-1094_028,pitch,2.0,deg,3,Pedestrian,pedestrian,35.7,>30m,50.3,2,0.0,2,1,0.5,25.04
nuscenes_mini_subset,scene-1094_028,pitch,2.0,deg,4,Car,vehicle,26.6,15-30m,94.4,0,0.0,9,9,1.0,2.0
nuscenes_mini_subset,scene-1094_028,pitch,2.0,deg,5,Pedestrian,pedestrian,47.5,>30m,19.9,2,0.0,1,1,1.0,5.22
nuscenes_mini_subset,scene-1094_028,pitch,2.0,deg,6,Pedestrian,pedestrian,8.0,0-15m,146.4,0,0.0,49,49,1.0,18.72
nuscenes_mini_subset,scene-1094_028,pitch,2.0,deg,7,Car,vehicle,27.3,15-30m,214.8,0,0.0,9,0,0.0,22.73
nuscenes_mini_subset,scene-1094_028,pitch,3.0,deg,0,Pedestrian,pedestrian,17.0,15-30m,75.5,0,0.0,9,9,1.0,13.43
nuscenes_mini_subset,scene-1094_028,pitch,3.0,deg,1,Bus,vehicle,58.1,>30m,119.9,0,0.0,2,2,1.0,13.44
nuscenes_mini_subset,scene-1094_028,pitch,3.0,deg,2,Car,vehicle,25.2,15-30m,177.7,0,0.0,7,0,0.0,25.25
nuscenes_mini_subset,scene-1094_028,pitch,3.0,deg,3,Pedestrian,pedestrian,35.7,>30m,50.3,2,0.0,2,1,0.5,37.56
nuscenes_mini_subset,scene-1094_028,pitch,3.0,deg,4,Car,vehicle,26.6,15-30m,94.4,0,0.0,9,9,1.0,3.01
nuscenes_mini_subset,scene-1094_028,pitch,3.0,deg,5,Pedestrian,pedestrian,47.5,>30m,19.9,2,0.0,1,1,1.0,7.82
nuscenes_mini_subset,scene-1094_028,pitch,3.0,deg,6,Pedestrian,pedestrian,8.0,0-15m,146.4,0,0.0,49,46,0.9388,28.07
nuscenes_mini_subset,scene-1094_028,pitch,3.0,deg,7,Car,vehicle,27.3,15-30m,214.8,0,0.0,9,0,0.0,34.1
nuscenes_mini_subset,scene-1094_028,roll,0.0,deg,0,Pedestrian,pedestrian,17.0,15-30m,75.5,0,0.0,9,9,1.0,0.0
nuscenes_mini_subset,scene-1094_028,roll,0.0,deg,1,Bus,vehicle,58.1,>30m,119.9,0,0.0,2,2,1.0,0.0
nuscenes_mini_subset,scene-1094_028,roll,0.0,deg,2,Car,vehicle,25.2,15-30m,177.7,0,0.0,7,7,1.0,0.0
nuscenes_mini_subset,scene-1094_028,roll,0.0,deg,3,Pedestrian,pedestrian,35.7,>30m,50.3,2,0.0,2,2,1.0,0.0
nuscenes_mini_subset,scene-1094_028,roll,0.0,deg,4,Car,vehicle,26.6,15-30m,94.4,0,0.0,9,9,1.0,0.0
nuscenes_mini_subset,scene-1094_028,roll,0.0,deg,5,Pedestrian,pedestrian,47.5,>30m,19.9,2,0.0,1,1,1.0,0.0
nuscenes_mini_subset,scene-1094_028,roll,0.0,deg,6,Pedestrian,pedestrian,8.0,0-15m,146.4,0,0.0,49,49,1.0,0.0
nuscenes_mini_subset,scene-1094_028,roll,0.0,deg,7,Car,vehicle,27.3,15-30m,214.8,0,0.0,9,9,1.0,0.0
nuscenes_mini_subset,scene-1094_028,roll,0.25,deg,0,Pedestrian,pedestrian,17.0,15-30m,75.5,0,0.0,9,9,1.0,5.68
nuscenes_mini_subset,scene-1094_028,roll,0.25,deg,1,Bus,vehicle,58.1,>30m,119.9,0,0.0,2,2,1.0,5.58
nuscenes_mini_subset,scene-1094_028,roll,0.25,deg,2,Car,vehicle,25.2,15-30m,177.7,0,0.0,7,7,1.0,5.66
nuscenes_mini_subset,scene-1094_028,roll,0.25,deg,3,Pedestrian,pedestrian,35.7,>30m,50.3,2,0.0,2,2,1.0,5.62
nuscenes_mini_subset,scene-1094_028,roll,0.25,deg,4,Car,vehicle,26.6,15-30m,94.4,0,0.0,9,9,1.0,5.63
nuscenes_mini_subset,scene-1094_028,roll,0.25,deg,5,Pedestrian,pedestrian,47.5,>30m,19.9,2,0.0,1,1,1.0,5.57
nuscenes_mini_subset,scene-1094_028,roll,0.25,deg,6,Pedestrian,pedestrian,8.0,0-15m,146.4,0,0.0,49,49,1.0,5.92
nuscenes_mini_subset,scene-1094_028,roll,0.25,deg,7,Car,vehicle,27.3,15-30m,214.8,0,0.0,9,9,1.0,5.67
nuscenes_mini_subset,scene-1094_028,roll,0.5,deg,0,Pedestrian,pedestrian,17.0,15-30m,75.5,0,0.0,9,9,1.0,11.35
nuscenes_mini_subset,scene-1094_028,roll,0.5,deg,1,Bus,vehicle,58.1,>30m,119.9,0,0.0,2,2,1.0,11.15
nuscenes_mini_subset,scene-1094_028,roll,0.5,deg,2,Car,vehicle,25.2,15-30m,177.7,0,0.0,7,7,1.0,11.32
nuscenes_mini_subset,scene-1094_028,roll,0.5,deg,3,Pedestrian,pedestrian,35.7,>30m,50.3,2,0.0,2,2,1.0,11.24
nuscenes_mini_subset,scene-1094_028,roll,0.5,deg,4,Car,vehicle,26.6,15-30m,94.4,0,0.0,9,9,1.0,11.25
nuscenes_mini_subset,scene-1094_028,roll,0.5,deg,5,Pedestrian,pedestrian,47.5,>30m,19.9,2,0.0,1,1,1.0,11.15
nuscenes_mini_subset,scene-1094_028,roll,0.5,deg,6,Pedestrian,pedestrian,8.0,0-15m,146.4,0,0.0,49,49,1.0,11.84
nuscenes_mini_subset,scene-1094_028,roll,0.5,deg,7,Car,vehicle,27.3,15-30m,214.8,0,0.0,9,9,1.0,11.33
nuscenes_mini_subset,scene-1094_028,roll,1.0,deg,0,Pedestrian,pedestrian,17.0,15-30m,75.5,0,0.0,9,9,1.0,22.69
nuscenes_mini_subset,scene-1094_028,roll,1.0,deg,1,Bus,vehicle,58.1,>30m,119.9,0,0.0,2,2,1.0,22.3
nuscenes_mini_subset,scene-1094_028,roll,1.0,deg,2,Car,vehicle,25.2,15-30m,177.7,0,0.0,7,7,1.0,22.63
nuscenes_mini_subset,scene-1094_028,roll,1.0,deg,3,Pedestrian,pedestrian,35.7,>30m,50.3,2,0.0,2,1,0.5,22.47
nuscenes_mini_subset,scene-1094_028,roll,1.0,deg,4,Car,vehicle,26.6,15-30m,94.4,0,0.0,9,9,1.0,22.5
nuscenes_mini_subset,scene-1094_028,roll,1.0,deg,5,Pedestrian,pedestrian,47.5,>30m,19.9,2,0.0,1,1,1.0,22.29
nuscenes_mini_subset,scene-1094_028,roll,1.0,deg,6,Pedestrian,pedestrian,8.0,0-15m,146.4,0,0.0,49,46,0.9388,23.65
nuscenes_mini_subset,scene-1094_028,roll,1.0,deg,7,Car,vehicle,27.3,15-30m,214.8,0,0.0,9,9,1.0,22.64
nuscenes_mini_subset,scene-1094_028,roll,2.0,deg,0,Pedestrian,pedestrian,17.0,15-30m,75.5,0,0.0,9,7,0.7778,45.36
nuscenes_mini_subset,scene-1094_028,roll,2.0,deg,1,Bus,vehicle,58.1,>30m,119.9,0,0.0,2,2,1.0,44.6
nuscenes_mini_subset,scene-1094_028,roll,2.0,deg,2,Car,vehicle,25.2,15-30m,177.7,0,0.0,7,7,1.0,45.23
nuscenes_mini_subset,scene-1094_028,roll,2.0,deg,3,Pedestrian,pedestrian,35.7,>30m,50.3,2,0.0,2,1,0.5,44.92
nuscenes_mini_subset,scene-1094_028,roll,2.0,deg,4,Car,vehicle,26.6,15-30m,94.4,0,0.0,9,8,0.8889,44.99
nuscenes_mini_subset,scene-1094_028,roll,2.0,deg,5,Pedestrian,pedestrian,47.5,>30m,19.9,2,0.0,1,0,0.0,44.58
nuscenes_mini_subset,scene-1094_028,roll,2.0,deg,6,Pedestrian,pedestrian,8.0,0-15m,146.4,0,0.0,49,46,0.9388,47.23
nuscenes_mini_subset,scene-1094_028,roll,2.0,deg,7,Car,vehicle,27.3,15-30m,214.8,0,0.0,9,9,1.0,45.24
nuscenes_mini_subset,scene-1094_028,roll,3.0,deg,0,Pedestrian,pedestrian,17.0,15-30m,75.5,0,0.0,9,7,0.7778,68.01
nuscenes_mini_subset,scene-1094_028,roll,3.0,deg,1,Bus,vehicle,58.1,>30m,119.9,0,0.0,2,0,0.0,66.92
nuscenes_mini_subset,scene-1094_028,roll,3.0,deg,2,Car,vehicle,25.2,15-30m,177.7,0,0.0,7,7,1.0,67.8
nuscenes_mini_subset,scene-1094_028,roll,3.0,deg,3,Pedestrian,pedestrian,35.7,>30m,50.3,2,0.0,2,0,0.0,67.38
nuscenes_mini_subset,scene-1094_028,roll,3.0,deg,4,Car,vehicle,26.6,15-30m,94.4,0,0.0,9,1,0.1111,67.47
nuscenes_mini_subset,scene-1094_028,roll,3.0,deg,5,Pedestrian,pedestrian,47.5,>30m,19.9,2,0.0,1,0,0.0,66.89
nuscenes_mini_subset,scene-1094_028,roll,3.0,deg,6,Pedestrian,pedestrian,8.0,0-15m,146.4,0,0.0,49,42,0.8571,70.73
nuscenes_mini_subset,scene-1094_028,roll,3.0,deg,7,Car,vehicle,27.3,15-30m,214.8,0,0.0,9,9,1.0,67.81
nuscenes_mini_subset,scene-1094_028,tx,0.0,m,0,Pedestrian,pedestrian,17.0,15-30m,75.5,0,0.0,9,9,1.0,0.0
nuscenes_mini_subset,scene-1094_028,tx,0.0,m,1,Bus,vehicle,58.1,>30m,119.9,0,0.0,2,2,1.0,0.0
nuscenes_mini_subset,scene-1094_028,tx,0.0,m,2,Car,vehicle,25.2,15-30m,177.7,0,0.0,7,7,1.0,0.0
nuscenes_mini_subset,scene-1094_028,tx,0.0,m,3,Pedestrian,pedestrian,35.7,>30m,50.3,2,0.0,2,2,1.0,0.0
nuscenes_mini_subset,scene-1094_028,tx,0.0,m,4,Car,vehicle,26.6,15-30m,94.4,0,0.0,9,9,1.0,0.0
nuscenes_mini_subset,scene-1094_028,tx,0.0,m,5,Pedestrian,pedestrian,47.5,>30m,19.9,2,0.0,1,1,1.0,0.0
nuscenes_mini_subset,scene-1094_028,tx,0.0,m,6,Pedestrian,pedestrian,8.0,0-15m,146.4,0,0.0,49,49,1.0,0.0
nuscenes_mini_subset,scene-1094_028,tx,0.0,m,7,Car,vehicle,27.3,15-30m,214.8,0,0.0,9,9,1.0,0.0
nuscenes_mini_subset,scene-1094_028,tx,0.02,m,0,Pedestrian,pedestrian,17.0,15-30m,75.5,0,0.0,9,9,1.0,1.51
nuscenes_mini_subset,scene-1094_028,tx,0.02,m,1,Bus,vehicle,58.1,>30m,119.9,0,0.0,2,2,1.0,0.48
nuscenes_mini_subset,scene-1094_028,tx,0.02,m,2,Car,vehicle,25.2,15-30m,177.7,0,0.0,7,7,1.0,1.17
nuscenes_mini_subset,scene-1094_028,tx,0.02,m,3,Pedestrian,pedestrian,35.7,>30m,50.3,2,0.0,2,2,1.0,0.81
nuscenes_mini_subset,scene-1094_028,tx,0.02,m,4,Car,vehicle,26.6,15-30m,94.4,0,0.0,9,9,1.0,1.02
nuscenes_mini_subset,scene-1094_028,tx,0.02,m,5,Pedestrian,pedestrian,47.5,>30m,19.9,2,0.0,1,1,1.0,0.54
nuscenes_mini_subset,scene-1094_028,tx,0.02,m,6,Pedestrian,pedestrian,8.0,0-15m,146.4,0,0.0,49,49,1.0,3.42
nuscenes_mini_subset,scene-1094_028,tx,0.02,m,7,Car,vehicle,27.3,15-30m,214.8,0,0.0,9,9,1.0,1.12
nuscenes_mini_subset,scene-1094_028,tx,0.05,m,0,Pedestrian,pedestrian,17.0,15-30m,75.5,0,0.0,9,9,1.0,3.78
nuscenes_mini_subset,scene-1094_028,tx,0.05,m,1,Bus,vehicle,58.1,>30m,119.9,0,0.0,2,2,1.0,1.21
nuscenes_mini_subset,scene-1094_028,tx,0.05,m,2,Car,vehicle,25.2,15-30m,177.7,0,0.0,7,7,1.0,2.91
nuscenes_mini_subset,scene-1094_028,tx,0.05,m,3,Pedestrian,pedestrian,35.7,>30m,50.3,2,0.0,2,2,1.0,2.03
nuscenes_mini_subset,scene-1094_028,tx,0.05,m,4,Car,vehicle,26.6,15-30m,94.4,0,0.0,9,9,1.0,2.56
nuscenes_mini_subset,scene-1094_028,tx,0.05,m,5,Pedestrian,pedestrian,47.5,>30m,19.9,2,0.0,1,1,1.0,1.34
nuscenes_mini_subset,scene-1094_028,tx,0.05,m,6,Pedestrian,pedestrian,8.0,0-15m,146.4,0,0.0,49,49,1.0,8.56
nuscenes_mini_subset,scene-1094_028,tx,0.05,m,7,Car,vehicle,27.3,15-30m,214.8,0,0.0,9,9,1.0,2.8
nuscenes_mini_subset,scene-1094_028,tx,0.1,m,0,Pedestrian,pedestrian,17.0,15-30m,75.5,0,0.0,9,9,1.0,7.55
nuscenes_mini_subset,scene-1094_028,tx,0.1,m,1,Bus,vehicle,58.1,>30m,119.9,0,0.0,2,2,1.0,2.42
nuscenes_mini_subset,scene-1094_028,tx,0.1,m,2,Car,vehicle,25.2,15-30m,177.7,0,0.0,7,7,1.0,5.83
nuscenes_mini_subset,scene-1094_028,tx,0.1,m,3,Pedestrian,pedestrian,35.7,>30m,50.3,2,0.0,2,2,1.0,4.07
nuscenes_mini_subset,scene-1094_028,tx,0.1,m,4,Car,vehicle,26.6,15-30m,94.4,0,0.0,9,9,1.0,5.12
nuscenes_mini_subset,scene-1094_028,tx,0.1,m,5,Pedestrian,pedestrian,47.5,>30m,19.9,2,0.0,1,1,1.0,2.68
nuscenes_mini_subset,scene-1094_028,tx,0.1,m,6,Pedestrian,pedestrian,8.0,0-15m,146.4,0,0.0,49,46,0.9388,17.13
nuscenes_mini_subset,scene-1094_028,tx,0.1,m,7,Car,vehicle,27.3,15-30m,214.8,0,0.0,9,9,1.0,5.61
nuscenes_mini_subset,scene-1094_028,tx,0.2,m,0,Pedestrian,pedestrian,17.0,15-30m,75.5,0,0.0,9,9,1.0,15.11
nuscenes_mini_subset,scene-1094_028,tx,0.2,m,1,Bus,vehicle,58.1,>30m,119.9,0,0.0,2,2,1.0,4.84
nuscenes_mini_subset,scene-1094_028,tx,0.2,m,2,Car,vehicle,25.2,15-30m,177.7,0,0.0,7,7,1.0,11.65
nuscenes_mini_subset,scene-1094_028,tx,0.2,m,3,Pedestrian,pedestrian,35.7,>30m,50.3,2,0.0,2,2,1.0,8.13
nuscenes_mini_subset,scene-1094_028,tx,0.2,m,4,Car,vehicle,26.6,15-30m,94.4,0,0.0,9,9,1.0,10.23
nuscenes_mini_subset,scene-1094_028,tx,0.2,m,5,Pedestrian,pedestrian,47.5,>30m,19.9,2,0.0,1,0,0.0,5.35
nuscenes_mini_subset,scene-1094_028,tx,0.2,m,6,Pedestrian,pedestrian,8.0,0-15m,146.4,0,0.0,49,37,0.7551,34.25
nuscenes_mini_subset,scene-1094_028,tx,0.2,m,7,Car,vehicle,27.3,15-30m,214.8,0,0.0,9,9,1.0,11.22
nuscenes_mini_subset,scene-1094_028,ty,0.0,m,0,Pedestrian,pedestrian,17.0,15-30m,75.5,0,0.0,9,9,1.0,0.0
nuscenes_mini_subset,scene-1094_028,ty,0.0,m,1,Bus,vehicle,58.1,>30m,119.9,0,0.0,2,2,1.0,0.0
nuscenes_mini_subset,scene-1094_028,ty,0.0,m,2,Car,vehicle,25.2,15-30m,177.7,0,0.0,7,7,1.0,0.0
nuscenes_mini_subset,scene-1094_028,ty,0.0,m,3,Pedestrian,pedestrian,35.7,>30m,50.3,2,0.0,2,2,1.0,0.0
nuscenes_mini_subset,scene-1094_028,ty,0.0,m,4,Car,vehicle,26.6,15-30m,94.4,0,0.0,9,9,1.0,0.0
nuscenes_mini_subset,scene-1094_028,ty,0.0,m,5,Pedestrian,pedestrian,47.5,>30m,19.9,2,0.0,1,1,1.0,0.0
nuscenes_mini_subset,scene-1094_028,ty,0.0,m,6,Pedestrian,pedestrian,8.0,0-15m,146.4,0,0.0,49,49,1.0,0.0
nuscenes_mini_subset,scene-1094_028,ty,0.0,m,7,Car,vehicle,27.3,15-30m,214.8,0,0.0,9,9,1.0,0.0
nuscenes_mini_subset,scene-1094_028,ty,0.02,m,0,Pedestrian,pedestrian,17.0,15-30m,75.5,0,0.0,9,9,1.0,0.3
nuscenes_mini_subset,scene-1094_028,ty,0.02,m,1,Bus,vehicle,58.1,>30m,119.9,0,0.0,2,2,1.0,0.1
nuscenes_mini_subset,scene-1094_028,ty,0.02,m,2,Car,vehicle,25.2,15-30m,177.7,0,0.0,7,7,1.0,0.44
nuscenes_mini_subset,scene-1094_028,ty,0.02,m,3,Pedestrian,pedestrian,35.7,>30m,50.3,2,0.0,2,2,1.0,0.46
nuscenes_mini_subset,scene-1094_028,ty,0.02,m,4,Car,vehicle,26.6,15-30m,94.4,0,0.0,9,9,1.0,0.04
nuscenes_mini_subset,scene-1094_028,ty,0.02,m,5,Pedestrian,pedestrian,47.5,>30m,19.9,2,0.0,1,1,1.0,0.06
nuscenes_mini_subset,scene-1094_028,ty,0.02,m,6,Pedestrian,pedestrian,8.0,0-15m,146.4,0,0.0,49,49,1.0,1.41
nuscenes_mini_subset,scene-1094_028,ty,0.02,m,7,Car,vehicle,27.3,15-30m,214.8,0,0.0,9,9,1.0,0.57
nuscenes_mini_subset,scene-1094_028,ty,0.05,m,0,Pedestrian,pedestrian,17.0,15-30m,75.5,0,0.0,9,9,1.0,0.75
nuscenes_mini_subset,scene-1094_028,ty,0.05,m,1,Bus,vehicle,58.1,>30m,119.9,0,0.0,2,2,1.0,0.25
nuscenes_mini_subset,scene-1094_028,ty,0.05,m,2,Car,vehicle,25.2,15-30m,177.7,0,0.0,7,7,1.0,1.1
nuscenes_mini_subset,scene-1094_028,ty,0.05,m,3,Pedestrian,pedestrian,35.7,>30m,50.3,2,0.0,2,2,1.0,1.15
nuscenes_mini_subset,scene-1094_028,ty,0.05,m,4,Car,vehicle,26.6,15-30m,94.4,0,0.0,9,9,1.0,0.1
nuscenes_mini_subset,scene-1094_028,ty,0.05,m,5,Pedestrian,pedestrian,47.5,>30m,19.9,2,0.0,1,1,1.0,0.16
nuscenes_mini_subset,scene-1094_028,ty,0.05,m,6,Pedestrian,pedestrian,8.0,0-15m,146.4,0,0.0,49,49,1.0,3.52
nuscenes_mini_subset,scene-1094_028,ty,0.05,m,7,Car,vehicle,27.3,15-30m,214.8,0,0.0,9,9,1.0,1.43
nuscenes_mini_subset,scene-1094_028,ty,0.1,m,0,Pedestrian,pedestrian,17.0,15-30m,75.5,0,0.0,9,9,1.0,1.5
nuscenes_mini_subset,scene-1094_028,ty,0.1,m,1,Bus,vehicle,58.1,>30m,119.9,0,0.0,2,2,1.0,0.49
nuscenes_mini_subset,scene-1094_028,ty,0.1,m,2,Car,vehicle,25.2,15-30m,177.7,0,0.0,7,7,1.0,2.2
nuscenes_mini_subset,scene-1094_028,ty,0.1,m,3,Pedestrian,pedestrian,35.7,>30m,50.3,2,0.0,2,2,1.0,2.29
nuscenes_mini_subset,scene-1094_028,ty,0.1,m,4,Car,vehicle,26.6,15-30m,94.4,0,0.0,9,9,1.0,0.2
nuscenes_mini_subset,scene-1094_028,ty,0.1,m,5,Pedestrian,pedestrian,47.5,>30m,19.9,2,0.0,1,1,1.0,0.31
nuscenes_mini_subset,scene-1094_028,ty,0.1,m,6,Pedestrian,pedestrian,8.0,0-15m,146.4,0,0.0,49,49,1.0,6.99
nuscenes_mini_subset,scene-1094_028,ty,0.1,m,7,Car,vehicle,27.3,15-30m,214.8,0,0.0,9,9,1.0,2.86
nuscenes_mini_subset,scene-1094_028,ty,0.2,m,0,Pedestrian,pedestrian,17.0,15-30m,75.5,0,0.0,9,9,1.0,2.97
nuscenes_mini_subset,scene-1094_028,ty,0.2,m,1,Bus,vehicle,58.1,>30m,119.9,0,0.0,2,2,1.0,0.98
nuscenes_mini_subset,scene-1094_028,ty,0.2,m,2,Car,vehicle,25.2,15-30m,177.7,0,0.0,7,7,1.0,4.38
nuscenes_mini_subset,scene-1094_028,ty,0.2,m,3,Pedestrian,pedestrian,35.7,>30m,50.3,2,0.0,2,2,1.0,4.57
nuscenes_mini_subset,scene-1094_028,ty,0.2,m,4,Car,vehicle,26.6,15-30m,94.4,0,0.0,9,9,1.0,0.4
nuscenes_mini_subset,scene-1094_028,ty,0.2,m,5,Pedestrian,pedestrian,47.5,>30m,19.9,2,0.0,1,1,1.0,0.63
nuscenes_mini_subset,scene-1094_028,ty,0.2,m,6,Pedestrian,pedestrian,8.0,0-15m,146.4,0,0.0,49,49,1.0,13.8
nuscenes_mini_subset,scene-1094_028,ty,0.2,m,7,Car,vehicle,27.3,15-30m,214.8,0,0.0,9,9,1.0,5.7
nuscenes_mini_subset,scene-1094_028,tz,0.0,m,0,Pedestrian,pedestrian,17.0,15-30m,75.5,0,0.0,9,9,1.0,0.0
nuscenes_mini_subset,scene-1094_028,tz,0.0,m,1,Bus,vehicle,58.1,>30m,119.9,0,0.0,2,2,1.0,0.0
nuscenes_mini_subset,scene-1094_028,tz,0.0,m,2,Car,vehicle,25.2,15-30m,177.7,0,0.0,7,7,1.0,0.0
nuscenes_mini_subset,scene-1094_028,tz,0.0,m,3,Pedestrian,pedestrian,35.7,>30m,50.3,2,0.0,2,2,1.0,0.0
nuscenes_mini_subset,scene-1094_028,tz,0.0,m,4,Car,vehicle,26.6,15-30m,94.4,0,0.0,9,9,1.0,0.0
nuscenes_mini_subset,scene-1094_028,tz,0.0,m,5,Pedestrian,pedestrian,47.5,>30m,19.9,2,0.0,1,1,1.0,0.0
nuscenes_mini_subset,scene-1094_028,tz,0.0,m,6,Pedestrian,pedestrian,8.0,0-15m,146.4,0,0.0,49,49,1.0,0.0
nuscenes_mini_subset,scene-1094_028,tz,0.0,m,7,Car,vehicle,27.3,15-30m,214.8,0,0.0,9,9,1.0,0.0
nuscenes_mini_subset,scene-1094_028,tz,0.02,m,0,Pedestrian,pedestrian,17.0,15-30m,75.5,0,0.0,9,9,1.0,1.51
nuscenes_mini_subset,scene-1094_028,tz,0.02,m,1,Bus,vehicle,58.1,>30m,119.9,0,0.0,2,2,1.0,0.48
nuscenes_mini_subset,scene-1094_028,tz,0.02,m,2,Car,vehicle,25.2,15-30m,177.7,0,0.0,7,7,1.0,1.16
nuscenes_mini_subset,scene-1094_028,tz,0.02,m,3,Pedestrian,pedestrian,35.7,>30m,50.3,2,0.0,2,2,1.0,0.81
nuscenes_mini_subset,scene-1094_028,tz,0.02,m,4,Car,vehicle,26.6,15-30m,94.4,0,0.0,9,9,1.0,1.02
nuscenes_mini_subset,scene-1094_028,tz,0.02,m,5,Pedestrian,pedestrian,47.5,>30m,19.9,2,0.0,1,1,1.0,0.54
nuscenes_mini_subset,scene-1094_028,tz,0.02,m,6,Pedestrian,pedestrian,8.0,0-15m,146.4,0,0.0,49,49,1.0,3.44
nuscenes_mini_subset,scene-1094_028,tz,0.02,m,7,Car,vehicle,27.3,15-30m,214.8,0,0.0,9,9,1.0,1.12
nuscenes_mini_subset,scene-1094_028,tz,0.05,m,0,Pedestrian,pedestrian,17.0,15-30m,75.5,0,0.0,9,9,1.0,3.78
nuscenes_mini_subset,scene-1094_028,tz,0.05,m,1,Bus,vehicle,58.1,>30m,119.9,0,0.0,2,2,1.0,1.21
nuscenes_mini_subset,scene-1094_028,tz,0.05,m,2,Car,vehicle,25.2,15-30m,177.7,0,0.0,7,7,1.0,2.91
nuscenes_mini_subset,scene-1094_028,tz,0.05,m,3,Pedestrian,pedestrian,35.7,>30m,50.3,2,0.0,2,2,1.0,2.03
nuscenes_mini_subset,scene-1094_028,tz,0.05,m,4,Car,vehicle,26.6,15-30m,94.4,0,0.0,9,9,1.0,2.56
nuscenes_mini_subset,scene-1094_028,tz,0.05,m,5,Pedestrian,pedestrian,47.5,>30m,19.9,2,0.0,1,1,1.0,1.34
nuscenes_mini_subset,scene-1094_028,tz,0.05,m,6,Pedestrian,pedestrian,8.0,0-15m,146.4,0,0.0,49,49,1.0,8.59
nuscenes_mini_subset,scene-1094_028,tz,0.05,m,7,Car,vehicle,27.3,15-30m,214.8,0,0.0,9,9,1.0,2.8
nuscenes_mini_subset,scene-1094_028,tz,0.1,m,0,Pedestrian,pedestrian,17.0,15-30m,75.5,0,0.0,9,9,1.0,7.56
nuscenes_mini_subset,scene-1094_028,tz,0.1,m,1,Bus,vehicle,58.1,>30m,119.9,0,0.0,2,2,1.0,2.42
nuscenes_mini_subset,scene-1094_028,tz,0.1,m,2,Car,vehicle,25.2,15-30m,177.7,0,0.0,7,7,1.0,5.82
nuscenes_mini_subset,scene-1094_028,tz,0.1,m,3,Pedestrian,pedestrian,35.7,>30m,50.3,2,0.0,2,2,1.0,4.06
nuscenes_mini_subset,scene-1094_028,tz,0.1,m,4,Car,vehicle,26.6,15-30m,94.4,0,0.0,9,9,1.0,5.12
nuscenes_mini_subset,scene-1094_028,tz,0.1,m,5,Pedestrian,pedestrian,47.5,>30m,19.9,2,0.0,1,1,1.0,2.68
nuscenes_mini_subset,scene-1094_028,tz,0.1,m,6,Pedestrian,pedestrian,8.0,0-15m,146.4,0,0.0,49,49,1.0,17.17
nuscenes_mini_subset,scene-1094_028,tz,0.1,m,7,Car,vehicle,27.3,15-30m,214.8,0,0.0,9,9,1.0,5.6
nuscenes_mini_subset,scene-1094_028,tz,0.2,m,0,Pedestrian,pedestrian,17.0,15-30m,75.5,0,0.0,9,9,1.0,15.13
nuscenes_mini_subset,scene-1094_028,tz,0.2,m,1,Bus,vehicle,58.1,>30m,119.9,0,0.0,2,2,1.0,4.83
nuscenes_mini_subset,scene-1094_028,tz,0.2,m,2,Car,vehicle,25.2,15-30m,177.7,0,0.0,7,7,1.0,11.64
nuscenes_mini_subset,scene-1094_028,tz,0.2,m,3,Pedestrian,pedestrian,35.7,>30m,50.3,2,0.0,2,2,1.0,8.11
nuscenes_mini_subset,scene-1094_028,tz,0.2,m,4,Car,vehicle,26.6,15-30m,94.4,0,0.0,9,9,1.0,10.23
nuscenes_mini_subset,scene-1094_028,tz,0.2,m,5,Pedestrian,pedestrian,47.5,>30m,19.9,2,0.0,1,1,1.0,5.36
nuscenes_mini_subset,scene-1094_028,tz,0.2,m,6,Pedestrian,pedestrian,8.0,0-15m,146.4,0,0.0,49,46,0.9388,34.34
nuscenes_mini_subset,scene-1094_028,tz,0.2,m,7,Car,vehicle,27.3,15-30m,214.8,0,0.0,9,9,1.0,11.2
nuscenes_mini_subset,scene-1094_032,yaw,0.0,deg,0,Bus,vehicle,26.2,15-30m,358.5,0,0.28,108,108,1.0,0.0
nuscenes_mini_subset,scene-1094_032,yaw,0.0,deg,1,Car,vehicle,29.2,15-30m,86.0,0,0.0,7,7,1.0,0.0
nuscenes_mini_subset,scene-1094_032,yaw,0.0,deg,2,Pedestrian,pedestrian,25.3,15-30m,45.3,2,0.0,2,2,1.0,0.0
nuscenes_mini_subset,scene-1094_032,yaw,0.25,deg,0,Bus,vehicle,26.2,15-30m,358.5,0,0.28,108,108,1.0,6.85
nuscenes_mini_subset,scene-1094_032,yaw,0.25,deg,1,Car,vehicle,29.2,15-30m,86.0,0,0.0,7,7,1.0,5.61
nuscenes_mini_subset,scene-1094_032,yaw,0.25,deg,2,Pedestrian,pedestrian,25.3,15-30m,45.3,2,0.0,2,2,1.0,5.91
nuscenes_mini_subset,scene-1094_032,yaw,0.5,deg,0,Bus,vehicle,26.2,15-30m,358.5,0,0.28,108,108,1.0,13.66
nuscenes_mini_subset,scene-1094_032,yaw,0.5,deg,1,Car,vehicle,29.2,15-30m,86.0,0,0.0,7,7,1.0,11.22
nuscenes_mini_subset,scene-1094_032,yaw,0.5,deg,2,Pedestrian,pedestrian,25.3,15-30m,45.3,2,0.0,2,2,1.0,11.84
nuscenes_mini_subset,scene-1094_032,yaw,1.0,deg,0,Bus,vehicle,26.2,15-30m,358.5,0,0.28,109,105,0.9633,27.22
nuscenes_mini_subset,scene-1094_032,yaw,1.0,deg,1,Car,vehicle,29.2,15-30m,86.0,0,0.0,7,6,0.8571,22.44
nuscenes_mini_subset,scene-1094_032,yaw,1.0,deg,2,Pedestrian,pedestrian,25.3,15-30m,45.3,2,0.0,2,1,0.5,23.72
nuscenes_mini_subset,scene-1094_032,yaw,2.0,deg,0,Bus,vehicle,26.2,15-30m,358.5,0,0.28,112,99,0.8839,54.0
nuscenes_mini_subset,scene-1094_032,yaw,2.0,deg,1,Car,vehicle,29.2,15-30m,86.0,0,0.0,7,4,0.5714,44.86
nuscenes_mini_subset,scene-1094_032,yaw,2.0,deg,2,Pedestrian,pedestrian,25.3,15-30m,45.3,2,0.0,2,0,0.0,47.66
nuscenes_mini_subset,scene-1094_032,yaw,3.0,deg,0,Bus,vehicle,26.2,15-30m,358.5,0,0.28,116,95,0.819,80.39
nuscenes_mini_subset,scene-1094_032,yaw,3.0,deg,1,Car,vehicle,29.2,15-30m,86.0,0,0.0,7,1,0.1429,67.29
nuscenes_mini_subset,scene-1094_032,yaw,3.0,deg,2,Pedestrian,pedestrian,25.3,15-30m,45.3,2,0.0,2,0,0.0,71.82
nuscenes_mini_subset,scene-1094_032,pitch,0.0,deg,0,Bus,vehicle,26.2,15-30m,358.5,0,0.28,108,108,1.0,0.0
nuscenes_mini_subset,scene-1094_032,pitch,0.0,deg,1,Car,vehicle,29.2,15-30m,86.0,0,0.0,7,7,1.0,0.0
nuscenes_mini_subset,scene-1094_032,pitch,0.0,deg,2,Pedestrian,pedestrian,25.3,15-30m,45.3,2,0.0,2,2,1.0,0.0
nuscenes_mini_subset,scene-1094_032,pitch,0.25,deg,0,Bus,vehicle,26.2,15-30m,358.5,0,0.28,108,108,1.0,2.57
nuscenes_mini_subset,scene-1094_032,pitch,0.25,deg,1,Car,vehicle,29.2,15-30m,86.0,0,0.0,7,7,1.0,0.21
nuscenes_mini_subset,scene-1094_032,pitch,0.25,deg,2,Pedestrian,pedestrian,25.3,15-30m,45.3,2,0.0,2,2,1.0,1.3
nuscenes_mini_subset,scene-1094_032,pitch,0.5,deg,0,Bus,vehicle,26.2,15-30m,358.5,0,0.28,108,108,1.0,5.15
nuscenes_mini_subset,scene-1094_032,pitch,0.5,deg,1,Car,vehicle,29.2,15-30m,86.0,0,0.0,7,7,1.0,0.41
nuscenes_mini_subset,scene-1094_032,pitch,0.5,deg,2,Pedestrian,pedestrian,25.3,15-30m,45.3,2,0.0,2,2,1.0,2.6
nuscenes_mini_subset,scene-1094_032,pitch,1.0,deg,0,Bus,vehicle,26.2,15-30m,358.5,0,0.28,108,108,1.0,10.3
nuscenes_mini_subset,scene-1094_032,pitch,1.0,deg,1,Car,vehicle,29.2,15-30m,86.0,0,0.0,7,7,1.0,0.83
nuscenes_mini_subset,scene-1094_032,pitch,1.0,deg,2,Pedestrian,pedestrian,25.3,15-30m,45.3,2,0.0,2,2,1.0,5.21
nuscenes_mini_subset,scene-1094_032,pitch,2.0,deg,0,Bus,vehicle,26.2,15-30m,358.5,0,0.28,108,108,1.0,20.6
nuscenes_mini_subset,scene-1094_032,pitch,2.0,deg,1,Car,vehicle,29.2,15-30m,86.0,0,0.0,7,7,1.0,1.66
nuscenes_mini_subset,scene-1094_032,pitch,2.0,deg,2,Pedestrian,pedestrian,25.3,15-30m,45.3,2,0.0,2,2,1.0,10.41
nuscenes_mini_subset,scene-1094_032,pitch,3.0,deg,0,Bus,vehicle,26.2,15-30m,358.5,0,0.28,108,108,1.0,30.9
nuscenes_mini_subset,scene-1094_032,pitch,3.0,deg,1,Car,vehicle,29.2,15-30m,86.0,0,0.0,7,7,1.0,2.49
nuscenes_mini_subset,scene-1094_032,pitch,3.0,deg,2,Pedestrian,pedestrian,25.3,15-30m,45.3,2,0.0,2,2,1.0,15.62
nuscenes_mini_subset,scene-1094_032,roll,0.0,deg,0,Bus,vehicle,26.2,15-30m,358.5,0,0.28,108,108,1.0,0.0
nuscenes_mini_subset,scene-1094_032,roll,0.0,deg,1,Car,vehicle,29.2,15-30m,86.0,0,0.0,7,7,1.0,0.0
nuscenes_mini_subset,scene-1094_032,roll,0.0,deg,2,Pedestrian,pedestrian,25.3,15-30m,45.3,2,0.0,2,2,1.0,0.0
nuscenes_mini_subset,scene-1094_032,roll,0.25,deg,0,Bus,vehicle,26.2,15-30m,358.5,0,0.28,108,108,1.0,5.64
nuscenes_mini_subset,scene-1094_032,roll,0.25,deg,1,Car,vehicle,29.2,15-30m,86.0,0,0.0,7,7,1.0,5.61
nuscenes_mini_subset,scene-1094_032,roll,0.25,deg,2,Pedestrian,pedestrian,25.3,15-30m,45.3,2,0.0,2,2,1.0,5.6
nuscenes_mini_subset,scene-1094_032,roll,0.5,deg,0,Bus,vehicle,26.2,15-30m,358.5,0,0.28,108,108,1.0,11.28
nuscenes_mini_subset,scene-1094_032,roll,0.5,deg,1,Car,vehicle,29.2,15-30m,86.0,0,0.0,7,7,1.0,11.22
nuscenes_mini_subset,scene-1094_032,roll,0.5,deg,2,Pedestrian,pedestrian,25.3,15-30m,45.3,2,0.0,2,2,1.0,11.21
nuscenes_mini_subset,scene-1094_032,roll,1.0,deg,0,Bus,vehicle,26.2,15-30m,358.5,0,0.28,108,106,0.9815,22.55
nuscenes_mini_subset,scene-1094_032,roll,1.0,deg,1,Car,vehicle,29.2,15-30m,86.0,0,0.0,7,7,1.0,22.42
nuscenes_mini_subset,scene-1094_032,roll,1.0,deg,2,Pedestrian,pedestrian,25.3,15-30m,45.3,2,0.0,2,2,1.0,22.42
nuscenes_mini_subset,scene-1094_032,roll,2.0,deg,0,Bus,vehicle,26.2,15-30m,358.5,0,0.28,108,102,0.9444,45.1
nuscenes_mini_subset,scene-1094_032,roll,2.0,deg,1,Car,vehicle,29.2,15-30m,86.0,0,0.0,7,7,1.0,44.83
nuscenes_mini_subset,scene-1094_032,roll,2.0,deg,2,Pedestrian,pedestrian,25.3,15-30m,45.3,2,0.0,2,0,0.0,44.84
nuscenes_mini_subset,scene-1094_032,roll,3.0,deg,0,Bus,vehicle,26.2,15-30m,358.5,0,0.28,108,83,0.7685,67.68
nuscenes_mini_subset,scene-1094_032,roll,3.0,deg,1,Car,vehicle,29.2,15-30m,86.0,0,0.0,7,0,0.0,67.24
nuscenes_mini_subset,scene-1094_032,roll,3.0,deg,2,Pedestrian,pedestrian,25.3,15-30m,45.3,2,0.0,2,0,0.0,67.28
nuscenes_mini_subset,scene-1094_032,tx,0.0,m,0,Bus,vehicle,26.2,15-30m,358.5,0,0.28,108,108,1.0,0.0
nuscenes_mini_subset,scene-1094_032,tx,0.0,m,1,Car,vehicle,29.2,15-30m,86.0,0,0.0,7,7,1.0,0.0
nuscenes_mini_subset,scene-1094_032,tx,0.0,m,2,Pedestrian,pedestrian,25.3,15-30m,45.3,2,0.0,2,2,1.0,0.0
nuscenes_mini_subset,scene-1094_032,tx,0.02,m,0,Bus,vehicle,26.2,15-30m,358.5,0,0.28,108,108,1.0,1.14
nuscenes_mini_subset,scene-1094_032,tx,0.02,m,1,Car,vehicle,29.2,15-30m,86.0,0,0.0,7,7,1.0,0.93
nuscenes_mini_subset,scene-1094_032,tx,0.02,m,2,Pedestrian,pedestrian,25.3,15-30m,45.3,2,0.0,2,2,1.0,1.03
nuscenes_mini_subset,scene-1094_032,tx,0.05,m,0,Bus,vehicle,26.2,15-30m,358.5,0,0.28,108,108,1.0,2.84
nuscenes_mini_subset,scene-1094_032,tx,0.05,m,1,Car,vehicle,29.2,15-30m,86.0,0,0.0,7,7,1.0,2.32
nuscenes_mini_subset,scene-1094_032,tx,0.05,m,2,Pedestrian,pedestrian,25.3,15-30m,45.3,2,0.0,2,2,1.0,2.57
nuscenes_mini_subset,scene-1094_032,tx,0.1,m,0,Bus,vehicle,26.2,15-30m,358.5,0,0.28,108,108,1.0,5.69
nuscenes_mini_subset,scene-1094_032,tx,0.1,m,1,Car,vehicle,29.2,15-30m,86.0,0,0.0,7,7,1.0,4.64
nuscenes_mini_subset,scene-1094_032,tx,0.1,m,2,Pedestrian,pedestrian,25.3,15-30m,45.3,2,0.0,2,2,1.0,5.13
nuscenes_mini_subset,scene-1094_032,tx,0.2,m,0,Bus,vehicle,26.2,15-30m,358.5,0,0.28,108,108,1.0,11.38
nuscenes_mini_subset,scene-1094_032,tx,0.2,m,1,Car,vehicle,29.2,15-30m,86.0,0,0.0,7,6,0.8571,9.29
nuscenes_mini_subset,scene-1094_032,tx,0.2,m,2,Pedestrian,pedestrian,25.3,15-30m,45.3,2,0.0,2,2,1.0,10.26
nuscenes_mini_subset,scene-1094_032,ty,0.0,m,0,Bus,vehicle,26.2,15-30m,358.5,0,0.28,108,108,1.0,0.0
nuscenes_mini_subset,scene-1094_032,ty,0.0,m,1,Car,vehicle,29.2,15-30m,86.0,0,0.0,7,7,1.0,0.0
nuscenes_mini_subset,scene-1094_032,ty,0.0,m,2,Pedestrian,pedestrian,25.3,15-30m,45.3,2,0.0,2,2,1.0,0.0
nuscenes_mini_subset,scene-1094_032,ty,0.02,m,0,Bus,vehicle,26.2,15-30m,358.5,0,0.28,108,108,1.0,0.54
nuscenes_mini_subset,scene-1094_032,ty,0.02,m,1,Car,vehicle,29.2,15-30m,86.0,0,0.0,7,7,1.0,0.03
nuscenes_mini_subset,scene-1094_032,ty,0.02,m,2,Pedestrian,pedestrian,25.3,15-30m,45.3,2,0.0,2,2,1.0,0.24
nuscenes_mini_subset,scene-1094_032,ty,0.05,m,0,Bus,vehicle,26.2,15-30m,358.5,0,0.28,108,108,1.0,1.35
nuscenes_mini_subset,scene-1094_032,ty,0.05,m,1,Car,vehicle,29.2,15-30m,86.0,0,0.0,7,7,1.0,0.07
nuscenes_mini_subset,scene-1094_032,ty,0.05,m,2,Pedestrian,pedestrian,25.3,15-30m,45.3,2,0.0,2,2,1.0,0.6
nuscenes_mini_subset,scene-1094_032,ty,0.1,m,0,Bus,vehicle,26.2,15-30m,358.5,0,0.28,108,108,1.0,2.7
nuscenes_mini_subset,scene-1094_032,ty,0.1,m,1,Car,vehicle,29.2,15-30m,86.0,0,0.0,7,7,1.0,0.15
nuscenes_mini_subset,scene-1094_032,ty,0.1,m,2,Pedestrian,pedestrian,25.3,15-30m,45.3,2,0.0,2,2,1.0,1.2
nuscenes_mini_subset,scene-1094_032,ty,0.2,m,0,Bus,vehicle,26.2,15-30m,358.5,0,0.28,108,108,1.0,5.37
nuscenes_mini_subset,scene-1094_032,ty,0.2,m,1,Car,vehicle,29.2,15-30m,86.0,0,0.0,7,7,1.0,0.29
nuscenes_mini_subset,scene-1094_032,ty,0.2,m,2,Pedestrian,pedestrian,25.3,15-30m,45.3,2,0.0,2,2,1.0,2.4
nuscenes_mini_subset,scene-1094_032,tz,0.0,m,0,Bus,vehicle,26.2,15-30m,358.5,0,0.28,108,108,1.0,0.0
nuscenes_mini_subset,scene-1094_032,tz,0.0,m,1,Car,vehicle,29.2,15-30m,86.0,0,0.0,7,7,1.0,0.0
nuscenes_mini_subset,scene-1094_032,tz,0.0,m,2,Pedestrian,pedestrian,25.3,15-30m,45.3,2,0.0,2,2,1.0,0.0
nuscenes_mini_subset,scene-1094_032,tz,0.02,m,0,Bus,vehicle,26.2,15-30m,358.5,0,0.28,108,108,1.0,1.14
nuscenes_mini_subset,scene-1094_032,tz,0.02,m,1,Car,vehicle,29.2,15-30m,86.0,0,0.0,7,7,1.0,0.93
nuscenes_mini_subset,scene-1094_032,tz,0.02,m,2,Pedestrian,pedestrian,25.3,15-30m,45.3,2,0.0,2,2,1.0,1.03
nuscenes_mini_subset,scene-1094_032,tz,0.05,m,0,Bus,vehicle,26.2,15-30m,358.5,0,0.28,108,108,1.0,2.84
nuscenes_mini_subset,scene-1094_032,tz,0.05,m,1,Car,vehicle,29.2,15-30m,86.0,0,0.0,7,7,1.0,2.32
nuscenes_mini_subset,scene-1094_032,tz,0.05,m,2,Pedestrian,pedestrian,25.3,15-30m,45.3,2,0.0,2,2,1.0,2.57
nuscenes_mini_subset,scene-1094_032,tz,0.1,m,0,Bus,vehicle,26.2,15-30m,358.5,0,0.28,108,108,1.0,5.68
nuscenes_mini_subset,scene-1094_032,tz,0.1,m,1,Car,vehicle,29.2,15-30m,86.0,0,0.0,7,7,1.0,4.65
nuscenes_mini_subset,scene-1094_032,tz,0.1,m,2,Pedestrian,pedestrian,25.3,15-30m,45.3,2,0.0,2,2,1.0,5.14
nuscenes_mini_subset,scene-1094_032,tz,0.2,m,0,Bus,vehicle,26.2,15-30m,358.5,0,0.28,108,108,1.0,11.35
nuscenes_mini_subset,scene-1094_032,tz,0.2,m,1,Car,vehicle,29.2,15-30m,86.0,0,0.0,7,7,1.0,9.29
nuscenes_mini_subset,scene-1094_032,tz,0.2,m,2,Pedestrian,pedestrian,25.3,15-30m,45.3,2,0.0,2,2,1.0,10.27
nuscenes_mini_subset,scene-1094_036,yaw,0.0,deg,0,Car,vehicle,30.0,>30m,85.3,0,0.0,17,17,1.0,0.0
nuscenes_mini_subset,scene-1094_036,yaw,0.0,deg,1,Motorcycle,cyclist,27.6,15-30m,85.3,0,0.0,4,4,1.0,0.0
nuscenes_mini_subset,scene-1094_036,yaw,0.0,deg,2,Car,vehicle,42.0,>30m,80.4,0,0.0,0,0,,
nuscenes_mini_subset,scene-1094_036,yaw,0.25,deg,0,Car,vehicle,30.0,>30m,85.3,0,0.0,17,17,1.0,5.59
nuscenes_mini_subset,scene-1094_036,yaw,0.25,deg,1,Motorcycle,cyclist,27.6,15-30m,85.3,0,0.0,4,4,1.0,6.4
nuscenes_mini_subset,scene-1094_036,yaw,0.25,deg,2,Car,vehicle,42.0,>30m,80.4,0,0.0,0,0,,
nuscenes_mini_subset,scene-1094_036,yaw,0.5,deg,0,Car,vehicle,30.0,>30m,85.3,0,0.0,17,17,1.0,11.18
nuscenes_mini_subset,scene-1094_036,yaw,0.5,deg,1,Motorcycle,cyclist,27.6,15-30m,85.3,0,0.0,4,4,1.0,12.78
nuscenes_mini_subset,scene-1094_036,yaw,0.5,deg,2,Car,vehicle,42.0,>30m,80.4,0,0.0,0,0,,
nuscenes_mini_subset,scene-1094_036,yaw,1.0,deg,0,Car,vehicle,30.0,>30m,85.3,0,0.0,17,14,0.8235,22.36
nuscenes_mini_subset,scene-1094_036,yaw,1.0,deg,1,Motorcycle,cyclist,27.6,15-30m,85.3,0,0.0,4,4,1.0,25.48
nuscenes_mini_subset,scene-1094_036,yaw,1.0,deg,2,Car,vehicle,42.0,>30m,80.4,0,0.0,0,0,,
nuscenes_mini_subset,scene-1094_036,yaw,2.0,deg,0,Car,vehicle,30.0,>30m,85.3,0,0.0,17,8,0.4706,44.72
nuscenes_mini_subset,scene-1094_036,yaw,2.0,deg,1,Motorcycle,cyclist,27.6,15-30m,85.3,0,0.0,4,1,0.25,50.64
nuscenes_mini_subset,scene-1094_036,yaw,2.0,deg,2,Car,vehicle,42.0,>30m,80.4,0,0.0,0,0,,
nuscenes_mini_subset,scene-1094_036,yaw,3.0,deg,0,Car,vehicle,30.0,>30m,85.3,0,0.0,17,2,0.1176,67.1
nuscenes_mini_subset,scene-1094_036,yaw,3.0,deg,1,Motorcycle,cyclist,27.6,15-30m,85.3,0,0.0,4,0,0.0,75.5
nuscenes_mini_subset,scene-1094_036,yaw,3.0,deg,2,Car,vehicle,42.0,>30m,80.4,0,0.0,0,0,,
nuscenes_mini_subset,scene-1094_036,pitch,0.0,deg,0,Car,vehicle,30.0,>30m,85.3,0,0.0,17,17,1.0,0.0
nuscenes_mini_subset,scene-1094_036,pitch,0.0,deg,1,Motorcycle,cyclist,27.6,15-30m,85.3,0,0.0,4,4,1.0,0.0
nuscenes_mini_subset,scene-1094_036,pitch,0.0,deg,2,Car,vehicle,42.0,>30m,80.4,0,0.0,0,0,,
nuscenes_mini_subset,scene-1094_036,pitch,0.25,deg,0,Car,vehicle,30.0,>30m,85.3,0,0.0,17,17,1.0,0.12
nuscenes_mini_subset,scene-1094_036,pitch,0.25,deg,1,Motorcycle,cyclist,27.6,15-30m,85.3,0,0.0,4,4,1.0,2.11
nuscenes_mini_subset,scene-1094_036,pitch,0.25,deg,2,Car,vehicle,42.0,>30m,80.4,0,0.0,0,0,,
nuscenes_mini_subset,scene-1094_036,pitch,0.5,deg,0,Car,vehicle,30.0,>30m,85.3,0,0.0,17,17,1.0,0.23
nuscenes_mini_subset,scene-1094_036,pitch,0.5,deg,1,Motorcycle,cyclist,27.6,15-30m,85.3,0,0.0,4,4,1.0,4.21
nuscenes_mini_subset,scene-1094_036,pitch,0.5,deg,2,Car,vehicle,42.0,>30m,80.4,0,0.0,0,0,,
nuscenes_mini_subset,scene-1094_036,pitch,1.0,deg,0,Car,vehicle,30.0,>30m,85.3,0,0.0,17,17,1.0,0.47
nuscenes_mini_subset,scene-1094_036,pitch,1.0,deg,1,Motorcycle,cyclist,27.6,15-30m,85.3,0,0.0,4,4,1.0,8.42
nuscenes_mini_subset,scene-1094_036,pitch,1.0,deg,2,Car,vehicle,42.0,>30m,80.4,0,0.0,0,0,,
nuscenes_mini_subset,scene-1094_036,pitch,2.0,deg,0,Car,vehicle,30.0,>30m,85.3,0,0.0,17,17,1.0,0.94
nuscenes_mini_subset,scene-1094_036,pitch,2.0,deg,1,Motorcycle,cyclist,27.6,15-30m,85.3,0,0.0,4,4,1.0,16.84
nuscenes_mini_subset,scene-1094_036,pitch,2.0,deg,2,Car,vehicle,42.0,>30m,80.4,0,0.0,0,0,,
nuscenes_mini_subset,scene-1094_036,pitch,3.0,deg,0,Car,vehicle,30.0,>30m,85.3,0,0.0,17,17,1.0,1.41
nuscenes_mini_subset,scene-1094_036,pitch,3.0,deg,1,Motorcycle,cyclist,27.6,15-30m,85.3,0,0.0,4,4,1.0,25.26
nuscenes_mini_subset,scene-1094_036,pitch,3.0,deg,2,Car,vehicle,42.0,>30m,80.4,0,0.0,0,0,,
nuscenes_mini_subset,scene-1094_036,roll,0.0,deg,0,Car,vehicle,30.0,>30m,85.3,0,0.0,17,17,1.0,0.0
nuscenes_mini_subset,scene-1094_036,roll,0.0,deg,1,Motorcycle,cyclist,27.6,15-30m,85.3,0,0.0,4,4,1.0,0.0
nuscenes_mini_subset,scene-1094_036,roll,0.0,deg,2,Car,vehicle,42.0,>30m,80.4,0,0.0,0,0,,
nuscenes_mini_subset,scene-1094_036,roll,0.25,deg,0,Car,vehicle,30.0,>30m,85.3,0,0.0,17,17,1.0,5.59
nuscenes_mini_subset,scene-1094_036,roll,0.25,deg,1,Motorcycle,cyclist,27.6,15-30m,85.3,0,0.0,4,4,1.0,5.61
nuscenes_mini_subset,scene-1094_036,roll,0.25,deg,2,Car,vehicle,42.0,>30m,80.4,0,0.0,0,0,,
nuscenes_mini_subset,scene-1094_036,roll,0.5,deg,0,Car,vehicle,30.0,>30m,85.3,0,0.0,17,17,1.0,11.18
nuscenes_mini_subset,scene-1094_036,roll,0.5,deg,1,Motorcycle,cyclist,27.6,15-30m,85.3,0,0.0,4,4,1.0,11.21
nuscenes_mini_subset,scene-1094_036,roll,0.5,deg,2,Car,vehicle,42.0,>30m,80.4,0,0.0,0,0,,
nuscenes_mini_subset,scene-1094_036,roll,1.0,deg,0,Car,vehicle,30.0,>30m,85.3,0,0.0,17,17,1.0,22.36
nuscenes_mini_subset,scene-1094_036,roll,1.0,deg,1,Motorcycle,cyclist,27.6,15-30m,85.3,0,0.0,4,4,1.0,22.42
nuscenes_mini_subset,scene-1094_036,roll,1.0,deg,2,Car,vehicle,42.0,>30m,80.4,0,0.0,0,0,,
nuscenes_mini_subset,scene-1094_036,roll,2.0,deg,0,Car,vehicle,30.0,>30m,85.3,0,0.0,17,8,0.4706,44.71
nuscenes_mini_subset,scene-1094_036,roll,2.0,deg,1,Motorcycle,cyclist,27.6,15-30m,85.3,0,0.0,4,0,0.0,44.83
nuscenes_mini_subset,scene-1094_036,roll,2.0,deg,2,Car,vehicle,42.0,>30m,80.4,0,0.0,0,0,,
nuscenes_mini_subset,scene-1094_036,roll,3.0,deg,0,Car,vehicle,30.0,>30m,85.3,0,0.0,17,0,0.0,67.06
nuscenes_mini_subset,scene-1094_036,roll,3.0,deg,1,Motorcycle,cyclist,27.6,15-30m,85.3,0,0.0,4,0,0.0,67.23
nuscenes_mini_subset,scene-1094_036,roll,3.0,deg,2,Car,vehicle,42.0,>30m,80.4,0,0.0,0,0,,
nuscenes_mini_subset,scene-1094_036,tx,0.0,m,0,Car,vehicle,30.0,>30m,85.3,0,0.0,17,17,1.0,0.0
nuscenes_mini_subset,scene-1094_036,tx,0.0,m,1,Motorcycle,cyclist,27.6,15-30m,85.3,0,0.0,4,4,1.0,0.0
nuscenes_mini_subset,scene-1094_036,tx,0.0,m,2,Car,vehicle,42.0,>30m,80.4,0,0.0,0,0,,
nuscenes_mini_subset,scene-1094_036,tx,0.02,m,0,Car,vehicle,30.0,>30m,85.3,0,0.0,17,17,1.0,0.9
nuscenes_mini_subset,scene-1094_036,tx,0.02,m,1,Motorcycle,cyclist,27.6,15-30m,85.3,0,0.0,4,4,1.0,1.0
nuscenes_mini_subset,scene-1094_036,tx,0.02,m,2,Car,vehicle,42.0,>30m,80.4,0,0.0,0,0,,
nuscenes_mini_subset,scene-1094_036,tx,0.05,m,0,Car,vehicle,30.0,>30m,85.3,0,0.0,17,17,1.0,2.26
nuscenes_mini_subset,scene-1094_036,tx,0.05,m,1,Motorcycle,cyclist,27.6,15-30m,85.3,0,0.0,4,4,1.0,2.49
nuscenes_mini_subset,scene-1094_036,tx,0.05,m,2,Car,vehicle,42.0,>30m,80.4,0,0.0,0,0,,
nuscenes_mini_subset,scene-1094_036,tx,0.1,m,0,Car,vehicle,30.0,>30m,85.3,0,0.0,17,17,1.0,4.52
nuscenes_mini_subset,scene-1094_036,tx,0.1,m,1,Motorcycle,cyclist,27.6,15-30m,85.3,0,0.0,4,4,1.0,4.98
nuscenes_mini_subset,scene-1094_036,tx,0.1,m,2,Car,vehicle,42.0,>30m,80.4,0,0.0,0,0,,
nuscenes_mini_subset,scene-1094_036,tx,0.2,m,0,Car,vehicle,30.0,>30m,85.3,0,0.0,17,17,1.0,9.03
nuscenes_mini_subset,scene-1094_036,tx,0.2,m,1,Motorcycle,cyclist,27.6,15-30m,85.3,0,0.0,4,4,1.0,9.97
nuscenes_mini_subset,scene-1094_036,tx,0.2,m,2,Car,vehicle,42.0,>30m,80.4,0,0.0,0,0,,
nuscenes_mini_subset,scene-1094_036,ty,0.0,m,0,Car,vehicle,30.0,>30m,85.3,0,0.0,17,17,1.0,0.0
nuscenes_mini_subset,scene-1094_036,ty,0.0,m,1,Motorcycle,cyclist,27.6,15-30m,85.3,0,0.0,4,4,1.0,0.0
nuscenes_mini_subset,scene-1094_036,ty,0.0,m,2,Car,vehicle,42.0,>30m,80.4,0,0.0,0,0,,
nuscenes_mini_subset,scene-1094_036,ty,0.02,m,0,Car,vehicle,30.0,>30m,85.3,0,0.0,17,17,1.0,0.02
nuscenes_mini_subset,scene-1094_036,ty,0.02,m,1,Motorcycle,cyclist,27.6,15-30m,85.3,0,0.0,4,4,1.0,0.38
nuscenes_mini_subset,scene-1094_036,ty,0.02,m,2,Car,vehicle,42.0,>30m,80.4,0,0.0,0,0,,
nuscenes_mini_subset,scene-1094_036,ty,0.05,m,0,Car,vehicle,30.0,>30m,85.3,0,0.0,17,17,1.0,0.05
nuscenes_mini_subset,scene-1094_036,ty,0.05,m,1,Motorcycle,cyclist,27.6,15-30m,85.3,0,0.0,4,4,1.0,0.95
nuscenes_mini_subset,scene-1094_036,ty,0.05,m,2,Car,vehicle,42.0,>30m,80.4,0,0.0,0,0,,
nuscenes_mini_subset,scene-1094_036,ty,0.1,m,0,Car,vehicle,30.0,>30m,85.3,0,0.0,17,17,1.0,0.09
nuscenes_mini_subset,scene-1094_036,ty,0.1,m,1,Motorcycle,cyclist,27.6,15-30m,85.3,0,0.0,4,4,1.0,1.89
nuscenes_mini_subset,scene-1094_036,ty,0.1,m,2,Car,vehicle,42.0,>30m,80.4,0,0.0,0,0,,
nuscenes_mini_subset,scene-1094_036,ty,0.2,m,0,Car,vehicle,30.0,>30m,85.3,0,0.0,17,17,1.0,0.18
nuscenes_mini_subset,scene-1094_036,ty,0.2,m,1,Motorcycle,cyclist,27.6,15-30m,85.3,0,0.0,4,4,1.0,3.76
nuscenes_mini_subset,scene-1094_036,ty,0.2,m,2,Car,vehicle,42.0,>30m,80.4,0,0.0,0,0,,
nuscenes_mini_subset,scene-1094_036,tz,0.0,m,0,Car,vehicle,30.0,>30m,85.3,0,0.0,17,17,1.0,0.0
nuscenes_mini_subset,scene-1094_036,tz,0.0,m,1,Motorcycle,cyclist,27.6,15-30m,85.3,0,0.0,4,4,1.0,0.0
nuscenes_mini_subset,scene-1094_036,tz,0.0,m,2,Car,vehicle,42.0,>30m,80.4,0,0.0,0,0,,
nuscenes_mini_subset,scene-1094_036,tz,0.02,m,0,Car,vehicle,30.0,>30m,85.3,0,0.0,17,17,1.0,0.9
nuscenes_mini_subset,scene-1094_036,tz,0.02,m,1,Motorcycle,cyclist,27.6,15-30m,85.3,0,0.0,4,4,1.0,1.0
nuscenes_mini_subset,scene-1094_036,tz,0.02,m,2,Car,vehicle,42.0,>30m,80.4,0,0.0,0,0,,
nuscenes_mini_subset,scene-1094_036,tz,0.05,m,0,Car,vehicle,30.0,>30m,85.3,0,0.0,17,17,1.0,2.26
nuscenes_mini_subset,scene-1094_036,tz,0.05,m,1,Motorcycle,cyclist,27.6,15-30m,85.3,0,0.0,4,4,1.0,2.49
nuscenes_mini_subset,scene-1094_036,tz,0.05,m,2,Car,vehicle,42.0,>30m,80.4,0,0.0,0,0,,
nuscenes_mini_subset,scene-1094_036,tz,0.1,m,0,Car,vehicle,30.0,>30m,85.3,0,0.0,17,17,1.0,4.52
nuscenes_mini_subset,scene-1094_036,tz,0.1,m,1,Motorcycle,cyclist,27.6,15-30m,85.3,0,0.0,4,4,1.0,4.98
nuscenes_mini_subset,scene-1094_036,tz,0.1,m,2,Car,vehicle,42.0,>30m,80.4,0,0.0,0,0,,
nuscenes_mini_subset,scene-1094_036,tz,0.2,m,0,Car,vehicle,30.0,>30m,85.3,0,0.0,17,17,1.0,9.03
nuscenes_mini_subset,scene-1094_036,tz,0.2,m,1,Motorcycle,cyclist,27.6,15-30m,85.3,0,0.0,4,4,1.0,9.96
nuscenes_mini_subset,scene-1094_036,tz,0.2,m,2,Car,vehicle,42.0,>30m,80.4,0,0.0,0,0,,
