dataset,frame,axis,level,unit,obj_id,type,group,distance_m,dist_bin,box_w_px,occluded,truncated,object_points,hits,hit_ratio,mean_shift_px
kitti_mini,000001,yaw,0.0,deg,1,Car,vehicle,60.8,>30m,36.2,0,0.0,9,9,1.0,0.0
kitti_mini,000001,yaw,0.0,deg,2,Cyclist,cyclist,46.1,>30m,12.4,3,0.0,18,18,1.0,0.0
kitti_mini,000001,yaw,0.25,deg,1,Car,vehicle,60.8,>30m,36.2,0,0.0,9,9,1.0,3.44
kitti_mini,000001,yaw,0.25,deg,2,Cyclist,cyclist,46.1,>30m,12.4,3,0.0,18,16,0.8889,3.2
kitti_mini,000001,yaw,0.5,deg,1,Car,vehicle,60.8,>30m,36.2,0,0.0,9,9,1.0,6.88
kitti_mini,000001,yaw,0.5,deg,2,Cyclist,cyclist,46.1,>30m,12.4,3,0.0,18,10,0.5556,6.39
kitti_mini,000001,yaw,1.0,deg,1,Car,vehicle,60.8,>30m,36.2,0,0.0,9,3,0.3333,13.8
kitti_mini,000001,yaw,1.0,deg,2,Cyclist,cyclist,46.1,>30m,12.4,3,0.0,18,0,0.0,12.78
kitti_mini,000001,yaw,2.0,deg,1,Car,vehicle,60.8,>30m,36.2,0,0.0,9,0,0.0,27.75
kitti_mini,000001,yaw,2.0,deg,2,Cyclist,cyclist,46.1,>30m,12.4,3,0.0,18,0,0.0,25.52
kitti_mini,000001,yaw,3.0,deg,1,Car,vehicle,60.8,>30m,36.2,0,0.0,9,0,0.0,41.86
kitti_mini,000001,yaw,3.0,deg,2,Cyclist,cyclist,46.1,>30m,12.4,3,0.0,18,0,0.0,38.23
kitti_mini,000001,pitch,0.0,deg,1,Car,vehicle,60.8,>30m,36.2,0,0.0,9,9,1.0,0.0
kitti_mini,000001,pitch,0.0,deg,2,Cyclist,cyclist,46.1,>30m,12.4,3,0.0,18,18,1.0,0.0
kitti_mini,000001,pitch,0.25,deg,1,Car,vehicle,60.8,>30m,36.2,0,0.0,9,9,1.0,3.17
kitti_mini,000001,pitch,0.25,deg,2,Cyclist,cyclist,46.1,>30m,12.4,3,0.0,18,18,1.0,3.17
kitti_mini,000001,pitch,0.5,deg,1,Car,vehicle,60.8,>30m,36.2,0,0.0,9,4,0.4444,6.33
kitti_mini,000001,pitch,0.5,deg,2,Cyclist,cyclist,46.1,>30m,12.4,3,0.0,18,17,0.9444,6.34
kitti_mini,000001,pitch,1.0,deg,1,Car,vehicle,60.8,>30m,36.2,0,0.0,9,0,0.0,12.67
kitti_mini,000001,pitch,1.0,deg,2,Cyclist,cyclist,46.1,>30m,12.4,3,0.0,18,13,0.7222,12.67
kitti_mini,000001,pitch,2.0,deg,1,Car,vehicle,60.8,>30m,36.2,0,0.0,9,0,0.0,25.37
kitti_mini,000001,pitch,2.0,deg,2,Cyclist,cyclist,46.1,>30m,12.4,3,0.0,18,2,0.1111,25.36
kitti_mini,000001,pitch,3.0,deg,1,Car,vehicle,60.8,>30m,36.2,0,0.0,9,0,0.0,38.1
kitti_mini,000001,pitch,3.0,deg,2,Cyclist,cyclist,46.1,>30m,12.4,3,0.0,18,0,0.0,38.06
kitti_mini,000001,roll,0.0,deg,1,Car,vehicle,60.8,>30m,36.2,0,0.0,9,9,1.0,0.0
kitti_mini,000001,roll,0.0,deg,2,Cyclist,cyclist,46.1,>30m,12.4,3,0.0,18,18,1.0,0.0
kitti_mini,000001,roll,0.25,deg,1,Car,vehicle,60.8,>30m,36.2,0,0.0,9,9,1.0,0.92
kitti_mini,000001,roll,0.25,deg,2,Cyclist,cyclist,46.1,>30m,12.4,3,0.0,18,18,1.0,0.32
kitti_mini,000001,roll,0.5,deg,1,Car,vehicle,60.8,>30m,36.2,0,0.0,9,9,1.0,1.85
kitti_mini,000001,roll,0.5,deg,2,Cyclist,cyclist,46.1,>30m,12.4,3,0.0,18,18,1.0,0.64
kitti_mini,000001,roll,1.0,deg,1,Car,vehicle,60.8,>30m,36.2,0,0.0,9,9,1.0,3.69
kitti_mini,000001,roll,1.0,deg,2,Cyclist,cyclist,46.1,>30m,12.4,3,0.0,18,18,1.0,1.28
kitti_mini,000001,roll,2.0,deg,1,Car,vehicle,60.8,>30m,36.2,0,0.0,9,9,1.0,7.38
kitti_mini,000001,roll,2.0,deg,2,Cyclist,cyclist,46.1,>30m,12.4,3,0.0,18,18,1.0,2.55
kitti_mini,000001,roll,3.0,deg,1,Car,vehicle,60.8,>30m,36.2,0,0.0,9,9,1.0,11.07
kitti_mini,000001,roll,3.0,deg,2,Cyclist,cyclist,46.1,>30m,12.4,3,0.0,18,17,0.9444,3.83
kitti_mini,000001,tx,0.0,m,1,Car,vehicle,60.8,>30m,36.2,0,0.0,9,9,1.0,0.0
kitti_mini,000001,tx,0.0,m,2,Cyclist,cyclist,46.1,>30m,12.4,3,0.0,18,18,1.0,0.0
kitti_mini,000001,tx,0.02,m,1,Car,vehicle,60.8,>30m,36.2,0,0.0,9,9,1.0,0.07
kitti_mini,000001,tx,0.02,m,2,Cyclist,cyclist,46.1,>30m,12.4,3,0.0,18,18,1.0,0.03
kitti_mini,000001,tx,0.05,m,1,Car,vehicle,60.8,>30m,36.2,0,0.0,9,9,1.0,0.19
kitti_mini,000001,tx,0.05,m,2,Cyclist,cyclist,46.1,>30m,12.4,3,0.0,18,18,1.0,0.08
kitti_mini,000001,tx,0.1,m,1,Car,vehicle,60.8,>30m,36.2,0,0.0,9,9,1.0,0.37
kitti_mini,000001,tx,0.1,m,2,Cyclist,cyclist,46.1,>30m,12.4,3,0.0,18,18,1.0,0.16
kitti_mini,000001,tx,0.2,m,1,Car,vehicle,60.8,>30m,36.2,0,0.0,9,9,1.0,0.74
kitti_mini,000001,tx,0.2,m,2,Cyclist,cyclist,46.1,>30m,12.4,3,0.0,18,18,1.0,0.32
kitti_mini,000001,ty,0.0,m,1,Car,vehicle,60.8,>30m,36.2,0,0.0,9,9,1.0,0.0
kitti_mini,000001,ty,0.0,m,2,Cyclist,cyclist,46.1,>30m,12.4,3,0.0,18,18,1.0,0.0
kitti_mini,000001,ty,0.02,m,1,Car,vehicle,60.8,>30m,36.2,0,0.0,9,9,1.0,0.25
kitti_mini,000001,ty,0.02,m,2,Cyclist,cyclist,46.1,>30m,12.4,3,0.0,18,18,1.0,0.32
kitti_mini,000001,ty,0.05,m,1,Car,vehicle,60.8,>30m,36.2,0,0.0,9,9,1.0,0.64
kitti_mini,000001,ty,0.05,m,2,Cyclist,cyclist,46.1,>30m,12.4,3,0.0,18,18,1.0,0.79
kitti_mini,000001,ty,0.1,m,1,Car,vehicle,60.8,>30m,36.2,0,0.0,9,9,1.0,1.27
kitti_mini,000001,ty,0.1,m,2,Cyclist,cyclist,46.1,>30m,12.4,3,0.0,18,17,0.9444,1.58
kitti_mini,000001,ty,0.2,m,1,Car,vehicle,60.8,>30m,36.2,0,0.0,9,9,1.0,2.54
kitti_mini,000001,ty,0.2,m,2,Cyclist,cyclist,46.1,>30m,12.4,3,0.0,18,17,0.9444,3.15
kitti_mini,000001,tz,0.0,m,1,Car,vehicle,60.8,>30m,36.2,0,0.0,9,9,1.0,0.0
kitti_mini,000001,tz,0.0,m,2,Cyclist,cyclist,46.1,>30m,12.4,3,0.0,18,18,1.0,0.0
kitti_mini,000001,tz,0.02,m,1,Car,vehicle,60.8,>30m,36.2,0,0.0,9,9,1.0,0.25
kitti_mini,000001,tz,0.02,m,2,Cyclist,cyclist,46.1,>30m,12.4,3,0.0,18,18,1.0,0.32
kitti_mini,000001,tz,0.05,m,1,Car,vehicle,60.8,>30m,36.2,0,0.0,9,9,1.0,0.64
kitti_mini,000001,tz,0.05,m,2,Cyclist,cyclist,46.1,>30m,12.4,3,0.0,18,18,1.0,0.79
kitti_mini,000001,tz,0.1,m,1,Car,vehicle,60.8,>30m,36.2,0,0.0,9,9,1.0,1.27
kitti_mini,000001,tz,0.1,m,2,Cyclist,cyclist,46.1,>30m,12.4,3,0.0,18,18,1.0,1.58
kitti_mini,000001,tz,0.2,m,1,Car,vehicle,60.8,>30m,36.2,0,0.0,9,9,1.0,2.54
kitti_mini,000001,tz,0.2,m,2,Cyclist,cyclist,46.1,>30m,12.4,3,0.0,18,18,1.0,3.15
kitti_mini,000004,yaw,0.0,deg,0,Car,vehicle,41.4,>30m,64.5,0,0.0,77,77,1.0,0.0
kitti_mini,000004,yaw,0.0,deg,1,Car,vehicle,53.6,>30m,41.0,0,0.0,26,26,1.0,0.0
kitti_mini,000004,yaw,0.25,deg,0,Car,vehicle,41.4,>30m,64.5,0,0.0,77,77,1.0,3.71
kitti_mini,000004,yaw,0.25,deg,1,Car,vehicle,53.6,>30m,41.0,0,0.0,26,25,0.9615,3.48
kitti_mini,000004,yaw,0.5,deg,0,Car,vehicle,41.4,>30m,64.5,0,0.0,77,75,0.974,7.43
kitti_mini,000004,yaw,0.5,deg,1,Car,vehicle,53.6,>30m,41.0,0,0.0,26,22,0.8462,6.96
kitti_mini,000004,yaw,1.0,deg,0,Car,vehicle,41.4,>30m,64.5,0,0.0,77,65,0.8442,14.92
kitti_mini,000004,yaw,1.0,deg,1,Car,vehicle,53.6,>30m,41.0,0,0.0,26,17,0.6538,13.97
kitti_mini,000004,yaw,2.0,deg,0,Car,vehicle,41.4,>30m,64.5,0,0.0,77,47,0.6104,30.08
kitti_mini,000004,yaw,2.0,deg,1,Car,vehicle,53.6,>30m,41.0,0,0.0,26,9,0.3462,28.09
kitti_mini,000004,yaw,3.0,deg,0,Car,vehicle,41.4,>30m,64.5,0,0.0,77,21,0.2727,45.47
kitti_mini,000004,yaw,3.0,deg,1,Car,vehicle,53.6,>30m,41.0,0,0.0,26,0,0.0,42.4
kitti_mini,000004,pitch,0.0,deg,0,Car,vehicle,41.4,>30m,64.5,0,0.0,77,77,1.0,0.0
kitti_mini,000004,pitch,0.0,deg,1,Car,vehicle,53.6,>30m,41.0,0,0.0,26,26,1.0,0.0
kitti_mini,000004,pitch,0.25,deg,0,Car,vehicle,41.4,>30m,64.5,0,0.0,77,66,0.8571,3.18
kitti_mini,000004,pitch,0.25,deg,1,Car,vehicle,53.6,>30m,41.0,0,0.0,26,26,1.0,3.17
kitti_mini,000004,pitch,0.5,deg,0,Car,vehicle,41.4,>30m,64.5,0,0.0,77,66,0.8571,6.36
kitti_mini,000004,pitch,0.5,deg,1,Car,vehicle,53.6,>30m,41.0,0,0.0,26,26,1.0,6.34
kitti_mini,000004,pitch,1.0,deg,0,Car,vehicle,41.4,>30m,64.5,0,0.0,77,24,0.3117,12.72
kitti_mini,000004,pitch,1.0,deg,1,Car,vehicle,53.6,>30m,41.0,0,0.0,26,1,0.0385,12.68
kitti_mini,000004,pitch,2.0,deg,0,Car,vehicle,41.4,>30m,64.5,0,0.0,77,0,0.0,25.46
kitti_mini,000004,pitch,2.0,deg,1,Car,vehicle,53.6,>30m,41.0,0,0.0,26,0,0.0,25.38
kitti_mini,000004,pitch,3.0,deg,0,Car,vehicle,41.4,>30m,64.5,0,0.0,77,0,0.0,38.24
kitti_mini,000004,pitch,3.0,deg,1,Car,vehicle,53.6,>30m,41.0,0,0.0,26,0,0.0,38.12
kitti_mini,000004,roll,0.0,deg,0,Car,vehicle,41.4,>30m,64.5,0,0.0,77,77,1.0,0.0
kitti_mini,000004,roll,0.0,deg,1,Car,vehicle,53.6,>30m,41.0,0,0.0,26,26,1.0,0.0
kitti_mini,000004,roll,0.25,deg,0,Car,vehicle,41.4,>30m,64.5,0,0.0,77,77,1.0,1.3
kitti_mini,000004,roll,0.25,deg,1,Car,vehicle,53.6,>30m,41.0,0,0.0,26,26,1.0,0.98
kitti_mini,000004,roll,0.5,deg,0,Car,vehicle,41.4,>30m,64.5,0,0.0,77,77,1.0,2.6
kitti_mini,000004,roll,0.5,deg,1,Car,vehicle,53.6,>30m,41.0,0,0.0,26,26,1.0,1.97
kitti_mini,000004,roll,1.0,deg,0,Car,vehicle,41.4,>30m,64.5,0,0.0,77,77,1.0,5.19
kitti_mini,000004,roll,1.0,deg,1,Car,vehicle,53.6,>30m,41.0,0,0.0,26,26,1.0,3.94
kitti_mini,000004,roll,2.0,deg,0,Car,vehicle,41.4,>30m,64.5,0,0.0,77,73,0.9481,10.39
kitti_mini,000004,roll,2.0,deg,1,Car,vehicle,53.6,>30m,41.0,0,0.0,26,25,0.9615,7.88
kitti_mini,000004,roll,3.0,deg,0,Car,vehicle,41.4,>30m,64.5,0,0.0,77,53,0.6883,15.58
kitti_mini,000004,roll,3.0,deg,1,Car,vehicle,53.6,>30m,41.0,0,0.0,26,13,0.5,11.81
kitti_mini,000004,tx,0.0,m,0,Car,vehicle,41.4,>30m,64.5,0,0.0,77,77,1.0,0.0
kitti_mini,000004,tx,0.0,m,1,Car,vehicle,53.6,>30m,41.0,0,0.0,26,26,1.0,0.0
kitti_mini,000004,tx,0.02,m,0,Car,vehicle,41.4,>30m,64.5,0,0.0,77,77,1.0,0.16
kitti_mini,000004,tx,0.02,m,1,Car,vehicle,53.6,>30m,41.0,0,0.0,26,26,1.0,0.09
kitti_mini,000004,tx,0.05,m,0,Car,vehicle,41.4,>30m,64.5,0,0.0,77,77,1.0,0.4
kitti_mini,000004,tx,0.05,m,1,Car,vehicle,53.6,>30m,41.0,0,0.0,26,26,1.0,0.22
kitti_mini,000004,tx,0.1,m,0,Car,vehicle,41.4,>30m,64.5,0,0.0,77,77,1.0,0.79
kitti_mini,000004,tx,0.1,m,1,Car,vehicle,53.6,>30m,41.0,0,0.0,26,26,1.0,0.45
kitti_mini,000004,tx,0.2,m,0,Car,vehicle,41.4,>30m,64.5,0,0.0,77,77,1.0,1.58
kitti_mini,000004,tx,0.2,m,1,Car,vehicle,53.6,>30m,41.0,0,0.0,26,26,1.0,0.89
kitti_mini,000004,ty,0.0,m,0,Car,vehicle,41.4,>30m,64.5,0,0.0,77,77,1.0,0.0
kitti_mini,000004,ty,0.0,m,1,Car,vehicle,53.6,>30m,41.0,0,0.0,26,26,1.0,0.0
kitti_mini,000004,ty,0.02,m,0,Car,vehicle,41.4,>30m,64.5,0,0.0,77,77,1.0,0.39
kitti_mini,000004,ty,0.02,m,1,Car,vehicle,53.6,>30m,41.0,0,0.0,26,26,1.0,0.29
kitti_mini,000004,ty,0.05,m,0,Car,vehicle,41.4,>30m,64.5,0,0.0,77,77,1.0,0.96
kitti_mini,000004,ty,0.05,m,1,Car,vehicle,53.6,>30m,41.0,0,0.0,26,26,1.0,0.72
kitti_mini,000004,ty,0.1,m,0,Car,vehicle,41.4,>30m,64.5,0,0.0,77,77,1.0,1.93
kitti_mini,000004,ty,0.1,m,1,Car,vehicle,53.6,>30m,41.0,0,0.0,26,26,1.0,1.43
kitti_mini,000004,ty,0.2,m,0,Car,vehicle,41.4,>30m,64.5,0,0.0,77,77,1.0,3.86
kitti_mini,000004,ty,0.2,m,1,Car,vehicle,53.6,>30m,41.0,0,0.0,26,26,1.0,2.87
kitti_mini,000004,tz,0.0,m,0,Car,vehicle,41.4,>30m,64.5,0,0.0,77,77,1.0,0.0
kitti_mini,000004,tz,0.0,m,1,Car,vehicle,53.6,>30m,41.0,0,0.0,26,26,1.0,0.0
kitti_mini,000004,tz,0.02,m,0,Car,vehicle,41.4,>30m,64.5,0,0.0,77,77,1.0,0.39
kitti_mini,000004,tz,0.02,m,1,Car,vehicle,53.6,>30m,41.0,0,0.0,26,26,1.0,0.29
kitti_mini,000004,tz,0.05,m,0,Car,vehicle,41.4,>30m,64.5,0,0.0,77,77,1.0,0.96
kitti_mini,000004,tz,0.05,m,1,Car,vehicle,53.6,>30m,41.0,0,0.0,26,26,1.0,0.72
kitti_mini,000004,tz,0.1,m,0,Car,vehicle,41.4,>30m,64.5,0,0.0,77,77,1.0,1.93
kitti_mini,000004,tz,0.1,m,1,Car,vehicle,53.6,>30m,41.0,0,0.0,26,26,1.0,1.43
kitti_mini,000004,tz,0.2,m,0,Car,vehicle,41.4,>30m,64.5,0,0.0,77,77,1.0,3.86
kitti_mini,000004,tz,0.2,m,1,Car,vehicle,53.6,>30m,41.0,0,0.0,26,26,1.0,2.87
kitti_mini,000007,yaw,0.0,deg,0,Car,vehicle,25.0,15-30m,51.8,0,0.0,191,191,1.0,0.0
kitti_mini,000007,yaw,0.0,deg,1,Car,vehicle,48.1,>30m,31.0,0,0.0,19,19,1.0,0.0
kitti_mini,000007,yaw,0.0,deg,2,Car,vehicle,60.7,>30m,23.2,0,0.0,5,5,1.0,0.0
kitti_mini,000007,yaw,0.0,deg,3,Cyclist,cyclist,36.4,>30m,25.0,0,0.0,25,25,1.0,0.0
kitti_mini,000007,yaw,0.25,deg,0,Car,vehicle,25.0,15-30m,51.8,0,0.0,191,186,0.9738,3.19
kitti_mini,000007,yaw,0.25,deg,1,Car,vehicle,48.1,>30m,31.0,0,0.0,19,16,0.8421,3.25
kitti_mini,000007,yaw,0.25,deg,2,Car,vehicle,60.7,>30m,23.2,0,0.0,5,4,0.8,3.19
kitti_mini,000007,yaw,0.25,deg,3,Cyclist,cyclist,36.4,>30m,25.0,0,0.0,25,25,1.0,3.61
kitti_mini,000007,yaw,0.5,deg,0,Car,vehicle,25.0,15-30m,51.8,0,0.0,191,172,0.9005,6.38
kitti_mini,000007,yaw,0.5,deg,1,Car,vehicle,48.1,>30m,31.0,0,0.0,19,13,0.6842,6.51
kitti_mini,000007,yaw,0.5,deg,2,Car,vehicle,60.7,>30m,23.2,0,0.0,5,3,0.6,6.37
kitti_mini,000007,yaw,0.5,deg,3,Cyclist,cyclist,36.4,>30m,25.0,0,0.0,25,24,0.96,7.23
kitti_mini,000007,yaw,1.0,deg,0,Car,vehicle,25.0,15-30m,51.8,0,0.0,191,150,0.7853,12.76
kitti_mini,000007,yaw,1.0,deg,1,Car,vehicle,48.1,>30m,31.0,0,0.0,19,10,0.5263,13.03
kitti_mini,000007,yaw,1.0,deg,2,Car,vehicle,60.7,>30m,23.2,0,0.0,5,1,0.2,12.76
kitti_mini,000007,yaw,1.0,deg,3,Cyclist,cyclist,36.4,>30m,25.0,0,0.0,25,11,0.44,14.5
kitti_mini,000007,yaw,2.0,deg,0,Car,vehicle,25.0,15-30m,51.8,0,0.0,191,98,0.5131,25.55
kitti_mini,000007,yaw,2.0,deg,1,Car,vehicle,48.1,>30m,31.0,0,0.0,19,1,0.0526,26.15
kitti_mini,000007,yaw,2.0,deg,2,Car,vehicle,60.7,>30m,23.2,0,0.0,5,0,0.0,25.57
kitti_mini,000007,yaw,2.0,deg,3,Cyclist,cyclist,36.4,>30m,25.0,0,0.0,25,0,0.0,29.2
kitti_mini,000007,yaw,3.0,deg,0,Car,vehicle,25.0,15-30m,51.8,0,0.0,191,42,0.2199,38.36
kitti_mini,000007,yaw,3.0,deg,1,Car,vehicle,48.1,>30m,31.0,0,0.0,19,0,0.0,39.36
kitti_mini,000007,yaw,3.0,deg,2,Car,vehicle,60.7,>30m,23.2,0,0.0,5,0,0.0,38.42
kitti_mini,000007,yaw,3.0,deg,3,Cyclist,cyclist,36.4,>30m,25.0,0,0.0,25,0,0.0,44.12
kitti_mini,000007,pitch,0.0,deg,0,Car,vehicle,25.0,15-30m,51.8,0,0.0,191,191,1.0,0.0
kitti_mini,000007,pitch,0.0,deg,1,Car,vehicle,48.1,>30m,31.0,0,0.0,19,19,1.0,0.0
kitti_mini,000007,pitch,0.0,deg,2,Car,vehicle,60.7,>30m,23.2,0,0.0,5,5,1.0,0.0
kitti_mini,000007,pitch,0.0,deg,3,Cyclist,cyclist,36.4,>30m,25.0,0,0.0,25,25,1.0,0.0
kitti_mini,000007,pitch,0.25,deg,0,Car,vehicle,25.0,15-30m,51.8,0,0.0,191,170,0.8901,3.19
kitti_mini,000007,pitch,0.25,deg,1,Car,vehicle,48.1,>30m,31.0,0,0.0,19,18,0.9474,3.17
kitti_mini,000007,pitch,0.25,deg,2,Car,vehicle,60.7,>30m,23.2,0,0.0,5,5,1.0,3.16
kitti_mini,000007,pitch,0.25,deg,3,Cyclist,cyclist,36.4,>30m,25.0,0,0.0,25,24,0.96,3.18
kitti_mini,000007,pitch,0.5,deg,0,Car,vehicle,25.0,15-30m,51.8,0,0.0,191,170,0.8901,6.38
kitti_mini,000007,pitch,0.5,deg,1,Car,vehicle,48.1,>30m,31.0,0,0.0,19,7,0.3684,6.34
kitti_mini,000007,pitch,0.5,deg,2,Car,vehicle,60.7,>30m,23.2,0,0.0,5,0,0.0,6.33
kitti_mini,000007,pitch,0.5,deg,3,Cyclist,cyclist,36.4,>30m,25.0,0,0.0,25,23,0.92,6.35
kitti_mini,000007,pitch,1.0,deg,0,Car,vehicle,25.0,15-30m,51.8,0,0.0,191,128,0.6702,12.78
kitti_mini,000007,pitch,1.0,deg,1,Car,vehicle,48.1,>30m,31.0,0,0.0,19,0,0.0,12.69
kitti_mini,000007,pitch,1.0,deg,2,Car,vehicle,60.7,>30m,23.2,0,0.0,5,0,0.0,12.66
kitti_mini,000007,pitch,1.0,deg,3,Cyclist,cyclist,36.4,>30m,25.0,0,0.0,25,17,0.68,12.71
kitti_mini,000007,pitch,2.0,deg,0,Car,vehicle,25.0,15-30m,51.8,0,0.0,191,63,0.3298,25.58
kitti_mini,000007,pitch,2.0,deg,1,Car,vehicle,48.1,>30m,31.0,0,0.0,19,0,0.0,25.39
kitti_mini,000007,pitch,2.0,deg,2,Car,vehicle,60.7,>30m,23.2,0,0.0,5,0,0.0,25.34
kitti_mini,000007,pitch,2.0,deg,3,Cyclist,cyclist,36.4,>30m,25.0,0,0.0,25,5,0.2,25.45
kitti_mini,000007,pitch,3.0,deg,0,Car,vehicle,25.0,15-30m,51.8,0,0.0,191,20,0.1047,38.42
kitti_mini,000007,pitch,3.0,deg,1,Car,vehicle,48.1,>30m,31.0,0,0.0,19,0,0.0,38.13
kitti_mini,000007,pitch,3.0,deg,2,Car,vehicle,60.7,>30m,23.2,0,0.0,5,0,0.0,38.04
kitti_mini,000007,pitch,3.0,deg,3,Cyclist,cyclist,36.4,>30m,25.0,0,0.0,25,0,0.0,38.21
kitti_mini,000007,roll,0.0,deg,0,Car,vehicle,25.0,15-30m,51.8,0,0.0,191,191,1.0,0.0
kitti_mini,000007,roll,0.0,deg,1,Car,vehicle,48.1,>30m,31.0,0,0.0,19,19,1.0,0.0
kitti_mini,000007,roll,0.0,deg,2,Car,vehicle,60.7,>30m,23.2,0,0.0,5,5,1.0,0.0
kitti_mini,000007,roll,0.0,deg,3,Cyclist,cyclist,36.4,>30m,25.0,0,0.0,25,25,1.0,0.0
kitti_mini,000007,roll,0.25,deg,0,Car,vehicle,25.0,15-30m,51.8,0,0.0,191,191,1.0,0.16
kitti_mini,000007,roll,0.25,deg,1,Car,vehicle,48.1,>30m,31.0,0,0.0,19,19,1.0,0.51
kitti_mini,000007,roll,0.25,deg,2,Car,vehicle,60.7,>30m,23.2,0,0.0,5,5,1.0,0.27
kitti_mini,000007,roll,0.25,deg,3,Cyclist,cyclist,36.4,>30m,25.0,0,0.0,25,25,1.0,1.17
kitti_mini,000007,roll,0.5,deg,0,Car,vehicle,25.0,15-30m,51.8,0,0.0,191,191,1.0,0.31
kitti_mini,000007,roll,0.5,deg,1,Car,vehicle,48.1,>30m,31.0,0,0.0,19,19,1.0,1.02
kitti_mini,000007,roll,0.5,deg,2,Car,vehicle,60.7,>30m,23.2,0,0.0,5,5,1.0,0.53
kitti_mini,000007,roll,0.5,deg,3,Cyclist,cyclist,36.4,>30m,25.0,0,0.0,25,25,1.0,2.33
kitti_mini,000007,roll,1.0,deg,0,Car,vehicle,25.0,15-30m,51.8,0,0.0,191,191,1.0,0.63
kitti_mini,000007,roll,1.0,deg,1,Car,vehicle,48.1,>30m,31.0,0,0.0,19,19,1.0,2.05
kitti_mini,000007,roll,1.0,deg,2,Car,vehicle,60.7,>30m,23.2,0,0.0,5,5,1.0,1.06
kitti_mini,000007,roll,1.0,deg,3,Cyclist,cyclist,36.4,>30m,25.0,0,0.0,25,24,0.96,4.66
kitti_mini,000007,roll,2.0,deg,0,Car,vehicle,25.0,15-30m,51.8,0,0.0,191,191,1.0,1.26
kitti_mini,000007,roll,2.0,deg,1,Car,vehicle,48.1,>30m,31.0,0,0.0,19,19,1.0,4.09
kitti_mini,000007,roll,2.0,deg,2,Car,vehicle,60.7,>30m,23.2,0,0.0,5,5,1.0,2.12
kitti_mini,000007,roll,2.0,deg,3,Cyclist,cyclist,36.4,>30m,25.0,0,0.0,25,21,0.84,9.32
kitti_mini,000007,roll,3.0,deg,0,Car,vehicle,25.0,15-30m,51.8,0,0.0,191,190,0.9948,1.89
kitti_mini,000007,roll,3.0,deg,1,Car,vehicle,48.1,>30m,31.0,0,0.0,19,19,1.0,6.14
kitti_mini,000007,roll,3.0,deg,2,Car,vehicle,60.7,>30m,23.2,0,0.0,5,5,1.0,3.18
kitti_mini,000007,roll,3.0,deg,3,Cyclist,cyclist,36.4,>30m,25.0,0,0.0,25,17,0.68,13.98
kitti_mini,000007,tx,0.0,m,0,Car,vehicle,25.0,15-30m,51.8,0,0.0,191,191,1.0,0.0
kitti_mini,000007,tx,0.0,m,1,Car,vehicle,48.1,>30m,31.0,0,0.0,19,19,1.0,0.0
kitti_mini,000007,tx,0.0,m,2,Car,vehicle,60.7,>30m,23.2,0,0.0,5,5,1.0,0.0
kitti_mini,000007,tx,0.0,m,3,Cyclist,cyclist,36.4,>30m,25.0,0,0.0,25,25,1.0,0.0
kitti_mini,000007,tx,0.02,m,0,Car,vehicle,25.0,15-30m,51.8,0,0.0,191,191,1.0,0.03
kitti_mini,000007,tx,0.02,m,1,Car,vehicle,48.1,>30m,31.0,0,0.0,19,19,1.0,0.05
kitti_mini,000007,tx,0.02,m,2,Car,vehicle,60.7,>30m,23.2,0,0.0,5,5,1.0,0.02
kitti_mini,000007,tx,0.02,m,3,Cyclist,cyclist,36.4,>30m,25.0,0,0.0,25,25,1.0,0.16
kitti_mini,000007,tx,0.05,m,0,Car,vehicle,25.0,15-30m,51.8,0,0.0,191,191,1.0,0.07
kitti_mini,000007,tx,0.05,m,1,Car,vehicle,48.1,>30m,31.0,0,0.0,19,19,1.0,0.13
kitti_mini,000007,tx,0.05,m,2,Car,vehicle,60.7,>30m,23.2,0,0.0,5,5,1.0,0.05
kitti_mini,000007,tx,0.05,m,3,Cyclist,cyclist,36.4,>30m,25.0,0,0.0,25,25,1.0,0.39
kitti_mini,000007,tx,0.1,m,0,Car,vehicle,25.0,15-30m,51.8,0,0.0,191,191,1.0,0.14
kitti_mini,000007,tx,0.1,m,1,Car,vehicle,48.1,>30m,31.0,0,0.0,19,19,1.0,0.25
kitti_mini,000007,tx,0.1,m,2,Car,vehicle,60.7,>30m,23.2,0,0.0,5,5,1.0,0.1
kitti_mini,000007,tx,0.1,m,3,Cyclist,cyclist,36.4,>30m,25.0,0,0.0,25,25,1.0,0.78
kitti_mini,000007,tx,0.2,m,0,Car,vehicle,25.0,15-30m,51.8,0,0.0,191,191,1.0,0.28
kitti_mini,000007,tx,0.2,m,1,Car,vehicle,48.1,>30m,31.0,0,0.0,19,19,1.0,0.5
kitti_mini,000007,tx,0.2,m,2,Car,vehicle,60.7,>30m,23.2,0,0.0,5,5,1.0,0.2
kitti_mini,000007,tx,0.2,m,3,Cyclist,cyclist,36.4,>30m,25.0,0,0.0,25,25,1.0,1.55
kitti_mini,000007,ty,0.0,m,0,Car,vehicle,25.0,15-30m,51.8,0,0.0,191,191,1.0,0.0
kitti_mini,000007,ty,0.0,m,1,Car,vehicle,48.1,>30m,31.0,0,0.0,19,19,1.0,0.0
kitti_mini,000007,ty,0.0,m,2,Car,vehicle,60.7,>30m,23.2,0,0.0,5,5,1.0,0.0
kitti_mini,000007,ty,0.0,m,3,Cyclist,cyclist,36.4,>30m,25.0,0,0.0,25,25,1.0,0.0
kitti_mini,000007,ty,0.02,m,0,Car,vehicle,25.0,15-30m,51.8,0,0.0,191,191,1.0,0.61
kitti_mini,000007,ty,0.02,m,1,Car,vehicle,48.1,>30m,31.0,0,0.0,19,19,1.0,0.31
kitti_mini,000007,ty,0.02,m,2,Car,vehicle,60.7,>30m,23.2,0,0.0,5,5,1.0,0.25
kitti_mini,000007,ty,0.02,m,3,Cyclist,cyclist,36.4,>30m,25.0,0,0.0,25,25,1.0,0.42
kitti_mini,000007,ty,0.05,m,0,Car,vehicle,25.0,15-30m,51.8,0,0.0,191,191,1.0,1.52
kitti_mini,000007,ty,0.05,m,1,Car,vehicle,48.1,>30m,31.0,0,0.0,19,18,0.9474,0.78
kitti_mini,000007,ty,0.05,m,2,Car,vehicle,60.7,>30m,23.2,0,0.0,5,5,1.0,0.61
kitti_mini,000007,ty,0.05,m,3,Cyclist,cyclist,36.4,>30m,25.0,0,0.0,25,25,1.0,1.06
kitti_mini,000007,ty,0.1,m,0,Car,vehicle,25.0,15-30m,51.8,0,0.0,191,186,0.9738,3.04
kitti_mini,000007,ty,0.1,m,1,Car,vehicle,48.1,>30m,31.0,0,0.0,19,18,0.9474,1.57
kitti_mini,000007,ty,0.1,m,2,Car,vehicle,60.7,>30m,23.2,0,0.0,5,5,1.0,1.23
kitti_mini,000007,ty,0.1,m,3,Cyclist,cyclist,36.4,>30m,25.0,0,0.0,25,25,1.0,2.12
kitti_mini,000007,ty,0.2,m,0,Car,vehicle,25.0,15-30m,51.8,0,0.0,191,175,0.9162,6.07
kitti_mini,000007,ty,0.2,m,1,Car,vehicle,48.1,>30m,31.0,0,0.0,19,16,0.8421,3.13
kitti_mini,000007,ty,0.2,m,2,Car,vehicle,60.7,>30m,23.2,0,0.0,5,4,0.8,2.46
kitti_mini,000007,ty,0.2,m,3,Cyclist,cyclist,36.4,>30m,25.0,0,0.0,25,25,1.0,4.24
kitti_mini,000007,tz,0.0,m,0,Car,vehicle,25.0,15-30m,51.8,0,0.0,191,191,1.0,0.0
kitti_mini,000007,tz,0.0,m,1,Car,vehicle,48.1,>30m,31.0,0,0.0,19,19,1.0,0.0
kitti_mini,000007,tz,0.0,m,2,Car,vehicle,60.7,>30m,23.2,0,0.0,5,5,1.0,0.0
kitti_mini,000007,tz,0.0,m,3,Cyclist,cyclist,36.4,>30m,25.0,0,0.0,25,25,1.0,0.0
kitti_mini,000007,tz,0.02,m,0,Car,vehicle,25.0,15-30m,51.8,0,0.0,191,191,1.0,0.61
kitti_mini,000007,tz,0.02,m,1,Car,vehicle,48.1,>30m,31.0,0,0.0,19,19,1.0,0.31
kitti_mini,000007,tz,0.02,m,2,Car,vehicle,60.7,>30m,23.2,0,0.0,5,5,1.0,0.25
kitti_mini,000007,tz,0.02,m,3,Cyclist,cyclist,36.4,>30m,25.0,0,0.0,25,25,1.0,0.42
kitti_mini,000007,tz,0.05,m,0,Car,vehicle,25.0,15-30m,51.8,0,0.0,191,191,1.0,1.52
kitti_mini,000007,tz,0.05,m,1,Car,vehicle,48.1,>30m,31.0,0,0.0,19,19,1.0,0.78
kitti_mini,000007,tz,0.05,m,2,Car,vehicle,60.7,>30m,23.2,0,0.0,5,5,1.0,0.61
kitti_mini,000007,tz,0.05,m,3,Cyclist,cyclist,36.4,>30m,25.0,0,0.0,25,25,1.0,1.06
kitti_mini,000007,tz,0.1,m,0,Car,vehicle,25.0,15-30m,51.8,0,0.0,191,191,1.0,3.04
kitti_mini,000007,tz,0.1,m,1,Car,vehicle,48.1,>30m,31.0,0,0.0,19,19,1.0,1.57
kitti_mini,000007,tz,0.1,m,2,Car,vehicle,60.7,>30m,23.2,0,0.0,5,5,1.0,1.23
kitti_mini,000007,tz,0.1,m,3,Cyclist,cyclist,36.4,>30m,25.0,0,0.0,25,25,1.0,2.12
kitti_mini,000007,tz,0.2,m,0,Car,vehicle,25.0,15-30m,51.8,0,0.0,191,175,0.9162,6.08
kitti_mini,000007,tz,0.2,m,1,Car,vehicle,48.1,>30m,31.0,0,0.0,19,19,1.0,3.13
kitti_mini,000007,tz,0.2,m,2,Car,vehicle,60.7,>30m,23.2,0,0.0,5,5,1.0,2.46
kitti_mini,000007,tz,0.2,m,3,Cyclist,cyclist,36.4,>30m,25.0,0,0.0,25,24,0.96,4.24
kitti_mini,000008,yaw,0.0,deg,0,Car,vehicle,4.6,0-15m,402.3,3,0.88,1424,1412,0.9916,0.0
kitti_mini,000008,yaw,0.0,deg,1,Car,vehicle,7.9,0-15m,289.6,1,0.0,1940,1940,1.0,0.0
kitti_mini,000008,yaw,0.0,deg,2,Car,vehicle,7.2,0-15m,303.7,3,0.34,878,871,0.992,0.0
kitti_mini,000008,yaw,0.0,deg,3,Car,vehicle,14.5,0-15m,123.3,1,0.0,668,668,1.0,0.0
kitti_mini,000008,yaw,0.0,deg,4,Car,vehicle,34.0,>30m,51.1,0,0.0,53,53,1.0,0.0
kitti_mini,000008,yaw,0.0,deg,5,Car,vehicle,21.7,15-30m,71.9,0,0.0,164,164,1.0,0.0
kitti_mini,000008,yaw,0.25,deg,0,Car,vehicle,4.6,0-15m,402.3,3,0.88,1403,1394,0.9936,4.51
kitti_mini,000008,yaw,0.25,deg,1,Car,vehicle,7.9,0-15m,289.6,1,0.0,1940,1940,1.0,3.39
kitti_mini,000008,yaw,0.25,deg,2,Car,vehicle,7.2,0-15m,303.7,3,0.34,891,883,0.991,4.81
kitti_mini,000008,yaw,0.25,deg,3,Car,vehicle,14.5,0-15m,123.3,1,0.0,668,668,1.0,3.23
kitti_mini,000008,yaw,0.25,deg,4,Car,vehicle,34.0,>30m,51.1,0,0.0,53,53,1.0,3.31
kitti_mini,000008,yaw,0.25,deg,5,Car,vehicle,21.7,15-30m,71.9,0,0.0,164,164,1.0,3.77
kitti_mini,000008,yaw,0.5,deg,0,Car,vehicle,4.6,0-15m,402.3,3,0.88,1381,1371,0.9928,9.01
kitti_mini,000008,yaw,0.5,deg,1,Car,vehicle,7.9,0-15m,289.6,1,0.0,1940,1940,1.0,6.78
kitti_mini,000008,yaw,0.5,deg,2,Car,vehicle,7.2,0-15m,303.7,3,0.34,898,893,0.9944,9.58
kitti_mini,000008,yaw,0.5,deg,3,Car,vehicle,14.5,0-15m,123.3,1,0.0,668,668,1.0,6.46
kitti_mini,000008,yaw,0.5,deg,4,Car,vehicle,34.0,>30m,51.1,0,0.0,53,48,0.9057,6.62
kitti_mini,000008,yaw,0.5,deg,5,Car,vehicle,21.7,15-30m,71.9,0,0.0,164,162,0.9878,7.53
kitti_mini,000008,yaw,1.0,deg,0,Car,vehicle,4.6,0-15m,402.3,3,0.88,1338,1325,0.9903,17.98
kitti_mini,000008,yaw,1.0,deg,1,Car,vehicle,7.9,0-15m,289.6,1,0.0,1940,1940,1.0,13.58
kitti_mini,000008,yaw,1.0,deg,2,Car,vehicle,7.2,0-15m,303.7,3,0.34,908,899,0.9901,19.05
kitti_mini,000008,yaw,1.0,deg,3,Car,vehicle,14.5,0-15m,123.3,1,0.0,668,655,0.9805,12.92
kitti_mini,000008,yaw,1.0,deg,4,Car,vehicle,34.0,>30m,51.1,0,0.0,53,40,0.7547,13.22
kitti_mini,000008,yaw,1.0,deg,5,Car,vehicle,21.7,15-30m,71.9,0,0.0,164,142,0.8659,15.01
kitti_mini,000008,yaw,2.0,deg,0,Car,vehicle,4.6,0-15m,402.3,3,0.88,1260,1244,0.9873,35.94
kitti_mini,000008,yaw,2.0,deg,1,Car,vehicle,7.9,0-15m,289.6,1,0.0,1940,1928,0.9938,27.25
kitti_mini,000008,yaw,2.0,deg,2,Car,vehicle,7.2,0-15m,303.7,3,0.34,923,883,0.9567,37.65
kitti_mini,000008,yaw,2.0,deg,3,Car,vehicle,14.5,0-15m,123.3,1,0.0,668,577,0.8638,25.81
kitti_mini,000008,yaw,2.0,deg,4,Car,vehicle,34.0,>30m,51.1,0,0.0,53,17,0.3208,26.36
kitti_mini,000008,yaw,2.0,deg,5,Car,vehicle,21.7,15-30m,71.9,0,0.0,164,99,0.6037,29.8
kitti_mini,000008,yaw,3.0,deg,0,Car,vehicle,4.6,0-15m,402.3,3,0.88,1180,1173,0.9941,53.94
kitti_mini,000008,yaw,3.0,deg,1,Car,vehicle,7.9,0-15m,289.6,1,0.0,1940,1894,0.9763,41.02
kitti_mini,000008,yaw,3.0,deg,2,Car,vehicle,7.2,0-15m,303.7,3,0.34,938,878,0.936,55.84
kitti_mini,000008,yaw,3.0,deg,3,Car,vehicle,14.5,0-15m,123.3,1,0.0,668,487,0.729,38.7
kitti_mini,000008,yaw,3.0,deg,4,Car,vehicle,34.0,>30m,51.1,0,0.0,53,3,0.0566,39.41
kitti_mini,000008,yaw,3.0,deg,5,Car,vehicle,21.7,15-30m,71.9,0,0.0,164,62,0.378,44.39
kitti_mini,000008,pitch,0.0,deg,0,Car,vehicle,4.6,0-15m,402.3,3,0.88,1424,1412,0.9916,0.0
kitti_mini,000008,pitch,0.0,deg,1,Car,vehicle,7.9,0-15m,289.6,1,0.0,1940,1940,1.0,0.0
kitti_mini,000008,pitch,0.0,deg,2,Car,vehicle,7.2,0-15m,303.7,3,0.34,878,871,0.992,0.0
kitti_mini,000008,pitch,0.0,deg,3,Car,vehicle,14.5,0-15m,123.3,1,0.0,668,668,1.0,0.0
kitti_mini,000008,pitch,0.0,deg,4,Car,vehicle,34.0,>30m,51.1,0,0.0,53,53,1.0,0.0
kitti_mini,000008,pitch,0.0,deg,5,Car,vehicle,21.7,15-30m,71.9,0,0.0,164,164,1.0,0.0
kitti_mini,000008,pitch,0.25,deg,0,Car,vehicle,4.6,0-15m,402.3,3,0.88,1378,1369,0.9935,3.53
kitti_mini,000008,pitch,0.25,deg,1,Car,vehicle,7.9,0-15m,289.6,1,0.0,1940,1937,0.9985,3.36
kitti_mini,000008,pitch,0.25,deg,2,Car,vehicle,7.2,0-15m,303.7,3,0.34,851,844,0.9918,3.5
kitti_mini,000008,pitch,0.25,deg,3,Car,vehicle,14.5,0-15m,123.3,1,0.0,668,666,0.997,3.23
kitti_mini,000008,pitch,0.25,deg,4,Car,vehicle,34.0,>30m,51.1,0,0.0,53,39,0.7358,3.18
kitti_mini,000008,pitch,0.25,deg,5,Car,vehicle,21.7,15-30m,71.9,0,0.0,164,164,1.0,3.21
kitti_mini,000008,pitch,0.5,deg,0,Car,vehicle,4.6,0-15m,402.3,3,0.88,1343,1328,0.9888,7.06
kitti_mini,000008,pitch,0.5,deg,1,Car,vehicle,7.9,0-15m,289.6,1,0.0,1933,1919,0.9928,6.72
kitti_mini,000008,pitch,0.5,deg,2,Car,vehicle,7.2,0-15m,303.7,3,0.34,823,815,0.9903,7.0
kitti_mini,000008,pitch,0.5,deg,3,Car,vehicle,14.5,0-15m,123.3,1,0.0,668,650,0.9731,6.46
kitti_mini,000008,pitch,0.5,deg,4,Car,vehicle,34.0,>30m,51.1,0,0.0,53,39,0.7358,6.36
kitti_mini,000008,pitch,0.5,deg,5,Car,vehicle,21.7,15-30m,71.9,0,0.0,164,158,0.9634,6.42
kitti_mini,000008,pitch,1.0,deg,0,Car,vehicle,4.6,0-15m,402.3,3,0.88,1236,1225,0.9911,14.1
kitti_mini,000008,pitch,1.0,deg,1,Car,vehicle,7.9,0-15m,289.6,1,0.0,1903,1880,0.9879,13.44
kitti_mini,000008,pitch,1.0,deg,2,Car,vehicle,7.2,0-15m,303.7,3,0.34,762,754,0.9895,13.98
kitti_mini,000008,pitch,1.0,deg,3,Car,vehicle,14.5,0-15m,123.3,1,0.0,668,617,0.9237,12.93
kitti_mini,000008,pitch,1.0,deg,4,Car,vehicle,34.0,>30m,51.1,0,0.0,53,23,0.434,12.73
kitti_mini,000008,pitch,1.0,deg,5,Car,vehicle,21.7,15-30m,71.9,0,0.0,164,142,0.8659,12.84
kitti_mini,000008,pitch,2.0,deg,0,Car,vehicle,4.6,0-15m,402.3,3,0.88,1013,992,0.9793,28.07
kitti_mini,000008,pitch,2.0,deg,1,Car,vehicle,7.9,0-15m,289.6,1,0.0,1798,1775,0.9872,26.9
kitti_mini,000008,pitch,2.0,deg,2,Car,vehicle,7.2,0-15m,303.7,3,0.34,629,620,0.9857,27.88
kitti_mini,000008,pitch,2.0,deg,3,Car,vehicle,14.5,0-15m,123.3,1,0.0,668,496,0.7425,25.91
kitti_mini,000008,pitch,2.0,deg,4,Car,vehicle,34.0,>30m,51.1,0,0.0,53,2,0.0377,25.48
kitti_mini,000008,pitch,2.0,deg,5,Car,vehicle,21.7,15-30m,71.9,0,0.0,164,94,0.5732,25.72
kitti_mini,000008,pitch,3.0,deg,0,Car,vehicle,4.6,0-15m,402.3,3,0.88,818,800,0.978,41.97
kitti_mini,000008,pitch,3.0,deg,1,Car,vehicle,7.9,0-15m,289.6,1,0.0,1660,1636,0.9855,40.35
kitti_mini,000008,pitch,3.0,deg,2,Car,vehicle,7.2,0-15m,303.7,3,0.34,520,517,0.9942,41.75
kitti_mini,000008,pitch,3.0,deg,3,Car,vehicle,14.5,0-15m,123.3,1,0.0,668,357,0.5344,38.93
kitti_mini,000008,pitch,3.0,deg,4,Car,vehicle,34.0,>30m,51.1,0,0.0,53,0,0.0,38.26
kitti_mini,000008,pitch,3.0,deg,5,Car,vehicle,21.7,15-30m,71.9,0,0.0,164,38,0.2317,38.65
kitti_mini,000008,roll,0.0,deg,0,Car,vehicle,4.6,0-15m,402.3,3,0.88,1424,1412,0.9916,0.0
kitti_mini,000008,roll,0.0,deg,1,Car,vehicle,7.9,0-15m,289.6,1,0.0,1940,1940,1.0,0.0
kitti_mini,000008,roll,0.0,deg,2,Car,vehicle,7.2,0-15m,303.7,3,0.34,878,871,0.992,0.0
kitti_mini,000008,roll,0.0,deg,3,Car,vehicle,14.5,0-15m,123.3,1,0.0,668,668,1.0,0.0
kitti_mini,000008,roll,0.0,deg,4,Car,vehicle,34.0,>30m,51.1,0,0.0,53,53,1.0,0.0
kitti_mini,000008,roll,0.0,deg,5,Car,vehicle,21.7,15-30m,71.9,0,0.0,164,164,1.0,0.0
kitti_mini,000008,roll,0.25,deg,0,Car,vehicle,4.6,0-15m,402.3,3,0.88,1446,1437,0.9938,1.94
kitti_mini,000008,roll,0.25,deg,1,Car,vehicle,7.9,0-15m,289.6,1,0.0,1940,1940,1.0,0.73
kitti_mini,000008,roll,0.25,deg,2,Car,vehicle,7.2,0-15m,303.7,3,0.34,867,856,0.9873,2.22
kitti_mini,000008,roll,0.25,deg,3,Car,vehicle,14.5,0-15m,123.3,1,0.0,668,668,1.0,0.3
kitti_mini,000008,roll,0.25,deg,4,Car,vehicle,34.0,>30m,51.1,0,0.0,53,53,1.0,0.67
kitti_mini,000008,roll,0.25,deg,5,Car,vehicle,21.7,15-30m,71.9,0,0.0,164,164,1.0,1.36
kitti_mini,000008,roll,0.5,deg,0,Car,vehicle,4.6,0-15m,402.3,3,0.88,1459,1452,0.9952,3.88
kitti_mini,000008,roll,0.5,deg,1,Car,vehicle,7.9,0-15m,289.6,1,0.0,1940,1940,1.0,1.46
kitti_mini,000008,roll,0.5,deg,2,Car,vehicle,7.2,0-15m,303.7,3,0.34,847,840,0.9917,4.43
kitti_mini,000008,roll,0.5,deg,3,Car,vehicle,14.5,0-15m,123.3,1,0.0,668,668,1.0,0.59
kitti_mini,000008,roll,0.5,deg,4,Car,vehicle,34.0,>30m,51.1,0,0.0,53,53,1.0,1.34
kitti_mini,000008,roll,0.5,deg,5,Car,vehicle,21.7,15-30m,71.9,0,0.0,164,164,1.0,2.72
kitti_mini,000008,roll,1.0,deg,0,Car,vehicle,4.6,0-15m,402.3,3,0.88,1495,1477,0.988,7.75
kitti_mini,000008,roll,1.0,deg,1,Car,vehicle,7.9,0-15m,289.6,1,0.0,1940,1930,0.9948,2.92
kitti_mini,000008,roll,1.0,deg,2,Car,vehicle,7.2,0-15m,303.7,3,0.34,817,808,0.989,8.83
kitti_mini,000008,roll,1.0,deg,3,Car,vehicle,14.5,0-15m,123.3,1,0.0,668,668,1.0,1.18
kitti_mini,000008,roll,1.0,deg,4,Car,vehicle,34.0,>30m,51.1,0,0.0,53,47,0.8868,2.68
kitti_mini,000008,roll,1.0,deg,5,Car,vehicle,21.7,15-30m,71.9,0,0.0,164,161,0.9817,5.44
kitti_mini,000008,roll,2.0,deg,0,Car,vehicle,4.6,0-15m,402.3,3,0.88,1582,1495,0.945,15.49
kitti_mini,000008,roll,2.0,deg,1,Car,vehicle,7.9,0-15m,289.6,1,0.0,1940,1910,0.9845,5.83
kitti_mini,000008,roll,2.0,deg,2,Car,vehicle,7.2,0-15m,303.7,3,0.34,741,732,0.9879,17.49
kitti_mini,000008,roll,2.0,deg,3,Car,vehicle,14.5,0-15m,123.3,1,0.0,668,668,1.0,2.37
kitti_mini,000008,roll,2.0,deg,4,Car,vehicle,34.0,>30m,51.1,0,0.0,53,39,0.7358,5.36
kitti_mini,000008,roll,2.0,deg,5,Car,vehicle,21.7,15-30m,71.9,0,0.0,164,146,0.8902,10.87
kitti_mini,000008,roll,3.0,deg,0,Car,vehicle,4.6,0-15m,402.3,3,0.88,1640,1442,0.8793,23.21
kitti_mini,000008,roll,3.0,deg,1,Car,vehicle,7.9,0-15m,289.6,1,0.0,1940,1894,0.9763,8.75
kitti_mini,000008,roll,3.0,deg,2,Car,vehicle,7.2,0-15m,303.7,3,0.34,663,652,0.9834,26.0
kitti_mini,000008,roll,3.0,deg,3,Car,vehicle,14.5,0-15m,123.3,1,0.0,668,668,1.0,3.55
kitti_mini,000008,roll,3.0,deg,4,Car,vehicle,34.0,>30m,51.1,0,0.0,53,34,0.6415,8.04
kitti_mini,000008,roll,3.0,deg,5,Car,vehicle,21.7,15-30m,71.9,0,0.0,164,122,0.7439,16.31
kitti_mini,000008,tx,0.0,m,0,Car,vehicle,4.6,0-15m,402.3,3,0.88,1424,1412,0.9916,0.0
kitti_mini,000008,tx,0.0,m,1,Car,vehicle,7.9,0-15m,289.6,1,0.0,1940,1940,1.0,0.0
kitti_mini,000008,tx,0.0,m,2,Car,vehicle,7.2,0-15m,303.7,3,0.34,878,871,0.992,0.0
kitti_mini,000008,tx,0.0,m,3,Car,vehicle,14.5,0-15m,123.3,1,0.0,668,668,1.0,0.0
kitti_mini,000008,tx,0.0,m,4,Car,vehicle,34.0,>30m,51.1,0,0.0,53,53,1.0,0.0
kitti_mini,000008,tx,0.0,m,5,Car,vehicle,21.7,15-30m,71.9,0,0.0,164,164,1.0,0.0
kitti_mini,000008,tx,0.02,m,0,Car,vehicle,4.6,0-15m,402.3,3,0.88,1450,1436,0.9903,2.49
kitti_mini,000008,tx,0.02,m,1,Car,vehicle,7.9,0-15m,289.6,1,0.0,1940,1940,1.0,0.47
kitti_mini,000008,tx,0.02,m,2,Car,vehicle,7.2,0-15m,303.7,3,0.34,886,881,0.9944,2.04
kitti_mini,000008,tx,0.02,m,3,Car,vehicle,14.5,0-15m,123.3,1,0.0,668,668,1.0,0.1
kitti_mini,000008,tx,0.02,m,4,Car,vehicle,34.0,>30m,51.1,0,0.0,53,53,1.0,0.1
kitti_mini,000008,tx,0.02,m,5,Car,vehicle,21.7,15-30m,71.9,0,0.0,164,164,1.0,0.33
kitti_mini,000008,tx,0.05,m,0,Car,vehicle,4.6,0-15m,402.3,3,0.88,1486,1477,0.9939,6.17
kitti_mini,000008,tx,0.05,m,1,Car,vehicle,7.9,0-15m,289.6,1,0.0,1940,1940,1.0,1.16
kitti_mini,000008,tx,0.05,m,2,Car,vehicle,7.2,0-15m,303.7,3,0.34,901,892,0.99,5.08
kitti_mini,000008,tx,0.05,m,3,Car,vehicle,14.5,0-15m,123.3,1,0.0,668,668,1.0,0.25
kitti_mini,000008,tx,0.05,m,4,Car,vehicle,34.0,>30m,51.1,0,0.0,53,53,1.0,0.24
kitti_mini,000008,tx,0.05,m,5,Car,vehicle,21.7,15-30m,71.9,0,0.0,164,164,1.0,0.83
kitti_mini,000008,tx,0.1,m,0,Car,vehicle,4.6,0-15m,402.3,3,0.88,1541,1529,0.9922,12.17
kitti_mini,000008,tx,0.1,m,1,Car,vehicle,7.9,0-15m,289.6,1,0.0,1940,1940,1.0,2.31
kitti_mini,000008,tx,0.1,m,2,Car,vehicle,7.2,0-15m,303.7,3,0.34,920,911,0.9902,10.06
kitti_mini,000008,tx,0.1,m,3,Car,vehicle,14.5,0-15m,123.3,1,0.0,668,668,1.0,0.5
kitti_mini,000008,tx,0.1,m,4,Car,vehicle,34.0,>30m,51.1,0,0.0,53,53,1.0,0.48
kitti_mini,000008,tx,0.1,m,5,Car,vehicle,21.7,15-30m,71.9,0,0.0,164,164,1.0,1.65
kitti_mini,000008,tx,0.2,m,0,Car,vehicle,4.6,0-15m,402.3,3,0.88,1696,1679,0.99,23.65
kitti_mini,000008,tx,0.2,m,1,Car,vehicle,7.9,0-15m,289.6,1,0.0,1940,1940,1.0,4.55
kitti_mini,000008,tx,0.2,m,2,Car,vehicle,7.2,0-15m,303.7,3,0.34,951,941,0.9895,19.73
kitti_mini,000008,tx,0.2,m,3,Car,vehicle,14.5,0-15m,123.3,1,0.0,668,668,1.0,1.0
kitti_mini,000008,tx,0.2,m,4,Car,vehicle,34.0,>30m,51.1,0,0.0,53,53,1.0,0.96
kitti_mini,000008,tx,0.2,m,5,Car,vehicle,21.7,15-30m,71.9,0,0.0,164,164,1.0,3.28
kitti_mini,000008,ty,0.0,m,0,Car,vehicle,4.6,0-15m,402.3,3,0.88,1424,1412,0.9916,0.0
kitti_mini,000008,ty,0.0,m,1,Car,vehicle,7.9,0-15m,289.6,1,0.0,1940,1940,1.0,0.0
kitti_mini,000008,ty,0.0,m,2,Car,vehicle,7.2,0-15m,303.7,3,0.34,878,871,0.992,0.0
kitti_mini,000008,ty,0.0,m,3,Car,vehicle,14.5,0-15m,123.3,1,0.0,668,668,1.0,0.0
kitti_mini,000008,ty,0.0,m,4,Car,vehicle,34.0,>30m,51.1,0,0.0,53,53,1.0,0.0
kitti_mini,000008,ty,0.0,m,5,Car,vehicle,21.7,15-30m,71.9,0,0.0,164,164,1.0,0.0
kitti_mini,000008,ty,0.02,m,0,Car,vehicle,4.6,0-15m,402.3,3,0.88,1412,1400,0.9915,4.05
kitti_mini,000008,ty,0.02,m,1,Car,vehicle,7.9,0-15m,289.6,1,0.0,1940,1940,1.0,2.07
kitti_mini,000008,ty,0.02,m,2,Car,vehicle,7.2,0-15m,303.7,3,0.34,882,877,0.9943,2.85
kitti_mini,000008,ty,0.02,m,3,Car,vehicle,14.5,0-15m,123.3,1,0.0,668,668,1.0,1.09
kitti_mini,000008,ty,0.02,m,4,Car,vehicle,34.0,>30m,51.1,0,0.0,53,53,1.0,0.45
kitti_mini,000008,ty,0.02,m,5,Car,vehicle,21.7,15-30m,71.9,0,0.0,164,164,1.0,0.76
kitti_mini,000008,ty,0.05,m,0,Car,vehicle,4.6,0-15m,402.3,3,0.88,1393,1381,0.9914,10.09
kitti_mini,000008,ty,0.05,m,1,Car,vehicle,7.9,0-15m,289.6,1,0.0,1940,1940,1.0,5.16
kitti_mini,000008,ty,0.05,m,2,Car,vehicle,7.2,0-15m,303.7,3,0.34,888,884,0.9955,7.14
kitti_mini,000008,ty,0.05,m,3,Car,vehicle,14.5,0-15m,123.3,1,0.0,668,668,1.0,2.72
kitti_mini,000008,ty,0.05,m,4,Car,vehicle,34.0,>30m,51.1,0,0.0,53,53,1.0,1.13
kitti_mini,000008,ty,0.05,m,5,Car,vehicle,21.7,15-30m,71.9,0,0.0,164,164,1.0,1.91
kitti_mini,000008,ty,0.1,m,0,Car,vehicle,4.6,0-15m,402.3,3,0.88,1352,1342,0.9926,20.02
kitti_mini,000008,ty,0.1,m,1,Car,vehicle,7.9,0-15m,289.6,1,0.0,1940,1940,1.0,10.33
kitti_mini,000008,ty,0.1,m,2,Car,vehicle,7.2,0-15m,303.7,3,0.34,893,889,0.9955,14.27
kitti_mini,000008,ty,0.1,m,3,Car,vehicle,14.5,0-15m,123.3,1,0.0,668,668,1.0,5.44
kitti_mini,000008,ty,0.1,m,4,Car,vehicle,34.0,>30m,51.1,0,0.0,53,53,1.0,2.26
kitti_mini,000008,ty,0.1,m,5,Car,vehicle,21.7,15-30m,71.9,0,0.0,164,164,1.0,3.81
kitti_mini,000008,ty,0.2,m,0,Car,vehicle,4.6,0-15m,402.3,3,0.88,1283,1274,0.993,39.52
kitti_mini,000008,ty,0.2,m,1,Car,vehicle,7.9,0-15m,289.6,1,0.0,1940,1939,0.9995,20.66
kitti_mini,000008,ty,0.2,m,2,Car,vehicle,7.2,0-15m,303.7,3,0.34,892,878,0.9843,28.54
kitti_mini,000008,ty,0.2,m,3,Car,vehicle,14.5,0-15m,123.3,1,0.0,668,663,0.9925,10.88
kitti_mini,000008,ty,0.2,m,4,Car,vehicle,34.0,>30m,51.1,0,0.0,53,51,0.9623,4.51
kitti_mini,000008,ty,0.2,m,5,Car,vehicle,21.7,15-30m,71.9,0,0.0,164,163,0.9939,7.63
kitti_mini,000008,tz,0.0,m,0,Car,vehicle,4.6,0-15m,402.3,3,0.88,1424,1412,0.9916,0.0
kitti_mini,000008,tz,0.0,m,1,Car,vehicle,7.9,0-15m,289.6,1,0.0,1940,1940,1.0,0.0
kitti_mini,000008,tz,0.0,m,2,Car,vehicle,7.2,0-15m,303.7,3,0.34,878,871,0.992,0.0
kitti_mini,000008,tz,0.0,m,3,Car,vehicle,14.5,0-15m,123.3,1,0.0,668,668,1.0,0.0
kitti_mini,000008,tz,0.0,m,4,Car,vehicle,34.0,>30m,51.1,0,0.0,53,53,1.0,0.0
kitti_mini,000008,tz,0.0,m,5,Car,vehicle,21.7,15-30m,71.9,0,0.0,164,164,1.0,0.0
kitti_mini,000008,tz,0.02,m,0,Car,vehicle,4.6,0-15m,402.3,3,0.88,1463,1458,0.9966,4.07
kitti_mini,000008,tz,0.02,m,1,Car,vehicle,7.9,0-15m,289.6,1,0.0,1940,1940,1.0,2.07
kitti_mini,000008,tz,0.02,m,2,Car,vehicle,7.2,0-15m,303.7,3,0.34,898,889,0.99,2.86
kitti_mini,000008,tz,0.02,m,3,Car,vehicle,14.5,0-15m,123.3,1,0.0,668,668,1.0,1.09
kitti_mini,000008,tz,0.02,m,4,Car,vehicle,34.0,>30m,51.1,0,0.0,53,53,1.0,0.45
kitti_mini,000008,tz,0.02,m,5,Car,vehicle,21.7,15-30m,71.9,0,0.0,164,164,1.0,0.76
kitti_mini,000008,tz,0.05,m,0,Car,vehicle,4.6,0-15m,402.3,3,0.88,1547,1534,0.9916,10.17
kitti_mini,000008,tz,0.05,m,1,Car,vehicle,7.9,0-15m,289.6,1,0.0,1940,1907,0.983,5.17
kitti_mini,000008,tz,0.05,m,2,Car,vehicle,7.2,0-15m,303.7,3,0.34,926,916,0.9892,7.15
kitti_mini,000008,tz,0.05,m,3,Car,vehicle,14.5,0-15m,123.3,1,0.0,668,668,1.0,2.72
kitti_mini,000008,tz,0.05,m,4,Car,vehicle,34.0,>30m,51.1,0,0.0,53,53,1.0,1.13
kitti_mini,000008,tz,0.05,m,5,Car,vehicle,21.7,15-30m,71.9,0,0.0,164,164,1.0,1.91
kitti_mini,000008,tz,0.1,m,0,Car,vehicle,4.6,0-15m,402.3,3,0.88,1650,1501,0.9097,20.33
kitti_mini,000008,tz,0.1,m,1,Car,vehicle,7.9,0-15m,289.6,1,0.0,1940,1853,0.9552,10.34
kitti_mini,000008,tz,0.1,m,2,Car,vehicle,7.2,0-15m,303.7,3,0.34,963,955,0.9917,14.3
kitti_mini,000008,tz,0.1,m,3,Car,vehicle,14.5,0-15m,123.3,1,0.0,668,649,0.9716,5.44
kitti_mini,000008,tz,0.1,m,4,Car,vehicle,34.0,>30m,51.1,0,0.0,53,52,0.9811,2.26
kitti_mini,000008,tz,0.1,m,5,Car,vehicle,21.7,15-30m,71.9,0,0.0,164,164,1.0,3.81
kitti_mini,000008,tz,0.2,m,0,Car,vehicle,4.6,0-15m,402.3,3,0.88,1839,1500,0.8157,40.65
kitti_mini,000008,tz,0.2,m,1,Car,vehicle,7.9,0-15m,289.6,1,0.0,1940,1803,0.9294,20.68
kitti_mini,000008,tz,0.2,m,2,Car,vehicle,7.2,0-15m,303.7,3,0.34,1006,949,0.9433,28.59
kitti_mini,000008,tz,0.2,m,3,Car,vehicle,14.5,0-15m,123.3,1,0.0,668,616,0.9222,10.88
kitti_mini,000008,tz,0.2,m,4,Car,vehicle,34.0,>30m,51.1,0,0.0,53,52,0.9811,4.51
kitti_mini,000008,tz,0.2,m,5,Car,vehicle,21.7,15-30m,71.9,0,0.0,164,155,0.9451,7.63
kitti_mini,000009,yaw,0.0,deg,0,Car,vehicle,23.9,15-30m,57.2,0,0.0,219,219,1.0,0.0
kitti_mini,000009,yaw,0.0,deg,1,Car,vehicle,66.4,>30m,24.5,2,0.0,4,4,1.0,0.0
kitti_mini,000009,yaw,0.0,deg,2,Car,vehicle,68.3,>30m,23.5,0,0.0,1,1,1.0,0.0
kitti_mini,000009,yaw,0.25,deg,0,Car,vehicle,23.9,15-30m,57.2,0,0.0,219,217,0.9909,3.19
kitti_mini,000009,yaw,0.25,deg,1,Car,vehicle,66.4,>30m,24.5,2,0.0,4,4,1.0,3.16
kitti_mini,000009,yaw,0.25,deg,2,Car,vehicle,68.3,>30m,23.5,0,0.0,1,1,1.0,3.17
kitti_mini,000009,yaw,0.5,deg,0,Car,vehicle,23.9,15-30m,57.2,0,0.0,219,203,0.9269,6.38
kitti_mini,000009,yaw,0.5,deg,1,Car,vehicle,66.4,>30m,24.5,2,0.0,4,3,0.75,6.32
kitti_mini,000009,yaw,0.5,deg,2,Car,vehicle,68.3,>30m,23.5,0,0.0,1,1,1.0,6.33
kitti_mini,000009,yaw,1.0,deg,0,Car,vehicle,23.9,15-30m,57.2,0,0.0,219,180,0.8219,12.76
kitti_mini,000009,yaw,1.0,deg,1,Car,vehicle,66.4,>30m,24.5,2,0.0,4,1,0.25,12.65
kitti_mini,000009,yaw,1.0,deg,2,Car,vehicle,68.3,>30m,23.5,0,0.0,1,0,0.0,12.67
kitti_mini,000009,yaw,2.0,deg,0,Car,vehicle,23.9,15-30m,57.2,0,0.0,219,120,0.5479,25.51
kitti_mini,000009,yaw,2.0,deg,1,Car,vehicle,66.4,>30m,24.5,2,0.0,4,0,0.0,25.31
kitti_mini,000009,yaw,2.0,deg,2,Car,vehicle,68.3,>30m,23.5,0,0.0,1,0,0.0,25.36
kitti_mini,000009,yaw,3.0,deg,0,Car,vehicle,23.9,15-30m,57.2,0,0.0,219,66,0.3014,38.27
kitti_mini,000009,yaw,3.0,deg,1,Car,vehicle,66.4,>30m,24.5,2,0.0,4,0,0.0,37.98
kitti_mini,000009,yaw,3.0,deg,2,Car,vehicle,68.3,>30m,23.5,0,0.0,1,0,0.0,38.08
kitti_mini,000009,pitch,0.0,deg,0,Car,vehicle,23.9,15-30m,57.2,0,0.0,219,219,1.0,0.0
kitti_mini,000009,pitch,0.0,deg,1,Car,vehicle,66.4,>30m,24.5,2,0.0,4,4,1.0,0.0
kitti_mini,000009,pitch,0.0,deg,2,Car,vehicle,68.3,>30m,23.5,0,0.0,1,1,1.0,0.0
kitti_mini,000009,pitch,0.25,deg,0,Car,vehicle,23.9,15-30m,57.2,0,0.0,219,219,1.0,3.2
kitti_mini,000009,pitch,0.25,deg,1,Car,vehicle,66.4,>30m,24.5,2,0.0,4,4,1.0,3.16
kitti_mini,000009,pitch,0.25,deg,2,Car,vehicle,68.3,>30m,23.5,0,0.0,1,1,1.0,3.16
kitti_mini,000009,pitch,0.5,deg,0,Car,vehicle,23.9,15-30m,57.2,0,0.0,219,194,0.8858,6.39
kitti_mini,000009,pitch,0.5,deg,1,Car,vehicle,66.4,>30m,24.5,2,0.0,4,1,0.25,6.33
kitti_mini,000009,pitch,0.5,deg,2,Car,vehicle,68.3,>30m,23.5,0,0.0,1,0,0.0,6.33
kitti_mini,000009,pitch,1.0,deg,0,Car,vehicle,23.9,15-30m,57.2,0,0.0,219,163,0.7443,12.79
kitti_mini,000009,pitch,1.0,deg,1,Car,vehicle,66.4,>30m,24.5,2,0.0,4,0,0.0,12.66
kitti_mini,000009,pitch,1.0,deg,2,Car,vehicle,68.3,>30m,23.5,0,0.0,1,0,0.0,12.66
kitti_mini,000009,pitch,2.0,deg,0,Car,vehicle,23.9,15-30m,57.2,0,0.0,219,91,0.4155,25.61
kitti_mini,000009,pitch,2.0,deg,1,Car,vehicle,66.4,>30m,24.5,2,0.0,4,0,0.0,25.33
kitti_mini,000009,pitch,2.0,deg,2,Car,vehicle,68.3,>30m,23.5,0,0.0,1,0,0.0,25.33
kitti_mini,000009,pitch,3.0,deg,0,Car,vehicle,23.9,15-30m,57.2,0,0.0,219,27,0.1233,38.47
kitti_mini,000009,pitch,3.0,deg,1,Car,vehicle,66.4,>30m,24.5,2,0.0,4,0,0.0,38.02
kitti_mini,000009,pitch,3.0,deg,2,Car,vehicle,68.3,>30m,23.5,0,0.0,1,0,0.0,38.02
kitti_mini,000009,roll,0.0,deg,0,Car,vehicle,23.9,15-30m,57.2,0,0.0,219,219,1.0,0.0
kitti_mini,000009,roll,0.0,deg,1,Car,vehicle,66.4,>30m,24.5,2,0.0,4,4,1.0,0.0
kitti_mini,000009,roll,0.0,deg,2,Car,vehicle,68.3,>30m,23.5,0,0.0,1,1,1.0,0.0
kitti_mini,000009,roll,0.25,deg,0,Car,vehicle,23.9,15-30m,57.2,0,0.0,219,219,1.0,0.17
kitti_mini,000009,roll,0.25,deg,1,Car,vehicle,66.4,>30m,24.5,2,0.0,4,4,1.0,0.04
kitti_mini,000009,roll,0.25,deg,2,Car,vehicle,68.3,>30m,23.5,0,0.0,1,1,1.0,0.11
kitti_mini,000009,roll,0.5,deg,0,Car,vehicle,23.9,15-30m,57.2,0,0.0,219,219,1.0,0.33
kitti_mini,000009,roll,0.5,deg,1,Car,vehicle,66.4,>30m,24.5,2,0.0,4,4,1.0,0.08
kitti_mini,000009,roll,0.5,deg,2,Car,vehicle,68.3,>30m,23.5,0,0.0,1,1,1.0,0.23
kitti_mini,000009,roll,1.0,deg,0,Car,vehicle,23.9,15-30m,57.2,0,0.0,219,219,1.0,0.66
kitti_mini,000009,roll,1.0,deg,1,Car,vehicle,66.4,>30m,24.5,2,0.0,4,4,1.0,0.15
kitti_mini,000009,roll,1.0,deg,2,Car,vehicle,68.3,>30m,23.5,0,0.0,1,1,1.0,0.45
kitti_mini,000009,roll,2.0,deg,0,Car,vehicle,23.9,15-30m,57.2,0,0.0,219,219,1.0,1.32
kitti_mini,000009,roll,2.0,deg,1,Car,vehicle,66.4,>30m,24.5,2,0.0,4,4,1.0,0.31
kitti_mini,000009,roll,2.0,deg,2,Car,vehicle,68.3,>30m,23.5,0,0.0,1,1,1.0,0.91
kitti_mini,000009,roll,3.0,deg,0,Car,vehicle,23.9,15-30m,57.2,0,0.0,219,219,1.0,1.98
kitti_mini,000009,roll,3.0,deg,1,Car,vehicle,66.4,>30m,24.5,2,0.0,4,4,1.0,0.46
kitti_mini,000009,roll,3.0,deg,2,Car,vehicle,68.3,>30m,23.5,0,0.0,1,1,1.0,1.36
kitti_mini,000009,tx,0.0,m,0,Car,vehicle,23.9,15-30m,57.2,0,0.0,219,219,1.0,0.0
kitti_mini,000009,tx,0.0,m,1,Car,vehicle,66.4,>30m,24.5,2,0.0,4,4,1.0,0.0
kitti_mini,000009,tx,0.0,m,2,Car,vehicle,68.3,>30m,23.5,0,0.0,1,1,1.0,0.0
kitti_mini,000009,tx,0.02,m,0,Car,vehicle,23.9,15-30m,57.2,0,0.0,219,219,1.0,0.03
kitti_mini,000009,tx,0.02,m,1,Car,vehicle,66.4,>30m,24.5,2,0.0,4,4,1.0,0.0
kitti_mini,000009,tx,0.02,m,2,Car,vehicle,68.3,>30m,23.5,0,0.0,1,1,1.0,0.01
kitti_mini,000009,tx,0.05,m,0,Car,vehicle,23.9,15-30m,57.2,0,0.0,219,219,1.0,0.08
kitti_mini,000009,tx,0.05,m,1,Car,vehicle,66.4,>30m,24.5,2,0.0,4,4,1.0,0.01
kitti_mini,000009,tx,0.05,m,2,Car,vehicle,68.3,>30m,23.5,0,0.0,1,1,1.0,0.02
kitti_mini,000009,tx,0.1,m,0,Car,vehicle,23.9,15-30m,57.2,0,0.0,219,219,1.0,0.16
kitti_mini,000009,tx,0.1,m,1,Car,vehicle,66.4,>30m,24.5,2,0.0,4,4,1.0,0.01
kitti_mini,000009,tx,0.1,m,2,Car,vehicle,68.3,>30m,23.5,0,0.0,1,1,1.0,0.04
kitti_mini,000009,tx,0.2,m,0,Car,vehicle,23.9,15-30m,57.2,0,0.0,219,219,1.0,0.32
kitti_mini,000009,tx,0.2,m,1,Car,vehicle,66.4,>30m,24.5,2,0.0,4,4,1.0,0.03
kitti_mini,000009,tx,0.2,m,2,Car,vehicle,68.3,>30m,23.5,0,0.0,1,1,1.0,0.07
kitti_mini,000009,ty,0.0,m,0,Car,vehicle,23.9,15-30m,57.2,0,0.0,219,219,1.0,0.0
kitti_mini,000009,ty,0.0,m,1,Car,vehicle,66.4,>30m,24.5,2,0.0,4,4,1.0,0.0
kitti_mini,000009,ty,0.0,m,2,Car,vehicle,68.3,>30m,23.5,0,0.0,1,1,1.0,0.0
kitti_mini,000009,ty,0.02,m,0,Car,vehicle,23.9,15-30m,57.2,0,0.0,219,219,1.0,0.63
kitti_mini,000009,ty,0.02,m,1,Car,vehicle,66.4,>30m,24.5,2,0.0,4,4,1.0,0.22
kitti_mini,000009,ty,0.02,m,2,Car,vehicle,68.3,>30m,23.5,0,0.0,1,1,1.0,0.22
kitti_mini,000009,ty,0.05,m,0,Car,vehicle,23.9,15-30m,57.2,0,0.0,219,219,1.0,1.58
kitti_mini,000009,ty,0.05,m,1,Car,vehicle,66.4,>30m,24.5,2,0.0,4,4,1.0,0.55
kitti_mini,000009,ty,0.05,m,2,Car,vehicle,68.3,>30m,23.5,0,0.0,1,1,1.0,0.54
kitti_mini,000009,ty,0.1,m,0,Car,vehicle,23.9,15-30m,57.2,0,0.0,219,217,0.9909,3.17
kitti_mini,000009,ty,0.1,m,1,Car,vehicle,66.4,>30m,24.5,2,0.0,4,4,1.0,1.11
kitti_mini,000009,ty,0.1,m,2,Car,vehicle,68.3,>30m,23.5,0,0.0,1,1,1.0,1.08
kitti_mini,000009,ty,0.2,m,0,Car,vehicle,23.9,15-30m,57.2,0,0.0,219,203,0.9269,6.34
kitti_mini,000009,ty,0.2,m,1,Car,vehicle,66.4,>30m,24.5,2,0.0,4,4,1.0,2.22
kitti_mini,000009,ty,0.2,m,2,Car,vehicle,68.3,>30m,23.5,0,0.0,1,1,1.0,2.15
kitti_mini,000009,tz,0.0,m,0,Car,vehicle,23.9,15-30m,57.2,0,0.0,219,219,1.0,0.0
kitti_mini,000009,tz,0.0,m,1,Car,vehicle,66.4,>30m,24.5,2,0.0,4,4,1.0,0.0
kitti_mini,000009,tz,0.0,m,2,Car,vehicle,68.3,>30m,23.5,0,0.0,1,1,1.0,0.0
kitti_mini,000009,tz,0.02,m,0,Car,vehicle,23.9,15-30m,57.2,0,0.0,219,219,1.0,0.63
kitti_mini,000009,tz,0.02,m,1,Car,vehicle,66.4,>30m,24.5,2,0.0,4,4,1.0,0.22
kitti_mini,000009,tz,0.02,m,2,Car,vehicle,68.3,>30m,23.5,0,0.0,1,1,1.0,0.22
kitti_mini,000009,tz,0.05,m,0,Car,vehicle,23.9,15-30m,57.2,0,0.0,219,219,1.0,1.59
kitti_mini,000009,tz,0.05,m,1,Car,vehicle,66.4,>30m,24.5,2,0.0,4,4,1.0,0.55
kitti_mini,000009,tz,0.05,m,2,Car,vehicle,68.3,>30m,23.5,0,0.0,1,1,1.0,0.54
kitti_mini,000009,tz,0.1,m,0,Car,vehicle,23.9,15-30m,57.2,0,0.0,219,219,1.0,3.17
kitti_mini,000009,tz,0.1,m,1,Car,vehicle,66.4,>30m,24.5,2,0.0,4,4,1.0,1.11
kitti_mini,000009,tz,0.1,m,2,Car,vehicle,68.3,>30m,23.5,0,0.0,1,1,1.0,1.08
kitti_mini,000009,tz,0.2,m,0,Car,vehicle,23.9,15-30m,57.2,0,0.0,219,202,0.9224,6.34
kitti_mini,000009,tz,0.2,m,1,Car,vehicle,66.4,>30m,24.5,2,0.0,4,4,1.0,2.22
kitti_mini,000009,tz,0.2,m,2,Car,vehicle,68.3,>30m,23.5,0,0.0,1,1,1.0,2.15
kitti_mini,000010,yaw,0.0,deg,0,Car,vehicle,6.8,0-15m,227.6,0,0.8,283,277,0.9788,0.0
kitti_mini,000010,yaw,0.0,deg,1,Car,vehicle,12.0,0-15m,195.1,0,0.0,1016,1016,1.0,0.0
kitti_mini,000010,yaw,0.0,deg,2,Pedestrian,pedestrian,24.9,15-30m,20.1,2,0.0,23,23,1.0,0.0
kitti_mini,000010,yaw,0.0,deg,3,Car,vehicle,17.5,15-30m,107.2,0,0.0,340,340,1.0,0.0
kitti_mini,000010,yaw,0.0,deg,4,Car,vehicle,23.1,15-30m,78.2,2,0.0,48,48,1.0,0.0
kitti_mini,000010,yaw,0.0,deg,5,Car,vehicle,23.6,15-30m,76.5,0,0.0,246,246,1.0,0.0
kitti_mini,000010,yaw,0.0,deg,6,Car,vehicle,29.1,15-30m,54.0,2,0.0,55,55,1.0,0.0
kitti_mini,000010,yaw,0.0,deg,7,Car,vehicle,29.6,15-30m,55.4,1,0.0,33,33,1.0,0.0
kitti_mini,000010,yaw,0.0,deg,8,Car,vehicle,43.1,>30m,43.5,1,0.0,20,20,1.0,0.0
kitti_mini,000010,yaw,0.25,deg,0,Car,vehicle,6.8,0-15m,227.6,0,0.8,292,289,0.9897,4.96
kitti_mini,000010,yaw,0.25,deg,1,Car,vehicle,12.0,0-15m,195.1,0,0.0,1016,1016,1.0,3.38
kitti_mini,000010,yaw,0.25,deg,2,Pedestrian,pedestrian,24.9,15-30m,20.1,2,0.0,23,23,1.0,3.59
kitti_mini,000010,yaw,0.25,deg,3,Car,vehicle,17.5,15-30m,107.2,0,0.0,340,340,1.0,3.63
kitti_mini,000010,yaw,0.25,deg,4,Car,vehicle,23.1,15-30m,78.2,2,0.0,48,48,1.0,3.46
kitti_mini,000010,yaw,0.25,deg,5,Car,vehicle,23.6,15-30m,76.5,0,0.0,246,246,1.0,3.19
kitti_mini,000010,yaw,0.25,deg,6,Car,vehicle,29.1,15-30m,54.0,2,0.0,55,55,1.0,3.18
kitti_mini,000010,yaw,0.25,deg,7,Car,vehicle,29.6,15-30m,55.4,1,0.0,33,32,0.9697,3.39
kitti_mini,000010,yaw,0.25,deg,8,Car,vehicle,43.1,>30m,43.5,1,0.0,20,20,1.0,3.2
kitti_mini,000010,yaw,0.5,deg,0,Car,vehicle,6.8,0-15m,227.6,0,0.8,304,299,0.9836,9.9
kitti_mini,000010,yaw,0.5,deg,1,Car,vehicle,12.0,0-15m,195.1,0,0.0,1016,1016,1.0,6.77
kitti_mini,000010,yaw,0.5,deg,2,Pedestrian,pedestrian,24.9,15-30m,20.1,2,0.0,23,19,0.8261,7.17
kitti_mini,000010,yaw,0.5,deg,3,Car,vehicle,17.5,15-30m,107.2,0,0.0,340,339,0.9971,7.24
kitti_mini,000010,yaw,0.5,deg,4,Car,vehicle,23.1,15-30m,78.2,2,0.0,48,47,0.9792,6.9
kitti_mini,000010,yaw,0.5,deg,5,Car,vehicle,23.6,15-30m,76.5,0,0.0,246,246,1.0,6.38
kitti_mini,000010,yaw,0.5,deg,6,Car,vehicle,29.1,15-30m,54.0,2,0.0,55,55,1.0,6.37
kitti_mini,000010,yaw,0.5,deg,7,Car,vehicle,29.6,15-30m,55.4,1,0.0,33,27,0.8182,6.78
kitti_mini,000010,yaw,0.5,deg,8,Car,vehicle,43.1,>30m,43.5,1,0.0,20,20,1.0,6.4
kitti_mini,000010,yaw,1.0,deg,0,Car,vehicle,6.8,0-15m,227.6,0,0.8,325,311,0.9569,19.67
kitti_mini,000010,yaw,1.0,deg,1,Car,vehicle,12.0,0-15m,195.1,0,0.0,1016,1016,1.0,13.57
kitti_mini,000010,yaw,1.0,deg,2,Pedestrian,pedestrian,24.9,15-30m,20.1,2,0.0,23,7,0.3043,14.29
kitti_mini,000010,yaw,1.0,deg,3,Car,vehicle,17.5,15-30m,107.2,0,0.0,340,326,0.9588,14.44
kitti_mini,000010,yaw,1.0,deg,4,Car,vehicle,23.1,15-30m,78.2,2,0.0,48,30,0.625,13.77
kitti_mini,000010,yaw,1.0,deg,5,Car,vehicle,23.6,15-30m,76.5,0,0.0,246,232,0.9431,12.77
kitti_mini,000010,yaw,1.0,deg,6,Car,vehicle,29.1,15-30m,54.0,2,0.0,55,53,0.9636,12.73
kitti_mini,000010,yaw,1.0,deg,7,Car,vehicle,29.6,15-30m,55.4,1,0.0,33,19,0.5758,13.53
kitti_mini,000010,yaw,1.0,deg,8,Car,vehicle,43.1,>30m,43.5,1,0.0,20,17,0.85,12.79
kitti_mini,000010,yaw,2.0,deg,0,Car,vehicle,6.8,0-15m,227.6,0,0.8,392,338,0.8622,38.85
kitti_mini,000010,yaw,2.0,deg,1,Car,vehicle,12.0,0-15m,195.1,0,0.0,1016,984,0.9685,27.25
kitti_mini,000010,yaw,2.0,deg,2,Pedestrian,pedestrian,24.9,15-30m,20.1,2,0.0,23,0,0.0,28.42
kitti_mini,000010,yaw,2.0,deg,3,Car,vehicle,17.5,15-30m,107.2,0,0.0,340,297,0.8735,28.71
kitti_mini,000010,yaw,2.0,deg,4,Car,vehicle,23.1,15-30m,78.2,2,0.0,48,12,0.25,27.42
kitti_mini,000010,yaw,2.0,deg,5,Car,vehicle,23.6,15-30m,76.5,0,0.0,246,187,0.7602,25.55
kitti_mini,000010,yaw,2.0,deg,6,Car,vehicle,29.1,15-30m,54.0,2,0.0,55,49,0.8909,25.45
kitti_mini,000010,yaw,2.0,deg,7,Car,vehicle,29.6,15-30m,55.4,1,0.0,33,4,0.1212,26.95
kitti_mini,000010,yaw,2.0,deg,8,Car,vehicle,43.1,>30m,43.5,1,0.0,20,5,0.25,25.55
kitti_mini,000010,yaw,3.0,deg,0,Car,vehicle,6.8,0-15m,227.6,0,0.8,480,395,0.8229,57.58
kitti_mini,000010,yaw,3.0,deg,1,Car,vehicle,12.0,0-15m,195.1,0,0.0,1016,923,0.9085,41.05
kitti_mini,000010,yaw,3.0,deg,2,Pedestrian,pedestrian,24.9,15-30m,20.1,2,0.0,23,0,0.0,42.38
kitti_mini,000010,yaw,3.0,deg,3,Car,vehicle,17.5,15-30m,107.2,0,0.0,340,237,0.6971,42.82
kitti_mini,000010,yaw,3.0,deg,4,Car,vehicle,23.1,15-30m,78.2,2,0.0,48,6,0.125,40.94
kitti_mini,000010,yaw,3.0,deg,5,Car,vehicle,23.6,15-30m,76.5,0,0.0,246,129,0.5244,38.35
kitti_mini,000010,yaw,3.0,deg,6,Car,vehicle,29.1,15-30m,54.0,2,0.0,55,33,0.6,38.17
kitti_mini,000010,yaw,3.0,deg,7,Car,vehicle,29.6,15-30m,55.4,1,0.0,33,0,0.0,40.26
kitti_mini,000010,yaw,3.0,deg,8,Car,vehicle,43.1,>30m,43.5,1,0.0,20,2,0.1,38.27
kitti_mini,000010,pitch,0.0,deg,0,Car,vehicle,6.8,0-15m,227.6,0,0.8,283,277,0.9788,0.0
kitti_mini,000010,pitch,0.0,deg,1,Car,vehicle,12.0,0-15m,195.1,0,0.0,1016,1016,1.0,0.0
kitti_mini,000010,pitch,0.0,deg,2,Pedestrian,pedestrian,24.9,15-30m,20.1,2,0.0,23,23,1.0,0.0
kitti_mini,000010,pitch,0.0,deg,3,Car,vehicle,17.5,15-30m,107.2,0,0.0,340,340,1.0,0.0
kitti_mini,000010,pitch,0.0,deg,4,Car,vehicle,23.1,15-30m,78.2,2,0.0,48,48,1.0,0.0
kitti_mini,000010,pitch,0.0,deg,5,Car,vehicle,23.6,15-30m,76.5,0,0.0,246,246,1.0,0.0
kitti_mini,000010,pitch,0.0,deg,6,Car,vehicle,29.1,15-30m,54.0,2,0.0,55,55,1.0,0.0
kitti_mini,000010,pitch,0.0,deg,7,Car,vehicle,29.6,15-30m,55.4,1,0.0,33,33,1.0,0.0
kitti_mini,000010,pitch,0.0,deg,8,Car,vehicle,43.1,>30m,43.5,1,0.0,20,20,1.0,0.0
kitti_mini,000010,pitch,0.25,deg,0,Car,vehicle,6.8,0-15m,227.6,0,0.8,269,264,0.9814,3.55
kitti_mini,000010,pitch,0.25,deg,1,Car,vehicle,12.0,0-15m,195.1,0,0.0,1016,1015,0.999,3.26
kitti_mini,000010,pitch,0.25,deg,2,Pedestrian,pedestrian,24.9,15-30m,20.1,2,0.0,23,23,1.0,3.19
kitti_mini,000010,pitch,0.25,deg,3,Car,vehicle,17.5,15-30m,107.2,0,0.0,340,340,1.0,3.22
kitti_mini,000010,pitch,0.25,deg,4,Car,vehicle,23.1,15-30m,78.2,2,0.0,48,48,1.0,3.2
kitti_mini,000010,pitch,0.25,deg,5,Car,vehicle,23.6,15-30m,76.5,0,0.0,246,236,0.9593,3.2
kitti_mini,000010,pitch,0.25,deg,6,Car,vehicle,29.1,15-30m,54.0,2,0.0,55,51,0.9273,3.18
kitti_mini,000010,pitch,0.25,deg,7,Car,vehicle,29.6,15-30m,55.4,1,0.0,33,28,0.8485,3.19
kitti_mini,000010,pitch,0.25,deg,8,Car,vehicle,43.1,>30m,43.5,1,0.0,20,15,0.75,3.17
kitti_mini,000010,pitch,0.5,deg,0,Car,vehicle,6.8,0-15m,227.6,0,0.8,256,251,0.9805,7.09
kitti_mini,000010,pitch,0.5,deg,1,Car,vehicle,12.0,0-15m,195.1,0,0.0,1016,1014,0.998,6.53
kitti_mini,000010,pitch,0.5,deg,2,Pedestrian,pedestrian,24.9,15-30m,20.1,2,0.0,23,23,1.0,6.37
kitti_mini,000010,pitch,0.5,deg,3,Car,vehicle,17.5,15-30m,107.2,0,0.0,340,329,0.9676,6.45
kitti_mini,000010,pitch,0.5,deg,4,Car,vehicle,23.1,15-30m,78.2,2,0.0,48,43,0.8958,6.4
kitti_mini,000010,pitch,0.5,deg,5,Car,vehicle,23.6,15-30m,76.5,0,0.0,246,209,0.8496,6.39
kitti_mini,000010,pitch,0.5,deg,6,Car,vehicle,29.1,15-30m,54.0,2,0.0,55,43,0.7818,6.37
kitti_mini,000010,pitch,0.5,deg,7,Car,vehicle,29.6,15-30m,55.4,1,0.0,33,21,0.6364,6.38
kitti_mini,000010,pitch,0.5,deg,8,Car,vehicle,43.1,>30m,43.5,1,0.0,20,12,0.6,6.35
kitti_mini,000010,pitch,1.0,deg,0,Car,vehicle,6.8,0-15m,227.6,0,0.8,235,235,1.0,14.17
kitti_mini,000010,pitch,1.0,deg,1,Car,vehicle,12.0,0-15m,195.1,0,0.0,1016,998,0.9823,13.07
kitti_mini,000010,pitch,1.0,deg,2,Pedestrian,pedestrian,24.9,15-30m,20.1,2,0.0,23,23,1.0,12.75
kitti_mini,000010,pitch,1.0,deg,3,Car,vehicle,17.5,15-30m,107.2,0,0.0,340,299,0.8794,12.9
kitti_mini,000010,pitch,1.0,deg,4,Car,vehicle,23.1,15-30m,78.2,2,0.0,48,37,0.7708,12.8
kitti_mini,000010,pitch,1.0,deg,5,Car,vehicle,23.6,15-30m,76.5,0,0.0,246,177,0.7195,12.79
kitti_mini,000010,pitch,1.0,deg,6,Car,vehicle,29.1,15-30m,54.0,2,0.0,55,34,0.6182,12.75
kitti_mini,000010,pitch,1.0,deg,7,Car,vehicle,29.6,15-30m,55.4,1,0.0,33,14,0.4242,12.76
kitti_mini,000010,pitch,1.0,deg,8,Car,vehicle,43.1,>30m,43.5,1,0.0,20,6,0.3,12.7
kitti_mini,000010,pitch,2.0,deg,0,Car,vehicle,6.8,0-15m,227.6,0,0.8,140,131,0.9357,28.11
kitti_mini,000010,pitch,2.0,deg,1,Car,vehicle,12.0,0-15m,195.1,0,0.0,1016,844,0.8307,26.2
kitti_mini,000010,pitch,2.0,deg,2,Pedestrian,pedestrian,24.9,15-30m,20.1,2,0.0,23,23,1.0,25.51
kitti_mini,000010,pitch,2.0,deg,3,Car,vehicle,17.5,15-30m,107.2,0,0.0,340,204,0.6,25.85
kitti_mini,000010,pitch,2.0,deg,4,Car,vehicle,23.1,15-30m,78.2,2,0.0,48,30,0.625,25.63
kitti_mini,000010,pitch,2.0,deg,5,Car,vehicle,23.6,15-30m,76.5,0,0.0,246,96,0.3902,25.62
kitti_mini,000010,pitch,2.0,deg,6,Car,vehicle,29.1,15-30m,54.0,2,0.0,55,15,0.2727,25.52
kitti_mini,000010,pitch,2.0,deg,7,Car,vehicle,29.6,15-30m,55.4,1,0.0,33,5,0.1515,25.55
kitti_mini,000010,pitch,2.0,deg,8,Car,vehicle,43.1,>30m,43.5,1,0.0,20,0,0.0,25.42
kitti_mini,000010,pitch,3.0,deg,0,Car,vehicle,6.8,0-15m,227.6,0,0.8,88,82,0.9318,41.95
kitti_mini,000010,pitch,3.0,deg,1,Car,vehicle,12.0,0-15m,195.1,0,0.0,1016,640,0.6299,39.39
kitti_mini,000010,pitch,3.0,deg,2,Pedestrian,pedestrian,24.9,15-30m,20.1,2,0.0,23,17,0.7391,38.29
kitti_mini,000010,pitch,3.0,deg,3,Car,vehicle,17.5,15-30m,107.2,0,0.0,340,140,0.4118,38.85
kitti_mini,000010,pitch,3.0,deg,4,Car,vehicle,23.1,15-30m,78.2,2,0.0,48,16,0.3333,38.5
kitti_mini,000010,pitch,3.0,deg,5,Car,vehicle,23.6,15-30m,76.5,0,0.0,246,27,0.1098,38.49
kitti_mini,000010,pitch,3.0,deg,6,Car,vehicle,29.1,15-30m,54.0,2,0.0,55,7,0.1273,38.32
kitti_mini,000010,pitch,3.0,deg,7,Car,vehicle,29.6,15-30m,55.4,1,0.0,33,5,0.1515,38.39
kitti_mini,000010,pitch,3.0,deg,8,Car,vehicle,43.1,>30m,43.5,1,0.0,20,0,0.0,38.17
kitti_mini,000010,roll,0.0,deg,0,Car,vehicle,6.8,0-15m,227.6,0,0.8,283,277,0.9788,0.0
kitti_mini,000010,roll,0.0,deg,1,Car,vehicle,12.0,0-15m,195.1,0,0.0,1016,1016,1.0,0.0
kitti_mini,000010,roll,0.0,deg,2,Pedestrian,pedestrian,24.9,15-30m,20.1,2,0.0,23,23,1.0,0.0
kitti_mini,000010,roll,0.0,deg,3,Car,vehicle,17.5,15-30m,107.2,0,0.0,340,340,1.0,0.0
kitti_mini,000010,roll,0.0,deg,4,Car,vehicle,23.1,15-30m,78.2,2,0.0,48,48,1.0,0.0
kitti_mini,000010,roll,0.0,deg,5,Car,vehicle,23.6,15-30m,76.5,0,0.0,246,246,1.0,0.0
kitti_mini,000010,roll,0.0,deg,6,Car,vehicle,29.1,15-30m,54.0,2,0.0,55,55,1.0,0.0
kitti_mini,000010,roll,0.0,deg,7,Car,vehicle,29.6,15-30m,55.4,1,0.0,33,33,1.0,0.0
kitti_mini,000010,roll,0.0,deg,8,Car,vehicle,43.1,>30m,43.5,1,0.0,20,20,1.0,0.0
kitti_mini,000010,roll,0.25,deg,0,Car,vehicle,6.8,0-15m,227.6,0,0.8,274,270,0.9854,2.34
kitti_mini,000010,roll,0.25,deg,1,Car,vehicle,12.0,0-15m,195.1,0,0.0,1016,1016,1.0,0.73
kitti_mini,000010,roll,0.25,deg,2,Pedestrian,pedestrian,24.9,15-30m,20.1,2,0.0,23,23,1.0,1.13
kitti_mini,000010,roll,0.25,deg,3,Car,vehicle,17.5,15-30m,107.2,0,0.0,340,340,1.0,1.17
kitti_mini,000010,roll,0.25,deg,4,Car,vehicle,23.1,15-30m,78.2,2,0.0,48,48,1.0,0.93
kitti_mini,000010,roll,0.25,deg,5,Car,vehicle,23.6,15-30m,76.5,0,0.0,246,246,1.0,0.17
kitti_mini,000010,roll,0.25,deg,6,Car,vehicle,29.1,15-30m,54.0,2,0.0,55,54,0.9818,0.16
kitti_mini,000010,roll,0.25,deg,7,Car,vehicle,29.6,15-30m,55.4,1,0.0,33,33,1.0,0.83
kitti_mini,000010,roll,0.25,deg,8,Car,vehicle,43.1,>30m,43.5,1,0.0,20,20,1.0,0.33
kitti_mini,000010,roll,0.5,deg,0,Car,vehicle,6.8,0-15m,227.6,0,0.8,268,265,0.9888,4.67
kitti_mini,000010,roll,0.5,deg,1,Car,vehicle,12.0,0-15m,195.1,0,0.0,1016,1016,1.0,1.47
kitti_mini,000010,roll,0.5,deg,2,Pedestrian,pedestrian,24.9,15-30m,20.1,2,0.0,23,23,1.0,2.27
kitti_mini,000010,roll,0.5,deg,3,Car,vehicle,17.5,15-30m,107.2,0,0.0,340,340,1.0,2.33
kitti_mini,000010,roll,0.5,deg,4,Car,vehicle,23.1,15-30m,78.2,2,0.0,48,48,1.0,1.85
kitti_mini,000010,roll,0.5,deg,5,Car,vehicle,23.6,15-30m,76.5,0,0.0,246,246,1.0,0.33
kitti_mini,000010,roll,0.5,deg,6,Car,vehicle,29.1,15-30m,54.0,2,0.0,55,51,0.9273,0.32
kitti_mini,000010,roll,0.5,deg,7,Car,vehicle,29.6,15-30m,55.4,1,0.0,33,33,1.0,1.67
kitti_mini,000010,roll,0.5,deg,8,Car,vehicle,43.1,>30m,43.5,1,0.0,20,20,1.0,0.67
kitti_mini,000010,roll,1.0,deg,0,Car,vehicle,6.8,0-15m,227.6,0,0.8,251,244,0.9721,9.26
kitti_mini,000010,roll,1.0,deg,1,Car,vehicle,12.0,0-15m,195.1,0,0.0,1016,1016,1.0,2.93
kitti_mini,000010,roll,1.0,deg,2,Pedestrian,pedestrian,24.9,15-30m,20.1,2,0.0,23,23,1.0,4.53
kitti_mini,000010,roll,1.0,deg,3,Car,vehicle,17.5,15-30m,107.2,0,0.0,340,333,0.9794,4.67
kitti_mini,000010,roll,1.0,deg,4,Car,vehicle,23.1,15-30m,78.2,2,0.0,48,48,1.0,3.71
kitti_mini,000010,roll,1.0,deg,5,Car,vehicle,23.6,15-30m,76.5,0,0.0,246,246,1.0,0.67
kitti_mini,000010,roll,1.0,deg,6,Car,vehicle,29.1,15-30m,54.0,2,0.0,55,51,0.9273,0.63
kitti_mini,000010,roll,1.0,deg,7,Car,vehicle,29.6,15-30m,55.4,1,0.0,33,28,0.8485,3.34
kitti_mini,000010,roll,1.0,deg,8,Car,vehicle,43.1,>30m,43.5,1,0.0,20,15,0.75,1.33
kitti_mini,000010,roll,2.0,deg,0,Car,vehicle,6.8,0-15m,227.6,0,0.8,229,219,0.9563,18.27
kitti_mini,000010,roll,2.0,deg,1,Car,vehicle,12.0,0-15m,195.1,0,0.0,1016,1005,0.9892,5.86
kitti_mini,000010,roll,2.0,deg,2,Pedestrian,pedestrian,24.9,15-30m,20.1,2,0.0,23,23,1.0,9.06
kitti_mini,000010,roll,2.0,deg,3,Car,vehicle,17.5,15-30m,107.2,0,0.0,340,318,0.9353,9.34
kitti_mini,000010,roll,2.0,deg,4,Car,vehicle,23.1,15-30m,78.2,2,0.0,48,43,0.8958,7.41
kitti_mini,000010,roll,2.0,deg,5,Car,vehicle,23.6,15-30m,76.5,0,0.0,246,246,1.0,1.34
kitti_mini,000010,roll,2.0,deg,6,Car,vehicle,29.1,15-30m,54.0,2,0.0,55,51,0.9273,1.27
kitti_mini,000010,roll,2.0,deg,7,Car,vehicle,29.6,15-30m,55.4,1,0.0,33,20,0.6061,6.68
kitti_mini,000010,roll,2.0,deg,8,Car,vehicle,43.1,>30m,43.5,1,0.0,20,15,0.75,2.66
kitti_mini,000010,roll,3.0,deg,0,Car,vehicle,6.8,0-15m,227.6,0,0.8,167,162,0.9701,26.78
kitti_mini,000010,roll,3.0,deg,1,Car,vehicle,12.0,0-15m,195.1,0,0.0,1016,1004,0.9882,8.79
kitti_mini,000010,roll,3.0,deg,2,Pedestrian,pedestrian,24.9,15-30m,20.1,2,0.0,23,23,1.0,13.59
kitti_mini,000010,roll,3.0,deg,3,Car,vehicle,17.5,15-30m,107.2,0,0.0,340,299,0.8794,14.0
kitti_mini,000010,roll,3.0,deg,4,Car,vehicle,23.1,15-30m,78.2,2,0.0,48,37,0.7708,11.12
kitti_mini,000010,roll,3.0,deg,5,Car,vehicle,23.6,15-30m,76.5,0,0.0,246,246,1.0,2.0
kitti_mini,000010,roll,3.0,deg,6,Car,vehicle,29.1,15-30m,54.0,2,0.0,55,51,0.9273,1.9
kitti_mini,000010,roll,3.0,deg,7,Car,vehicle,29.6,15-30m,55.4,1,0.0,33,19,0.5758,10.01
kitti_mini,000010,roll,3.0,deg,8,Car,vehicle,43.1,>30m,43.5,1,0.0,20,15,0.75,3.99
kitti_mini,000010,tx,0.0,m,0,Car,vehicle,6.8,0-15m,227.6,0,0.8,283,277,0.9788,0.0
kitti_mini,000010,tx,0.0,m,1,Car,vehicle,12.0,0-15m,195.1,0,0.0,1016,1016,1.0,0.0
kitti_mini,000010,tx,0.0,m,2,Pedestrian,pedestrian,24.9,15-30m,20.1,2,0.0,23,23,1.0,0.0
kitti_mini,000010,tx,0.0,m,3,Car,vehicle,17.5,15-30m,107.2,0,0.0,340,340,1.0,0.0
kitti_mini,000010,tx,0.0,m,4,Car,vehicle,23.1,15-30m,78.2,2,0.0,48,48,1.0,0.0
kitti_mini,000010,tx,0.0,m,5,Car,vehicle,23.6,15-30m,76.5,0,0.0,246,246,1.0,0.0
kitti_mini,000010,tx,0.0,m,6,Car,vehicle,29.1,15-30m,54.0,2,0.0,55,55,1.0,0.0
kitti_mini,000010,tx,0.0,m,7,Car,vehicle,29.6,15-30m,55.4,1,0.0,33,33,1.0,0.0
kitti_mini,000010,tx,0.0,m,8,Car,vehicle,43.1,>30m,43.5,1,0.0,20,20,1.0,0.0
kitti_mini,000010,tx,0.02,m,0,Car,vehicle,6.8,0-15m,227.6,0,0.8,288,285,0.9896,2.15
kitti_mini,000010,tx,0.02,m,1,Car,vehicle,12.0,0-15m,195.1,0,0.0,1016,1016,1.0,0.31
kitti_mini,000010,tx,0.02,m,2,Pedestrian,pedestrian,24.9,15-30m,20.1,2,0.0,23,23,1.0,0.22
kitti_mini,000010,tx,0.02,m,3,Car,vehicle,17.5,15-30m,107.2,0,0.0,340,340,1.0,0.35
kitti_mini,000010,tx,0.02,m,4,Car,vehicle,23.1,15-30m,78.2,2,0.0,48,48,1.0,0.2
kitti_mini,000010,tx,0.02,m,5,Car,vehicle,23.6,15-30m,76.5,0,0.0,246,246,1.0,0.03
kitti_mini,000010,tx,0.02,m,6,Car,vehicle,29.1,15-30m,54.0,2,0.0,55,55,1.0,0.03
kitti_mini,000010,tx,0.02,m,7,Car,vehicle,29.6,15-30m,55.4,1,0.0,33,33,1.0,0.14
kitti_mini,000010,tx,0.02,m,8,Car,vehicle,43.1,>30m,43.5,1,0.0,20,20,1.0,0.04
kitti_mini,000010,tx,0.05,m,0,Car,vehicle,6.8,0-15m,227.6,0,0.8,298,295,0.9899,5.34
kitti_mini,000010,tx,0.05,m,1,Car,vehicle,12.0,0-15m,195.1,0,0.0,1016,1016,1.0,0.76
kitti_mini,000010,tx,0.05,m,2,Pedestrian,pedestrian,24.9,15-30m,20.1,2,0.0,23,23,1.0,0.56
kitti_mini,000010,tx,0.05,m,3,Car,vehicle,17.5,15-30m,107.2,0,0.0,340,340,1.0,0.88
kitti_mini,000010,tx,0.05,m,4,Car,vehicle,23.1,15-30m,78.2,2,0.0,48,48,1.0,0.51
kitti_mini,000010,tx,0.05,m,5,Car,vehicle,23.6,15-30m,76.5,0,0.0,246,246,1.0,0.08
kitti_mini,000010,tx,0.05,m,6,Car,vehicle,29.1,15-30m,54.0,2,0.0,55,55,1.0,0.06
kitti_mini,000010,tx,0.05,m,7,Car,vehicle,29.6,15-30m,55.4,1,0.0,33,33,1.0,0.35
kitti_mini,000010,tx,0.05,m,8,Car,vehicle,43.1,>30m,43.5,1,0.0,20,20,1.0,0.09
kitti_mini,000010,tx,0.1,m,0,Car,vehicle,6.8,0-15m,227.6,0,0.8,312,312,1.0,10.57
kitti_mini,000010,tx,0.1,m,1,Car,vehicle,12.0,0-15m,195.1,0,0.0,1016,1016,1.0,1.52
kitti_mini,000010,tx,0.1,m,2,Pedestrian,pedestrian,24.9,15-30m,20.1,2,0.0,23,23,1.0,1.12
kitti_mini,000010,tx,0.1,m,3,Car,vehicle,17.5,15-30m,107.2,0,0.0,340,340,1.0,1.75
kitti_mini,000010,tx,0.1,m,4,Car,vehicle,23.1,15-30m,78.2,2,0.0,48,48,1.0,1.01
kitti_mini,000010,tx,0.1,m,5,Car,vehicle,23.6,15-30m,76.5,0,0.0,246,246,1.0,0.16
kitti_mini,000010,tx,0.1,m,6,Car,vehicle,29.1,15-30m,54.0,2,0.0,55,55,1.0,0.13
kitti_mini,000010,tx,0.1,m,7,Car,vehicle,29.6,15-30m,55.4,1,0.0,33,33,1.0,0.69
kitti_mini,000010,tx,0.1,m,8,Car,vehicle,43.1,>30m,43.5,1,0.0,20,20,1.0,0.18
kitti_mini,000010,tx,0.2,m,0,Car,vehicle,6.8,0-15m,227.6,0,0.8,351,346,0.9858,20.73
kitti_mini,000010,tx,0.2,m,1,Car,vehicle,12.0,0-15m,195.1,0,0.0,1016,1016,1.0,3.0
kitti_mini,000010,tx,0.2,m,2,Pedestrian,pedestrian,24.9,15-30m,20.1,2,0.0,23,23,1.0,2.23
kitti_mini,000010,tx,0.2,m,3,Car,vehicle,17.5,15-30m,107.2,0,0.0,340,340,1.0,3.49
kitti_mini,000010,tx,0.2,m,4,Car,vehicle,23.1,15-30m,78.2,2,0.0,48,48,1.0,2.02
kitti_mini,000010,tx,0.2,m,5,Car,vehicle,23.6,15-30m,76.5,0,0.0,246,246,1.0,0.32
kitti_mini,000010,tx,0.2,m,6,Car,vehicle,29.1,15-30m,54.0,2,0.0,55,55,1.0,0.25
kitti_mini,000010,tx,0.2,m,7,Car,vehicle,29.6,15-30m,55.4,1,0.0,33,33,1.0,1.38
kitti_mini,000010,tx,0.2,m,8,Car,vehicle,43.1,>30m,43.5,1,0.0,20,20,1.0,0.36
kitti_mini,000010,ty,0.0,m,0,Car,vehicle,6.8,0-15m,227.6,0,0.8,283,277,0.9788,0.0
kitti_mini,000010,ty,0.0,m,1,Car,vehicle,12.0,0-15m,195.1,0,0.0,1016,1016,1.0,0.0
kitti_mini,000010,ty,0.0,m,2,Pedestrian,pedestrian,24.9,15-30m,20.1,2,0.0,23,23,1.0,0.0
kitti_mini,000010,ty,0.0,m,3,Car,vehicle,17.5,15-30m,107.2,0,0.0,340,340,1.0,0.0
kitti_mini,000010,ty,0.0,m,4,Car,vehicle,23.1,15-30m,78.2,2,0.0,48,48,1.0,0.0
kitti_mini,000010,ty,0.0,m,5,Car,vehicle,23.6,15-30m,76.5,0,0.0,246,246,1.0,0.0
kitti_mini,000010,ty,0.0,m,6,Car,vehicle,29.1,15-30m,54.0,2,0.0,55,55,1.0,0.0
kitti_mini,000010,ty,0.0,m,7,Car,vehicle,29.6,15-30m,55.4,1,0.0,33,33,1.0,0.0
kitti_mini,000010,ty,0.0,m,8,Car,vehicle,43.1,>30m,43.5,1,0.0,20,20,1.0,0.0
kitti_mini,000010,ty,0.02,m,0,Car,vehicle,6.8,0-15m,227.6,0,0.8,287,282,0.9826,2.8
kitti_mini,000010,ty,0.02,m,1,Car,vehicle,12.0,0-15m,195.1,0,0.0,1016,1016,1.0,1.34
kitti_mini,000010,ty,0.02,m,2,Pedestrian,pedestrian,24.9,15-30m,20.1,2,0.0,23,23,1.0,0.62
kitti_mini,000010,ty,0.02,m,3,Car,vehicle,17.5,15-30m,107.2,0,0.0,340,340,1.0,0.94
kitti_mini,000010,ty,0.02,m,4,Car,vehicle,23.1,15-30m,78.2,2,0.0,48,48,1.0,0.69
kitti_mini,000010,ty,0.02,m,5,Car,vehicle,23.6,15-30m,76.5,0,0.0,246,246,1.0,0.64
kitti_mini,000010,ty,0.02,m,6,Car,vehicle,29.1,15-30m,54.0,2,0.0,55,55,1.0,0.5
kitti_mini,000010,ty,0.02,m,7,Car,vehicle,29.6,15-30m,55.4,1,0.0,33,33,1.0,0.52
kitti_mini,000010,ty,0.02,m,8,Car,vehicle,43.1,>30m,43.5,1,0.0,20,20,1.0,0.34
kitti_mini,000010,ty,0.05,m,0,Car,vehicle,6.8,0-15m,227.6,0,0.8,295,290,0.9831,7.01
kitti_mini,000010,ty,0.05,m,1,Car,vehicle,12.0,0-15m,195.1,0,0.0,1016,1016,1.0,3.34
kitti_mini,000010,ty,0.05,m,2,Pedestrian,pedestrian,24.9,15-30m,20.1,2,0.0,23,23,1.0,1.55
kitti_mini,000010,ty,0.05,m,3,Car,vehicle,17.5,15-30m,107.2,0,0.0,340,340,1.0,2.36
kitti_mini,000010,ty,0.05,m,4,Car,vehicle,23.1,15-30m,78.2,2,0.0,48,48,1.0,1.71
kitti_mini,000010,ty,0.05,m,5,Car,vehicle,23.6,15-30m,76.5,0,0.0,246,246,1.0,1.59
kitti_mini,000010,ty,0.05,m,6,Car,vehicle,29.1,15-30m,54.0,2,0.0,55,55,1.0,1.26
kitti_mini,000010,ty,0.05,m,7,Car,vehicle,29.6,15-30m,55.4,1,0.0,33,33,1.0,1.3
kitti_mini,000010,ty,0.05,m,8,Car,vehicle,43.1,>30m,43.5,1,0.0,20,20,1.0,0.86
kitti_mini,000010,ty,0.1,m,0,Car,vehicle,6.8,0-15m,227.6,0,0.8,308,303,0.9838,14.01
kitti_mini,000010,ty,0.1,m,1,Car,vehicle,12.0,0-15m,195.1,0,0.0,1016,1016,1.0,6.68
kitti_mini,000010,ty,0.1,m,2,Pedestrian,pedestrian,24.9,15-30m,20.1,2,0.0,23,23,1.0,3.1
kitti_mini,000010,ty,0.1,m,3,Car,vehicle,17.5,15-30m,107.2,0,0.0,340,340,1.0,4.72
kitti_mini,000010,ty,0.1,m,4,Car,vehicle,23.1,15-30m,78.2,2,0.0,48,48,1.0,3.43
kitti_mini,000010,ty,0.1,m,5,Car,vehicle,23.6,15-30m,76.5,0,0.0,246,246,1.0,3.18
kitti_mini,000010,ty,0.1,m,6,Car,vehicle,29.1,15-30m,54.0,2,0.0,55,55,1.0,2.52
kitti_mini,000010,ty,0.1,m,7,Car,vehicle,29.6,15-30m,55.4,1,0.0,33,33,1.0,2.6
kitti_mini,000010,ty,0.1,m,8,Car,vehicle,43.1,>30m,43.5,1,0.0,20,20,1.0,1.72
kitti_mini,000010,ty,0.2,m,0,Car,vehicle,6.8,0-15m,227.6,0,0.8,340,317,0.9324,27.99
kitti_mini,000010,ty,0.2,m,1,Car,vehicle,12.0,0-15m,195.1,0,0.0,1016,1016,1.0,13.36
kitti_mini,000010,ty,0.2,m,2,Pedestrian,pedestrian,24.9,15-30m,20.1,2,0.0,23,21,0.913,6.21
kitti_mini,000010,ty,0.2,m,3,Car,vehicle,17.5,15-30m,107.2,0,0.0,340,337,0.9912,9.44
kitti_mini,000010,ty,0.2,m,4,Car,vehicle,23.1,15-30m,78.2,2,0.0,48,47,0.9792,6.86
kitti_mini,000010,ty,0.2,m,5,Car,vehicle,23.6,15-30m,76.5,0,0.0,246,246,1.0,6.37
kitti_mini,000010,ty,0.2,m,6,Car,vehicle,29.1,15-30m,54.0,2,0.0,55,55,1.0,5.03
kitti_mini,000010,ty,0.2,m,7,Car,vehicle,29.6,15-30m,55.4,1,0.0,33,30,0.9091,5.2
kitti_mini,000010,ty,0.2,m,8,Car,vehicle,43.1,>30m,43.5,1,0.0,20,20,1.0,3.44
kitti_mini,000010,tz,0.0,m,0,Car,vehicle,6.8,0-15m,227.6,0,0.8,283,277,0.9788,0.0
kitti_mini,000010,tz,0.0,m,1,Car,vehicle,12.0,0-15m,195.1,0,0.0,1016,1016,1.0,0.0
kitti_mini,000010,tz,0.0,m,2,Pedestrian,pedestrian,24.9,15-30m,20.1,2,0.0,23,23,1.0,0.0
kitti_mini,000010,tz,0.0,m,3,Car,vehicle,17.5,15-30m,107.2,0,0.0,340,340,1.0,0.0
kitti_mini,000010,tz,0.0,m,4,Car,vehicle,23.1,15-30m,78.2,2,0.0,48,48,1.0,0.0
kitti_mini,000010,tz,0.0,m,5,Car,vehicle,23.6,15-30m,76.5,0,0.0,246,246,1.0,0.0
kitti_mini,000010,tz,0.0,m,6,Car,vehicle,29.1,15-30m,54.0,2,0.0,55,55,1.0,0.0
kitti_mini,000010,tz,0.0,m,7,Car,vehicle,29.6,15-30m,55.4,1,0.0,33,33,1.0,0.0
kitti_mini,000010,tz,0.0,m,8,Car,vehicle,43.1,>30m,43.5,1,0.0,20,20,1.0,0.0
kitti_mini,000010,tz,0.02,m,0,Car,vehicle,6.8,0-15m,227.6,0,0.8,286,284,0.993,2.81
kitti_mini,000010,tz,0.02,m,1,Car,vehicle,12.0,0-15m,195.1,0,0.0,1016,1016,1.0,1.34
kitti_mini,000010,tz,0.02,m,2,Pedestrian,pedestrian,24.9,15-30m,20.1,2,0.0,23,23,1.0,0.62
kitti_mini,000010,tz,0.02,m,3,Car,vehicle,17.5,15-30m,107.2,0,0.0,340,340,1.0,0.94
kitti_mini,000010,tz,0.02,m,4,Car,vehicle,23.1,15-30m,78.2,2,0.0,48,48,1.0,0.69
kitti_mini,000010,tz,0.02,m,5,Car,vehicle,23.6,15-30m,76.5,0,0.0,246,246,1.0,0.64
kitti_mini,000010,tz,0.02,m,6,Car,vehicle,29.1,15-30m,54.0,2,0.0,55,51,0.9273,0.5
kitti_mini,000010,tz,0.02,m,7,Car,vehicle,29.6,15-30m,55.4,1,0.0,33,33,1.0,0.52
kitti_mini,000010,tz,0.02,m,8,Car,vehicle,43.1,>30m,43.5,1,0.0,20,20,1.0,0.34
kitti_mini,000010,tz,0.05,m,0,Car,vehicle,6.8,0-15m,227.6,0,0.8,293,287,0.9795,7.03
kitti_mini,000010,tz,0.05,m,1,Car,vehicle,12.0,0-15m,195.1,0,0.0,1016,1016,1.0,3.34
kitti_mini,000010,tz,0.05,m,2,Pedestrian,pedestrian,24.9,15-30m,20.1,2,0.0,23,23,1.0,1.55
kitti_mini,000010,tz,0.05,m,3,Car,vehicle,17.5,15-30m,107.2,0,0.0,340,340,1.0,2.36
kitti_mini,000010,tz,0.05,m,4,Car,vehicle,23.1,15-30m,78.2,2,0.0,48,48,1.0,1.71
kitti_mini,000010,tz,0.05,m,5,Car,vehicle,23.6,15-30m,76.5,0,0.0,246,246,1.0,1.59
kitti_mini,000010,tz,0.05,m,6,Car,vehicle,29.1,15-30m,54.0,2,0.0,55,48,0.8727,1.26
kitti_mini,000010,tz,0.05,m,7,Car,vehicle,29.6,15-30m,55.4,1,0.0,33,33,1.0,1.3
kitti_mini,000010,tz,0.05,m,8,Car,vehicle,43.1,>30m,43.5,1,0.0,20,20,1.0,0.86
kitti_mini,000010,tz,0.1,m,0,Car,vehicle,6.8,0-15m,227.6,0,0.8,309,302,0.9773,14.05
kitti_mini,000010,tz,0.1,m,1,Car,vehicle,12.0,0-15m,195.1,0,0.0,1016,1004,0.9882,6.69
kitti_mini,000010,tz,0.1,m,2,Pedestrian,pedestrian,24.9,15-30m,20.1,2,0.0,23,23,1.0,3.1
kitti_mini,000010,tz,0.1,m,3,Car,vehicle,17.5,15-30m,107.2,0,0.0,340,340,1.0,4.72
kitti_mini,000010,tz,0.1,m,4,Car,vehicle,23.1,15-30m,78.2,2,0.0,48,48,1.0,3.43
kitti_mini,000010,tz,0.1,m,5,Car,vehicle,23.6,15-30m,76.5,0,0.0,246,246,1.0,3.19
kitti_mini,000010,tz,0.1,m,6,Car,vehicle,29.1,15-30m,54.0,2,0.0,55,48,0.8727,2.52
kitti_mini,000010,tz,0.1,m,7,Car,vehicle,29.6,15-30m,55.4,1,0.0,33,33,1.0,2.6
kitti_mini,000010,tz,0.1,m,8,Car,vehicle,43.1,>30m,43.5,1,0.0,20,20,1.0,1.72
kitti_mini,000010,tz,0.2,m,0,Car,vehicle,6.8,0-15m,227.6,0,0.8,343,339,0.9883,28.1
kitti_mini,000010,tz,0.2,m,1,Car,vehicle,12.0,0-15m,195.1,0,0.0,1016,966,0.9508,13.37
kitti_mini,000010,tz,0.2,m,2,Pedestrian,pedestrian,24.9,15-30m,20.1,2,0.0,23,23,1.0,6.2
kitti_mini,000010,tz,0.2,m,3,Car,vehicle,17.5,15-30m,107.2,0,0.0,340,332,0.9765,9.44
kitti_mini,000010,tz,0.2,m,4,Car,vehicle,23.1,15-30m,78.2,2,0.0,48,36,0.75,6.86
kitti_mini,000010,tz,0.2,m,5,Car,vehicle,23.6,15-30m,76.5,0,0.0,246,227,0.9228,6.37
kitti_mini,000010,tz,0.2,m,6,Car,vehicle,29.1,15-30m,54.0,2,0.0,55,46,0.8364,5.03
kitti_mini,000010,tz,0.2,m,7,Car,vehicle,29.6,15-30m,55.4,1,0.0,33,28,0.8485,5.2
kitti_mini,000010,tz,0.2,m,8,Car,vehicle,43.1,>30m,43.5,1,0.0,20,20,1.0,3.44
kitti_mini,000011,yaw,0.0,deg,0,Pedestrian,pedestrian,13.4,0-15m,53.7,1,0.0,151,150,0.9934,0.0
kitti_mini,000011,yaw,0.0,deg,1,Pedestrian,pedestrian,14.5,0-15m,59.7,2,0.0,35,35,1.0,0.0
kitti_mini,000011,yaw,0.0,deg,2,Car,vehicle,27.1,15-30m,60.7,0,0.0,208,208,1.0,0.0
kitti_mini,000011,yaw,0.0,deg,3,Pedestrian,pedestrian,34.2,>30m,15.3,0,0.0,40,40,1.0,0.0
kitti_mini,000011,yaw,0.0,deg,4,Car,vehicle,6.6,0-15m,85.9,0,0.98,210,207,0.9857,0.0
kitti_mini,000011,yaw,0.0,deg,5,Pedestrian,pedestrian,17.8,15-30m,27.7,0,0.0,81,81,1.0,0.0
kitti_mini,000011,yaw,0.25,deg,0,Pedestrian,pedestrian,13.4,0-15m,53.7,1,0.0,151,147,0.9735,3.74
kitti_mini,000011,yaw,0.25,deg,1,Pedestrian,pedestrian,14.5,0-15m,59.7,2,0.0,35,35,1.0,3.74
kitti_mini,000011,yaw,0.25,deg,2,Car,vehicle,27.1,15-30m,60.7,0,0.0,208,208,1.0,3.3
kitti_mini,000011,yaw,0.25,deg,3,Pedestrian,pedestrian,34.2,>30m,15.3,0,0.0,40,31,0.775,3.19
kitti_mini,000011,yaw,0.25,deg,4,Car,vehicle,6.6,0-15m,85.9,0,0.98,194,192,0.9897,5.36
kitti_mini,000011,yaw,0.25,deg,5,Pedestrian,pedestrian,17.8,15-30m,27.7,0,0.0,81,78,0.963,3.99
kitti_mini,000011,yaw,0.5,deg,0,Pedestrian,pedestrian,13.4,0-15m,53.7,1,0.0,151,141,0.9338,7.48
kitti_mini,000011,yaw,0.5,deg,1,Pedestrian,pedestrian,14.5,0-15m,59.7,2,0.0,35,35,1.0,7.48
kitti_mini,000011,yaw,0.5,deg,2,Car,vehicle,27.1,15-30m,60.7,0,0.0,208,199,0.9567,6.6
kitti_mini,000011,yaw,0.5,deg,3,Pedestrian,pedestrian,34.2,>30m,15.3,0,0.0,40,21,0.525,6.37
kitti_mini,000011,yaw,0.5,deg,4,Car,vehicle,6.6,0-15m,85.9,0,0.98,175,172,0.9829,10.71
kitti_mini,000011,yaw,0.5,deg,5,Pedestrian,pedestrian,17.8,15-30m,27.7,0,0.0,81,66,0.8148,7.99
kitti_mini,000011,yaw,1.0,deg,0,Pedestrian,pedestrian,13.4,0-15m,53.7,1,0.0,151,124,0.8212,14.9
kitti_mini,000011,yaw,1.0,deg,1,Pedestrian,pedestrian,14.5,0-15m,59.7,2,0.0,35,35,1.0,14.9
kitti_mini,000011,yaw,1.0,deg,2,Car,vehicle,27.1,15-30m,60.7,0,0.0,208,178,0.8558,13.22
kitti_mini,000011,yaw,1.0,deg,3,Pedestrian,pedestrian,34.2,>30m,15.3,0,0.0,40,3,0.075,12.73
kitti_mini,000011,yaw,1.0,deg,4,Car,vehicle,6.6,0-15m,85.9,0,0.98,141,140,0.9929,21.41
kitti_mini,000011,yaw,1.0,deg,5,Pedestrian,pedestrian,17.8,15-30m,27.7,0,0.0,81,28,0.3457,16.05
kitti_mini,000011,yaw,2.0,deg,0,Pedestrian,pedestrian,13.4,0-15m,53.7,1,0.0,151,44,0.2914,29.6
kitti_mini,000011,yaw,2.0,deg,1,Pedestrian,pedestrian,14.5,0-15m,59.7,2,0.0,35,21,0.6,29.59
kitti_mini,000011,yaw,2.0,deg,2,Car,vehicle,27.1,15-30m,60.7,0,0.0,208,127,0.6106,26.53
kitti_mini,000011,yaw,2.0,deg,3,Pedestrian,pedestrian,34.2,>30m,15.3,0,0.0,40,0,0.0,25.45
kitti_mini,000011,yaw,2.0,deg,4,Car,vehicle,6.6,0-15m,85.9,0,0.98,77,77,1.0,42.79
kitti_mini,000011,yaw,2.0,deg,5,Pedestrian,pedestrian,17.8,15-30m,27.7,0,0.0,81,0,0.0,32.4
kitti_mini,000011,yaw,3.0,deg,0,Pedestrian,pedestrian,13.4,0-15m,53.7,1,0.0,151,10,0.0662,44.1
kitti_mini,000011,yaw,3.0,deg,1,Pedestrian,pedestrian,14.5,0-15m,59.7,2,0.0,35,6,0.1714,44.1
kitti_mini,000011,yaw,3.0,deg,2,Car,vehicle,27.1,15-30m,60.7,0,0.0,208,76,0.3654,39.95
kitti_mini,000011,yaw,3.0,deg,3,Pedestrian,pedestrian,34.2,>30m,15.3,0,0.0,40,0,0.0,38.15
kitti_mini,000011,yaw,3.0,deg,4,Car,vehicle,6.6,0-15m,85.9,0,0.98,22,22,1.0,64.2
kitti_mini,000011,yaw,3.0,deg,5,Pedestrian,pedestrian,17.8,15-30m,27.7,0,0.0,81,0,0.0,49.06
kitti_mini,000011,pitch,0.0,deg,0,Pedestrian,pedestrian,13.4,0-15m,53.7,1,0.0,151,150,0.9934,0.0
kitti_mini,000011,pitch,0.0,deg,1,Pedestrian,pedestrian,14.5,0-15m,59.7,2,0.0,35,35,1.0,0.0
kitti_mini,000011,pitch,0.0,deg,2,Car,vehicle,27.1,15-30m,60.7,0,0.0,208,208,1.0,0.0
kitti_mini,000011,pitch,0.0,deg,3,Pedestrian,pedestrian,34.2,>30m,15.3,0,0.0,40,40,1.0,0.0
kitti_mini,000011,pitch,0.0,deg,4,Car,vehicle,6.6,0-15m,85.9,0,0.98,210,207,0.9857,0.0
kitti_mini,000011,pitch,0.0,deg,5,Pedestrian,pedestrian,17.8,15-30m,27.7,0,0.0,81,81,1.0,0.0
kitti_mini,000011,pitch,0.25,deg,0,Pedestrian,pedestrian,13.4,0-15m,53.7,1,0.0,151,150,0.9934,3.23
kitti_mini,000011,pitch,0.25,deg,1,Pedestrian,pedestrian,14.5,0-15m,59.7,2,0.0,35,35,1.0,3.24
kitti_mini,000011,pitch,0.25,deg,2,Car,vehicle,27.1,15-30m,60.7,0,0.0,208,187,0.899,3.19
kitti_mini,000011,pitch,0.25,deg,3,Pedestrian,pedestrian,34.2,>30m,15.3,0,0.0,40,40,1.0,3.18
kitti_mini,000011,pitch,0.25,deg,4,Car,vehicle,6.6,0-15m,85.9,0,0.98,201,201,1.0,3.46
kitti_mini,000011,pitch,0.25,deg,5,Pedestrian,pedestrian,17.8,15-30m,27.7,0,0.0,81,81,1.0,3.22
kitti_mini,000011,pitch,0.5,deg,0,Pedestrian,pedestrian,13.4,0-15m,53.7,1,0.0,151,144,0.9536,6.47
kitti_mini,000011,pitch,0.5,deg,1,Pedestrian,pedestrian,14.5,0-15m,59.7,2,0.0,35,23,0.6571,6.49
kitti_mini,000011,pitch,0.5,deg,2,Car,vehicle,27.1,15-30m,60.7,0,0.0,208,166,0.7981,6.38
kitti_mini,000011,pitch,0.5,deg,3,Pedestrian,pedestrian,34.2,>30m,15.3,0,0.0,40,36,0.9,6.35
kitti_mini,000011,pitch,0.5,deg,4,Car,vehicle,6.6,0-15m,85.9,0,0.98,196,194,0.9898,6.93
kitti_mini,000011,pitch,0.5,deg,5,Pedestrian,pedestrian,17.8,15-30m,27.7,0,0.0,81,74,0.9136,6.45
kitti_mini,000011,pitch,1.0,deg,0,Pedestrian,pedestrian,13.4,0-15m,53.7,1,0.0,151,138,0.9139,12.94
kitti_mini,000011,pitch,1.0,deg,1,Pedestrian,pedestrian,14.5,0-15m,59.7,2,0.0,35,19,0.5429,12.99
kitti_mini,000011,pitch,1.0,deg,2,Car,vehicle,27.1,15-30m,60.7,0,0.0,208,146,0.7019,12.76
kitti_mini,000011,pitch,1.0,deg,3,Pedestrian,pedestrian,34.2,>30m,15.3,0,0.0,40,32,0.8,12.71
kitti_mini,000011,pitch,1.0,deg,4,Car,vehicle,6.6,0-15m,85.9,0,0.98,181,181,1.0,13.85
kitti_mini,000011,pitch,1.0,deg,5,Pedestrian,pedestrian,17.8,15-30m,27.7,0,0.0,81,72,0.8889,12.9
kitti_mini,000011,pitch,2.0,deg,0,Pedestrian,pedestrian,13.4,0-15m,53.7,1,0.0,151,114,0.755,25.92
kitti_mini,000011,pitch,2.0,deg,1,Pedestrian,pedestrian,14.5,0-15m,59.7,2,0.0,35,11,0.3143,26.03
kitti_mini,000011,pitch,2.0,deg,2,Car,vehicle,27.1,15-30m,60.7,0,0.0,208,78,0.375,25.55
kitti_mini,000011,pitch,2.0,deg,3,Pedestrian,pedestrian,34.2,>30m,15.3,0,0.0,40,15,0.375,25.43
kitti_mini,000011,pitch,2.0,deg,4,Car,vehicle,6.6,0-15m,85.9,0,0.98,163,160,0.9816,27.76
kitti_mini,000011,pitch,2.0,deg,5,Pedestrian,pedestrian,17.8,15-30m,27.7,0,0.0,81,54,0.6667,25.85
kitti_mini,000011,pitch,3.0,deg,0,Pedestrian,pedestrian,13.4,0-15m,53.7,1,0.0,151,100,0.6623,38.95
kitti_mini,000011,pitch,3.0,deg,1,Pedestrian,pedestrian,14.5,0-15m,59.7,2,0.0,35,8,0.2286,39.12
kitti_mini,000011,pitch,3.0,deg,2,Car,vehicle,27.1,15-30m,60.7,0,0.0,208,45,0.2163,38.38
kitti_mini,000011,pitch,3.0,deg,3,Pedestrian,pedestrian,34.2,>30m,15.3,0,0.0,40,0,0.0,38.18
kitti_mini,000011,pitch,3.0,deg,4,Car,vehicle,6.6,0-15m,85.9,0,0.98,134,132,0.9851,41.64
kitti_mini,000011,pitch,3.0,deg,5,Pedestrian,pedestrian,17.8,15-30m,27.7,0,0.0,81,39,0.4815,38.86
kitti_mini,000011,roll,0.0,deg,0,Pedestrian,pedestrian,13.4,0-15m,53.7,1,0.0,151,150,0.9934,0.0
kitti_mini,000011,roll,0.0,deg,1,Pedestrian,pedestrian,14.5,0-15m,59.7,2,0.0,35,35,1.0,0.0
kitti_mini,000011,roll,0.0,deg,2,Car,vehicle,27.1,15-30m,60.7,0,0.0,208,208,1.0,0.0
kitti_mini,000011,roll,0.0,deg,3,Pedestrian,pedestrian,34.2,>30m,15.3,0,0.0,40,40,1.0,0.0
kitti_mini,000011,roll,0.0,deg,4,Car,vehicle,6.6,0-15m,85.9,0,0.98,210,207,0.9857,0.0
kitti_mini,000011,roll,0.0,deg,5,Pedestrian,pedestrian,17.8,15-30m,27.7,0,0.0,81,81,1.0,0.0
kitti_mini,000011,roll,0.25,deg,0,Pedestrian,pedestrian,13.4,0-15m,53.7,1,0.0,151,151,1.0,1.3
kitti_mini,000011,roll,0.25,deg,1,Pedestrian,pedestrian,14.5,0-15m,59.7,2,0.0,35,35,1.0,1.32
kitti_mini,000011,roll,0.25,deg,2,Car,vehicle,27.1,15-30m,60.7,0,0.0,208,208,1.0,0.6
kitti_mini,000011,roll,0.25,deg,3,Pedestrian,pedestrian,34.2,>30m,15.3,0,0.0,40,40,1.0,0.2
kitti_mini,000011,roll,0.25,deg,4,Car,vehicle,6.6,0-15m,85.9,0,0.98,215,213,0.9907,2.62
kitti_mini,000011,roll,0.25,deg,5,Pedestrian,pedestrian,17.8,15-30m,27.7,0,0.0,81,81,1.0,1.58
kitti_mini,000011,roll,0.5,deg,0,Pedestrian,pedestrian,13.4,0-15m,53.7,1,0.0,151,151,1.0,2.6
kitti_mini,000011,roll,0.5,deg,1,Pedestrian,pedestrian,14.5,0-15m,59.7,2,0.0,35,35,1.0,2.64
kitti_mini,000011,roll,0.5,deg,2,Car,vehicle,27.1,15-30m,60.7,0,0.0,208,208,1.0,1.2
kitti_mini,000011,roll,0.5,deg,3,Pedestrian,pedestrian,34.2,>30m,15.3,0,0.0,40,40,1.0,0.41
kitti_mini,000011,roll,0.5,deg,4,Car,vehicle,6.6,0-15m,85.9,0,0.98,216,216,1.0,5.23
kitti_mini,000011,roll,0.5,deg,5,Pedestrian,pedestrian,17.8,15-30m,27.7,0,0.0,81,79,0.9753,3.16
kitti_mini,000011,roll,1.0,deg,0,Pedestrian,pedestrian,13.4,0-15m,53.7,1,0.0,151,145,0.9603,5.2
kitti_mini,000011,roll,1.0,deg,1,Pedestrian,pedestrian,14.5,0-15m,59.7,2,0.0,35,34,0.9714,5.27
kitti_mini,000011,roll,1.0,deg,2,Car,vehicle,27.1,15-30m,60.7,0,0.0,208,208,1.0,2.41
kitti_mini,000011,roll,1.0,deg,3,Pedestrian,pedestrian,34.2,>30m,15.3,0,0.0,40,40,1.0,0.81
kitti_mini,000011,roll,1.0,deg,4,Car,vehicle,6.6,0-15m,85.9,0,0.98,225,223,0.9911,10.45
kitti_mini,000011,roll,1.0,deg,5,Pedestrian,pedestrian,17.8,15-30m,27.7,0,0.0,81,79,0.9753,6.32
kitti_mini,000011,roll,2.0,deg,0,Pedestrian,pedestrian,13.4,0-15m,53.7,1,0.0,151,138,0.9139,10.4
kitti_mini,000011,roll,2.0,deg,1,Pedestrian,pedestrian,14.5,0-15m,59.7,2,0.0,35,23,0.6571,10.54
kitti_mini,000011,roll,2.0,deg,2,Car,vehicle,27.1,15-30m,60.7,0,0.0,208,195,0.9375,4.82
kitti_mini,000011,roll,2.0,deg,3,Pedestrian,pedestrian,34.2,>30m,15.3,0,0.0,40,40,1.0,1.62
kitti_mini,000011,roll,2.0,deg,4,Car,vehicle,6.6,0-15m,85.9,0,0.98,231,231,1.0,20.86
kitti_mini,000011,roll,2.0,deg,5,Pedestrian,pedestrian,17.8,15-30m,27.7,0,0.0,81,74,0.9136,12.64
kitti_mini,000011,roll,3.0,deg,0,Pedestrian,pedestrian,13.4,0-15m,53.7,1,0.0,151,131,0.8675,15.6
kitti_mini,000011,roll,3.0,deg,1,Pedestrian,pedestrian,14.5,0-15m,59.7,2,0.0,35,19,0.5429,15.82
kitti_mini,000011,roll,3.0,deg,2,Car,vehicle,27.1,15-30m,60.7,0,0.0,208,191,0.9183,7.23
kitti_mini,000011,roll,3.0,deg,3,Pedestrian,pedestrian,34.2,>30m,15.3,0,0.0,40,40,1.0,2.43
kitti_mini,000011,roll,3.0,deg,4,Car,vehicle,6.6,0-15m,85.9,0,0.98,244,244,1.0,31.26
kitti_mini,000011,roll,3.0,deg,5,Pedestrian,pedestrian,17.8,15-30m,27.7,0,0.0,81,63,0.7778,18.96
kitti_mini,000011,tx,0.0,m,0,Pedestrian,pedestrian,13.4,0-15m,53.7,1,0.0,151,150,0.9934,0.0
kitti_mini,000011,tx,0.0,m,1,Pedestrian,pedestrian,14.5,0-15m,59.7,2,0.0,35,35,1.0,0.0
kitti_mini,000011,tx,0.0,m,2,Car,vehicle,27.1,15-30m,60.7,0,0.0,208,208,1.0,0.0
kitti_mini,000011,tx,0.0,m,3,Pedestrian,pedestrian,34.2,>30m,15.3,0,0.0,40,40,1.0,0.0
kitti_mini,000011,tx,0.0,m,4,Car,vehicle,6.6,0-15m,85.9,0,0.98,210,207,0.9857,0.0
kitti_mini,000011,tx,0.0,m,5,Pedestrian,pedestrian,17.8,15-30m,27.7,0,0.0,81,81,1.0,0.0
kitti_mini,000011,tx,0.02,m,0,Pedestrian,pedestrian,13.4,0-15m,53.7,1,0.0,151,151,1.0,0.49
kitti_mini,000011,tx,0.02,m,1,Pedestrian,pedestrian,14.5,0-15m,59.7,2,0.0,35,35,1.0,0.46
kitti_mini,000011,tx,0.02,m,2,Car,vehicle,27.1,15-30m,60.7,0,0.0,208,208,1.0,0.11
kitti_mini,000011,tx,0.02,m,3,Pedestrian,pedestrian,34.2,>30m,15.3,0,0.0,40,40,1.0,0.03
kitti_mini,000011,tx,0.02,m,4,Car,vehicle,6.6,0-15m,85.9,0,0.98,220,217,0.9864,2.11
kitti_mini,000011,tx,0.02,m,5,Pedestrian,pedestrian,17.8,15-30m,27.7,0,0.0,81,81,1.0,0.45
kitti_mini,000011,tx,0.05,m,0,Pedestrian,pedestrian,13.4,0-15m,53.7,1,0.0,151,151,1.0,1.21
kitti_mini,000011,tx,0.05,m,1,Pedestrian,pedestrian,14.5,0-15m,59.7,2,0.0,35,35,1.0,1.14
kitti_mini,000011,tx,0.05,m,2,Car,vehicle,27.1,15-30m,60.7,0,0.0,208,208,1.0,0.26
kitti_mini,000011,tx,0.05,m,3,Pedestrian,pedestrian,34.2,>30m,15.3,0,0.0,40,39,0.975,0.07
kitti_mini,000011,tx,0.05,m,4,Car,vehicle,6.6,0-15m,85.9,0,0.98,235,233,0.9915,5.25
kitti_mini,000011,tx,0.05,m,5,Pedestrian,pedestrian,17.8,15-30m,27.7,0,0.0,81,81,1.0,1.12
kitti_mini,000011,tx,0.1,m,0,Pedestrian,pedestrian,13.4,0-15m,53.7,1,0.0,151,150,0.9934,2.41
kitti_mini,000011,tx,0.1,m,1,Pedestrian,pedestrian,14.5,0-15m,59.7,2,0.0,35,35,1.0,2.27
kitti_mini,000011,tx,0.1,m,2,Car,vehicle,27.1,15-30m,60.7,0,0.0,208,208,1.0,0.53
kitti_mini,000011,tx,0.1,m,3,Pedestrian,pedestrian,34.2,>30m,15.3,0,0.0,40,39,0.975,0.14
kitti_mini,000011,tx,0.1,m,4,Car,vehicle,6.6,0-15m,85.9,0,0.98,255,252,0.9882,10.41
kitti_mini,000011,tx,0.1,m,5,Pedestrian,pedestrian,17.8,15-30m,27.7,0,0.0,81,80,0.9877,2.24
kitti_mini,000011,tx,0.2,m,0,Pedestrian,pedestrian,13.4,0-15m,53.7,1,0.0,151,146,0.9669,4.78
kitti_mini,000011,tx,0.2,m,1,Pedestrian,pedestrian,14.5,0-15m,59.7,2,0.0,35,35,1.0,4.51
kitti_mini,000011,tx,0.2,m,2,Car,vehicle,27.1,15-30m,60.7,0,0.0,208,208,1.0,1.05
kitti_mini,000011,tx,0.2,m,3,Pedestrian,pedestrian,34.2,>30m,15.3,0,0.0,40,38,0.95,0.28
kitti_mini,000011,tx,0.2,m,4,Car,vehicle,6.6,0-15m,85.9,0,0.98,298,288,0.9664,20.46
kitti_mini,000011,tx,0.2,m,5,Pedestrian,pedestrian,17.8,15-30m,27.7,0,0.0,81,76,0.9383,4.45
kitti_mini,000011,ty,0.0,m,0,Pedestrian,pedestrian,13.4,0-15m,53.7,1,0.0,151,150,0.9934,0.0
kitti_mini,000011,ty,0.0,m,1,Pedestrian,pedestrian,14.5,0-15m,59.7,2,0.0,35,35,1.0,0.0
kitti_mini,000011,ty,0.0,m,2,Car,vehicle,27.1,15-30m,60.7,0,0.0,208,208,1.0,0.0
kitti_mini,000011,ty,0.0,m,3,Pedestrian,pedestrian,34.2,>30m,15.3,0,0.0,40,40,1.0,0.0
kitti_mini,000011,ty,0.0,m,4,Car,vehicle,6.6,0-15m,85.9,0,0.98,210,207,0.9857,0.0
kitti_mini,000011,ty,0.0,m,5,Pedestrian,pedestrian,17.8,15-30m,27.7,0,0.0,81,81,1.0,0.0
kitti_mini,000011,ty,0.02,m,0,Pedestrian,pedestrian,13.4,0-15m,53.7,1,0.0,151,151,1.0,1.17
kitti_mini,000011,ty,0.02,m,1,Pedestrian,pedestrian,14.5,0-15m,59.7,2,0.0,35,35,1.0,1.08
kitti_mini,000011,ty,0.02,m,2,Car,vehicle,27.1,15-30m,60.7,0,0.0,208,208,1.0,0.56
kitti_mini,000011,ty,0.02,m,3,Pedestrian,pedestrian,34.2,>30m,15.3,0,0.0,40,38,0.95,0.42
kitti_mini,000011,ty,0.02,m,4,Car,vehicle,6.6,0-15m,85.9,0,0.98,204,201,0.9853,2.58
kitti_mini,000011,ty,0.02,m,5,Pedestrian,pedestrian,17.8,15-30m,27.7,0,0.0,81,81,1.0,0.91
kitti_mini,000011,ty,0.05,m,0,Pedestrian,pedestrian,13.4,0-15m,53.7,1,0.0,151,149,0.9868,2.91
kitti_mini,000011,ty,0.05,m,1,Pedestrian,pedestrian,14.5,0-15m,59.7,2,0.0,35,35,1.0,2.71
kitti_mini,000011,ty,0.05,m,2,Car,vehicle,27.1,15-30m,60.7,0,0.0,208,208,1.0,1.4
kitti_mini,000011,ty,0.05,m,3,Pedestrian,pedestrian,34.2,>30m,15.3,0,0.0,40,38,0.95,1.06
kitti_mini,000011,ty,0.05,m,4,Car,vehicle,6.6,0-15m,85.9,0,0.98,191,188,0.9843,6.44
kitti_mini,000011,ty,0.05,m,5,Pedestrian,pedestrian,17.8,15-30m,27.7,0,0.0,81,81,1.0,2.26
kitti_mini,000011,ty,0.1,m,0,Pedestrian,pedestrian,13.4,0-15m,53.7,1,0.0,151,145,0.9603,5.83
kitti_mini,000011,ty,0.1,m,1,Pedestrian,pedestrian,14.5,0-15m,59.7,2,0.0,35,35,1.0,5.42
kitti_mini,000011,ty,0.1,m,2,Car,vehicle,27.1,15-30m,60.7,0,0.0,208,208,1.0,2.8
kitti_mini,000011,ty,0.1,m,3,Pedestrian,pedestrian,34.2,>30m,15.3,0,0.0,40,35,0.875,2.12
kitti_mini,000011,ty,0.1,m,4,Car,vehicle,6.6,0-15m,85.9,0,0.98,170,168,0.9882,12.79
kitti_mini,000011,ty,0.1,m,5,Pedestrian,pedestrian,17.8,15-30m,27.7,0,0.0,81,78,0.963,4.53
kitti_mini,000011,ty,0.2,m,0,Pedestrian,pedestrian,13.4,0-15m,53.7,1,0.0,151,131,0.8675,11.65
kitti_mini,000011,ty,0.2,m,1,Pedestrian,pedestrian,14.5,0-15m,59.7,2,0.0,35,35,1.0,10.84
kitti_mini,000011,ty,0.2,m,2,Car,vehicle,27.1,15-30m,60.7,0,0.0,208,204,0.9808,5.61
kitti_mini,000011,ty,0.2,m,3,Pedestrian,pedestrian,34.2,>30m,15.3,0,0.0,40,28,0.7,4.24
kitti_mini,000011,ty,0.2,m,4,Car,vehicle,6.6,0-15m,85.9,0,0.98,135,133,0.9852,25.32
kitti_mini,000011,ty,0.2,m,5,Pedestrian,pedestrian,17.8,15-30m,27.7,0,0.0,81,62,0.7654,9.05
kitti_mini,000011,tz,0.0,m,0,Pedestrian,pedestrian,13.4,0-15m,53.7,1,0.0,151,150,0.9934,0.0
kitti_mini,000011,tz,0.0,m,1,Pedestrian,pedestrian,14.5,0-15m,59.7,2,0.0,35,35,1.0,0.0
kitti_mini,000011,tz,0.0,m,2,Car,vehicle,27.1,15-30m,60.7,0,0.0,208,208,1.0,0.0
kitti_mini,000011,tz,0.0,m,3,Pedestrian,pedestrian,34.2,>30m,15.3,0,0.0,40,40,1.0,0.0
kitti_mini,000011,tz,0.0,m,4,Car,vehicle,6.6,0-15m,85.9,0,0.98,210,207,0.9857,0.0
kitti_mini,000011,tz,0.0,m,5,Pedestrian,pedestrian,17.8,15-30m,27.7,0,0.0,81,81,1.0,0.0
kitti_mini,000011,tz,0.02,m,0,Pedestrian,pedestrian,13.4,0-15m,53.7,1,0.0,151,150,0.9934,1.17
kitti_mini,000011,tz,0.02,m,1,Pedestrian,pedestrian,14.5,0-15m,59.7,2,0.0,35,35,1.0,1.09
kitti_mini,000011,tz,0.02,m,2,Car,vehicle,27.1,15-30m,60.7,0,0.0,208,208,1.0,0.56
kitti_mini,000011,tz,0.02,m,3,Pedestrian,pedestrian,34.2,>30m,15.3,0,0.0,40,40,1.0,0.42
kitti_mini,000011,tz,0.02,m,4,Car,vehicle,6.6,0-15m,85.9,0,0.98,216,214,0.9907,2.59
kitti_mini,000011,tz,0.02,m,5,Pedestrian,pedestrian,17.8,15-30m,27.7,0,0.0,81,81,1.0,0.91
kitti_mini,000011,tz,0.05,m,0,Pedestrian,pedestrian,13.4,0-15m,53.7,1,0.0,151,150,0.9934,2.91
kitti_mini,000011,tz,0.05,m,1,Pedestrian,pedestrian,14.5,0-15m,59.7,2,0.0,35,35,1.0,2.71
kitti_mini,000011,tz,0.05,m,2,Car,vehicle,27.1,15-30m,60.7,0,0.0,208,208,1.0,1.4
kitti_mini,000011,tz,0.05,m,3,Pedestrian,pedestrian,34.2,>30m,15.3,0,0.0,40,40,1.0,1.06
kitti_mini,000011,tz,0.05,m,4,Car,vehicle,6.6,0-15m,85.9,0,0.98,221,218,0.9864,6.48
kitti_mini,000011,tz,0.05,m,5,Pedestrian,pedestrian,17.8,15-30m,27.7,0,0.0,81,81,1.0,2.27
kitti_mini,000011,tz,0.1,m,0,Pedestrian,pedestrian,13.4,0-15m,53.7,1,0.0,151,151,1.0,5.83
kitti_mini,000011,tz,0.1,m,1,Pedestrian,pedestrian,14.5,0-15m,59.7,2,0.0,35,35,1.0,5.43
kitti_mini,000011,tz,0.1,m,2,Car,vehicle,27.1,15-30m,60.7,0,0.0,208,208,1.0,2.8
kitti_mini,000011,tz,0.1,m,3,Pedestrian,pedestrian,34.2,>30m,15.3,0,0.0,40,40,1.0,2.12
kitti_mini,000011,tz,0.1,m,4,Car,vehicle,6.6,0-15m,85.9,0,0.98,234,234,1.0,12.96
kitti_mini,000011,tz,0.1,m,5,Pedestrian,pedestrian,17.8,15-30m,27.7,0,0.0,81,79,0.9753,4.53
kitti_mini,000011,tz,0.2,m,0,Pedestrian,pedestrian,13.4,0-15m,53.7,1,0.0,151,148,0.9801,11.66
kitti_mini,000011,tz,0.2,m,1,Pedestrian,pedestrian,14.5,0-15m,59.7,2,0.0,35,35,1.0,10.85
kitti_mini,000011,tz,0.2,m,2,Car,vehicle,27.1,15-30m,60.7,0,0.0,208,191,0.9183,5.61
kitti_mini,000011,tz,0.2,m,3,Pedestrian,pedestrian,34.2,>30m,15.3,0,0.0,40,37,0.925,4.24
kitti_mini,000011,tz,0.2,m,4,Car,vehicle,6.6,0-15m,85.9,0,0.98,263,260,0.9886,25.92
kitti_mini,000011,tz,0.2,m,5,Pedestrian,pedestrian,17.8,15-30m,27.7,0,0.0,81,75,0.9259,9.06
kitti_mini,000012,yaw,0.0,deg,0,Car,vehicle,59.1,>30m,28.0,0,0.0,13,13,1.0,0.0
kitti_mini,000012,yaw,0.0,deg,1,Van,vehicle,66.3,>30m,33.5,0,0.0,39,39,1.0,0.0
kitti_mini,000012,yaw,0.25,deg,0,Car,vehicle,59.1,>30m,28.0,0,0.0,13,13,1.0,3.19
kitti_mini,000012,yaw,0.25,deg,1,Van,vehicle,66.3,>30m,33.5,0,0.0,39,38,0.9744,3.29
kitti_mini,000012,yaw,0.5,deg,0,Car,vehicle,59.1,>30m,28.0,0,0.0,13,13,1.0,6.38
kitti_mini,000012,yaw,0.5,deg,1,Van,vehicle,66.3,>30m,33.5,0,0.0,39,35,0.8974,6.59
kitti_mini,000012,yaw,1.0,deg,0,Car,vehicle,59.1,>30m,28.0,0,0.0,13,11,0.8462,12.75
kitti_mini,000012,yaw,1.0,deg,1,Van,vehicle,66.3,>30m,33.5,0,0.0,39,23,0.5897,13.21
kitti_mini,000012,yaw,2.0,deg,0,Car,vehicle,59.1,>30m,28.0,0,0.0,13,1,0.0769,25.47
kitti_mini,000012,yaw,2.0,deg,1,Van,vehicle,66.3,>30m,33.5,0,0.0,39,4,0.1026,26.52
kitti_mini,000012,yaw,3.0,deg,0,Car,vehicle,59.1,>30m,28.0,0,0.0,13,0,0.0,38.17
kitti_mini,000012,yaw,3.0,deg,1,Van,vehicle,66.3,>30m,33.5,0,0.0,39,0,0.0,39.94
kitti_mini,000012,pitch,0.0,deg,0,Car,vehicle,59.1,>30m,28.0,0,0.0,13,13,1.0,0.0
kitti_mini,000012,pitch,0.0,deg,1,Van,vehicle,66.3,>30m,33.5,0,0.0,39,39,1.0,0.0
kitti_mini,000012,pitch,0.25,deg,0,Car,vehicle,59.1,>30m,28.0,0,0.0,13,13,1.0,3.17
kitti_mini,000012,pitch,0.25,deg,1,Van,vehicle,66.3,>30m,33.5,0,0.0,39,39,1.0,3.16
kitti_mini,000012,pitch,0.5,deg,0,Car,vehicle,59.1,>30m,28.0,0,0.0,13,9,0.6923,6.34
kitti_mini,000012,pitch,0.5,deg,1,Van,vehicle,66.3,>30m,33.5,0,0.0,39,39,1.0,6.33
kitti_mini,000012,pitch,1.0,deg,0,Car,vehicle,59.1,>30m,28.0,0,0.0,13,1,0.0769,12.68
kitti_mini,000012,pitch,1.0,deg,1,Van,vehicle,66.3,>30m,33.5,0,0.0,39,18,0.4615,12.66
kitti_mini,000012,pitch,2.0,deg,0,Car,vehicle,59.1,>30m,28.0,0,0.0,13,0,0.0,25.38
kitti_mini,000012,pitch,2.0,deg,1,Van,vehicle,66.3,>30m,33.5,0,0.0,39,11,0.2821,25.34
kitti_mini,000012,pitch,3.0,deg,0,Car,vehicle,59.1,>30m,28.0,0,0.0,13,0,0.0,38.11
kitti_mini,000012,pitch,3.0,deg,1,Van,vehicle,66.3,>30m,33.5,0,0.0,39,0,0.0,38.04
kitti_mini,000012,roll,0.0,deg,0,Car,vehicle,59.1,>30m,28.0,0,0.0,13,13,1.0,0.0
kitti_mini,000012,roll,0.0,deg,1,Van,vehicle,66.3,>30m,33.5,0,0.0,39,39,1.0,0.0
kitti_mini,000012,roll,0.25,deg,0,Car,vehicle,59.1,>30m,28.0,0,0.0,13,13,1.0,0.31
kitti_mini,000012,roll,0.25,deg,1,Van,vehicle,66.3,>30m,33.5,0,0.0,39,39,1.0,0.64
kitti_mini,000012,roll,0.5,deg,0,Car,vehicle,59.1,>30m,28.0,0,0.0,13,13,1.0,0.63
kitti_mini,000012,roll,0.5,deg,1,Van,vehicle,66.3,>30m,33.5,0,0.0,39,39,1.0,1.28
kitti_mini,000012,roll,1.0,deg,0,Car,vehicle,59.1,>30m,28.0,0,0.0,13,13,1.0,1.25
kitti_mini,000012,roll,1.0,deg,1,Van,vehicle,66.3,>30m,33.5,0,0.0,39,39,1.0,2.55
kitti_mini,000012,roll,2.0,deg,0,Car,vehicle,59.1,>30m,28.0,0,0.0,13,13,1.0,2.5
kitti_mini,000012,roll,2.0,deg,1,Van,vehicle,66.3,>30m,33.5,0,0.0,39,28,0.7179,5.1
kitti_mini,000012,roll,3.0,deg,0,Car,vehicle,59.1,>30m,28.0,0,0.0,13,13,1.0,3.75
kitti_mini,000012,roll,3.0,deg,1,Van,vehicle,66.3,>30m,33.5,0,0.0,39,28,0.7179,7.65
kitti_mini,000012,tx,0.0,m,0,Car,vehicle,59.1,>30m,28.0,0,0.0,13,13,1.0,0.0
kitti_mini,000012,tx,0.0,m,1,Van,vehicle,66.3,>30m,33.5,0,0.0,39,39,1.0,0.0
kitti_mini,000012,tx,0.02,m,0,Car,vehicle,59.1,>30m,28.0,0,0.0,13,13,1.0,0.03
kitti_mini,000012,tx,0.02,m,1,Van,vehicle,66.3,>30m,33.5,0,0.0,39,39,1.0,0.05
kitti_mini,000012,tx,0.05,m,0,Car,vehicle,59.1,>30m,28.0,0,0.0,13,13,1.0,0.06
kitti_mini,000012,tx,0.05,m,1,Van,vehicle,66.3,>30m,33.5,0,0.0,39,39,1.0,0.11
kitti_mini,000012,tx,0.1,m,0,Car,vehicle,59.1,>30m,28.0,0,0.0,13,13,1.0,0.13
kitti_mini,000012,tx,0.1,m,1,Van,vehicle,66.3,>30m,33.5,0,0.0,39,39,1.0,0.23
kitti_mini,000012,tx,0.2,m,0,Car,vehicle,59.1,>30m,28.0,0,0.0,13,13,1.0,0.25
kitti_mini,000012,tx,0.2,m,1,Van,vehicle,66.3,>30m,33.5,0,0.0,39,39,1.0,0.46
kitti_mini,000012,ty,0.0,m,0,Car,vehicle,59.1,>30m,28.0,0,0.0,13,13,1.0,0.0
kitti_mini,000012,ty,0.0,m,1,Van,vehicle,66.3,>30m,33.5,0,0.0,39,39,1.0,0.0
kitti_mini,000012,ty,0.02,m,0,Car,vehicle,59.1,>30m,28.0,0,0.0,13,13,1.0,0.25
kitti_mini,000012,ty,0.02,m,1,Van,vehicle,66.3,>30m,33.5,0,0.0,39,39,1.0,0.23
kitti_mini,000012,ty,0.05,m,0,Car,vehicle,59.1,>30m,28.0,0,0.0,13,13,1.0,0.63
kitti_mini,000012,ty,0.05,m,1,Van,vehicle,66.3,>30m,33.5,0,0.0,39,39,1.0,0.57
kitti_mini,000012,ty,0.1,m,0,Car,vehicle,59.1,>30m,28.0,0,0.0,13,13,1.0,1.26
kitti_mini,000012,ty,0.1,m,1,Van,vehicle,66.3,>30m,33.5,0,0.0,39,39,1.0,1.14
kitti_mini,000012,ty,0.2,m,0,Car,vehicle,59.1,>30m,28.0,0,0.0,13,13,1.0,2.52
kitti_mini,000012,ty,0.2,m,1,Van,vehicle,66.3,>30m,33.5,0,0.0,39,39,1.0,2.27
kitti_mini,000012,tz,0.0,m,0,Car,vehicle,59.1,>30m,28.0,0,0.0,13,13,1.0,0.0
kitti_mini,000012,tz,0.0,m,1,Van,vehicle,66.3,>30m,33.5,0,0.0,39,39,1.0,0.0
kitti_mini,000012,tz,0.02,m,0,Car,vehicle,59.1,>30m,28.0,0,0.0,13,13,1.0,0.25
kitti_mini,000012,tz,0.02,m,1,Van,vehicle,66.3,>30m,33.5,0,0.0,39,39,1.0,0.23
kitti_mini,000012,tz,0.05,m,0,Car,vehicle,59.1,>30m,28.0,0,0.0,13,13,1.0,0.63
kitti_mini,000012,tz,0.05,m,1,Van,vehicle,66.3,>30m,33.5,0,0.0,39,39,1.0,0.57
kitti_mini,000012,tz,0.1,m,0,Car,vehicle,59.1,>30m,28.0,0,0.0,13,13,1.0,1.26
kitti_mini,000012,tz,0.1,m,1,Van,vehicle,66.3,>30m,33.5,0,0.0,39,39,1.0,1.14
kitti_mini,000012,tz,0.2,m,0,Car,vehicle,59.1,>30m,28.0,0,0.0,13,13,1.0,2.52
kitti_mini,000012,tz,0.2,m,1,Van,vehicle,66.3,>30m,33.5,0,0.0,39,39,1.0,2.27
kitti_mini,000015,yaw,0.0,deg,0,Car,vehicle,4.9,0-15m,414.7,0,0.89,1650,1637,0.9921,0.0
kitti_mini,000015,yaw,0.0,deg,1,Pedestrian,pedestrian,9.0,0-15m,79.6,1,0.0,386,371,0.9611,0.0
kitti_mini,000015,yaw,0.0,deg,2,Pedestrian,pedestrian,24.3,15-30m,17.9,0,0.0,55,49,0.8909,0.0
kitti_mini,000015,yaw,0.0,deg,3,Pedestrian,pedestrian,24.4,15-30m,19.8,0,0.0,70,59,0.8429,0.0
kitti_mini,000015,yaw,0.0,deg,4,Pedestrian,pedestrian,23.4,15-30m,23.1,0,0.0,66,66,1.0,0.0
kitti_mini,000015,yaw,0.25,deg,0,Car,vehicle,4.9,0-15m,414.7,0,0.89,1639,1623,0.9902,4.18
kitti_mini,000015,yaw,0.25,deg,1,Pedestrian,pedestrian,9.0,0-15m,79.6,1,0.0,386,359,0.9301,4.45
kitti_mini,000015,yaw,0.25,deg,2,Pedestrian,pedestrian,24.3,15-30m,17.9,0,0.0,55,37,0.6727,3.2
kitti_mini,000015,yaw,0.25,deg,3,Pedestrian,pedestrian,24.4,15-30m,19.8,0,0.0,70,46,0.6571,3.22
kitti_mini,000015,yaw,0.25,deg,4,Pedestrian,pedestrian,23.4,15-30m,23.1,0,0.0,66,60,0.9091,3.19
kitti_mini,000015,yaw,0.5,deg,0,Car,vehicle,4.9,0-15m,414.7,0,0.89,1629,1612,0.9896,8.37
kitti_mini,000015,yaw,0.5,deg,1,Pedestrian,pedestrian,9.0,0-15m,79.6,1,0.0,386,330,0.8549,8.87
kitti_mini,000015,yaw,0.5,deg,2,Pedestrian,pedestrian,24.3,15-30m,17.9,0,0.0,55,19,0.3455,6.4
kitti_mini,000015,yaw,0.5,deg,3,Pedestrian,pedestrian,24.4,15-30m,19.8,0,0.0,70,31,0.4429,6.44
kitti_mini,000015,yaw,0.5,deg,4,Pedestrian,pedestrian,23.4,15-30m,23.1,0,0.0,66,50,0.7576,6.38
kitti_mini,000015,yaw,1.0,deg,0,Car,vehicle,4.9,0-15m,414.7,0,0.89,1605,1589,0.99,16.78
kitti_mini,000015,yaw,1.0,deg,1,Pedestrian,pedestrian,9.0,0-15m,79.6,1,0.0,386,269,0.6969,17.65
kitti_mini,000015,yaw,1.0,deg,2,Pedestrian,pedestrian,24.3,15-30m,17.9,0,0.0,55,0,0.0,12.79
kitti_mini,000015,yaw,1.0,deg,3,Pedestrian,pedestrian,24.4,15-30m,19.8,0,0.0,70,6,0.0857,12.87
kitti_mini,000015,yaw,1.0,deg,4,Pedestrian,pedestrian,23.4,15-30m,23.1,0,0.0,66,17,0.2576,12.77
kitti_mini,000015,yaw,2.0,deg,0,Car,vehicle,4.9,0-15m,414.7,0,0.89,1558,1547,0.9929,33.73
kitti_mini,000015,yaw,2.0,deg,1,Pedestrian,pedestrian,9.0,0-15m,79.6,1,0.0,386,126,0.3264,34.93
kitti_mini,000015,yaw,2.0,deg,2,Pedestrian,pedestrian,24.3,15-30m,17.9,0,0.0,55,0,0.0,25.54
kitti_mini,000015,yaw,2.0,deg,3,Pedestrian,pedestrian,24.4,15-30m,19.8,0,0.0,70,0,0.0,25.69
kitti_mini,000015,yaw,2.0,deg,4,Pedestrian,pedestrian,23.4,15-30m,23.1,0,0.0,66,0,0.0,25.58
kitti_mini,000015,yaw,3.0,deg,0,Car,vehicle,4.9,0-15m,414.7,0,0.89,1521,1512,0.9941,50.9
kitti_mini,000015,yaw,3.0,deg,1,Pedestrian,pedestrian,9.0,0-15m,79.6,1,0.0,386,26,0.0674,51.86
kitti_mini,000015,yaw,3.0,deg,2,Pedestrian,pedestrian,24.3,15-30m,17.9,0,0.0,55,0,0.0,38.26
kitti_mini,000015,yaw,3.0,deg,3,Pedestrian,pedestrian,24.4,15-30m,19.8,0,0.0,70,0,0.0,38.47
kitti_mini,000015,yaw,3.0,deg,4,Pedestrian,pedestrian,23.4,15-30m,23.1,0,0.0,66,0,0.0,38.44
kitti_mini,000015,pitch,0.0,deg,0,Car,vehicle,4.9,0-15m,414.7,0,0.89,1650,1637,0.9921,0.0
kitti_mini,000015,pitch,0.0,deg,1,Pedestrian,pedestrian,9.0,0-15m,79.6,1,0.0,386,371,0.9611,0.0
kitti_mini,000015,pitch,0.0,deg,2,Pedestrian,pedestrian,24.3,15-30m,17.9,0,0.0,55,49,0.8909,0.0
kitti_mini,000015,pitch,0.0,deg,3,Pedestrian,pedestrian,24.4,15-30m,19.8,0,0.0,70,59,0.8429,0.0
kitti_mini,000015,pitch,0.0,deg,4,Pedestrian,pedestrian,23.4,15-30m,23.1,0,0.0,66,66,1.0,0.0
kitti_mini,000015,pitch,0.25,deg,0,Car,vehicle,4.9,0-15m,414.7,0,0.89,1599,1583,0.99,3.44
kitti_mini,000015,pitch,0.25,deg,1,Pedestrian,pedestrian,9.0,0-15m,79.6,1,0.0,386,372,0.9637,3.29
kitti_mini,000015,pitch,0.25,deg,2,Pedestrian,pedestrian,24.3,15-30m,17.9,0,0.0,55,49,0.8909,3.17
kitti_mini,000015,pitch,0.25,deg,3,Pedestrian,pedestrian,24.4,15-30m,19.8,0,0.0,70,60,0.8571,3.17
kitti_mini,000015,pitch,0.25,deg,4,Pedestrian,pedestrian,23.4,15-30m,23.1,0,0.0,66,63,0.9545,3.17
kitti_mini,000015,pitch,0.5,deg,0,Car,vehicle,4.9,0-15m,414.7,0,0.89,1549,1536,0.9916,6.88
kitti_mini,000015,pitch,0.5,deg,1,Pedestrian,pedestrian,9.0,0-15m,79.6,1,0.0,386,372,0.9637,6.59
kitti_mini,000015,pitch,0.5,deg,2,Pedestrian,pedestrian,24.3,15-30m,17.9,0,0.0,55,45,0.8182,6.35
kitti_mini,000015,pitch,0.5,deg,3,Pedestrian,pedestrian,24.4,15-30m,19.8,0,0.0,70,58,0.8286,6.35
kitti_mini,000015,pitch,0.5,deg,4,Pedestrian,pedestrian,23.4,15-30m,23.1,0,0.0,66,63,0.9545,6.34
kitti_mini,000015,pitch,1.0,deg,0,Car,vehicle,4.9,0-15m,414.7,0,0.89,1442,1428,0.9903,13.74
kitti_mini,000015,pitch,1.0,deg,1,Pedestrian,pedestrian,9.0,0-15m,79.6,1,0.0,386,361,0.9352,13.2
kitti_mini,000015,pitch,1.0,deg,2,Pedestrian,pedestrian,24.3,15-30m,17.9,0,0.0,55,39,0.7091,12.7
kitti_mini,000015,pitch,1.0,deg,3,Pedestrian,pedestrian,24.4,15-30m,19.8,0,0.0,70,48,0.6857,12.7
kitti_mini,000015,pitch,1.0,deg,4,Pedestrian,pedestrian,23.4,15-30m,23.1,0,0.0,66,56,0.8485,12.69
kitti_mini,000015,pitch,2.0,deg,0,Car,vehicle,4.9,0-15m,414.7,0,0.89,1234,1225,0.9927,27.41
kitti_mini,000015,pitch,2.0,deg,1,Pedestrian,pedestrian,9.0,0-15m,79.6,1,0.0,386,335,0.8679,26.45
kitti_mini,000015,pitch,2.0,deg,2,Pedestrian,pedestrian,24.3,15-30m,17.9,0,0.0,55,28,0.5091,25.42
kitti_mini,000015,pitch,2.0,deg,3,Pedestrian,pedestrian,24.4,15-30m,19.8,0,0.0,70,31,0.4429,25.42
kitti_mini,000015,pitch,2.0,deg,4,Pedestrian,pedestrian,23.4,15-30m,23.1,0,0.0,66,37,0.5606,25.4
kitti_mini,000015,pitch,3.0,deg,0,Car,vehicle,4.9,0-15m,414.7,0,0.89,1034,1024,0.9903,41.01
kitti_mini,000015,pitch,3.0,deg,1,Pedestrian,pedestrian,9.0,0-15m,79.6,1,0.0,386,316,0.8187,39.77
kitti_mini,000015,pitch,3.0,deg,2,Pedestrian,pedestrian,24.3,15-30m,17.9,0,0.0,55,11,0.2,38.16
kitti_mini,000015,pitch,3.0,deg,3,Pedestrian,pedestrian,24.4,15-30m,19.8,0,0.0,70,14,0.2,38.17
kitti_mini,000015,pitch,3.0,deg,4,Pedestrian,pedestrian,23.4,15-30m,23.1,0,0.0,66,12,0.1818,38.13
kitti_mini,000015,roll,0.0,deg,0,Car,vehicle,4.9,0-15m,414.7,0,0.89,1650,1637,0.9921,0.0
kitti_mini,000015,roll,0.0,deg,1,Pedestrian,pedestrian,9.0,0-15m,79.6,1,0.0,386,371,0.9611,0.0
kitti_mini,000015,roll,0.0,deg,2,Pedestrian,pedestrian,24.3,15-30m,17.9,0,0.0,55,49,0.8909,0.0
kitti_mini,000015,roll,0.0,deg,3,Pedestrian,pedestrian,24.4,15-30m,19.8,0,0.0,70,59,0.8429,0.0
kitti_mini,000015,roll,0.0,deg,4,Pedestrian,pedestrian,23.4,15-30m,23.1,0,0.0,66,66,1.0,0.0
kitti_mini,000015,roll,0.25,deg,0,Car,vehicle,4.9,0-15m,414.7,0,0.89,1676,1660,0.9905,1.72
kitti_mini,000015,roll,0.25,deg,1,Pedestrian,pedestrian,9.0,0-15m,79.6,1,0.0,386,369,0.956,1.95
kitti_mini,000015,roll,0.25,deg,2,Pedestrian,pedestrian,24.3,15-30m,17.9,0,0.0,55,49,0.8909,0.33
kitti_mini,000015,roll,0.25,deg,3,Pedestrian,pedestrian,24.4,15-30m,19.8,0,0.0,70,59,0.8429,0.42
kitti_mini,000015,roll,0.25,deg,4,Pedestrian,pedestrian,23.4,15-30m,23.1,0,0.0,66,66,1.0,0.27
kitti_mini,000015,roll,0.5,deg,0,Car,vehicle,4.9,0-15m,414.7,0,0.89,1699,1688,0.9935,3.44
kitti_mini,000015,roll,0.5,deg,1,Pedestrian,pedestrian,9.0,0-15m,79.6,1,0.0,386,370,0.9585,3.9
kitti_mini,000015,roll,0.5,deg,2,Pedestrian,pedestrian,24.3,15-30m,17.9,0,0.0,55,49,0.8909,0.66
kitti_mini,000015,roll,0.5,deg,3,Pedestrian,pedestrian,24.4,15-30m,19.8,0,0.0,70,59,0.8429,0.83
kitti_mini,000015,roll,0.5,deg,4,Pedestrian,pedestrian,23.4,15-30m,23.1,0,0.0,66,66,1.0,0.54
kitti_mini,000015,roll,1.0,deg,0,Car,vehicle,4.9,0-15m,414.7,0,0.89,1745,1730,0.9914,6.87
kitti_mini,000015,roll,1.0,deg,1,Pedestrian,pedestrian,9.0,0-15m,79.6,1,0.0,386,369,0.956,7.8
kitti_mini,000015,roll,1.0,deg,2,Pedestrian,pedestrian,24.3,15-30m,17.9,0,0.0,55,49,0.8909,1.32
kitti_mini,000015,roll,1.0,deg,3,Pedestrian,pedestrian,24.4,15-30m,19.8,0,0.0,70,59,0.8429,1.67
kitti_mini,000015,roll,1.0,deg,4,Pedestrian,pedestrian,23.4,15-30m,23.1,0,0.0,66,66,1.0,1.08
kitti_mini,000015,roll,2.0,deg,0,Car,vehicle,4.9,0-15m,414.7,0,0.89,1859,1825,0.9817,13.73
kitti_mini,000015,roll,2.0,deg,1,Pedestrian,pedestrian,9.0,0-15m,79.6,1,0.0,386,348,0.9016,15.6
kitti_mini,000015,roll,2.0,deg,2,Pedestrian,pedestrian,24.3,15-30m,17.9,0,0.0,55,47,0.8545,2.63
kitti_mini,000015,roll,2.0,deg,3,Pedestrian,pedestrian,24.4,15-30m,19.8,0,0.0,70,56,0.8,3.34
kitti_mini,000015,roll,2.0,deg,4,Pedestrian,pedestrian,23.4,15-30m,23.1,0,0.0,66,66,1.0,2.17
kitti_mini,000015,roll,3.0,deg,0,Car,vehicle,4.9,0-15m,414.7,0,0.89,1953,1838,0.9411,20.6
kitti_mini,000015,roll,3.0,deg,1,Pedestrian,pedestrian,9.0,0-15m,79.6,1,0.0,386,331,0.8575,23.4
kitti_mini,000015,roll,3.0,deg,2,Pedestrian,pedestrian,24.3,15-30m,17.9,0,0.0,55,41,0.7455,3.95
kitti_mini,000015,roll,3.0,deg,3,Pedestrian,pedestrian,24.4,15-30m,19.8,0,0.0,70,55,0.7857,5.01
kitti_mini,000015,roll,3.0,deg,4,Pedestrian,pedestrian,23.4,15-30m,23.1,0,0.0,66,66,1.0,3.25
kitti_mini,000015,tx,0.0,m,0,Car,vehicle,4.9,0-15m,414.7,0,0.89,1650,1637,0.9921,0.0
kitti_mini,000015,tx,0.0,m,1,Pedestrian,pedestrian,9.0,0-15m,79.6,1,0.0,386,371,0.9611,0.0
kitti_mini,000015,tx,0.0,m,2,Pedestrian,pedestrian,24.3,15-30m,17.9,0,0.0,55,49,0.8909,0.0
kitti_mini,000015,tx,0.0,m,3,Pedestrian,pedestrian,24.4,15-30m,19.8,0,0.0,70,59,0.8429,0.0
kitti_mini,000015,tx,0.0,m,4,Pedestrian,pedestrian,23.4,15-30m,23.1,0,0.0,66,66,1.0,0.0
kitti_mini,000015,tx,0.02,m,0,Car,vehicle,4.9,0-15m,414.7,0,0.89,1670,1654,0.9904,1.86
kitti_mini,000015,tx,0.02,m,1,Pedestrian,pedestrian,9.0,0-15m,79.6,1,0.0,386,370,0.9585,1.19
kitti_mini,000015,tx,0.02,m,2,Pedestrian,pedestrian,24.3,15-30m,17.9,0,0.0,55,49,0.8909,0.06
kitti_mini,000015,tx,0.02,m,3,Pedestrian,pedestrian,24.4,15-30m,19.8,0,0.0,70,59,0.8429,0.08
kitti_mini,000015,tx,0.02,m,4,Pedestrian,pedestrian,23.4,15-30m,23.1,0,0.0,66,66,1.0,0.05
kitti_mini,000015,tx,0.05,m,0,Car,vehicle,4.9,0-15m,414.7,0,0.89,1699,1683,0.9906,4.63
kitti_mini,000015,tx,0.05,m,1,Pedestrian,pedestrian,9.0,0-15m,79.6,1,0.0,386,365,0.9456,2.97
kitti_mini,000015,tx,0.05,m,2,Pedestrian,pedestrian,24.3,15-30m,17.9,0,0.0,55,49,0.8909,0.16
kitti_mini,000015,tx,0.05,m,3,Pedestrian,pedestrian,24.4,15-30m,19.8,0,0.0,70,59,0.8429,0.2
kitti_mini,000015,tx,0.05,m,4,Pedestrian,pedestrian,23.4,15-30m,23.1,0,0.0,66,66,1.0,0.13
kitti_mini,000015,tx,0.1,m,0,Car,vehicle,4.9,0-15m,414.7,0,0.89,1748,1733,0.9914,9.14
kitti_mini,000015,tx,0.1,m,1,Pedestrian,pedestrian,9.0,0-15m,79.6,1,0.0,386,352,0.9119,5.91
kitti_mini,000015,tx,0.1,m,2,Pedestrian,pedestrian,24.3,15-30m,17.9,0,0.0,55,48,0.8727,0.31
kitti_mini,000015,tx,0.1,m,3,Pedestrian,pedestrian,24.4,15-30m,19.8,0,0.0,70,59,0.8429,0.4
kitti_mini,000015,tx,0.1,m,4,Pedestrian,pedestrian,23.4,15-30m,23.1,0,0.0,66,66,1.0,0.26
kitti_mini,000015,tx,0.2,m,0,Car,vehicle,4.9,0-15m,414.7,0,0.89,1867,1844,0.9877,17.84
kitti_mini,000015,tx,0.2,m,1,Pedestrian,pedestrian,9.0,0-15m,79.6,1,0.0,386,317,0.8212,11.66
kitti_mini,000015,tx,0.2,m,2,Pedestrian,pedestrian,24.3,15-30m,17.9,0,0.0,55,48,0.8727,0.63
kitti_mini,000015,tx,0.2,m,3,Pedestrian,pedestrian,24.4,15-30m,19.8,0,0.0,70,57,0.8143,0.79
kitti_mini,000015,tx,0.2,m,4,Pedestrian,pedestrian,23.4,15-30m,23.1,0,0.0,66,66,1.0,0.51
kitti_mini,000015,ty,0.0,m,0,Car,vehicle,4.9,0-15m,414.7,0,0.89,1650,1637,0.9921,0.0
kitti_mini,000015,ty,0.0,m,1,Pedestrian,pedestrian,9.0,0-15m,79.6,1,0.0,386,371,0.9611,0.0
kitti_mini,000015,ty,0.0,m,2,Pedestrian,pedestrian,24.3,15-30m,17.9,0,0.0,55,49,0.8909,0.0
kitti_mini,000015,ty,0.0,m,3,Pedestrian,pedestrian,24.4,15-30m,19.8,0,0.0,70,59,0.8429,0.0
kitti_mini,000015,ty,0.0,m,4,Pedestrian,pedestrian,23.4,15-30m,23.1,0,0.0,66,66,1.0,0.0
kitti_mini,000015,ty,0.02,m,0,Car,vehicle,4.9,0-15m,414.7,0,0.89,1646,1631,0.9909,3.38
kitti_mini,000015,ty,0.02,m,1,Pedestrian,pedestrian,9.0,0-15m,79.6,1,0.0,386,368,0.9534,1.91
kitti_mini,000015,ty,0.02,m,2,Pedestrian,pedestrian,24.3,15-30m,17.9,0,0.0,55,48,0.8727,0.59
kitti_mini,000015,ty,0.02,m,3,Pedestrian,pedestrian,24.4,15-30m,19.8,0,0.0,70,58,0.8286,0.59
kitti_mini,000015,ty,0.02,m,4,Pedestrian,pedestrian,23.4,15-30m,23.1,0,0.0,66,66,1.0,0.62
kitti_mini,000015,ty,0.05,m,0,Car,vehicle,4.9,0-15m,414.7,0,0.89,1642,1627,0.9909,8.43
kitti_mini,000015,ty,0.05,m,1,Pedestrian,pedestrian,9.0,0-15m,79.6,1,0.0,386,356,0.9223,4.78
kitti_mini,000015,ty,0.05,m,2,Pedestrian,pedestrian,24.3,15-30m,17.9,0,0.0,55,45,0.8182,1.49
kitti_mini,000015,ty,0.05,m,3,Pedestrian,pedestrian,24.4,15-30m,19.8,0,0.0,70,54,0.7714,1.48
kitti_mini,000015,ty,0.05,m,4,Pedestrian,pedestrian,23.4,15-30m,23.1,0,0.0,66,63,0.9545,1.54
kitti_mini,000015,ty,0.1,m,0,Car,vehicle,4.9,0-15m,414.7,0,0.89,1632,1618,0.9914,16.83
kitti_mini,000015,ty,0.1,m,1,Pedestrian,pedestrian,9.0,0-15m,79.6,1,0.0,386,324,0.8394,9.55
kitti_mini,000015,ty,0.1,m,2,Pedestrian,pedestrian,24.3,15-30m,17.9,0,0.0,55,38,0.6909,2.97
kitti_mini,000015,ty,0.1,m,3,Pedestrian,pedestrian,24.4,15-30m,19.8,0,0.0,70,48,0.6857,2.96
kitti_mini,000015,ty,0.1,m,4,Pedestrian,pedestrian,23.4,15-30m,23.1,0,0.0,66,61,0.9242,3.08
kitti_mini,000015,ty,0.2,m,0,Car,vehicle,4.9,0-15m,414.7,0,0.89,1612,1596,0.9901,33.53
kitti_mini,000015,ty,0.2,m,1,Pedestrian,pedestrian,9.0,0-15m,79.6,1,0.0,386,254,0.658,19.11
kitti_mini,000015,ty,0.2,m,2,Pedestrian,pedestrian,24.3,15-30m,17.9,0,0.0,55,25,0.4545,5.94
kitti_mini,000015,ty,0.2,m,3,Pedestrian,pedestrian,24.4,15-30m,19.8,0,0.0,70,33,0.4714,5.93
kitti_mini,000015,ty,0.2,m,4,Pedestrian,pedestrian,23.4,15-30m,23.1,0,0.0,66,50,0.7576,6.16
kitti_mini,000015,tz,0.0,m,0,Car,vehicle,4.9,0-15m,414.7,0,0.89,1650,1637,0.9921,0.0
kitti_mini,000015,tz,0.0,m,1,Pedestrian,pedestrian,9.0,0-15m,79.6,1,0.0,386,371,0.9611,0.0
kitti_mini,000015,tz,0.0,m,2,Pedestrian,pedestrian,24.3,15-30m,17.9,0,0.0,55,49,0.8909,0.0
kitti_mini,000015,tz,0.0,m,3,Pedestrian,pedestrian,24.4,15-30m,19.8,0,0.0,70,59,0.8429,0.0
kitti_mini,000015,tz,0.0,m,4,Pedestrian,pedestrian,23.4,15-30m,23.1,0,0.0,66,66,1.0,0.0
kitti_mini,000015,tz,0.02,m,0,Car,vehicle,4.9,0-15m,414.7,0,0.89,1706,1692,0.9918,3.39
kitti_mini,000015,tz,0.02,m,1,Pedestrian,pedestrian,9.0,0-15m,79.6,1,0.0,386,371,0.9611,1.9
kitti_mini,000015,tz,0.02,m,2,Pedestrian,pedestrian,24.3,15-30m,17.9,0,0.0,55,49,0.8909,0.59
kitti_mini,000015,tz,0.02,m,3,Pedestrian,pedestrian,24.4,15-30m,19.8,0,0.0,70,59,0.8429,0.59
kitti_mini,000015,tz,0.02,m,4,Pedestrian,pedestrian,23.4,15-30m,23.1,0,0.0,66,66,1.0,0.62
kitti_mini,000015,tz,0.05,m,0,Car,vehicle,4.9,0-15m,414.7,0,0.89,1800,1781,0.9894,8.47
kitti_mini,000015,tz,0.05,m,1,Pedestrian,pedestrian,9.0,0-15m,79.6,1,0.0,386,371,0.9611,4.76
kitti_mini,000015,tz,0.05,m,2,Pedestrian,pedestrian,24.3,15-30m,17.9,0,0.0,55,49,0.8909,1.49
kitti_mini,000015,tz,0.05,m,3,Pedestrian,pedestrian,24.4,15-30m,19.8,0,0.0,70,59,0.8429,1.48
kitti_mini,000015,tz,0.05,m,4,Pedestrian,pedestrian,23.4,15-30m,23.1,0,0.0,66,66,1.0,1.54
kitti_mini,000015,tz,0.1,m,0,Car,vehicle,4.9,0-15m,414.7,0,0.89,1939,1881,0.9701,16.93
kitti_mini,000015,tz,0.1,m,1,Pedestrian,pedestrian,9.0,0-15m,79.6,1,0.0,386,371,0.9611,9.52
kitti_mini,000015,tz,0.1,m,2,Pedestrian,pedestrian,24.3,15-30m,17.9,0,0.0,55,49,0.8909,2.97
kitti_mini,000015,tz,0.1,m,3,Pedestrian,pedestrian,24.4,15-30m,19.8,0,0.0,70,59,0.8429,2.96
kitti_mini,000015,tz,0.1,m,4,Pedestrian,pedestrian,23.4,15-30m,23.1,0,0.0,66,66,1.0,3.08
kitti_mini,000015,tz,0.2,m,0,Car,vehicle,4.9,0-15m,414.7,0,0.89,2238,2051,0.9164,33.86
kitti_mini,000015,tz,0.2,m,1,Pedestrian,pedestrian,9.0,0-15m,79.6,1,0.0,386,370,0.9585,19.05
kitti_mini,000015,tz,0.2,m,2,Pedestrian,pedestrian,24.3,15-30m,17.9,0,0.0,55,47,0.8545,5.94
kitti_mini,000015,tz,0.2,m,3,Pedestrian,pedestrian,24.4,15-30m,19.8,0,0.0,70,59,0.8429,5.93
kitti_mini,000015,tz,0.2,m,4,Pedestrian,pedestrian,23.4,15-30m,23.1,0,0.0,66,64,0.9697,6.16
kitti_mini,000016,yaw,0.0,deg,0,Car,vehicle,44.6,>30m,33.1,2,0.0,24,24,1.0,0.0
kitti_mini,000016,yaw,0.0,deg,2,Car,vehicle,33.4,>30m,49.4,0,0.0,51,51,1.0,0.0
kitti_mini,000016,yaw,0.0,deg,3,Car,vehicle,7.1,0-15m,386.2,0,0.5,1766,1761,0.9972,0.0
kitti_mini,000016,yaw,0.0,deg,4,Car,vehicle,47.2,>30m,33.0,0,0.0,10,10,1.0,0.0
kitti_mini,000016,yaw,0.25,deg,0,Car,vehicle,44.6,>30m,33.1,2,0.0,24,22,0.9167,3.19
kitti_mini,000016,yaw,0.25,deg,2,Car,vehicle,33.4,>30m,49.4,0,0.0,51,50,0.9804,3.23
kitti_mini,000016,yaw,0.25,deg,3,Car,vehicle,7.1,0-15m,386.2,0,0.5,1740,1735,0.9971,4.52
kitti_mini,000016,yaw,0.25,deg,4,Car,vehicle,47.2,>30m,33.0,0,0.0,10,9,0.9,3.23
kitti_mini,000016,yaw,0.5,deg,0,Car,vehicle,44.6,>30m,33.1,2,0.0,24,18,0.75,6.38
kitti_mini,000016,yaw,0.5,deg,2,Car,vehicle,33.4,>30m,49.4,0,0.0,51,46,0.902,6.46
kitti_mini,000016,yaw,0.5,deg,3,Car,vehicle,7.1,0-15m,386.2,0,0.5,1713,1706,0.9959,9.03
kitti_mini,000016,yaw,0.5,deg,4,Car,vehicle,47.2,>30m,33.0,0,0.0,10,8,0.8,6.47
kitti_mini,000016,yaw,1.0,deg,0,Car,vehicle,44.6,>30m,33.1,2,0.0,24,11,0.4583,12.76
kitti_mini,000016,yaw,1.0,deg,2,Car,vehicle,33.4,>30m,49.4,0,0.0,51,38,0.7451,12.9
kitti_mini,000016,yaw,1.0,deg,3,Car,vehicle,7.1,0-15m,386.2,0,0.5,1648,1642,0.9964,18.0
kitti_mini,000016,yaw,1.0,deg,4,Car,vehicle,47.2,>30m,33.0,0,0.0,10,7,0.7,12.95
kitti_mini,000016,yaw,2.0,deg,0,Car,vehicle,44.6,>30m,33.1,2,0.0,24,0,0.0,25.48
kitti_mini,000016,yaw,2.0,deg,2,Car,vehicle,33.4,>30m,49.4,0,0.0,51,22,0.4314,25.75
kitti_mini,000016,yaw,2.0,deg,3,Car,vehicle,7.1,0-15m,386.2,0,0.5,1520,1516,0.9974,35.77
kitti_mini,000016,yaw,2.0,deg,4,Car,vehicle,47.2,>30m,33.0,0,0.0,10,1,0.1,25.97
kitti_mini,000016,yaw,3.0,deg,0,Car,vehicle,44.6,>30m,33.1,2,0.0,24,0,0.0,38.18
kitti_mini,000016,yaw,3.0,deg,2,Car,vehicle,33.4,>30m,49.4,0,0.0,51,1,0.0196,38.55
kitti_mini,000016,yaw,3.0,deg,3,Car,vehicle,7.1,0-15m,386.2,0,0.5,1403,1397,0.9957,53.36
kitti_mini,000016,yaw,3.0,deg,4,Car,vehicle,47.2,>30m,33.0,0,0.0,10,0,0.0,39.07
kitti_mini,000016,pitch,0.0,deg,0,Car,vehicle,44.6,>30m,33.1,2,0.0,24,24,1.0,0.0
kitti_mini,000016,pitch,0.0,deg,2,Car,vehicle,33.4,>30m,49.4,0,0.0,51,51,1.0,0.0
kitti_mini,000016,pitch,0.0,deg,3,Car,vehicle,7.1,0-15m,386.2,0,0.5,1766,1761,0.9972,0.0
kitti_mini,000016,pitch,0.0,deg,4,Car,vehicle,47.2,>30m,33.0,0,0.0,10,10,1.0,0.0
kitti_mini,000016,pitch,0.25,deg,0,Car,vehicle,44.6,>30m,33.1,2,0.0,24,24,1.0,3.17
kitti_mini,000016,pitch,0.25,deg,2,Car,vehicle,33.4,>30m,49.4,0,0.0,51,51,1.0,3.18
kitti_mini,000016,pitch,0.25,deg,3,Car,vehicle,7.1,0-15m,386.2,0,0.5,1746,1735,0.9937,3.44
kitti_mini,000016,pitch,0.25,deg,4,Car,vehicle,47.2,>30m,33.0,0,0.0,10,10,1.0,3.17
kitti_mini,000016,pitch,0.5,deg,0,Car,vehicle,44.6,>30m,33.1,2,0.0,24,15,0.625,6.34
kitti_mini,000016,pitch,0.5,deg,2,Car,vehicle,33.4,>30m,49.4,0,0.0,51,42,0.8235,6.36
kitti_mini,000016,pitch,0.5,deg,3,Car,vehicle,7.1,0-15m,386.2,0,0.5,1715,1705,0.9942,6.87
kitti_mini,000016,pitch,0.5,deg,4,Car,vehicle,47.2,>30m,33.0,0,0.0,10,4,0.4,6.34
kitti_mini,000016,pitch,1.0,deg,0,Car,vehicle,44.6,>30m,33.1,2,0.0,24,0,0.0,12.69
kitti_mini,000016,pitch,1.0,deg,2,Car,vehicle,33.4,>30m,49.4,0,0.0,51,38,0.7451,12.72
kitti_mini,000016,pitch,1.0,deg,3,Car,vehicle,7.1,0-15m,386.2,0,0.5,1653,1643,0.994,13.74
kitti_mini,000016,pitch,1.0,deg,4,Car,vehicle,47.2,>30m,33.0,0,0.0,10,0,0.0,12.69
kitti_mini,000016,pitch,2.0,deg,0,Car,vehicle,44.6,>30m,33.1,2,0.0,24,0,0.0,25.4
kitti_mini,000016,pitch,2.0,deg,2,Car,vehicle,33.4,>30m,49.4,0,0.0,51,4,0.0784,25.46
kitti_mini,000016,pitch,2.0,deg,3,Car,vehicle,7.1,0-15m,386.2,0,0.5,1504,1493,0.9927,27.49
kitti_mini,000016,pitch,2.0,deg,4,Car,vehicle,47.2,>30m,33.0,0,0.0,10,0,0.0,25.41
kitti_mini,000016,pitch,3.0,deg,0,Car,vehicle,44.6,>30m,33.1,2,0.0,24,0,0.0,38.13
kitti_mini,000016,pitch,3.0,deg,2,Car,vehicle,33.4,>30m,49.4,0,0.0,51,0,0.0,38.23
kitti_mini,000016,pitch,3.0,deg,3,Car,vehicle,7.1,0-15m,386.2,0,0.5,1313,1303,0.9924,41.22
kitti_mini,000016,pitch,3.0,deg,4,Car,vehicle,47.2,>30m,33.0,0,0.0,10,0,0.0,38.16
kitti_mini,000016,roll,0.0,deg,0,Car,vehicle,44.6,>30m,33.1,2,0.0,24,24,1.0,0.0
kitti_mini,000016,roll,0.0,deg,2,Car,vehicle,33.4,>30m,49.4,0,0.0,51,51,1.0,0.0
kitti_mini,000016,roll,0.0,deg,3,Car,vehicle,7.1,0-15m,386.2,0,0.5,1766,1761,0.9972,0.0
kitti_mini,000016,roll,0.0,deg,4,Car,vehicle,47.2,>30m,33.0,0,0.0,10,10,1.0,0.0
kitti_mini,000016,roll,0.25,deg,0,Car,vehicle,44.6,>30m,33.1,2,0.0,24,24,1.0,0.28
kitti_mini,000016,roll,0.25,deg,2,Car,vehicle,33.4,>30m,49.4,0,0.0,51,51,1.0,0.42
kitti_mini,000016,roll,0.25,deg,3,Car,vehicle,7.1,0-15m,386.2,0,0.5,1778,1773,0.9972,1.99
kitti_mini,000016,roll,0.25,deg,4,Car,vehicle,47.2,>30m,33.0,0,0.0,10,10,1.0,0.45
kitti_mini,000016,roll,0.5,deg,0,Car,vehicle,44.6,>30m,33.1,2,0.0,24,24,1.0,0.56
kitti_mini,000016,roll,0.5,deg,2,Car,vehicle,33.4,>30m,49.4,0,0.0,51,51,1.0,0.84
kitti_mini,000016,roll,0.5,deg,3,Car,vehicle,7.1,0-15m,386.2,0,0.5,1788,1784,0.9978,3.98
kitti_mini,000016,roll,0.5,deg,4,Car,vehicle,47.2,>30m,33.0,0,0.0,10,10,1.0,0.9
kitti_mini,000016,roll,1.0,deg,0,Car,vehicle,44.6,>30m,33.1,2,0.0,24,24,1.0,1.12
kitti_mini,000016,roll,1.0,deg,2,Car,vehicle,33.4,>30m,49.4,0,0.0,51,51,1.0,1.68
kitti_mini,000016,roll,1.0,deg,3,Car,vehicle,7.1,0-15m,386.2,0,0.5,1807,1802,0.9972,7.96
kitti_mini,000016,roll,1.0,deg,4,Car,vehicle,47.2,>30m,33.0,0,0.0,10,10,1.0,1.79
kitti_mini,000016,roll,2.0,deg,0,Car,vehicle,44.6,>30m,33.1,2,0.0,24,24,1.0,2.25
kitti_mini,000016,roll,2.0,deg,2,Car,vehicle,33.4,>30m,49.4,0,0.0,51,48,0.9412,3.36
kitti_mini,000016,roll,2.0,deg,3,Car,vehicle,7.1,0-15m,386.2,0,0.5,1838,1820,0.9902,15.9
kitti_mini,000016,roll,2.0,deg,4,Car,vehicle,47.2,>30m,33.0,0,0.0,10,10,1.0,3.58
kitti_mini,000016,roll,3.0,deg,0,Car,vehicle,44.6,>30m,33.1,2,0.0,24,21,0.875,3.37
kitti_mini,000016,roll,3.0,deg,2,Car,vehicle,33.4,>30m,49.4,0,0.0,51,42,0.8235,5.04
kitti_mini,000016,roll,3.0,deg,3,Car,vehicle,7.1,0-15m,386.2,0,0.5,1858,1760,0.9473,23.8
kitti_mini,000016,roll,3.0,deg,4,Car,vehicle,47.2,>30m,33.0,0,0.0,10,10,1.0,5.37
kitti_mini,000016,tx,0.0,m,0,Car,vehicle,44.6,>30m,33.1,2,0.0,24,24,1.0,0.0
kitti_mini,000016,tx,0.0,m,2,Car,vehicle,33.4,>30m,49.4,0,0.0,51,51,1.0,0.0
kitti_mini,000016,tx,0.0,m,3,Car,vehicle,7.1,0-15m,386.2,0,0.5,1766,1761,0.9972,0.0
kitti_mini,000016,tx,0.0,m,4,Car,vehicle,47.2,>30m,33.0,0,0.0,10,10,1.0,0.0
kitti_mini,000016,tx,0.02,m,0,Car,vehicle,44.6,>30m,33.1,2,0.0,24,24,1.0,0.03
kitti_mini,000016,tx,0.02,m,2,Car,vehicle,33.4,>30m,49.4,0,0.0,51,51,1.0,0.06
kitti_mini,000016,tx,0.02,m,3,Car,vehicle,7.1,0-15m,386.2,0,0.5,1778,1772,0.9966,1.71
kitti_mini,000016,tx,0.02,m,4,Car,vehicle,47.2,>30m,33.0,0,0.0,10,10,1.0,0.04
kitti_mini,000016,tx,0.05,m,0,Car,vehicle,44.6,>30m,33.1,2,0.0,24,24,1.0,0.08
kitti_mini,000016,tx,0.05,m,2,Car,vehicle,33.4,>30m,49.4,0,0.0,51,51,1.0,0.15
kitti_mini,000016,tx,0.05,m,3,Car,vehicle,7.1,0-15m,386.2,0,0.5,1798,1792,0.9967,4.25
kitti_mini,000016,tx,0.05,m,4,Car,vehicle,47.2,>30m,33.0,0,0.0,10,10,1.0,0.11
kitti_mini,000016,tx,0.1,m,0,Car,vehicle,44.6,>30m,33.1,2,0.0,24,24,1.0,0.15
kitti_mini,000016,tx,0.1,m,2,Car,vehicle,33.4,>30m,49.4,0,0.0,51,51,1.0,0.31
kitti_mini,000016,tx,0.1,m,3,Car,vehicle,7.1,0-15m,386.2,0,0.5,1826,1820,0.9967,8.42
kitti_mini,000016,tx,0.1,m,4,Car,vehicle,47.2,>30m,33.0,0,0.0,10,10,1.0,0.22
kitti_mini,000016,tx,0.2,m,0,Car,vehicle,44.6,>30m,33.1,2,0.0,24,24,1.0,0.31
kitti_mini,000016,tx,0.2,m,2,Car,vehicle,33.4,>30m,49.4,0,0.0,51,51,1.0,0.61
kitti_mini,000016,tx,0.2,m,3,Car,vehicle,7.1,0-15m,386.2,0,0.5,1872,1867,0.9973,16.53
kitti_mini,000016,tx,0.2,m,4,Car,vehicle,47.2,>30m,33.0,0,0.0,10,10,1.0,0.44
kitti_mini,000016,ty,0.0,m,0,Car,vehicle,44.6,>30m,33.1,2,0.0,24,24,1.0,0.0
kitti_mini,000016,ty,0.0,m,2,Car,vehicle,33.4,>30m,49.4,0,0.0,51,51,1.0,0.0
kitti_mini,000016,ty,0.0,m,3,Car,vehicle,7.1,0-15m,386.2,0,0.5,1766,1761,0.9972,0.0
kitti_mini,000016,ty,0.0,m,4,Car,vehicle,47.2,>30m,33.0,0,0.0,10,10,1.0,0.0
kitti_mini,000016,ty,0.02,m,0,Car,vehicle,44.6,>30m,33.1,2,0.0,24,24,1.0,0.34
kitti_mini,000016,ty,0.02,m,2,Car,vehicle,33.4,>30m,49.4,0,0.0,51,51,1.0,0.46
kitti_mini,000016,ty,0.02,m,3,Car,vehicle,7.1,0-15m,386.2,0,0.5,1754,1750,0.9977,2.68
kitti_mini,000016,ty,0.02,m,4,Car,vehicle,47.2,>30m,33.0,0,0.0,10,10,1.0,0.32
kitti_mini,000016,ty,0.05,m,0,Car,vehicle,44.6,>30m,33.1,2,0.0,24,24,1.0,0.85
kitti_mini,000016,ty,0.05,m,2,Car,vehicle,33.4,>30m,49.4,0,0.0,51,51,1.0,1.14
kitti_mini,000016,ty,0.05,m,3,Car,vehicle,7.1,0-15m,386.2,0,0.5,1730,1726,0.9977,6.68
kitti_mini,000016,ty,0.05,m,4,Car,vehicle,47.2,>30m,33.0,0,0.0,10,10,1.0,0.79
kitti_mini,000016,ty,0.1,m,0,Car,vehicle,44.6,>30m,33.1,2,0.0,24,24,1.0,1.7
kitti_mini,000016,ty,0.1,m,2,Car,vehicle,33.4,>30m,49.4,0,0.0,51,51,1.0,2.28
kitti_mini,000016,ty,0.1,m,3,Car,vehicle,7.1,0-15m,386.2,0,0.5,1689,1685,0.9976,13.28
kitti_mini,000016,ty,0.1,m,4,Car,vehicle,47.2,>30m,33.0,0,0.0,10,10,1.0,1.58
kitti_mini,000016,ty,0.2,m,0,Car,vehicle,44.6,>30m,33.1,2,0.0,24,22,0.9167,3.4
kitti_mini,000016,ty,0.2,m,2,Car,vehicle,33.4,>30m,49.4,0,0.0,51,49,0.9608,4.57
kitti_mini,000016,ty,0.2,m,3,Car,vehicle,7.1,0-15m,386.2,0,0.5,1606,1601,0.9969,26.24
kitti_mini,000016,ty,0.2,m,4,Car,vehicle,47.2,>30m,33.0,0,0.0,10,9,0.9,3.17
kitti_mini,000016,tz,0.0,m,0,Car,vehicle,44.6,>30m,33.1,2,0.0,24,24,1.0,0.0
kitti_mini,000016,tz,0.0,m,2,Car,vehicle,33.4,>30m,49.4,0,0.0,51,51,1.0,0.0
kitti_mini,000016,tz,0.0,m,3,Car,vehicle,7.1,0-15m,386.2,0,0.5,1766,1761,0.9972,0.0
kitti_mini,000016,tz,0.0,m,4,Car,vehicle,47.2,>30m,33.0,0,0.0,10,10,1.0,0.0
kitti_mini,000016,tz,0.02,m,0,Car,vehicle,44.6,>30m,33.1,2,0.0,24,24,1.0,0.34
kitti_mini,000016,tz,0.02,m,2,Car,vehicle,33.4,>30m,49.4,0,0.0,51,51,1.0,0.46
kitti_mini,000016,tz,0.02,m,3,Car,vehicle,7.1,0-15m,386.2,0,0.5,1781,1777,0.9978,2.69
kitti_mini,000016,tz,0.02,m,4,Car,vehicle,47.2,>30m,33.0,0,0.0,10,10,1.0,0.32
kitti_mini,000016,tz,0.05,m,0,Car,vehicle,44.6,>30m,33.1,2,0.0,24,24,1.0,0.85
kitti_mini,000016,tz,0.05,m,2,Car,vehicle,33.4,>30m,49.4,0,0.0,51,51,1.0,1.14
kitti_mini,000016,tz,0.05,m,3,Car,vehicle,7.1,0-15m,386.2,0,0.5,1806,1799,0.9961,6.73
kitti_mini,000016,tz,0.05,m,4,Car,vehicle,47.2,>30m,33.0,0,0.0,10,10,1.0,0.79
kitti_mini,000016,tz,0.1,m,0,Car,vehicle,44.6,>30m,33.1,2,0.0,24,24,1.0,1.7
kitti_mini,000016,tz,0.1,m,2,Car,vehicle,33.4,>30m,49.4,0,0.0,51,51,1.0,2.28
kitti_mini,000016,tz,0.1,m,3,Car,vehicle,7.1,0-15m,386.2,0,0.5,1842,1840,0.9989,13.45
kitti_mini,000016,tz,0.1,m,4,Car,vehicle,47.2,>30m,33.0,0,0.0,10,10,1.0,1.59
kitti_mini,000016,tz,0.2,m,0,Car,vehicle,44.6,>30m,33.1,2,0.0,24,24,1.0,3.4
kitti_mini,000016,tz,0.2,m,2,Car,vehicle,33.4,>30m,49.4,0,0.0,51,51,1.0,4.57
kitti_mini,000016,tz,0.2,m,3,Car,vehicle,7.1,0-15m,386.2,0,0.5,1888,1791,0.9486,26.9
kitti_mini,000016,tz,0.2,m,4,Car,vehicle,47.2,>30m,33.0,0,0.0,10,10,1.0,3.17
kitti_mini,000019,yaw,0.0,deg,1,Car,vehicle,10.1,0-15m,202.1,0,0.0,1236,1236,1.0,0.0
kitti_mini,000019,yaw,0.0,deg,2,Van,vehicle,35.4,>30m,44.3,0,0.0,106,106,1.0,0.0
kitti_mini,000019,yaw,0.0,deg,3,Car,vehicle,59.7,>30m,24.4,0,0.0,19,19,1.0,0.0
kitti_mini,000019,yaw,0.25,deg,1,Car,vehicle,10.1,0-15m,202.1,0,0.0,1236,1236,1.0,3.58
kitti_mini,000019,yaw,0.25,deg,2,Van,vehicle,35.4,>30m,44.3,0,0.0,106,106,1.0,3.19
kitti_mini,000019,yaw,0.25,deg,3,Car,vehicle,59.7,>30m,24.4,0,0.0,19,17,0.8947,3.18
kitti_mini,000019,yaw,0.5,deg,1,Car,vehicle,10.1,0-15m,202.1,0,0.0,1236,1236,1.0,7.15
kitti_mini,000019,yaw,0.5,deg,2,Van,vehicle,35.4,>30m,44.3,0,0.0,106,99,0.934,6.38
kitti_mini,000019,yaw,0.5,deg,3,Car,vehicle,59.7,>30m,24.4,0,0.0,19,13,0.6842,6.36
kitti_mini,000019,yaw,1.0,deg,1,Car,vehicle,10.1,0-15m,202.1,0,0.0,1236,1226,0.9919,14.27
kitti_mini,000019,yaw,1.0,deg,2,Van,vehicle,35.4,>30m,44.3,0,0.0,106,78,0.7358,12.75
kitti_mini,000019,yaw,1.0,deg,3,Car,vehicle,59.7,>30m,24.4,0,0.0,19,6,0.3158,12.73
kitti_mini,000019,yaw,2.0,deg,1,Car,vehicle,10.1,0-15m,202.1,0,0.0,1236,1162,0.9401,28.39
kitti_mini,000019,yaw,2.0,deg,2,Van,vehicle,35.4,>30m,44.3,0,0.0,106,42,0.3962,25.48
kitti_mini,000019,yaw,2.0,deg,3,Car,vehicle,59.7,>30m,24.4,0,0.0,19,0,0.0,25.5
kitti_mini,000019,yaw,3.0,deg,1,Car,vehicle,10.1,0-15m,202.1,0,0.0,1236,1098,0.8883,42.36
kitti_mini,000019,yaw,3.0,deg,2,Van,vehicle,35.4,>30m,44.3,0,0.0,106,13,0.1226,38.19
kitti_mini,000019,yaw,3.0,deg,3,Car,vehicle,59.7,>30m,24.4,0,0.0,19,0,0.0,38.32
kitti_mini,000019,pitch,0.0,deg,1,Car,vehicle,10.1,0-15m,202.1,0,0.0,1236,1236,1.0,0.0
kitti_mini,000019,pitch,0.0,deg,2,Van,vehicle,35.4,>30m,44.3,0,0.0,106,106,1.0,0.0
kitti_mini,000019,pitch,0.0,deg,3,Car,vehicle,59.7,>30m,24.4,0,0.0,19,19,1.0,0.0
kitti_mini,000019,pitch,0.25,deg,1,Car,vehicle,10.1,0-15m,202.1,0,0.0,1236,1230,0.9951,3.3
kitti_mini,000019,pitch,0.25,deg,2,Van,vehicle,35.4,>30m,44.3,0,0.0,106,97,0.9151,3.18
kitti_mini,000019,pitch,0.25,deg,3,Car,vehicle,59.7,>30m,24.4,0,0.0,19,19,1.0,3.17
kitti_mini,000019,pitch,0.5,deg,1,Car,vehicle,10.1,0-15m,202.1,0,0.0,1236,1223,0.9895,6.61
kitti_mini,000019,pitch,0.5,deg,2,Van,vehicle,35.4,>30m,44.3,0,0.0,106,97,0.9151,6.36
kitti_mini,000019,pitch,0.5,deg,3,Car,vehicle,59.7,>30m,24.4,0,0.0,19,15,0.7895,6.33
kitti_mini,000019,pitch,1.0,deg,1,Car,vehicle,10.1,0-15m,202.1,0,0.0,1236,1181,0.9555,13.23
kitti_mini,000019,pitch,1.0,deg,2,Van,vehicle,35.4,>30m,44.3,0,0.0,106,65,0.6132,12.72
kitti_mini,000019,pitch,1.0,deg,3,Car,vehicle,59.7,>30m,24.4,0,0.0,19,1,0.0526,12.67
kitti_mini,000019,pitch,2.0,deg,1,Car,vehicle,10.1,0-15m,202.1,0,0.0,1236,1060,0.8576,26.54
kitti_mini,000019,pitch,2.0,deg,2,Van,vehicle,35.4,>30m,44.3,0,0.0,106,12,0.1132,25.47
kitti_mini,000019,pitch,2.0,deg,3,Car,vehicle,59.7,>30m,24.4,0,0.0,19,0,0.0,25.37
kitti_mini,000019,pitch,3.0,deg,1,Car,vehicle,10.1,0-15m,202.1,0,0.0,1236,970,0.7848,39.92
kitti_mini,000019,pitch,3.0,deg,2,Van,vehicle,35.4,>30m,44.3,0,0.0,106,0,0.0,38.24
kitti_mini,000019,pitch,3.0,deg,3,Car,vehicle,59.7,>30m,24.4,0,0.0,19,0,0.0,38.09
kitti_mini,000019,roll,0.0,deg,1,Car,vehicle,10.1,0-15m,202.1,0,0.0,1236,1236,1.0,0.0
kitti_mini,000019,roll,0.0,deg,2,Van,vehicle,35.4,>30m,44.3,0,0.0,106,106,1.0,0.0
kitti_mini,000019,roll,0.0,deg,3,Car,vehicle,59.7,>30m,24.4,0,0.0,19,19,1.0,0.0
kitti_mini,000019,roll,0.25,deg,1,Car,vehicle,10.1,0-15m,202.1,0,0.0,1236,1235,0.9992,1.06
kitti_mini,000019,roll,0.25,deg,2,Van,vehicle,35.4,>30m,44.3,0,0.0,106,106,1.0,0.24
kitti_mini,000019,roll,0.25,deg,3,Car,vehicle,59.7,>30m,24.4,0,0.0,19,19,1.0,0.23
kitti_mini,000019,roll,0.5,deg,1,Car,vehicle,10.1,0-15m,202.1,0,0.0,1236,1230,0.9951,2.13
kitti_mini,000019,roll,0.5,deg,2,Van,vehicle,35.4,>30m,44.3,0,0.0,106,106,1.0,0.48
kitti_mini,000019,roll,0.5,deg,3,Car,vehicle,59.7,>30m,24.4,0,0.0,19,19,1.0,0.45
kitti_mini,000019,roll,1.0,deg,1,Car,vehicle,10.1,0-15m,202.1,0,0.0,1236,1230,0.9951,4.25
kitti_mini,000019,roll,1.0,deg,2,Van,vehicle,35.4,>30m,44.3,0,0.0,106,106,1.0,0.95
kitti_mini,000019,roll,1.0,deg,3,Car,vehicle,59.7,>30m,24.4,0,0.0,19,19,1.0,0.91
kitti_mini,000019,roll,2.0,deg,1,Car,vehicle,10.1,0-15m,202.1,0,0.0,1236,1206,0.9757,8.5
kitti_mini,000019,roll,2.0,deg,2,Van,vehicle,35.4,>30m,44.3,0,0.0,106,106,1.0,1.9
kitti_mini,000019,roll,2.0,deg,3,Car,vehicle,59.7,>30m,24.4,0,0.0,19,19,1.0,1.81
kitti_mini,000019,roll,3.0,deg,1,Car,vehicle,10.1,0-15m,202.1,0,0.0,1236,1175,0.9506,12.76
kitti_mini,000019,roll,3.0,deg,2,Van,vehicle,35.4,>30m,44.3,0,0.0,106,102,0.9623,2.85
kitti_mini,000019,roll,3.0,deg,3,Car,vehicle,59.7,>30m,24.4,0,0.0,19,19,1.0,2.72
kitti_mini,000019,tx,0.0,m,1,Car,vehicle,10.1,0-15m,202.1,0,0.0,1236,1236,1.0,0.0
kitti_mini,000019,tx,0.0,m,2,Van,vehicle,35.4,>30m,44.3,0,0.0,106,106,1.0,0.0
kitti_mini,000019,tx,0.0,m,3,Car,vehicle,59.7,>30m,24.4,0,0.0,19,19,1.0,0.0
kitti_mini,000019,tx,0.02,m,1,Car,vehicle,10.1,0-15m,202.1,0,0.0,1236,1236,1.0,0.58
kitti_mini,000019,tx,0.02,m,2,Van,vehicle,35.4,>30m,44.3,0,0.0,106,106,1.0,0.03
kitti_mini,000019,tx,0.02,m,3,Car,vehicle,59.7,>30m,24.4,0,0.0,19,19,1.0,0.02
kitti_mini,000019,tx,0.05,m,1,Car,vehicle,10.1,0-15m,202.1,0,0.0,1236,1236,1.0,1.45
kitti_mini,000019,tx,0.05,m,2,Van,vehicle,35.4,>30m,44.3,0,0.0,106,106,1.0,0.08
kitti_mini,000019,tx,0.05,m,3,Car,vehicle,59.7,>30m,24.4,0,0.0,19,19,1.0,0.04
kitti_mini,000019,tx,0.1,m,1,Car,vehicle,10.1,0-15m,202.1,0,0.0,1236,1236,1.0,2.88
kitti_mini,000019,tx,0.1,m,2,Van,vehicle,35.4,>30m,44.3,0,0.0,106,106,1.0,0.16
kitti_mini,000019,tx,0.1,m,3,Car,vehicle,59.7,>30m,24.4,0,0.0,19,19,1.0,0.09
kitti_mini,000019,tx,0.2,m,1,Car,vehicle,10.1,0-15m,202.1,0,0.0,1236,1236,1.0,5.7
kitti_mini,000019,tx,0.2,m,2,Van,vehicle,35.4,>30m,44.3,0,0.0,106,106,1.0,0.33
kitti_mini,000019,tx,0.2,m,3,Car,vehicle,59.7,>30m,24.4,0,0.0,19,19,1.0,0.18
kitti_mini,000019,ty,0.0,m,1,Car,vehicle,10.1,0-15m,202.1,0,0.0,1236,1236,1.0,0.0
kitti_mini,000019,ty,0.0,m,2,Van,vehicle,35.4,>30m,44.3,0,0.0,106,106,1.0,0.0
kitti_mini,000019,ty,0.0,m,3,Car,vehicle,59.7,>30m,24.4,0,0.0,19,19,1.0,0.0
kitti_mini,000019,ty,0.02,m,1,Car,vehicle,10.1,0-15m,202.1,0,0.0,1236,1236,1.0,1.69
kitti_mini,000019,ty,0.02,m,2,Van,vehicle,35.4,>30m,44.3,0,0.0,106,106,1.0,0.43
kitti_mini,000019,ty,0.02,m,3,Car,vehicle,59.7,>30m,24.4,0,0.0,19,19,1.0,0.25
kitti_mini,000019,ty,0.05,m,1,Car,vehicle,10.1,0-15m,202.1,0,0.0,1236,1236,1.0,4.24
kitti_mini,000019,ty,0.05,m,2,Van,vehicle,35.4,>30m,44.3,0,0.0,106,106,1.0,1.08
kitti_mini,000019,ty,0.05,m,3,Car,vehicle,59.7,>30m,24.4,0,0.0,19,19,1.0,0.62
kitti_mini,000019,ty,0.1,m,1,Car,vehicle,10.1,0-15m,202.1,0,0.0,1236,1236,1.0,8.47
kitti_mini,000019,ty,0.1,m,2,Van,vehicle,35.4,>30m,44.3,0,0.0,106,106,1.0,2.16
kitti_mini,000019,ty,0.1,m,3,Car,vehicle,59.7,>30m,24.4,0,0.0,19,19,1.0,1.25
kitti_mini,000019,ty,0.2,m,1,Car,vehicle,10.1,0-15m,202.1,0,0.0,1236,1227,0.9927,16.95
kitti_mini,000019,ty,0.2,m,2,Van,vehicle,35.4,>30m,44.3,0,0.0,106,106,1.0,4.32
kitti_mini,000019,ty,0.2,m,3,Car,vehicle,59.7,>30m,24.4,0,0.0,19,17,0.8947,2.5
kitti_mini,000019,tz,0.0,m,1,Car,vehicle,10.1,0-15m,202.1,0,0.0,1236,1236,1.0,0.0
kitti_mini,000019,tz,0.0,m,2,Van,vehicle,35.4,>30m,44.3,0,0.0,106,106,1.0,0.0
kitti_mini,000019,tz,0.0,m,3,Car,vehicle,59.7,>30m,24.4,0,0.0,19,19,1.0,0.0
kitti_mini,000019,tz,0.02,m,1,Car,vehicle,10.1,0-15m,202.1,0,0.0,1236,1236,1.0,1.7
kitti_mini,000019,tz,0.02,m,2,Van,vehicle,35.4,>30m,44.3,0,0.0,106,106,1.0,0.43
kitti_mini,000019,tz,0.02,m,3,Car,vehicle,59.7,>30m,24.4,0,0.0,19,19,1.0,0.25
kitti_mini,000019,tz,0.05,m,1,Car,vehicle,10.1,0-15m,202.1,0,0.0,1236,1214,0.9822,4.24
kitti_mini,000019,tz,0.05,m,2,Van,vehicle,35.4,>30m,44.3,0,0.0,106,106,1.0,1.08
kitti_mini,000019,tz,0.05,m,3,Car,vehicle,59.7,>30m,24.4,0,0.0,19,19,1.0,0.62
kitti_mini,000019,tz,0.1,m,1,Car,vehicle,10.1,0-15m,202.1,0,0.0,1236,1176,0.9515,8.48
kitti_mini,000019,tz,0.1,m,2,Van,vehicle,35.4,>30m,44.3,0,0.0,106,106,1.0,2.16
kitti_mini,000019,tz,0.1,m,3,Car,vehicle,59.7,>30m,24.4,0,0.0,19,19,1.0,1.25
kitti_mini,000019,tz,0.2,m,1,Car,vehicle,10.1,0-15m,202.1,0,0.0,1236,1083,0.8762,16.96
kitti_mini,000019,tz,0.2,m,2,Van,vehicle,35.4,>30m,44.3,0,0.0,106,106,1.0,4.32
kitti_mini,000019,tz,0.2,m,3,Car,vehicle,59.7,>30m,24.4,0,0.0,19,19,1.0,2.5
kitti_mini,000021,yaw,0.0,deg,0,Cyclist,cyclist,4.2,0-15m,184.8,0,0.89,186,176,0.9462,0.0
kitti_mini,000021,yaw,0.0,deg,1,Car,vehicle,13.6,0-15m,156.9,0,0.0,850,850,1.0,0.0
kitti_mini,000021,yaw,0.0,deg,2,Car,vehicle,17.8,15-30m,115.1,1,0.0,238,238,1.0,0.0
kitti_mini,000021,yaw,0.0,deg,3,Van,vehicle,23.9,15-30m,230.5,1,0.0,964,964,1.0,0.0
kitti_mini,000021,yaw,0.0,deg,4,Car,vehicle,26.5,15-30m,66.0,0,0.0,176,176,1.0,0.0
kitti_mini,000021,yaw,0.0,deg,5,Car,vehicle,26.9,15-30m,61.8,1,0.0,113,113,1.0,0.0
kitti_mini,000021,yaw,0.0,deg,6,Car,vehicle,32.6,>30m,55.9,2,0.0,50,50,1.0,0.0
kitti_mini,000021,yaw,0.0,deg,7,Car,vehicle,31.8,>30m,43.6,2,0.0,28,28,1.0,0.0
kitti_mini,000021,yaw,0.25,deg,0,Cyclist,cyclist,4.2,0-15m,184.8,0,0.89,211,205,0.9716,5.53
kitti_mini,000021,yaw,0.25,deg,1,Car,vehicle,13.6,0-15m,156.9,0,0.0,850,850,1.0,3.4
kitti_mini,000021,yaw,0.25,deg,2,Car,vehicle,17.8,15-30m,115.1,1,0.0,238,238,1.0,3.25
kitti_mini,000021,yaw,0.25,deg,3,Van,vehicle,23.9,15-30m,230.5,1,0.0,964,964,1.0,4.02
kitti_mini,000021,yaw,0.25,deg,4,Car,vehicle,26.5,15-30m,66.0,0,0.0,176,176,1.0,3.32
kitti_mini,000021,yaw,0.25,deg,5,Car,vehicle,26.9,15-30m,61.8,1,0.0,113,113,1.0,3.19
kitti_mini,000021,yaw,0.25,deg,6,Car,vehicle,32.6,>30m,55.9,2,0.0,50,49,0.98,3.26
kitti_mini,000021,yaw,0.25,deg,7,Car,vehicle,31.8,>30m,43.6,2,0.0,28,28,1.0,3.18
kitti_mini,000021,yaw,0.5,deg,0,Cyclist,cyclist,4.2,0-15m,184.8,0,0.89,230,229,0.9957,11.02
kitti_mini,000021,yaw,0.5,deg,1,Car,vehicle,13.6,0-15m,156.9,0,0.0,850,850,1.0,6.81
kitti_mini,000021,yaw,0.5,deg,2,Car,vehicle,17.8,15-30m,115.1,1,0.0,238,238,1.0,6.51
kitti_mini,000021,yaw,0.5,deg,3,Van,vehicle,23.9,15-30m,230.5,1,0.0,964,963,0.999,8.02
kitti_mini,000021,yaw,0.5,deg,4,Car,vehicle,26.5,15-30m,66.0,0,0.0,176,175,0.9943,6.63
kitti_mini,000021,yaw,0.5,deg,5,Car,vehicle,26.9,15-30m,61.8,1,0.0,113,113,1.0,6.39
kitti_mini,000021,yaw,0.5,deg,6,Car,vehicle,32.6,>30m,55.9,2,0.0,50,47,0.94,6.52
kitti_mini,000021,yaw,0.5,deg,7,Car,vehicle,31.8,>30m,43.6,2,0.0,28,28,1.0,6.36
kitti_mini,000021,yaw,1.0,deg,0,Cyclist,cyclist,4.2,0-15m,184.8,0,0.89,286,274,0.958,21.88
kitti_mini,000021,yaw,1.0,deg,1,Car,vehicle,13.6,0-15m,156.9,0,0.0,850,845,0.9941,13.65
kitti_mini,000021,yaw,1.0,deg,2,Car,vehicle,17.8,15-30m,115.1,1,0.0,238,238,1.0,13.03
kitti_mini,000021,yaw,1.0,deg,3,Van,vehicle,23.9,15-30m,230.5,1,0.0,964,923,0.9575,15.97
kitti_mini,000021,yaw,1.0,deg,4,Car,vehicle,26.5,15-30m,66.0,0,0.0,176,161,0.9148,13.24
kitti_mini,000021,yaw,1.0,deg,5,Car,vehicle,26.9,15-30m,61.8,1,0.0,113,113,1.0,12.78
kitti_mini,000021,yaw,1.0,deg,6,Car,vehicle,32.6,>30m,55.9,2,0.0,50,40,0.8,13.03
kitti_mini,000021,yaw,1.0,deg,7,Car,vehicle,31.8,>30m,43.6,2,0.0,28,28,1.0,12.72
kitti_mini,000021,yaw,2.0,deg,0,Cyclist,cyclist,4.2,0-15m,184.8,0,0.89,383,380,0.9922,43.16
kitti_mini,000021,yaw,2.0,deg,1,Car,vehicle,13.6,0-15m,156.9,0,0.0,850,789,0.9282,27.43
kitti_mini,000021,yaw,2.0,deg,2,Car,vehicle,17.8,15-30m,115.1,1,0.0,238,236,0.9916,26.12
kitti_mini,000021,yaw,2.0,deg,3,Van,vehicle,23.9,15-30m,230.5,1,0.0,964,904,0.9378,31.67
kitti_mini,000021,yaw,2.0,deg,4,Car,vehicle,26.5,15-30m,66.0,0,0.0,176,122,0.6932,26.39
kitti_mini,000021,yaw,2.0,deg,5,Car,vehicle,26.9,15-30m,61.8,1,0.0,113,88,0.7788,25.6
kitti_mini,000021,yaw,2.0,deg,6,Car,vehicle,32.6,>30m,55.9,2,0.0,50,14,0.28,25.99
kitti_mini,000021,yaw,2.0,deg,7,Car,vehicle,31.8,>30m,43.6,2,0.0,28,28,1.0,25.45
kitti_mini,000021,yaw,3.0,deg,0,Cyclist,cyclist,4.2,0-15m,184.8,0,0.89,480,473,0.9854,63.86
kitti_mini,000021,yaw,3.0,deg,1,Car,vehicle,13.6,0-15m,156.9,0,0.0,850,717,0.8435,41.33
kitti_mini,000021,yaw,3.0,deg,2,Car,vehicle,17.8,15-30m,115.1,1,0.0,238,227,0.9538,39.28
kitti_mini,000021,yaw,3.0,deg,3,Van,vehicle,23.9,15-30m,230.5,1,0.0,964,829,0.86,47.11
kitti_mini,000021,yaw,3.0,deg,4,Car,vehicle,26.5,15-30m,66.0,0,0.0,176,77,0.4375,39.46
kitti_mini,000021,yaw,3.0,deg,5,Car,vehicle,26.9,15-30m,61.8,1,0.0,113,51,0.4513,38.46
kitti_mini,000021,yaw,3.0,deg,6,Car,vehicle,32.6,>30m,55.9,2,0.0,50,7,0.14,38.89
kitti_mini,000021,yaw,3.0,deg,7,Car,vehicle,31.8,>30m,43.6,2,0.0,28,3,0.1071,38.2
kitti_mini,000021,pitch,0.0,deg,0,Cyclist,cyclist,4.2,0-15m,184.8,0,0.89,186,176,0.9462,0.0
kitti_mini,000021,pitch,0.0,deg,1,Car,vehicle,13.6,0-15m,156.9,0,0.0,850,850,1.0,0.0
kitti_mini,000021,pitch,0.0,deg,2,Car,vehicle,17.8,15-30m,115.1,1,0.0,238,238,1.0,0.0
kitti_mini,000021,pitch,0.0,deg,3,Van,vehicle,23.9,15-30m,230.5,1,0.0,964,964,1.0,0.0
kitti_mini,000021,pitch,0.0,deg,4,Car,vehicle,26.5,15-30m,66.0,0,0.0,176,176,1.0,0.0
kitti_mini,000021,pitch,0.0,deg,5,Car,vehicle,26.9,15-30m,61.8,1,0.0,113,113,1.0,0.0
kitti_mini,000021,pitch,0.0,deg,6,Car,vehicle,32.6,>30m,55.9,2,0.0,50,50,1.0,0.0
kitti_mini,000021,pitch,0.0,deg,7,Car,vehicle,31.8,>30m,43.6,2,0.0,28,28,1.0,0.0
kitti_mini,000021,pitch,0.25,deg,0,Cyclist,cyclist,4.2,0-15m,184.8,0,0.89,170,163,0.9588,3.56
kitti_mini,000021,pitch,0.25,deg,1,Car,vehicle,13.6,0-15m,156.9,0,0.0,850,827,0.9729,3.24
kitti_mini,000021,pitch,0.25,deg,2,Car,vehicle,17.8,15-30m,115.1,1,0.0,238,228,0.958,3.21
kitti_mini,000021,pitch,0.25,deg,3,Van,vehicle,23.9,15-30m,230.5,1,0.0,964,956,0.9917,3.19
kitti_mini,000021,pitch,0.25,deg,4,Car,vehicle,26.5,15-30m,66.0,0,0.0,176,155,0.8807,3.19
kitti_mini,000021,pitch,0.25,deg,5,Car,vehicle,26.9,15-30m,61.8,1,0.0,113,110,0.9735,3.19
kitti_mini,000021,pitch,0.25,deg,6,Car,vehicle,32.6,>30m,55.9,2,0.0,50,50,1.0,3.18
kitti_mini,000021,pitch,0.25,deg,7,Car,vehicle,31.8,>30m,43.6,2,0.0,28,26,0.9286,3.18
kitti_mini,000021,pitch,0.5,deg,0,Cyclist,cyclist,4.2,0-15m,184.8,0,0.89,163,154,0.9448,7.13
kitti_mini,000021,pitch,0.5,deg,1,Car,vehicle,13.6,0-15m,156.9,0,0.0,850,809,0.9518,6.48
kitti_mini,000021,pitch,0.5,deg,2,Car,vehicle,17.8,15-30m,115.1,1,0.0,238,217,0.9118,6.41
kitti_mini,000021,pitch,0.5,deg,3,Van,vehicle,23.9,15-30m,230.5,1,0.0,964,918,0.9523,6.39
kitti_mini,000021,pitch,0.5,deg,4,Car,vehicle,26.5,15-30m,66.0,0,0.0,176,148,0.8409,6.38
kitti_mini,000021,pitch,0.5,deg,5,Car,vehicle,26.9,15-30m,61.8,1,0.0,113,110,0.9735,6.37
kitti_mini,000021,pitch,0.5,deg,6,Car,vehicle,32.6,>30m,55.9,2,0.0,50,42,0.84,6.36
kitti_mini,000021,pitch,0.5,deg,7,Car,vehicle,31.8,>30m,43.6,2,0.0,28,24,0.8571,6.36
kitti_mini,000021,pitch,1.0,deg,0,Cyclist,cyclist,4.2,0-15m,184.8,0,0.89,148,141,0.9527,14.22
kitti_mini,000021,pitch,1.0,deg,1,Car,vehicle,13.6,0-15m,156.9,0,0.0,850,740,0.8706,12.97
kitti_mini,000021,pitch,1.0,deg,2,Car,vehicle,17.8,15-30m,115.1,1,0.0,238,207,0.8697,12.83
kitti_mini,000021,pitch,1.0,deg,3,Van,vehicle,23.9,15-30m,230.5,1,0.0,964,858,0.89,12.78
kitti_mini,000021,pitch,1.0,deg,4,Car,vehicle,26.5,15-30m,66.0,0,0.0,176,110,0.625,12.76
kitti_mini,000021,pitch,1.0,deg,5,Car,vehicle,26.9,15-30m,61.8,1,0.0,113,72,0.6372,12.75
kitti_mini,000021,pitch,1.0,deg,6,Car,vehicle,32.6,>30m,55.9,2,0.0,50,36,0.72,12.72
kitti_mini,000021,pitch,1.0,deg,7,Car,vehicle,31.8,>30m,43.6,2,0.0,28,22,0.7857,12.71
kitti_mini,000021,pitch,2.0,deg,0,Cyclist,cyclist,4.2,0-15m,184.8,0,0.89,127,125,0.9843,28.4
kitti_mini,000021,pitch,2.0,deg,1,Car,vehicle,13.6,0-15m,156.9,0,0.0,850,623,0.7329,25.99
kitti_mini,000021,pitch,2.0,deg,2,Car,vehicle,17.8,15-30m,115.1,1,0.0,238,172,0.7227,25.69
kitti_mini,000021,pitch,2.0,deg,3,Van,vehicle,23.9,15-30m,230.5,1,0.0,964,710,0.7365,25.56
kitti_mini,000021,pitch,2.0,deg,4,Car,vehicle,26.5,15-30m,66.0,0,0.0,176,41,0.233,25.55
kitti_mini,000021,pitch,2.0,deg,5,Car,vehicle,26.9,15-30m,61.8,1,0.0,113,23,0.2035,25.53
kitti_mini,000021,pitch,2.0,deg,6,Car,vehicle,32.6,>30m,55.9,2,0.0,50,22,0.44,25.45
kitti_mini,000021,pitch,2.0,deg,7,Car,vehicle,31.8,>30m,43.6,2,0.0,28,13,0.4643,25.45
kitti_mini,000021,pitch,3.0,deg,0,Cyclist,cyclist,4.2,0-15m,184.8,0,0.89,115,112,0.9739,42.75
kitti_mini,000021,pitch,3.0,deg,1,Car,vehicle,13.6,0-15m,156.9,0,0.0,850,482,0.5671,39.07
kitti_mini,000021,pitch,3.0,deg,2,Car,vehicle,17.8,15-30m,115.1,1,0.0,238,137,0.5756,38.59
kitti_mini,000021,pitch,3.0,deg,3,Van,vehicle,23.9,15-30m,230.5,1,0.0,964,505,0.5239,38.37
kitti_mini,000021,pitch,3.0,deg,4,Car,vehicle,26.5,15-30m,66.0,0,0.0,176,14,0.0795,38.37
kitti_mini,000021,pitch,3.0,deg,5,Car,vehicle,26.9,15-30m,61.8,1,0.0,113,12,0.1062,38.33
kitti_mini,000021,pitch,3.0,deg,6,Car,vehicle,32.6,>30m,55.9,2,0.0,50,14,0.28,38.2
kitti_mini,000021,pitch,3.0,deg,7,Car,vehicle,31.8,>30m,43.6,2,0.0,28,0,0.0,38.2
kitti_mini,000021,roll,0.0,deg,0,Cyclist,cyclist,4.2,0-15m,184.8,0,0.89,186,176,0.9462,0.0
kitti_mini,000021,roll,0.0,deg,1,Car,vehicle,13.6,0-15m,156.9,0,0.0,850,850,1.0,0.0
kitti_mini,000021,roll,0.0,deg,2,Car,vehicle,17.8,15-30m,115.1,1,0.0,238,238,1.0,0.0
kitti_mini,000021,roll,0.0,deg,3,Van,vehicle,23.9,15-30m,230.5,1,0.0,964,964,1.0,0.0
kitti_mini,000021,roll,0.0,deg,4,Car,vehicle,26.5,15-30m,66.0,0,0.0,176,176,1.0,0.0
kitti_mini,000021,roll,0.0,deg,5,Car,vehicle,26.9,15-30m,61.8,1,0.0,113,113,1.0,0.0
kitti_mini,000021,roll,0.0,deg,6,Car,vehicle,32.6,>30m,55.9,2,0.0,50,50,1.0,0.0
kitti_mini,000021,roll,0.0,deg,7,Car,vehicle,31.8,>30m,43.6,2,0.0,28,28,1.0,0.0
kitti_mini,000021,roll,0.25,deg,0,Cyclist,cyclist,4.2,0-15m,184.8,0,0.89,181,170,0.9392,2.63
kitti_mini,000021,roll,0.25,deg,1,Car,vehicle,13.6,0-15m,156.9,0,0.0,850,850,1.0,0.78
kitti_mini,000021,roll,0.25,deg,2,Car,vehicle,17.8,15-30m,115.1,1,0.0,238,238,1.0,0.43
kitti_mini,000021,roll,0.25,deg,3,Van,vehicle,23.9,15-30m,230.5,1,0.0,964,956,0.9917,1.6
kitti_mini,000021,roll,0.25,deg,4,Car,vehicle,26.5,15-30m,66.0,0,0.0,176,176,1.0,0.66
kitti_mini,000021,roll,0.25,deg,5,Car,vehicle,26.9,15-30m,61.8,1,0.0,113,113,1.0,0.2
kitti_mini,000021,roll,0.25,deg,6,Car,vehicle,32.6,>30m,55.9,2,0.0,50,50,1.0,0.53
kitti_mini,000021,roll,0.25,deg,7,Car,vehicle,31.8,>30m,43.6,2,0.0,28,28,1.0,0.08
kitti_mini,000021,roll,0.5,deg,0,Cyclist,cyclist,4.2,0-15m,184.8,0,0.89,178,171,0.9607,5.27
kitti_mini,000021,roll,0.5,deg,1,Car,vehicle,13.6,0-15m,156.9,0,0.0,850,850,1.0,1.56
kitti_mini,000021,roll,0.5,deg,2,Car,vehicle,17.8,15-30m,115.1,1,0.0,238,238,1.0,0.85
kitti_mini,000021,roll,0.5,deg,3,Van,vehicle,23.9,15-30m,230.5,1,0.0,964,956,0.9917,3.21
kitti_mini,000021,roll,0.5,deg,4,Car,vehicle,26.5,15-30m,66.0,0,0.0,176,176,1.0,1.31
kitti_mini,000021,roll,0.5,deg,5,Car,vehicle,26.9,15-30m,61.8,1,0.0,113,113,1.0,0.4
kitti_mini,000021,roll,0.5,deg,6,Car,vehicle,32.6,>30m,55.9,2,0.0,50,50,1.0,1.06
kitti_mini,000021,roll,0.5,deg,7,Car,vehicle,31.8,>30m,43.6,2,0.0,28,28,1.0,0.17
kitti_mini,000021,roll,1.0,deg,0,Cyclist,cyclist,4.2,0-15m,184.8,0,0.89,165,158,0.9576,10.52
kitti_mini,000021,roll,1.0,deg,1,Car,vehicle,13.6,0-15m,156.9,0,0.0,850,850,1.0,3.12
kitti_mini,000021,roll,1.0,deg,2,Car,vehicle,17.8,15-30m,115.1,1,0.0,238,238,1.0,1.71
kitti_mini,000021,roll,1.0,deg,3,Van,vehicle,23.9,15-30m,230.5,1,0.0,964,930,0.9647,6.42
kitti_mini,000021,roll,1.0,deg,4,Car,vehicle,26.5,15-30m,66.0,0,0.0,176,155,0.8807,2.63
kitti_mini,000021,roll,1.0,deg,5,Car,vehicle,26.9,15-30m,61.8,1,0.0,113,113,1.0,0.81
kitti_mini,000021,roll,1.0,deg,6,Car,vehicle,32.6,>30m,55.9,2,0.0,50,50,1.0,2.12
kitti_mini,000021,roll,1.0,deg,7,Car,vehicle,31.8,>30m,43.6,2,0.0,28,28,1.0,0.34
kitti_mini,000021,roll,2.0,deg,0,Cyclist,cyclist,4.2,0-15m,184.8,0,0.89,157,155,0.9873,21.01
kitti_mini,000021,roll,2.0,deg,1,Car,vehicle,13.6,0-15m,156.9,0,0.0,850,826,0.9718,6.23
kitti_mini,000021,roll,2.0,deg,2,Car,vehicle,17.8,15-30m,115.1,1,0.0,238,230,0.9664,3.41
kitti_mini,000021,roll,2.0,deg,3,Van,vehicle,23.9,15-30m,230.5,1,0.0,964,853,0.8849,12.84
kitti_mini,000021,roll,2.0,deg,4,Car,vehicle,26.5,15-30m,66.0,0,0.0,176,155,0.8807,5.26
kitti_mini,000021,roll,2.0,deg,5,Car,vehicle,26.9,15-30m,61.8,1,0.0,113,113,1.0,1.62
kitti_mini,000021,roll,2.0,deg,6,Car,vehicle,32.6,>30m,55.9,2,0.0,50,50,1.0,4.24
kitti_mini,000021,roll,2.0,deg,7,Car,vehicle,31.8,>30m,43.6,2,0.0,28,28,1.0,0.68
kitti_mini,000021,roll,3.0,deg,0,Cyclist,cyclist,4.2,0-15m,184.8,0,0.89,157,155,0.9873,31.49
kitti_mini,000021,roll,3.0,deg,1,Car,vehicle,13.6,0-15m,156.9,0,0.0,850,802,0.9435,9.35
kitti_mini,000021,roll,3.0,deg,2,Car,vehicle,17.8,15-30m,115.1,1,0.0,238,216,0.9076,5.12
kitti_mini,000021,roll,3.0,deg,3,Van,vehicle,23.9,15-30m,230.5,1,0.0,964,778,0.8071,19.25
kitti_mini,000021,roll,3.0,deg,4,Car,vehicle,26.5,15-30m,66.0,0,0.0,176,138,0.7841,7.88
kitti_mini,000021,roll,3.0,deg,5,Car,vehicle,26.9,15-30m,61.8,1,0.0,113,113,1.0,2.42
kitti_mini,000021,roll,3.0,deg,6,Car,vehicle,32.6,>30m,55.9,2,0.0,50,42,0.84,6.36
kitti_mini,000021,roll,3.0,deg,7,Car,vehicle,31.8,>30m,43.6,2,0.0,28,28,1.0,1.02
kitti_mini,000021,tx,0.0,m,0,Cyclist,cyclist,4.2,0-15m,184.8,0,0.89,186,176,0.9462,0.0
kitti_mini,000021,tx,0.0,m,1,Car,vehicle,13.6,0-15m,156.9,0,0.0,850,850,1.0,0.0
kitti_mini,000021,tx,0.0,m,2,Car,vehicle,17.8,15-30m,115.1,1,0.0,238,238,1.0,0.0
kitti_mini,000021,tx,0.0,m,3,Van,vehicle,23.9,15-30m,230.5,1,0.0,964,964,1.0,0.0
kitti_mini,000021,tx,0.0,m,4,Car,vehicle,26.5,15-30m,66.0,0,0.0,176,176,1.0,0.0
kitti_mini,000021,tx,0.0,m,5,Car,vehicle,26.9,15-30m,61.8,1,0.0,113,113,1.0,0.0
kitti_mini,000021,tx,0.0,m,6,Car,vehicle,32.6,>30m,55.9,2,0.0,50,50,1.0,0.0
kitti_mini,000021,tx,0.0,m,7,Car,vehicle,31.8,>30m,43.6,2,0.0,28,28,1.0,0.0
kitti_mini,000021,tx,0.02,m,0,Cyclist,cyclist,4.2,0-15m,184.8,0,0.89,203,196,0.9655,3.69
kitti_mini,000021,tx,0.02,m,1,Car,vehicle,13.6,0-15m,156.9,0,0.0,850,850,1.0,0.28
kitti_mini,000021,tx,0.02,m,2,Car,vehicle,17.8,15-30m,115.1,1,0.0,238,238,1.0,0.11
kitti_mini,000021,tx,0.02,m,3,Van,vehicle,23.9,15-30m,230.5,1,0.0,964,964,1.0,0.36
kitti_mini,000021,tx,0.02,m,4,Car,vehicle,26.5,15-30m,66.0,0,0.0,176,176,1.0,0.12
kitti_mini,000021,tx,0.02,m,5,Car,vehicle,26.9,15-30m,61.8,1,0.0,113,113,1.0,0.03
kitti_mini,000021,tx,0.02,m,6,Car,vehicle,32.6,>30m,55.9,2,0.0,50,50,1.0,0.08
kitti_mini,000021,tx,0.02,m,7,Car,vehicle,31.8,>30m,43.6,2,0.0,28,28,1.0,0.01
kitti_mini,000021,tx,0.05,m,0,Cyclist,cyclist,4.2,0-15m,184.8,0,0.89,236,224,0.9492,9.14
kitti_mini,000021,tx,0.05,m,1,Car,vehicle,13.6,0-15m,156.9,0,0.0,850,850,1.0,0.7
kitti_mini,000021,tx,0.05,m,2,Car,vehicle,17.8,15-30m,115.1,1,0.0,238,238,1.0,0.27
kitti_mini,000021,tx,0.05,m,3,Van,vehicle,23.9,15-30m,230.5,1,0.0,964,964,1.0,0.9
kitti_mini,000021,tx,0.05,m,4,Car,vehicle,26.5,15-30m,66.0,0,0.0,176,176,1.0,0.31
kitti_mini,000021,tx,0.05,m,5,Car,vehicle,26.9,15-30m,61.8,1,0.0,113,113,1.0,0.09
kitti_mini,000021,tx,0.05,m,6,Car,vehicle,32.6,>30m,55.9,2,0.0,50,50,1.0,0.2
kitti_mini,000021,tx,0.05,m,7,Car,vehicle,31.8,>30m,43.6,2,0.0,28,28,1.0,0.03
kitti_mini,000021,tx,0.1,m,0,Cyclist,cyclist,4.2,0-15m,184.8,0,0.89,280,276,0.9857,18.01
kitti_mini,000021,tx,0.1,m,1,Car,vehicle,13.6,0-15m,156.9,0,0.0,850,850,1.0,1.4
kitti_mini,000021,tx,0.1,m,2,Car,vehicle,17.8,15-30m,115.1,1,0.0,238,238,1.0,0.54
kitti_mini,000021,tx,0.1,m,3,Van,vehicle,23.9,15-30m,230.5,1,0.0,964,964,1.0,1.79
kitti_mini,000021,tx,0.1,m,4,Car,vehicle,26.5,15-30m,66.0,0,0.0,176,176,1.0,0.62
kitti_mini,000021,tx,0.1,m,5,Car,vehicle,26.9,15-30m,61.8,1,0.0,113,113,1.0,0.17
kitti_mini,000021,tx,0.1,m,6,Car,vehicle,32.6,>30m,55.9,2,0.0,50,50,1.0,0.4
kitti_mini,000021,tx,0.1,m,7,Car,vehicle,31.8,>30m,43.6,2,0.0,28,28,1.0,0.06
kitti_mini,000021,tx,0.2,m,0,Cyclist,cyclist,4.2,0-15m,184.8,0,0.89,383,374,0.9765,34.99
kitti_mini,000021,tx,0.2,m,1,Car,vehicle,13.6,0-15m,156.9,0,0.0,850,850,1.0,2.78
kitti_mini,000021,tx,0.2,m,2,Car,vehicle,17.8,15-30m,115.1,1,0.0,238,238,1.0,1.08
kitti_mini,000021,tx,0.2,m,3,Van,vehicle,23.9,15-30m,230.5,1,0.0,964,964,1.0,3.56
kitti_mini,000021,tx,0.2,m,4,Car,vehicle,26.5,15-30m,66.0,0,0.0,176,176,1.0,1.23
kitti_mini,000021,tx,0.2,m,5,Car,vehicle,26.9,15-30m,61.8,1,0.0,113,113,1.0,0.34
kitti_mini,000021,tx,0.2,m,6,Car,vehicle,32.6,>30m,55.9,2,0.0,50,50,1.0,0.79
kitti_mini,000021,tx,0.2,m,7,Car,vehicle,31.8,>30m,43.6,2,0.0,28,28,1.0,0.12
kitti_mini,000021,ty,0.0,m,0,Cyclist,cyclist,4.2,0-15m,184.8,0,0.89,186,176,0.9462,0.0
kitti_mini,000021,ty,0.0,m,1,Car,vehicle,13.6,0-15m,156.9,0,0.0,850,850,1.0,0.0
kitti_mini,000021,ty,0.0,m,2,Car,vehicle,17.8,15-30m,115.1,1,0.0,238,238,1.0,0.0
kitti_mini,000021,ty,0.0,m,3,Van,vehicle,23.9,15-30m,230.5,1,0.0,964,964,1.0,0.0
kitti_mini,000021,ty,0.0,m,4,Car,vehicle,26.5,15-30m,66.0,0,0.0,176,176,1.0,0.0
kitti_mini,000021,ty,0.0,m,5,Car,vehicle,26.9,15-30m,61.8,1,0.0,113,113,1.0,0.0
kitti_mini,000021,ty,0.0,m,6,Car,vehicle,32.6,>30m,55.9,2,0.0,50,50,1.0,0.0
kitti_mini,000021,ty,0.0,m,7,Car,vehicle,31.8,>30m,43.6,2,0.0,28,28,1.0,0.0
kitti_mini,000021,ty,0.02,m,0,Cyclist,cyclist,4.2,0-15m,184.8,0,0.89,207,199,0.9614,4.37
kitti_mini,000021,ty,0.02,m,1,Car,vehicle,13.6,0-15m,156.9,0,0.0,850,850,1.0,1.16
kitti_mini,000021,ty,0.02,m,2,Car,vehicle,17.8,15-30m,115.1,1,0.0,238,238,1.0,0.83
kitti_mini,000021,ty,0.02,m,3,Van,vehicle,23.9,15-30m,230.5,1,0.0,964,964,1.0,0.7
kitti_mini,000021,ty,0.02,m,4,Car,vehicle,26.5,15-30m,66.0,0,0.0,176,176,1.0,0.59
kitti_mini,000021,ty,0.02,m,5,Car,vehicle,26.9,15-30m,61.8,1,0.0,113,113,1.0,0.56
kitti_mini,000021,ty,0.02,m,6,Car,vehicle,32.6,>30m,55.9,2,0.0,50,50,1.0,0.47
kitti_mini,000021,ty,0.02,m,7,Car,vehicle,31.8,>30m,43.6,2,0.0,28,28,1.0,0.46
kitti_mini,000021,ty,0.05,m,0,Cyclist,cyclist,4.2,0-15m,184.8,0,0.89,231,227,0.9827,10.94
kitti_mini,000021,ty,0.05,m,1,Car,vehicle,13.6,0-15m,156.9,0,0.0,850,850,1.0,2.89
kitti_mini,000021,ty,0.05,m,2,Car,vehicle,17.8,15-30m,115.1,1,0.0,238,238,1.0,2.07
kitti_mini,000021,ty,0.05,m,3,Van,vehicle,23.9,15-30m,230.5,1,0.0,964,964,1.0,1.75
kitti_mini,000021,ty,0.05,m,4,Car,vehicle,26.5,15-30m,66.0,0,0.0,176,176,1.0,1.46
kitti_mini,000021,ty,0.05,m,5,Car,vehicle,26.9,15-30m,61.8,1,0.0,113,113,1.0,1.4
kitti_mini,000021,ty,0.05,m,6,Car,vehicle,32.6,>30m,55.9,2,0.0,50,50,1.0,1.17
kitti_mini,000021,ty,0.05,m,7,Car,vehicle,31.8,>30m,43.6,2,0.0,28,28,1.0,1.16
kitti_mini,000021,ty,0.1,m,0,Cyclist,cyclist,4.2,0-15m,184.8,0,0.89,280,272,0.9714,21.88
kitti_mini,000021,ty,0.1,m,1,Car,vehicle,13.6,0-15m,156.9,0,0.0,850,850,1.0,5.79
kitti_mini,000021,ty,0.1,m,2,Car,vehicle,17.8,15-30m,115.1,1,0.0,238,238,1.0,4.14
kitti_mini,000021,ty,0.1,m,3,Van,vehicle,23.9,15-30m,230.5,1,0.0,964,964,1.0,3.51
kitti_mini,000021,ty,0.1,m,4,Car,vehicle,26.5,15-30m,66.0,0,0.0,176,176,1.0,2.93
kitti_mini,000021,ty,0.1,m,5,Car,vehicle,26.9,15-30m,61.8,1,0.0,113,113,1.0,2.8
kitti_mini,000021,ty,0.1,m,6,Car,vehicle,32.6,>30m,55.9,2,0.0,50,50,1.0,2.34
kitti_mini,000021,ty,0.1,m,7,Car,vehicle,31.8,>30m,43.6,2,0.0,28,28,1.0,2.32
kitti_mini,000021,ty,0.2,m,0,Cyclist,cyclist,4.2,0-15m,184.8,0,0.89,375,369,0.984,43.77
kitti_mini,000021,ty,0.2,m,1,Car,vehicle,13.6,0-15m,156.9,0,0.0,850,848,0.9976,11.58
kitti_mini,000021,ty,0.2,m,2,Car,vehicle,17.8,15-30m,115.1,1,0.0,238,238,1.0,8.29
kitti_mini,000021,ty,0.2,m,3,Van,vehicle,23.9,15-30m,230.5,1,0.0,964,963,0.999,7.02
kitti_mini,000021,ty,0.2,m,4,Car,vehicle,26.5,15-30m,66.0,0,0.0,176,176,1.0,5.86
kitti_mini,000021,ty,0.2,m,5,Car,vehicle,26.9,15-30m,61.8,1,0.0,113,113,1.0,5.59
kitti_mini,000021,ty,0.2,m,6,Car,vehicle,32.6,>30m,55.9,2,0.0,50,49,0.98,4.69
kitti_mini,000021,ty,0.2,m,7,Car,vehicle,31.8,>30m,43.6,2,0.0,28,28,1.0,4.64
kitti_mini,000021,tz,0.0,m,0,Cyclist,cyclist,4.2,0-15m,184.8,0,0.89,186,176,0.9462,0.0
kitti_mini,000021,tz,0.0,m,1,Car,vehicle,13.6,0-15m,156.9,0,0.0,850,850,1.0,0.0
kitti_mini,000021,tz,0.0,m,2,Car,vehicle,17.8,15-30m,115.1,1,0.0,238,238,1.0,0.0
kitti_mini,000021,tz,0.0,m,3,Van,vehicle,23.9,15-30m,230.5,1,0.0,964,964,1.0,0.0
kitti_mini,000021,tz,0.0,m,4,Car,vehicle,26.5,15-30m,66.0,0,0.0,176,176,1.0,0.0
kitti_mini,000021,tz,0.0,m,5,Car,vehicle,26.9,15-30m,61.8,1,0.0,113,113,1.0,0.0
kitti_mini,000021,tz,0.0,m,6,Car,vehicle,32.6,>30m,55.9,2,0.0,50,50,1.0,0.0
kitti_mini,000021,tz,0.0,m,7,Car,vehicle,31.8,>30m,43.6,2,0.0,28,28,1.0,0.0
kitti_mini,000021,tz,0.02,m,0,Cyclist,cyclist,4.2,0-15m,184.8,0,0.89,195,188,0.9641,4.38
kitti_mini,000021,tz,0.02,m,1,Car,vehicle,13.6,0-15m,156.9,0,0.0,850,850,1.0,1.16
kitti_mini,000021,tz,0.02,m,2,Car,vehicle,17.8,15-30m,115.1,1,0.0,238,238,1.0,0.83
kitti_mini,000021,tz,0.02,m,3,Van,vehicle,23.9,15-30m,230.5,1,0.0,964,964,1.0,0.7
kitti_mini,000021,tz,0.02,m,4,Car,vehicle,26.5,15-30m,66.0,0,0.0,176,176,1.0,0.59
kitti_mini,000021,tz,0.02,m,5,Car,vehicle,26.9,15-30m,61.8,1,0.0,113,113,1.0,0.56
kitti_mini,000021,tz,0.02,m,6,Car,vehicle,32.6,>30m,55.9,2,0.0,50,50,1.0,0.47
kitti_mini,000021,tz,0.02,m,7,Car,vehicle,31.8,>30m,43.6,2,0.0,28,28,1.0,0.46
kitti_mini,000021,tz,0.05,m,0,Cyclist,cyclist,4.2,0-15m,184.8,0,0.89,203,190,0.936,10.95
kitti_mini,000021,tz,0.05,m,1,Car,vehicle,13.6,0-15m,156.9,0,0.0,850,850,1.0,2.9
kitti_mini,000021,tz,0.05,m,2,Car,vehicle,17.8,15-30m,115.1,1,0.0,238,238,1.0,2.07
kitti_mini,000021,tz,0.05,m,3,Van,vehicle,23.9,15-30m,230.5,1,0.0,964,964,1.0,1.75
kitti_mini,000021,tz,0.05,m,4,Car,vehicle,26.5,15-30m,66.0,0,0.0,176,174,0.9886,1.46
kitti_mini,000021,tz,0.05,m,5,Car,vehicle,26.9,15-30m,61.8,1,0.0,113,113,1.0,1.4
kitti_mini,000021,tz,0.05,m,6,Car,vehicle,32.6,>30m,55.9,2,0.0,50,50,1.0,1.17
kitti_mini,000021,tz,0.05,m,7,Car,vehicle,31.8,>30m,43.6,2,0.0,28,28,1.0,1.16
kitti_mini,000021,tz,0.1,m,0,Cyclist,cyclist,4.2,0-15m,184.8,0,0.89,223,198,0.8879,21.9
kitti_mini,000021,tz,0.1,m,1,Car,vehicle,13.6,0-15m,156.9,0,0.0,850,826,0.9718,5.79
kitti_mini,000021,tz,0.1,m,2,Car,vehicle,17.8,15-30m,115.1,1,0.0,238,218,0.916,4.15
kitti_mini,000021,tz,0.1,m,3,Van,vehicle,23.9,15-30m,230.5,1,0.0,964,964,1.0,3.51
kitti_mini,000021,tz,0.1,m,4,Car,vehicle,26.5,15-30m,66.0,0,0.0,176,174,0.9886,2.93
kitti_mini,000021,tz,0.1,m,5,Car,vehicle,26.9,15-30m,61.8,1,0.0,113,113,1.0,2.8
kitti_mini,000021,tz,0.1,m,6,Car,vehicle,32.6,>30m,55.9,2,0.0,50,42,0.84,2.34
kitti_mini,000021,tz,0.1,m,7,Car,vehicle,31.8,>30m,43.6,2,0.0,28,28,1.0,2.32
kitti_mini,000021,tz,0.2,m,0,Cyclist,cyclist,4.2,0-15m,184.8,0,0.89,263,202,0.7681,43.79
kitti_mini,000021,tz,0.2,m,1,Car,vehicle,13.6,0-15m,156.9,0,0.0,850,792,0.9318,11.58
kitti_mini,000021,tz,0.2,m,2,Car,vehicle,17.8,15-30m,115.1,1,0.0,238,191,0.8025,8.29
kitti_mini,000021,tz,0.2,m,3,Van,vehicle,23.9,15-30m,230.5,1,0.0,964,964,1.0,7.02
kitti_mini,000021,tz,0.2,m,4,Car,vehicle,26.5,15-30m,66.0,0,0.0,176,162,0.9205,5.86
kitti_mini,000021,tz,0.2,m,5,Car,vehicle,26.9,15-30m,61.8,1,0.0,113,101,0.8938,5.59
kitti_mini,000021,tz,0.2,m,6,Car,vehicle,32.6,>30m,55.9,2,0.0,50,36,0.72,4.69
kitti_mini,000021,tz,0.2,m,7,Car,vehicle,31.8,>30m,43.6,2,0.0,28,28,1.0,4.64
kitti_mini,000023,yaw,0.0,deg,1,Car,vehicle,57.5,>30m,39.3,0,0.0,13,13,1.0,0.0
kitti_mini,000023,yaw,0.0,deg,2,Cyclist,cyclist,45.0,>30m,12.9,3,0.0,20,20,1.0,0.0
kitti_mini,000023,yaw,0.25,deg,1,Car,vehicle,57.5,>30m,39.3,0,0.0,13,13,1.0,3.47
kitti_mini,000023,yaw,0.25,deg,2,Cyclist,cyclist,45.0,>30m,12.9,3,0.0,20,19,0.95,3.2
kitti_mini,000023,yaw,0.5,deg,1,Car,vehicle,57.5,>30m,39.3,0,0.0,13,11,0.8462,6.95
kitti_mini,000023,yaw,0.5,deg,2,Cyclist,cyclist,45.0,>30m,12.9,3,0.0,20,12,0.6,6.4
kitti_mini,000023,yaw,1.0,deg,1,Car,vehicle,57.5,>30m,39.3,0,0.0,13,7,0.5385,13.95
kitti_mini,000023,yaw,1.0,deg,2,Cyclist,cyclist,45.0,>30m,12.9,3,0.0,20,0,0.0,12.78
kitti_mini,000023,yaw,2.0,deg,1,Car,vehicle,57.5,>30m,39.3,0,0.0,13,0,0.0,28.05
kitti_mini,000023,yaw,2.0,deg,2,Cyclist,cyclist,45.0,>30m,12.9,3,0.0,20,0,0.0,25.53
kitti_mini,000023,yaw,3.0,deg,1,Car,vehicle,57.5,>30m,39.3,0,0.0,13,0,0.0,42.33
kitti_mini,000023,yaw,3.0,deg,2,Cyclist,cyclist,45.0,>30m,12.9,3,0.0,20,0,0.0,38.25
kitti_mini,000023,pitch,0.0,deg,1,Car,vehicle,57.5,>30m,39.3,0,0.0,13,13,1.0,0.0
kitti_mini,000023,pitch,0.0,deg,2,Cyclist,cyclist,45.0,>30m,12.9,3,0.0,20,20,1.0,0.0
kitti_mini,000023,pitch,0.25,deg,1,Car,vehicle,57.5,>30m,39.3,0,0.0,13,13,1.0,3.17
kitti_mini,000023,pitch,0.25,deg,2,Cyclist,cyclist,45.0,>30m,12.9,3,0.0,20,18,0.9,3.17
kitti_mini,000023,pitch,0.5,deg,1,Car,vehicle,57.5,>30m,39.3,0,0.0,13,13,1.0,6.34
kitti_mini,000023,pitch,0.5,deg,2,Cyclist,cyclist,45.0,>30m,12.9,3,0.0,20,16,0.8,6.34
kitti_mini,000023,pitch,1.0,deg,1,Car,vehicle,57.5,>30m,39.3,0,0.0,13,0,0.0,12.68
kitti_mini,000023,pitch,1.0,deg,2,Cyclist,cyclist,45.0,>30m,12.9,3,0.0,20,12,0.6,12.68
kitti_mini,000023,pitch,2.0,deg,1,Car,vehicle,57.5,>30m,39.3,0,0.0,13,0,0.0,25.38
kitti_mini,000023,pitch,2.0,deg,2,Cyclist,cyclist,45.0,>30m,12.9,3,0.0,20,2,0.1,25.37
kitti_mini,000023,pitch,3.0,deg,1,Car,vehicle,57.5,>30m,39.3,0,0.0,13,0,0.0,38.11
kitti_mini,000023,pitch,3.0,deg,2,Cyclist,cyclist,45.0,>30m,12.9,3,0.0,20,0,0.0,38.08
kitti_mini,000023,roll,0.0,deg,1,Car,vehicle,57.5,>30m,39.3,0,0.0,13,13,1.0,0.0
kitti_mini,000023,roll,0.0,deg,2,Cyclist,cyclist,45.0,>30m,12.9,3,0.0,20,20,1.0,0.0
kitti_mini,000023,roll,0.25,deg,1,Car,vehicle,57.5,>30m,39.3,0,0.0,13,13,1.0,0.98
kitti_mini,000023,roll,0.25,deg,2,Cyclist,cyclist,45.0,>30m,12.9,3,0.0,20,20,1.0,0.33
kitti_mini,000023,roll,0.5,deg,1,Car,vehicle,57.5,>30m,39.3,0,0.0,13,13,1.0,1.96
kitti_mini,000023,roll,0.5,deg,2,Cyclist,cyclist,45.0,>30m,12.9,3,0.0,20,20,1.0,0.65
kitti_mini,000023,roll,1.0,deg,1,Car,vehicle,57.5,>30m,39.3,0,0.0,13,13,1.0,3.92
kitti_mini,000023,roll,1.0,deg,2,Cyclist,cyclist,45.0,>30m,12.9,3,0.0,20,18,0.9,1.31
kitti_mini,000023,roll,2.0,deg,1,Car,vehicle,57.5,>30m,39.3,0,0.0,13,13,1.0,7.84
kitti_mini,000023,roll,2.0,deg,2,Cyclist,cyclist,45.0,>30m,12.9,3,0.0,20,18,0.9,2.62
kitti_mini,000023,roll,3.0,deg,1,Car,vehicle,57.5,>30m,39.3,0,0.0,13,13,1.0,11.75
kitti_mini,000023,roll,3.0,deg,2,Cyclist,cyclist,45.0,>30m,12.9,3,0.0,20,18,0.9,3.93
kitti_mini,000023,tx,0.0,m,1,Car,vehicle,57.5,>30m,39.3,0,0.0,13,13,1.0,0.0
kitti_mini,000023,tx,0.0,m,2,Cyclist,cyclist,45.0,>30m,12.9,3,0.0,20,20,1.0,0.0
kitti_mini,000023,tx,0.02,m,1,Car,vehicle,57.5,>30m,39.3,0,0.0,13,13,1.0,0.08
kitti_mini,000023,tx,0.02,m,2,Cyclist,cyclist,45.0,>30m,12.9,3,0.0,20,20,1.0,0.03
kitti_mini,000023,tx,0.05,m,1,Car,vehicle,57.5,>30m,39.3,0,0.0,13,13,1.0,0.21
kitti_mini,000023,tx,0.05,m,2,Cyclist,cyclist,45.0,>30m,12.9,3,0.0,20,20,1.0,0.09
kitti_mini,000023,tx,0.1,m,1,Car,vehicle,57.5,>30m,39.3,0,0.0,13,13,1.0,0.42
kitti_mini,000023,tx,0.1,m,2,Cyclist,cyclist,45.0,>30m,12.9,3,0.0,20,20,1.0,0.17
kitti_mini,000023,tx,0.2,m,1,Car,vehicle,57.5,>30m,39.3,0,0.0,13,13,1.0,0.83
kitti_mini,000023,tx,0.2,m,2,Cyclist,cyclist,45.0,>30m,12.9,3,0.0,20,20,1.0,0.34
kitti_mini,000023,ty,0.0,m,1,Car,vehicle,57.5,>30m,39.3,0,0.0,13,13,1.0,0.0
kitti_mini,000023,ty,0.0,m,2,Cyclist,cyclist,45.0,>30m,12.9,3,0.0,20,20,1.0,0.0
kitti_mini,000023,ty,0.02,m,1,Car,vehicle,57.5,>30m,39.3,0,0.0,13,13,1.0,0.27
kitti_mini,000023,ty,0.02,m,2,Cyclist,cyclist,45.0,>30m,12.9,3,0.0,20,20,1.0,0.32
kitti_mini,000023,ty,0.05,m,1,Car,vehicle,57.5,>30m,39.3,0,0.0,13,13,1.0,0.68
kitti_mini,000023,ty,0.05,m,2,Cyclist,cyclist,45.0,>30m,12.9,3,0.0,20,20,1.0,0.81
kitti_mini,000023,ty,0.1,m,1,Car,vehicle,57.5,>30m,39.3,0,0.0,13,13,1.0,1.35
kitti_mini,000023,ty,0.1,m,2,Cyclist,cyclist,45.0,>30m,12.9,3,0.0,20,20,1.0,1.62
kitti_mini,000023,ty,0.2,m,1,Car,vehicle,57.5,>30m,39.3,0,0.0,13,13,1.0,2.7
kitti_mini,000023,ty,0.2,m,2,Cyclist,cyclist,45.0,>30m,12.9,3,0.0,20,19,0.95,3.24
kitti_mini,000023,tz,0.0,m,1,Car,vehicle,57.5,>30m,39.3,0,0.0,13,13,1.0,0.0
kitti_mini,000023,tz,0.0,m,2,Cyclist,cyclist,45.0,>30m,12.9,3,0.0,20,20,1.0,0.0
kitti_mini,000023,tz,0.02,m,1,Car,vehicle,57.5,>30m,39.3,0,0.0,13,13,1.0,0.27
kitti_mini,000023,tz,0.02,m,2,Cyclist,cyclist,45.0,>30m,12.9,3,0.0,20,20,1.0,0.32
kitti_mini,000023,tz,0.05,m,1,Car,vehicle,57.5,>30m,39.3,0,0.0,13,13,1.0,0.68
kitti_mini,000023,tz,0.05,m,2,Cyclist,cyclist,45.0,>30m,12.9,3,0.0,20,20,1.0,0.81
kitti_mini,000023,tz,0.1,m,1,Car,vehicle,57.5,>30m,39.3,0,0.0,13,13,1.0,1.35
kitti_mini,000023,tz,0.1,m,2,Cyclist,cyclist,45.0,>30m,12.9,3,0.0,20,20,1.0,1.62
kitti_mini,000023,tz,0.2,m,1,Car,vehicle,57.5,>30m,39.3,0,0.0,13,13,1.0,2.7
kitti_mini,000023,tz,0.2,m,2,Cyclist,cyclist,45.0,>30m,12.9,3,0.0,20,18,0.9,3.24
kitti_mini,000025,yaw,0.0,deg,0,Car,vehicle,4.0,0-15m,344.9,3,0.94,140,138,0.9857,0.0
kitti_mini,000025,yaw,0.0,deg,1,Car,vehicle,10.7,0-15m,185.9,0,0.0,1121,1121,1.0,0.0
kitti_mini,000025,yaw,0.0,deg,2,Car,vehicle,30.2,>30m,56.0,0,0.0,61,61,1.0,0.0
kitti_mini,000025,yaw,0.0,deg,3,Car,vehicle,17.9,15-30m,81.2,0,0.0,316,316,1.0,0.0
kitti_mini,000025,yaw,0.0,deg,4,Cyclist,cyclist,44.7,>30m,9.8,3,0.0,21,21,1.0,0.0
kitti_mini,000025,yaw,0.0,deg,5,Car,vehicle,22.7,15-30m,59.2,1,0.0,27,27,1.0,0.0
kitti_mini,000025,yaw,0.25,deg,0,Car,vehicle,4.0,0-15m,344.9,3,0.94,143,142,0.993,4.71
kitti_mini,000025,yaw,0.25,deg,1,Car,vehicle,10.7,0-15m,185.9,0,0.0,1121,1121,1.0,3.43
kitti_mini,000025,yaw,0.25,deg,2,Car,vehicle,30.2,>30m,56.0,0,0.0,61,61,1.0,3.18
kitti_mini,000025,yaw,0.25,deg,3,Car,vehicle,17.9,15-30m,81.2,0,0.0,316,316,1.0,3.34
kitti_mini,000025,yaw,0.25,deg,4,Cyclist,cyclist,44.7,>30m,9.8,3,0.0,21,14,0.6667,3.18
kitti_mini,000025,yaw,0.25,deg,5,Car,vehicle,22.7,15-30m,59.2,1,0.0,27,26,0.963,3.27
kitti_mini,000025,yaw,0.5,deg,0,Car,vehicle,4.0,0-15m,344.9,3,0.94,147,146,0.9932,9.4
kitti_mini,000025,yaw,0.5,deg,1,Car,vehicle,10.7,0-15m,185.9,0,0.0,1121,1118,0.9973,6.87
kitti_mini,000025,yaw,0.5,deg,2,Car,vehicle,30.2,>30m,56.0,0,0.0,61,56,0.918,6.37
kitti_mini,000025,yaw,0.5,deg,3,Car,vehicle,17.9,15-30m,81.2,0,0.0,316,312,0.9873,6.68
kitti_mini,000025,yaw,0.5,deg,4,Cyclist,cyclist,44.7,>30m,9.8,3,0.0,21,5,0.2381,6.36
kitti_mini,000025,yaw,0.5,deg,5,Car,vehicle,22.7,15-30m,59.2,1,0.0,27,14,0.5185,6.54
kitti_mini,000025,yaw,1.0,deg,0,Car,vehicle,4.0,0-15m,344.9,3,0.94,156,156,1.0,18.69
kitti_mini,000025,yaw,1.0,deg,1,Car,vehicle,10.7,0-15m,185.9,0,0.0,1121,1095,0.9768,13.77
kitti_mini,000025,yaw,1.0,deg,2,Car,vehicle,30.2,>30m,56.0,0,0.0,61,48,0.7869,12.74
kitti_mini,000025,yaw,1.0,deg,3,Car,vehicle,17.9,15-30m,81.2,0,0.0,316,293,0.9272,13.34
kitti_mini,000025,yaw,1.0,deg,4,Cyclist,cyclist,44.7,>30m,9.8,3,0.0,21,0,0.0,12.71
kitti_mini,000025,yaw,1.0,deg,5,Car,vehicle,22.7,15-30m,59.2,1,0.0,27,2,0.0741,13.06
kitti_mini,000025,yaw,2.0,deg,0,Car,vehicle,4.0,0-15m,344.9,3,0.94,172,155,0.9012,36.96
kitti_mini,000025,yaw,2.0,deg,1,Car,vehicle,10.7,0-15m,185.9,0,0.0,1121,1015,0.9054,27.66
kitti_mini,000025,yaw,2.0,deg,2,Car,vehicle,30.2,>30m,56.0,0,0.0,61,25,0.4098,25.51
kitti_mini,000025,yaw,2.0,deg,3,Car,vehicle,17.9,15-30m,81.2,0,0.0,316,233,0.7373,26.59
kitti_mini,000025,yaw,2.0,deg,4,Cyclist,cyclist,44.7,>30m,9.8,3,0.0,21,0,0.0,25.4
kitti_mini,000025,yaw,2.0,deg,5,Car,vehicle,22.7,15-30m,59.2,1,0.0,27,0,0.0,26.05
kitti_mini,000025,yaw,3.0,deg,0,Car,vehicle,4.0,0-15m,344.9,3,0.94,177,160,0.904,54.85
kitti_mini,000025,yaw,3.0,deg,1,Car,vehicle,10.7,0-15m,185.9,0,0.0,1121,929,0.8287,41.69
kitti_mini,000025,yaw,3.0,deg,2,Car,vehicle,30.2,>30m,56.0,0,0.0,61,8,0.1311,38.31
kitti_mini,000025,yaw,3.0,deg,3,Car,vehicle,17.9,15-30m,81.2,0,0.0,316,165,0.5222,39.76
kitti_mini,000025,yaw,3.0,deg,4,Cyclist,cyclist,44.7,>30m,9.8,3,0.0,21,0,0.0,38.07
kitti_mini,000025,yaw,3.0,deg,5,Car,vehicle,22.7,15-30m,59.2,1,0.0,27,0,0.0,38.98
kitti_mini,000025,pitch,0.0,deg,0,Car,vehicle,4.0,0-15m,344.9,3,0.94,140,138,0.9857,0.0
kitti_mini,000025,pitch,0.0,deg,1,Car,vehicle,10.7,0-15m,185.9,0,0.0,1121,1121,1.0,0.0
kitti_mini,000025,pitch,0.0,deg,2,Car,vehicle,30.2,>30m,56.0,0,0.0,61,61,1.0,0.0
kitti_mini,000025,pitch,0.0,deg,3,Car,vehicle,17.9,15-30m,81.2,0,0.0,316,316,1.0,0.0
kitti_mini,000025,pitch,0.0,deg,4,Cyclist,cyclist,44.7,>30m,9.8,3,0.0,21,21,1.0,0.0
kitti_mini,000025,pitch,0.0,deg,5,Car,vehicle,22.7,15-30m,59.2,1,0.0,27,27,1.0,0.0
kitti_mini,000025,pitch,0.25,deg,0,Car,vehicle,4.0,0-15m,344.9,3,0.94,132,129,0.9773,3.62
kitti_mini,000025,pitch,0.25,deg,1,Car,vehicle,10.7,0-15m,185.9,0,0.0,1121,1114,0.9938,3.28
kitti_mini,000025,pitch,0.25,deg,2,Car,vehicle,30.2,>30m,56.0,0,0.0,61,54,0.8852,3.18
kitti_mini,000025,pitch,0.25,deg,3,Car,vehicle,17.9,15-30m,81.2,0,0.0,316,316,1.0,3.22
kitti_mini,000025,pitch,0.25,deg,4,Cyclist,cyclist,44.7,>30m,9.8,3,0.0,21,17,0.8095,3.17
kitti_mini,000025,pitch,0.25,deg,5,Car,vehicle,22.7,15-30m,59.2,1,0.0,27,27,1.0,3.2
kitti_mini,000025,pitch,0.5,deg,0,Car,vehicle,4.0,0-15m,344.9,3,0.94,123,120,0.9756,7.23
kitti_mini,000025,pitch,0.5,deg,1,Car,vehicle,10.7,0-15m,185.9,0,0.0,1121,1114,0.9938,6.56
kitti_mini,000025,pitch,0.5,deg,2,Car,vehicle,30.2,>30m,56.0,0,0.0,61,54,0.8852,6.37
kitti_mini,000025,pitch,0.5,deg,3,Car,vehicle,17.9,15-30m,81.2,0,0.0,316,304,0.962,6.44
kitti_mini,000025,pitch,0.5,deg,4,Cyclist,cyclist,44.7,>30m,9.8,3,0.0,21,17,0.8095,6.34
kitti_mini,000025,pitch,0.5,deg,5,Car,vehicle,22.7,15-30m,59.2,1,0.0,27,27,1.0,6.4
kitti_mini,000025,pitch,1.0,deg,0,Car,vehicle,4.0,0-15m,344.9,3,0.94,107,104,0.972,14.42
kitti_mini,000025,pitch,1.0,deg,1,Car,vehicle,10.7,0-15m,185.9,0,0.0,1121,1107,0.9875,13.13
kitti_mini,000025,pitch,1.0,deg,2,Car,vehicle,30.2,>30m,56.0,0,0.0,61,33,0.541,12.75
kitti_mini,000025,pitch,1.0,deg,3,Car,vehicle,17.9,15-30m,81.2,0,0.0,316,277,0.8766,12.88
kitti_mini,000025,pitch,1.0,deg,4,Cyclist,cyclist,44.7,>30m,9.8,3,0.0,21,13,0.619,12.69
kitti_mini,000025,pitch,1.0,deg,5,Car,vehicle,22.7,15-30m,59.2,1,0.0,27,23,0.8519,12.8
kitti_mini,000025,pitch,2.0,deg,0,Car,vehicle,4.0,0-15m,344.9,3,0.94,99,99,1.0,28.92
kitti_mini,000025,pitch,2.0,deg,1,Car,vehicle,10.7,0-15m,185.9,0,0.0,1121,1068,0.9527,26.32
kitti_mini,000025,pitch,2.0,deg,2,Car,vehicle,30.2,>30m,56.0,0,0.0,61,4,0.0656,25.52
kitti_mini,000025,pitch,2.0,deg,3,Car,vehicle,17.9,15-30m,81.2,0,0.0,316,183,0.5791,25.81
kitti_mini,000025,pitch,2.0,deg,4,Cyclist,cyclist,44.7,>30m,9.8,3,0.0,21,3,0.1429,25.39
kitti_mini,000025,pitch,2.0,deg,5,Car,vehicle,22.7,15-30m,59.2,1,0.0,27,14,0.5185,25.63
kitti_mini,000025,pitch,3.0,deg,0,Car,vehicle,4.0,0-15m,344.9,3,0.94,79,78,0.9873,43.42
kitti_mini,000025,pitch,3.0,deg,1,Car,vehicle,10.7,0-15m,185.9,0,0.0,1121,905,0.8073,39.58
kitti_mini,000025,pitch,3.0,deg,2,Car,vehicle,30.2,>30m,56.0,0,0.0,61,0,0.0,38.33
kitti_mini,000025,pitch,3.0,deg,3,Car,vehicle,17.9,15-30m,81.2,0,0.0,316,103,0.3259,38.78
kitti_mini,000025,pitch,3.0,deg,4,Cyclist,cyclist,44.7,>30m,9.8,3,0.0,21,0,0.0,38.12
kitti_mini,000025,pitch,3.0,deg,5,Car,vehicle,22.7,15-30m,59.2,1,0.0,27,9,0.3333,38.51
kitti_mini,000025,roll,0.0,deg,0,Car,vehicle,4.0,0-15m,344.9,3,0.94,140,138,0.9857,0.0
kitti_mini,000025,roll,0.0,deg,1,Car,vehicle,10.7,0-15m,185.9,0,0.0,1121,1121,1.0,0.0
kitti_mini,000025,roll,0.0,deg,2,Car,vehicle,30.2,>30m,56.0,0,0.0,61,61,1.0,0.0
kitti_mini,000025,roll,0.0,deg,3,Car,vehicle,17.9,15-30m,81.2,0,0.0,316,316,1.0,0.0
kitti_mini,000025,roll,0.0,deg,4,Cyclist,cyclist,44.7,>30m,9.8,3,0.0,21,21,1.0,0.0
kitti_mini,000025,roll,0.0,deg,5,Car,vehicle,22.7,15-30m,59.2,1,0.0,27,27,1.0,0.0
kitti_mini,000025,roll,0.25,deg,0,Car,vehicle,4.0,0-15m,344.9,3,0.94,135,133,0.9852,2.05
kitti_mini,000025,roll,0.25,deg,1,Car,vehicle,10.7,0-15m,185.9,0,0.0,1121,1121,1.0,0.81
kitti_mini,000025,roll,0.25,deg,2,Car,vehicle,30.2,>30m,56.0,0,0.0,61,61,1.0,0.16
kitti_mini,000025,roll,0.25,deg,3,Car,vehicle,17.9,15-30m,81.2,0,0.0,316,316,1.0,0.7
kitti_mini,000025,roll,0.25,deg,4,Cyclist,cyclist,44.7,>30m,9.8,3,0.0,21,21,1.0,0.2
kitti_mini,000025,roll,0.25,deg,5,Car,vehicle,22.7,15-30m,59.2,1,0.0,27,27,1.0,0.53
kitti_mini,000025,roll,0.5,deg,0,Car,vehicle,4.0,0-15m,344.9,3,0.94,131,130,0.9924,4.06
kitti_mini,000025,roll,0.5,deg,1,Car,vehicle,10.7,0-15m,185.9,0,0.0,1121,1121,1.0,1.62
kitti_mini,000025,roll,0.5,deg,2,Car,vehicle,30.2,>30m,56.0,0,0.0,61,61,1.0,0.32
kitti_mini,000025,roll,0.5,deg,3,Car,vehicle,17.9,15-30m,81.2,0,0.0,316,316,1.0,1.39
kitti_mini,000025,roll,0.5,deg,4,Cyclist,cyclist,44.7,>30m,9.8,3,0.0,21,21,1.0,0.4
kitti_mini,000025,roll,0.5,deg,5,Car,vehicle,22.7,15-30m,59.2,1,0.0,27,27,1.0,1.05
kitti_mini,000025,roll,1.0,deg,0,Car,vehicle,4.0,0-15m,344.9,3,0.94,126,121,0.9603,8.14
kitti_mini,000025,roll,1.0,deg,1,Car,vehicle,10.7,0-15m,185.9,0,0.0,1121,1121,1.0,3.24
kitti_mini,000025,roll,1.0,deg,2,Car,vehicle,30.2,>30m,56.0,0,0.0,61,61,1.0,0.64
kitti_mini,000025,roll,1.0,deg,3,Car,vehicle,17.9,15-30m,81.2,0,0.0,316,316,1.0,2.78
kitti_mini,000025,roll,1.0,deg,4,Cyclist,cyclist,44.7,>30m,9.8,3,0.0,21,21,1.0,0.8
kitti_mini,000025,roll,1.0,deg,5,Car,vehicle,22.7,15-30m,59.2,1,0.0,27,27,1.0,2.11
kitti_mini,000025,roll,2.0,deg,0,Car,vehicle,4.0,0-15m,344.9,3,0.94,110,110,1.0,16.31
kitti_mini,000025,roll,2.0,deg,1,Car,vehicle,10.7,0-15m,185.9,0,0.0,1121,1120,0.9991,6.48
kitti_mini,000025,roll,2.0,deg,2,Car,vehicle,30.2,>30m,56.0,0,0.0,61,61,1.0,1.28
kitti_mini,000025,roll,2.0,deg,3,Car,vehicle,17.9,15-30m,81.2,0,0.0,316,310,0.981,5.57
kitti_mini,000025,roll,2.0,deg,4,Cyclist,cyclist,44.7,>30m,9.8,3,0.0,21,21,1.0,1.61
kitti_mini,000025,roll,2.0,deg,5,Car,vehicle,22.7,15-30m,59.2,1,0.0,27,27,1.0,4.22
kitti_mini,000025,roll,3.0,deg,0,Car,vehicle,4.0,0-15m,344.9,3,0.94,109,108,0.9908,24.62
kitti_mini,000025,roll,3.0,deg,1,Car,vehicle,10.7,0-15m,185.9,0,0.0,1121,1098,0.9795,9.72
kitti_mini,000025,roll,3.0,deg,2,Car,vehicle,30.2,>30m,56.0,0,0.0,61,61,1.0,1.93
kitti_mini,000025,roll,3.0,deg,3,Car,vehicle,17.9,15-30m,81.2,0,0.0,316,300,0.9494,8.35
kitti_mini,000025,roll,3.0,deg,4,Cyclist,cyclist,44.7,>30m,9.8,3,0.0,21,17,0.8095,2.41
kitti_mini,000025,roll,3.0,deg,5,Car,vehicle,22.7,15-30m,59.2,1,0.0,27,27,1.0,6.33
kitti_mini,000025,tx,0.0,m,0,Car,vehicle,4.0,0-15m,344.9,3,0.94,140,138,0.9857,0.0
kitti_mini,000025,tx,0.0,m,1,Car,vehicle,10.7,0-15m,185.9,0,0.0,1121,1121,1.0,0.0
kitti_mini,000025,tx,0.0,m,2,Car,vehicle,30.2,>30m,56.0,0,0.0,61,61,1.0,0.0
kitti_mini,000025,tx,0.0,m,3,Car,vehicle,17.9,15-30m,81.2,0,0.0,316,316,1.0,0.0
kitti_mini,000025,tx,0.0,m,4,Cyclist,cyclist,44.7,>30m,9.8,3,0.0,21,21,1.0,0.0
kitti_mini,000025,tx,0.0,m,5,Car,vehicle,22.7,15-30m,59.2,1,0.0,27,27,1.0,0.0
kitti_mini,000025,tx,0.02,m,0,Car,vehicle,4.0,0-15m,344.9,3,0.94,143,142,0.993,3.28
kitti_mini,000025,tx,0.02,m,1,Car,vehicle,10.7,0-15m,185.9,0,0.0,1121,1121,1.0,0.39
kitti_mini,000025,tx,0.02,m,2,Car,vehicle,30.2,>30m,56.0,0,0.0,61,61,1.0,0.02
kitti_mini,000025,tx,0.02,m,3,Car,vehicle,17.9,15-30m,81.2,0,0.0,316,316,1.0,0.2
kitti_mini,000025,tx,0.02,m,4,Cyclist,cyclist,44.7,>30m,9.8,3,0.0,21,21,1.0,0.02
kitti_mini,000025,tx,0.02,m,5,Car,vehicle,22.7,15-30m,59.2,1,0.0,27,27,1.0,0.12
kitti_mini,000025,tx,0.05,m,0,Car,vehicle,4.0,0-15m,344.9,3,0.94,154,147,0.9545,8.11
kitti_mini,000025,tx,0.05,m,1,Car,vehicle,10.7,0-15m,185.9,0,0.0,1121,1121,1.0,0.98
kitti_mini,000025,tx,0.05,m,2,Car,vehicle,30.2,>30m,56.0,0,0.0,61,61,1.0,0.06
kitti_mini,000025,tx,0.05,m,3,Car,vehicle,17.9,15-30m,81.2,0,0.0,316,316,1.0,0.49
kitti_mini,000025,tx,0.05,m,4,Cyclist,cyclist,44.7,>30m,9.8,3,0.0,21,21,1.0,0.05
kitti_mini,000025,tx,0.05,m,5,Car,vehicle,22.7,15-30m,59.2,1,0.0,27,27,1.0,0.29
kitti_mini,000025,tx,0.1,m,0,Car,vehicle,4.0,0-15m,344.9,3,0.94,167,167,1.0,15.94
kitti_mini,000025,tx,0.1,m,1,Car,vehicle,10.7,0-15m,185.9,0,0.0,1121,1121,1.0,1.95
kitti_mini,000025,tx,0.1,m,2,Car,vehicle,30.2,>30m,56.0,0,0.0,61,61,1.0,0.12
kitti_mini,000025,tx,0.1,m,3,Car,vehicle,17.9,15-30m,81.2,0,0.0,316,316,1.0,0.97
kitti_mini,000025,tx,0.1,m,4,Cyclist,cyclist,44.7,>30m,9.8,3,0.0,21,21,1.0,0.1
kitti_mini,000025,tx,0.1,m,5,Car,vehicle,22.7,15-30m,59.2,1,0.0,27,27,1.0,0.57
kitti_mini,000025,tx,0.2,m,0,Car,vehicle,4.0,0-15m,344.9,3,0.94,183,176,0.9617,30.82
kitti_mini,000025,tx,0.2,m,1,Car,vehicle,10.7,0-15m,185.9,0,0.0,1121,1121,1.0,3.86
kitti_mini,000025,tx,0.2,m,2,Car,vehicle,30.2,>30m,56.0,0,0.0,61,61,1.0,0.24
kitti_mini,000025,tx,0.2,m,3,Car,vehicle,17.9,15-30m,81.2,0,0.0,316,316,1.0,1.93
kitti_mini,000025,tx,0.2,m,4,Cyclist,cyclist,44.7,>30m,9.8,3,0.0,21,21,1.0,0.21
kitti_mini,000025,tx,0.2,m,5,Car,vehicle,22.7,15-30m,59.2,1,0.0,27,27,1.0,1.14
kitti_mini,000025,ty,0.0,m,0,Car,vehicle,4.0,0-15m,344.9,3,0.94,140,138,0.9857,0.0
kitti_mini,000025,ty,0.0,m,1,Car,vehicle,10.7,0-15m,185.9,0,0.0,1121,1121,1.0,0.0
kitti_mini,000025,ty,0.0,m,2,Car,vehicle,30.2,>30m,56.0,0,0.0,61,61,1.0,0.0
kitti_mini,000025,ty,0.0,m,3,Car,vehicle,17.9,15-30m,81.2,0,0.0,316,316,1.0,0.0
kitti_mini,000025,ty,0.0,m,4,Cyclist,cyclist,44.7,>30m,9.8,3,0.0,21,21,1.0,0.0
kitti_mini,000025,ty,0.0,m,5,Car,vehicle,22.7,15-30m,59.2,1,0.0,27,27,1.0,0.0
kitti_mini,000025,ty,0.02,m,0,Car,vehicle,4.0,0-15m,344.9,3,0.94,143,141,0.986,4.79
kitti_mini,000025,ty,0.02,m,1,Car,vehicle,10.7,0-15m,185.9,0,0.0,1121,1121,1.0,1.57
kitti_mini,000025,ty,0.02,m,2,Car,vehicle,30.2,>30m,56.0,0,0.0,61,61,1.0,0.5
kitti_mini,000025,ty,0.02,m,3,Car,vehicle,17.9,15-30m,81.2,0,0.0,316,316,1.0,0.88
kitti_mini,000025,ty,0.02,m,4,Cyclist,cyclist,44.7,>30m,9.8,3,0.0,21,21,1.0,0.32
kitti_mini,000025,ty,0.02,m,5,Car,vehicle,22.7,15-30m,59.2,1,0.0,27,27,1.0,0.68
kitti_mini,000025,ty,0.05,m,0,Car,vehicle,4.0,0-15m,344.9,3,0.94,151,146,0.9669,11.97
kitti_mini,000025,ty,0.05,m,1,Car,vehicle,10.7,0-15m,185.9,0,0.0,1121,1120,0.9991,3.92
kitti_mini,000025,ty,0.05,m,2,Car,vehicle,30.2,>30m,56.0,0,0.0,61,61,1.0,1.26
kitti_mini,000025,ty,0.05,m,3,Car,vehicle,17.9,15-30m,81.2,0,0.0,316,316,1.0,2.19
kitti_mini,000025,ty,0.05,m,4,Cyclist,cyclist,44.7,>30m,9.8,3,0.0,21,21,1.0,0.81
kitti_mini,000025,ty,0.05,m,5,Car,vehicle,22.7,15-30m,59.2,1,0.0,27,27,1.0,1.7
kitti_mini,000025,ty,0.1,m,0,Car,vehicle,4.0,0-15m,344.9,3,0.94,159,156,0.9811,23.95
kitti_mini,000025,ty,0.1,m,1,Car,vehicle,10.7,0-15m,185.9,0,0.0,1121,1117,0.9964,7.83
kitti_mini,000025,ty,0.1,m,2,Car,vehicle,30.2,>30m,56.0,0,0.0,61,61,1.0,2.52
kitti_mini,000025,ty,0.1,m,3,Car,vehicle,17.9,15-30m,81.2,0,0.0,316,316,1.0,4.38
kitti_mini,000025,ty,0.1,m,4,Cyclist,cyclist,44.7,>30m,9.8,3,0.0,21,20,0.9524,1.62
kitti_mini,000025,ty,0.1,m,5,Car,vehicle,22.7,15-30m,59.2,1,0.0,27,26,0.963,3.4
kitti_mini,000025,ty,0.2,m,0,Car,vehicle,4.0,0-15m,344.9,3,0.94,167,156,0.9341,47.85
kitti_mini,000025,ty,0.2,m,1,Car,vehicle,10.7,0-15m,185.9,0,0.0,1121,1087,0.9697,15.67
kitti_mini,000025,ty,0.2,m,2,Car,vehicle,30.2,>30m,56.0,0,0.0,61,57,0.9344,5.04
kitti_mini,000025,ty,0.2,m,3,Car,vehicle,17.9,15-30m,81.2,0,0.0,316,309,0.9778,8.75
kitti_mini,000025,ty,0.2,m,4,Cyclist,cyclist,44.7,>30m,9.8,3,0.0,21,14,0.6667,3.24
kitti_mini,000025,ty,0.2,m,5,Car,vehicle,22.7,15-30m,59.2,1,0.0,27,12,0.4444,6.81
kitti_mini,000025,tz,0.0,m,0,Car,vehicle,4.0,0-15m,344.9,3,0.94,140,138,0.9857,0.0
kitti_mini,000025,tz,0.0,m,1,Car,vehicle,10.7,0-15m,185.9,0,0.0,1121,1121,1.0,0.0
kitti_mini,000025,tz,0.0,m,2,Car,vehicle,30.2,>30m,56.0,0,0.0,61,61,1.0,0.0
kitti_mini,000025,tz,0.0,m,3,Car,vehicle,17.9,15-30m,81.2,0,0.0,316,316,1.0,0.0
kitti_mini,000025,tz,0.0,m,4,Cyclist,cyclist,44.7,>30m,9.8,3,0.0,21,21,1.0,0.0
kitti_mini,000025,tz,0.0,m,5,Car,vehicle,22.7,15-30m,59.2,1,0.0,27,27,1.0,0.0
kitti_mini,000025,tz,0.02,m,0,Car,vehicle,4.0,0-15m,344.9,3,0.94,149,146,0.9799,4.8
kitti_mini,000025,tz,0.02,m,1,Car,vehicle,10.7,0-15m,185.9,0,0.0,1121,1121,1.0,1.57
kitti_mini,000025,tz,0.02,m,2,Car,vehicle,30.2,>30m,56.0,0,0.0,61,61,1.0,0.5
kitti_mini,000025,tz,0.02,m,3,Car,vehicle,17.9,15-30m,81.2,0,0.0,316,316,1.0,0.88
kitti_mini,000025,tz,0.02,m,4,Cyclist,cyclist,44.7,>30m,9.8,3,0.0,21,21,1.0,0.32
kitti_mini,000025,tz,0.02,m,5,Car,vehicle,22.7,15-30m,59.2,1,0.0,27,27,1.0,0.68
kitti_mini,000025,tz,0.05,m,0,Car,vehicle,4.0,0-15m,344.9,3,0.94,151,151,1.0,12.0
kitti_mini,000025,tz,0.05,m,1,Car,vehicle,10.7,0-15m,185.9,0,0.0,1121,1121,1.0,3.92
kitti_mini,000025,tz,0.05,m,2,Car,vehicle,30.2,>30m,56.0,0,0.0,61,61,1.0,1.26
kitti_mini,000025,tz,0.05,m,3,Car,vehicle,17.9,15-30m,81.2,0,0.0,316,316,1.0,2.19
kitti_mini,000025,tz,0.05,m,4,Cyclist,cyclist,44.7,>30m,9.8,3,0.0,21,21,1.0,0.81
kitti_mini,000025,tz,0.05,m,5,Car,vehicle,22.7,15-30m,59.2,1,0.0,27,27,1.0,1.7
kitti_mini,000025,tz,0.1,m,0,Car,vehicle,4.0,0-15m,344.9,3,0.94,182,182,1.0,23.99
kitti_mini,000025,tz,0.1,m,1,Car,vehicle,10.7,0-15m,185.9,0,0.0,1121,1121,1.0,7.84
kitti_mini,000025,tz,0.1,m,2,Car,vehicle,30.2,>30m,56.0,0,0.0,61,61,1.0,2.52
kitti_mini,000025,tz,0.1,m,3,Car,vehicle,17.9,15-30m,81.2,0,0.0,316,316,1.0,4.38
kitti_mini,000025,tz,0.1,m,4,Cyclist,cyclist,44.7,>30m,9.8,3,0.0,21,18,0.8571,1.62
kitti_mini,000025,tz,0.1,m,5,Car,vehicle,22.7,15-30m,59.2,1,0.0,27,20,0.7407,3.4
kitti_mini,000025,tz,0.2,m,0,Car,vehicle,4.0,0-15m,344.9,3,0.94,201,179,0.8905,47.96
kitti_mini,000025,tz,0.2,m,1,Car,vehicle,10.7,0-15m,185.9,0,0.0,1121,1040,0.9277,15.68
kitti_mini,000025,tz,0.2,m,2,Car,vehicle,30.2,>30m,56.0,0,0.0,61,61,1.0,5.04
kitti_mini,000025,tz,0.2,m,3,Car,vehicle,17.9,15-30m,81.2,0,0.0,316,304,0.962,8.76
kitti_mini,000025,tz,0.2,m,4,Cyclist,cyclist,44.7,>30m,9.8,3,0.0,21,18,0.8571,3.24
kitti_mini,000025,tz,0.2,m,5,Car,vehicle,22.7,15-30m,59.2,1,0.0,27,18,0.6667,6.81
kitti_mini,000031,yaw,0.0,deg,0,Car,vehicle,12.6,0-15m,155.7,0,0.0,1028,1028,1.0,0.0
kitti_mini,000031,yaw,0.0,deg,1,Car,vehicle,9.0,0-15m,243.0,0,0.0,1028,1028,1.0,0.0
kitti_mini,000031,yaw,0.0,deg,2,Car,vehicle,13.5,0-15m,136.8,1,0.0,517,517,1.0,0.0
kitti_mini,000031,yaw,0.0,deg,4,Car,vehicle,26.5,15-30m,52.3,0,0.0,141,141,1.0,0.0
kitti_mini,000031,yaw,0.0,deg,5,Van,vehicle,51.9,>30m,28.4,0,0.0,32,32,1.0,0.0
kitti_mini,000031,yaw,0.25,deg,0,Car,vehicle,12.6,0-15m,155.7,0,0.0,1028,1028,1.0,3.48
kitti_mini,000031,yaw,0.25,deg,1,Car,vehicle,9.0,0-15m,243.0,0,0.0,1028,1028,1.0,3.85
kitti_mini,000031,yaw,0.25,deg,2,Car,vehicle,13.5,0-15m,136.8,1,0.0,517,515,0.9961,3.36
kitti_mini,000031,yaw,0.25,deg,4,Car,vehicle,26.5,15-30m,52.3,0,0.0,141,139,0.9858,3.22
kitti_mini,000031,yaw,0.25,deg,5,Van,vehicle,51.9,>30m,28.4,0,0.0,32,32,1.0,3.17
kitti_mini,000031,yaw,0.5,deg,0,Car,vehicle,12.6,0-15m,155.7,0,0.0,1028,1025,0.9971,6.97
kitti_mini,000031,yaw,0.5,deg,1,Car,vehicle,9.0,0-15m,243.0,0,0.0,1028,1028,1.0,7.69
kitti_mini,000031,yaw,0.5,deg,2,Car,vehicle,13.5,0-15m,136.8,1,0.0,517,508,0.9826,6.72
kitti_mini,000031,yaw,0.5,deg,4,Car,vehicle,26.5,15-30m,52.3,0,0.0,141,131,0.9291,6.43
kitti_mini,000031,yaw,0.5,deg,5,Van,vehicle,51.9,>30m,28.4,0,0.0,32,28,0.875,6.34
kitti_mini,000031,yaw,1.0,deg,0,Car,vehicle,12.6,0-15m,155.7,0,0.0,1028,1000,0.9728,13.97
kitti_mini,000031,yaw,1.0,deg,1,Car,vehicle,9.0,0-15m,243.0,0,0.0,1028,1017,0.9893,15.33
kitti_mini,000031,yaw,1.0,deg,2,Car,vehicle,13.5,0-15m,136.8,1,0.0,517,491,0.9497,13.42
kitti_mini,000031,yaw,1.0,deg,4,Car,vehicle,26.5,15-30m,52.3,0,0.0,141,110,0.7801,12.85
kitti_mini,000031,yaw,1.0,deg,5,Van,vehicle,51.9,>30m,28.4,0,0.0,32,19,0.5938,12.67
kitti_mini,000031,yaw,2.0,deg,0,Car,vehicle,12.6,0-15m,155.7,0,0.0,1028,903,0.8784,28.1
kitti_mini,000031,yaw,2.0,deg,1,Car,vehicle,9.0,0-15m,243.0,0,0.0,1028,977,0.9504,30.44
kitti_mini,000031,yaw,2.0,deg,2,Car,vehicle,13.5,0-15m,136.8,1,0.0,517,432,0.8356,26.75
kitti_mini,000031,yaw,2.0,deg,4,Car,vehicle,26.5,15-30m,52.3,0,0.0,141,68,0.4823,25.67
kitti_mini,000031,yaw,2.0,deg,5,Van,vehicle,51.9,>30m,28.4,0,0.0,32,3,0.0938,25.34
kitti_mini,000031,yaw,3.0,deg,0,Car,vehicle,12.6,0-15m,155.7,0,0.0,1028,801,0.7792,42.38
kitti_mini,000031,yaw,3.0,deg,1,Car,vehicle,9.0,0-15m,243.0,0,0.0,1028,953,0.927,45.35
kitti_mini,000031,yaw,3.0,deg,2,Car,vehicle,13.5,0-15m,136.8,1,0.0,517,351,0.6789,40.0
kitti_mini,000031,yaw,3.0,deg,4,Car,vehicle,26.5,15-30m,52.3,0,0.0,141,29,0.2057,38.45
kitti_mini,000031,yaw,3.0,deg,5,Van,vehicle,51.9,>30m,28.4,0,0.0,32,0,0.0,38.01
kitti_mini,000031,pitch,0.0,deg,0,Car,vehicle,12.6,0-15m,155.7,0,0.0,1028,1028,1.0,0.0
kitti_mini,000031,pitch,0.0,deg,1,Car,vehicle,9.0,0-15m,243.0,0,0.0,1028,1028,1.0,0.0
kitti_mini,000031,pitch,0.0,deg,2,Car,vehicle,13.5,0-15m,136.8,1,0.0,517,517,1.0,0.0
kitti_mini,000031,pitch,0.0,deg,4,Car,vehicle,26.5,15-30m,52.3,0,0.0,141,141,1.0,0.0
kitti_mini,000031,pitch,0.0,deg,5,Van,vehicle,51.9,>30m,28.4,0,0.0,32,32,1.0,0.0
kitti_mini,000031,pitch,0.25,deg,0,Car,vehicle,12.6,0-15m,155.7,0,0.0,1028,1028,1.0,3.26
kitti_mini,000031,pitch,0.25,deg,1,Car,vehicle,9.0,0-15m,243.0,0,0.0,1028,1023,0.9951,3.34
kitti_mini,000031,pitch,0.25,deg,2,Car,vehicle,13.5,0-15m,136.8,1,0.0,517,517,1.0,3.24
kitti_mini,000031,pitch,0.25,deg,4,Car,vehicle,26.5,15-30m,52.3,0,0.0,141,141,1.0,3.19
kitti_mini,000031,pitch,0.25,deg,5,Van,vehicle,51.9,>30m,28.4,0,0.0,32,31,0.9688,3.17
kitti_mini,000031,pitch,0.5,deg,0,Car,vehicle,12.6,0-15m,155.7,0,0.0,1028,1025,0.9971,6.52
kitti_mini,000031,pitch,0.5,deg,1,Car,vehicle,9.0,0-15m,243.0,0,0.0,1028,1012,0.9844,6.69
kitti_mini,000031,pitch,0.5,deg,2,Car,vehicle,13.5,0-15m,136.8,1,0.0,517,511,0.9884,6.49
kitti_mini,000031,pitch,0.5,deg,4,Car,vehicle,26.5,15-30m,52.3,0,0.0,141,124,0.8794,6.38
kitti_mini,000031,pitch,0.5,deg,5,Van,vehicle,51.9,>30m,28.4,0,0.0,32,23,0.7188,6.34
kitti_mini,000031,pitch,1.0,deg,0,Car,vehicle,12.6,0-15m,155.7,0,0.0,1028,1002,0.9747,13.05
kitti_mini,000031,pitch,1.0,deg,1,Car,vehicle,9.0,0-15m,243.0,0,0.0,1028,985,0.9582,13.4
kitti_mini,000031,pitch,1.0,deg,2,Car,vehicle,13.5,0-15m,136.8,1,0.0,517,503,0.9729,12.99
kitti_mini,000031,pitch,1.0,deg,4,Car,vehicle,26.5,15-30m,52.3,0,0.0,141,101,0.7163,12.77
kitti_mini,000031,pitch,1.0,deg,5,Van,vehicle,51.9,>30m,28.4,0,0.0,32,14,0.4375,12.68
kitti_mini,000031,pitch,2.0,deg,0,Car,vehicle,12.6,0-15m,155.7,0,0.0,1028,890,0.8658,26.16
kitti_mini,000031,pitch,2.0,deg,1,Car,vehicle,9.0,0-15m,243.0,0,0.0,1028,927,0.9018,26.88
kitti_mini,000031,pitch,2.0,deg,2,Car,vehicle,13.5,0-15m,136.8,1,0.0,517,440,0.8511,26.02
kitti_mini,000031,pitch,2.0,deg,4,Car,vehicle,26.5,15-30m,52.3,0,0.0,141,40,0.2837,25.57
kitti_mini,000031,pitch,2.0,deg,5,Van,vehicle,51.9,>30m,28.4,0,0.0,32,1,0.0312,25.37
kitti_mini,000031,pitch,3.0,deg,0,Car,vehicle,12.6,0-15m,155.7,0,0.0,1028,741,0.7208,39.33
kitti_mini,000031,pitch,3.0,deg,1,Car,vehicle,9.0,0-15m,243.0,0,0.0,1012,805,0.7955,40.43
kitti_mini,000031,pitch,3.0,deg,2,Car,vehicle,13.5,0-15m,136.8,1,0.0,517,341,0.6596,39.11
kitti_mini,000031,pitch,3.0,deg,4,Car,vehicle,26.5,15-30m,52.3,0,0.0,141,7,0.0496,38.4
kitti_mini,000031,pitch,3.0,deg,5,Van,vehicle,51.9,>30m,28.4,0,0.0,32,0,0.0,38.09
kitti_mini,000031,roll,0.0,deg,0,Car,vehicle,12.6,0-15m,155.7,0,0.0,1028,1028,1.0,0.0
kitti_mini,000031,roll,0.0,deg,1,Car,vehicle,9.0,0-15m,243.0,0,0.0,1028,1028,1.0,0.0
kitti_mini,000031,roll,0.0,deg,2,Car,vehicle,13.5,0-15m,136.8,1,0.0,517,517,1.0,0.0
kitti_mini,000031,roll,0.0,deg,4,Car,vehicle,26.5,15-30m,52.3,0,0.0,141,141,1.0,0.0
kitti_mini,000031,roll,0.0,deg,5,Van,vehicle,51.9,>30m,28.4,0,0.0,32,32,1.0,0.0
kitti_mini,000031,roll,0.25,deg,0,Car,vehicle,12.6,0-15m,155.7,0,0.0,1028,1028,1.0,0.92
kitti_mini,000031,roll,0.25,deg,1,Car,vehicle,9.0,0-15m,243.0,0,0.0,1028,1028,1.0,1.4
kitti_mini,000031,roll,0.25,deg,2,Car,vehicle,13.5,0-15m,136.8,1,0.0,517,517,1.0,0.71
kitti_mini,000031,roll,0.25,deg,4,Car,vehicle,26.5,15-30m,52.3,0,0.0,141,141,1.0,0.35
kitti_mini,000031,roll,0.25,deg,5,Van,vehicle,51.9,>30m,28.4,0,0.0,32,32,1.0,0.12
kitti_mini,000031,roll,0.5,deg,0,Car,vehicle,12.6,0-15m,155.7,0,0.0,1028,1028,1.0,1.84
kitti_mini,000031,roll,0.5,deg,1,Car,vehicle,9.0,0-15m,243.0,0,0.0,1028,1023,0.9951,2.8
kitti_mini,000031,roll,0.5,deg,2,Car,vehicle,13.5,0-15m,136.8,1,0.0,517,517,1.0,1.42
kitti_mini,000031,roll,0.5,deg,4,Car,vehicle,26.5,15-30m,52.3,0,0.0,141,141,1.0,0.69
kitti_mini,000031,roll,0.5,deg,5,Van,vehicle,51.9,>30m,28.4,0,0.0,32,32,1.0,0.24
kitti_mini,000031,roll,1.0,deg,0,Car,vehicle,12.6,0-15m,155.7,0,0.0,1028,1028,1.0,3.68
kitti_mini,000031,roll,1.0,deg,1,Car,vehicle,9.0,0-15m,243.0,0,0.0,1028,1012,0.9844,5.61
kitti_mini,000031,roll,1.0,deg,2,Car,vehicle,13.5,0-15m,136.8,1,0.0,517,517,1.0,2.83
kitti_mini,000031,roll,1.0,deg,4,Car,vehicle,26.5,15-30m,52.3,0,0.0,141,141,1.0,1.39
kitti_mini,000031,roll,1.0,deg,5,Van,vehicle,51.9,>30m,28.4,0,0.0,32,32,1.0,0.49
kitti_mini,000031,roll,2.0,deg,0,Car,vehicle,12.6,0-15m,155.7,0,0.0,1028,999,0.9718,7.37
kitti_mini,000031,roll,2.0,deg,1,Car,vehicle,9.0,0-15m,243.0,0,0.0,1028,999,0.9718,11.22
kitti_mini,000031,roll,2.0,deg,2,Car,vehicle,13.5,0-15m,136.8,1,0.0,517,516,0.9981,5.67
kitti_mini,000031,roll,2.0,deg,4,Car,vehicle,26.5,15-30m,52.3,0,0.0,141,141,1.0,2.77
kitti_mini,000031,roll,2.0,deg,5,Van,vehicle,51.9,>30m,28.4,0,0.0,32,32,1.0,0.97
kitti_mini,000031,roll,3.0,deg,0,Car,vehicle,12.6,0-15m,155.7,0,0.0,1028,964,0.9377,11.05
kitti_mini,000031,roll,3.0,deg,1,Car,vehicle,9.0,0-15m,243.0,0,0.0,1028,973,0.9465,16.83
kitti_mini,000031,roll,3.0,deg,2,Car,vehicle,13.5,0-15m,136.8,1,0.0,517,509,0.9845,8.5
kitti_mini,000031,roll,3.0,deg,4,Car,vehicle,26.5,15-30m,52.3,0,0.0,141,140,0.9929,4.15
kitti_mini,000031,roll,3.0,deg,5,Van,vehicle,51.9,>30m,28.4,0,0.0,32,32,1.0,1.46
kitti_mini,000031,tx,0.0,m,0,Car,vehicle,12.6,0-15m,155.7,0,0.0,1028,1028,1.0,0.0
kitti_mini,000031,tx,0.0,m,1,Car,vehicle,9.0,0-15m,243.0,0,0.0,1028,1028,1.0,0.0
kitti_mini,000031,tx,0.0,m,2,Car,vehicle,13.5,0-15m,136.8,1,0.0,517,517,1.0,0.0
kitti_mini,000031,tx,0.0,m,4,Car,vehicle,26.5,15-30m,52.3,0,0.0,141,141,1.0,0.0
kitti_mini,000031,tx,0.0,m,5,Van,vehicle,51.9,>30m,28.4,0,0.0,32,32,1.0,0.0
kitti_mini,000031,tx,0.02,m,0,Car,vehicle,12.6,0-15m,155.7,0,0.0,1028,1028,1.0,0.38
kitti_mini,000031,tx,0.02,m,1,Car,vehicle,9.0,0-15m,243.0,0,0.0,1028,1028,1.0,0.89
kitti_mini,000031,tx,0.02,m,2,Car,vehicle,13.5,0-15m,136.8,1,0.0,517,517,1.0,0.27
kitti_mini,000031,tx,0.02,m,4,Car,vehicle,26.5,15-30m,52.3,0,0.0,141,141,1.0,0.06
kitti_mini,000031,tx,0.02,m,5,Van,vehicle,51.9,>30m,28.4,0,0.0,32,32,1.0,0.01
kitti_mini,000031,tx,0.05,m,0,Car,vehicle,12.6,0-15m,155.7,0,0.0,1028,1028,1.0,0.95
kitti_mini,000031,tx,0.05,m,1,Car,vehicle,9.0,0-15m,243.0,0,0.0,1028,1028,1.0,2.21
kitti_mini,000031,tx,0.05,m,2,Car,vehicle,13.5,0-15m,136.8,1,0.0,517,517,1.0,0.68
kitti_mini,000031,tx,0.05,m,4,Car,vehicle,26.5,15-30m,52.3,0,0.0,141,141,1.0,0.16
kitti_mini,000031,tx,0.05,m,5,Van,vehicle,51.9,>30m,28.4,0,0.0,32,32,1.0,0.03
kitti_mini,000031,tx,0.1,m,0,Car,vehicle,12.6,0-15m,155.7,0,0.0,1028,1028,1.0,1.89
kitti_mini,000031,tx,0.1,m,1,Car,vehicle,9.0,0-15m,243.0,0,0.0,1028,1028,1.0,4.4
kitti_mini,000031,tx,0.1,m,2,Car,vehicle,13.5,0-15m,136.8,1,0.0,517,517,1.0,1.36
kitti_mini,000031,tx,0.1,m,4,Car,vehicle,26.5,15-30m,52.3,0,0.0,141,141,1.0,0.32
kitti_mini,000031,tx,0.1,m,5,Van,vehicle,51.9,>30m,28.4,0,0.0,32,32,1.0,0.06
kitti_mini,000031,tx,0.2,m,0,Car,vehicle,12.6,0-15m,155.7,0,0.0,1028,1028,1.0,3.74
kitti_mini,000031,tx,0.2,m,1,Car,vehicle,9.0,0-15m,243.0,0,0.0,1028,1028,1.0,8.67
kitti_mini,000031,tx,0.2,m,2,Car,vehicle,13.5,0-15m,136.8,1,0.0,517,517,1.0,2.69
kitti_mini,000031,tx,0.2,m,4,Car,vehicle,26.5,15-30m,52.3,0,0.0,141,141,1.0,0.64
kitti_mini,000031,tx,0.2,m,5,Van,vehicle,51.9,>30m,28.4,0,0.0,32,32,1.0,0.11
kitti_mini,000031,ty,0.0,m,0,Car,vehicle,12.6,0-15m,155.7,0,0.0,1028,1028,1.0,0.0
kitti_mini,000031,ty,0.0,m,1,Car,vehicle,9.0,0-15m,243.0,0,0.0,1028,1028,1.0,0.0
kitti_mini,000031,ty,0.0,m,2,Car,vehicle,13.5,0-15m,136.8,1,0.0,517,517,1.0,0.0
kitti_mini,000031,ty,0.0,m,4,Car,vehicle,26.5,15-30m,52.3,0,0.0,141,141,1.0,0.0
kitti_mini,000031,ty,0.0,m,5,Van,vehicle,51.9,>30m,28.4,0,0.0,32,32,1.0,0.0
kitti_mini,000031,ty,0.02,m,0,Car,vehicle,12.6,0-15m,155.7,0,0.0,1028,1028,1.0,1.32
kitti_mini,000031,ty,0.02,m,1,Car,vehicle,9.0,0-15m,243.0,0,0.0,1028,1028,1.0,1.97
kitti_mini,000031,ty,0.02,m,2,Car,vehicle,13.5,0-15m,136.8,1,0.0,517,517,1.0,1.19
kitti_mini,000031,ty,0.02,m,4,Car,vehicle,26.5,15-30m,52.3,0,0.0,141,141,1.0,0.58
kitti_mini,000031,ty,0.02,m,5,Van,vehicle,51.9,>30m,28.4,0,0.0,32,32,1.0,0.29
kitti_mini,000031,ty,0.05,m,0,Car,vehicle,12.6,0-15m,155.7,0,0.0,1028,1028,1.0,3.3
kitti_mini,000031,ty,0.05,m,1,Car,vehicle,9.0,0-15m,243.0,0,0.0,1028,1028,1.0,4.91
kitti_mini,000031,ty,0.05,m,2,Car,vehicle,13.5,0-15m,136.8,1,0.0,517,516,0.9981,2.98
kitti_mini,000031,ty,0.05,m,4,Car,vehicle,26.5,15-30m,52.3,0,0.0,141,141,1.0,1.45
kitti_mini,000031,ty,0.05,m,5,Van,vehicle,51.9,>30m,28.4,0,0.0,32,32,1.0,0.72
kitti_mini,000031,ty,0.1,m,0,Car,vehicle,12.6,0-15m,155.7,0,0.0,1028,1025,0.9971,6.61
kitti_mini,000031,ty,0.1,m,1,Car,vehicle,9.0,0-15m,243.0,0,0.0,1028,1028,1.0,9.83
kitti_mini,000031,ty,0.1,m,2,Car,vehicle,13.5,0-15m,136.8,1,0.0,517,511,0.9884,5.97
kitti_mini,000031,ty,0.1,m,4,Car,vehicle,26.5,15-30m,52.3,0,0.0,141,140,0.9929,2.9
kitti_mini,000031,ty,0.1,m,5,Van,vehicle,51.9,>30m,28.4,0,0.0,32,32,1.0,1.45
kitti_mini,000031,ty,0.2,m,0,Car,vehicle,12.6,0-15m,155.7,0,0.0,1028,1007,0.9796,13.22
kitti_mini,000031,ty,0.2,m,1,Car,vehicle,9.0,0-15m,243.0,0,0.0,1028,1014,0.9864,19.65
kitti_mini,000031,ty,0.2,m,2,Car,vehicle,13.5,0-15m,136.8,1,0.0,517,500,0.9671,11.94
kitti_mini,000031,ty,0.2,m,4,Car,vehicle,26.5,15-30m,52.3,0,0.0,141,133,0.9433,5.79
kitti_mini,000031,ty,0.2,m,5,Van,vehicle,51.9,>30m,28.4,0,0.0,32,32,1.0,2.89
kitti_mini,000031,tz,0.0,m,0,Car,vehicle,12.6,0-15m,155.7,0,0.0,1028,1028,1.0,0.0
kitti_mini,000031,tz,0.0,m,1,Car,vehicle,9.0,0-15m,243.0,0,0.0,1028,1028,1.0,0.0
kitti_mini,000031,tz,0.0,m,2,Car,vehicle,13.5,0-15m,136.8,1,0.0,517,517,1.0,0.0
kitti_mini,000031,tz,0.0,m,4,Car,vehicle,26.5,15-30m,52.3,0,0.0,141,141,1.0,0.0
kitti_mini,000031,tz,0.0,m,5,Van,vehicle,51.9,>30m,28.4,0,0.0,32,32,1.0,0.0
kitti_mini,000031,tz,0.02,m,0,Car,vehicle,12.6,0-15m,155.7,0,0.0,1028,1028,1.0,1.32
kitti_mini,000031,tz,0.02,m,1,Car,vehicle,9.0,0-15m,243.0,0,0.0,1028,1028,1.0,1.97
kitti_mini,000031,tz,0.02,m,2,Car,vehicle,13.5,0-15m,136.8,1,0.0,517,517,1.0,1.19
kitti_mini,000031,tz,0.02,m,4,Car,vehicle,26.5,15-30m,52.3,0,0.0,141,141,1.0,0.58
kitti_mini,000031,tz,0.02,m,5,Van,vehicle,51.9,>30m,28.4,0,0.0,32,32,1.0,0.29
kitti_mini,000031,tz,0.05,m,0,Car,vehicle,12.6,0-15m,155.7,0,0.0,1028,1028,1.0,3.31
kitti_mini,000031,tz,0.05,m,1,Car,vehicle,9.0,0-15m,243.0,0,0.0,1028,989,0.9621,4.92
kitti_mini,000031,tz,0.05,m,2,Car,vehicle,13.5,0-15m,136.8,1,0.0,517,517,1.0,2.99
kitti_mini,000031,tz,0.05,m,4,Car,vehicle,26.5,15-30m,52.3,0,0.0,141,141,1.0,1.45
kitti_mini,000031,tz,0.05,m,5,Van,vehicle,51.9,>30m,28.4,0,0.0,32,32,1.0,0.72
kitti_mini,000031,tz,0.1,m,0,Car,vehicle,12.6,0-15m,155.7,0,0.0,1028,999,0.9718,6.61
kitti_mini,000031,tz,0.1,m,1,Car,vehicle,9.0,0-15m,243.0,0,0.0,1028,940,0.9144,9.84
kitti_mini,000031,tz,0.1,m,2,Car,vehicle,13.5,0-15m,136.8,1,0.0,517,517,1.0,5.97
kitti_mini,000031,tz,0.1,m,4,Car,vehicle,26.5,15-30m,52.3,0,0.0,141,141,1.0,2.9
kitti_mini,000031,tz,0.1,m,5,Van,vehicle,51.9,>30m,28.4,0,0.0,32,32,1.0,1.45
kitti_mini,000031,tz,0.2,m,0,Car,vehicle,12.6,0-15m,155.7,0,0.0,1028,936,0.9105,13.23
kitti_mini,000031,tz,0.2,m,1,Car,vehicle,9.0,0-15m,243.0,0,0.0,1028,930,0.9047,19.67
kitti_mini,000031,tz,0.2,m,2,Car,vehicle,13.5,0-15m,136.8,1,0.0,517,461,0.8917,11.94
kitti_mini,000031,tz,0.2,m,4,Car,vehicle,26.5,15-30m,52.3,0,0.0,141,134,0.9504,5.79
kitti_mini,000031,tz,0.2,m,5,Van,vehicle,51.9,>30m,28.4,0,0.0,32,31,0.9688,2.89
kitti_mini,000032,yaw,0.0,deg,0,Car,vehicle,9.7,0-15m,257.4,0,0.0,1435,1435,1.0,0.0
kitti_mini,000032,yaw,0.0,deg,1,Car,vehicle,9.1,0-15m,238.2,0,0.0,1352,1350,0.9985,0.0
kitti_mini,000032,yaw,0.0,deg,2,Van,vehicle,14.8,0-15m,148.5,1,0.0,803,803,1.0,0.0
kitti_mini,000032,yaw,0.0,deg,3,Car,vehicle,13.8,0-15m,151.5,1,0.0,410,410,1.0,0.0
kitti_mini,000032,yaw,0.0,deg,4,Car,vehicle,20.2,15-30m,68.3,2,0.0,71,71,1.0,0.0
kitti_mini,000032,yaw,0.0,deg,5,Van,vehicle,25.4,15-30m,249.0,2,0.0,584,584,1.0,0.0
kitti_mini,000032,yaw,0.0,deg,6,Car,vehicle,25.8,15-30m,81.2,2,0.0,75,75,1.0,0.0
kitti_mini,000032,yaw,0.0,deg,7,Van,vehicle,44.7,>30m,32.1,0,0.0,64,64,1.0,0.0
kitti_mini,000032,yaw,0.0,deg,8,Van,vehicle,41.1,>30m,136.4,2,0.0,154,154,1.0,0.0
kitti_mini,000032,yaw,0.0,deg,9,Car,vehicle,45.1,>30m,36.8,0,0.0,39,39,1.0,0.0
kitti_mini,000032,yaw,0.25,deg,0,Car,vehicle,9.7,0-15m,257.4,0,0.0,1435,1435,1.0,3.78
kitti_mini,000032,yaw,0.25,deg,1,Car,vehicle,9.1,0-15m,238.2,0,0.0,1352,1352,1.0,3.77
kitti_mini,000032,yaw,0.25,deg,2,Van,vehicle,14.8,0-15m,148.5,1,0.0,803,803,1.0,3.41
kitti_mini,000032,yaw,0.25,deg,3,Car,vehicle,13.8,0-15m,151.5,1,0.0,410,410,1.0,3.37
kitti_mini,000032,yaw,0.25,deg,4,Car,vehicle,20.2,15-30m,68.3,2,0.0,71,70,0.9859,3.28
kitti_mini,000032,yaw,0.25,deg,5,Van,vehicle,25.4,15-30m,249.0,2,0.0,584,584,1.0,3.85
kitti_mini,000032,yaw,0.25,deg,6,Car,vehicle,25.8,15-30m,81.2,2,0.0,75,75,1.0,3.33
kitti_mini,000032,yaw,0.25,deg,7,Van,vehicle,44.7,>30m,32.1,0,0.0,64,63,0.9844,3.17
kitti_mini,000032,yaw,0.25,deg,8,Van,vehicle,41.1,>30m,136.4,2,0.0,154,154,1.0,3.44
kitti_mini,000032,yaw,0.25,deg,9,Car,vehicle,45.1,>30m,36.8,0,0.0,39,38,0.9744,3.23
kitti_mini,000032,yaw,0.5,deg,0,Car,vehicle,9.7,0-15m,257.4,0,0.0,1435,1435,1.0,7.58
kitti_mini,000032,yaw,0.5,deg,1,Car,vehicle,9.1,0-15m,238.2,0,0.0,1352,1352,1.0,7.53
kitti_mini,000032,yaw,0.5,deg,2,Van,vehicle,14.8,0-15m,148.5,1,0.0,803,803,1.0,6.84
kitti_mini,000032,yaw,0.5,deg,3,Car,vehicle,13.8,0-15m,151.5,1,0.0,410,410,1.0,6.73
kitti_mini,000032,yaw,0.5,deg,4,Car,vehicle,20.2,15-30m,68.3,2,0.0,71,59,0.831,6.55
kitti_mini,000032,yaw,0.5,deg,5,Van,vehicle,25.4,15-30m,249.0,2,0.0,584,584,1.0,7.73
kitti_mini,000032,yaw,0.5,deg,6,Car,vehicle,25.8,15-30m,81.2,2,0.0,75,75,1.0,6.65
kitti_mini,000032,yaw,0.5,deg,7,Van,vehicle,44.7,>30m,32.1,0,0.0,64,58,0.9062,6.34
kitti_mini,000032,yaw,0.5,deg,8,Van,vehicle,41.1,>30m,136.4,2,0.0,154,153,0.9935,6.88
kitti_mini,000032,yaw,0.5,deg,9,Car,vehicle,45.1,>30m,36.8,0,0.0,39,34,0.8718,6.46
kitti_mini,000032,yaw,1.0,deg,0,Car,vehicle,9.7,0-15m,257.4,0,0.0,1435,1435,1.0,15.22
kitti_mini,000032,yaw,1.0,deg,1,Car,vehicle,9.1,0-15m,238.2,0,0.0,1352,1334,0.9867,15.01
kitti_mini,000032,yaw,1.0,deg,2,Van,vehicle,14.8,0-15m,148.5,1,0.0,803,803,1.0,13.7
kitti_mini,000032,yaw,1.0,deg,3,Car,vehicle,13.8,0-15m,151.5,1,0.0,410,395,0.9634,13.43
kitti_mini,000032,yaw,1.0,deg,4,Car,vehicle,20.2,15-30m,68.3,2,0.0,71,46,0.6479,13.09
kitti_mini,000032,yaw,1.0,deg,5,Van,vehicle,25.4,15-30m,249.0,2,0.0,584,584,1.0,15.51
kitti_mini,000032,yaw,1.0,deg,6,Car,vehicle,25.8,15-30m,81.2,2,0.0,75,73,0.9733,13.27
kitti_mini,000032,yaw,1.0,deg,7,Van,vehicle,44.7,>30m,32.1,0,0.0,64,43,0.6719,12.68
kitti_mini,000032,yaw,1.0,deg,8,Van,vehicle,41.1,>30m,136.4,2,0.0,154,135,0.8766,13.73
kitti_mini,000032,yaw,1.0,deg,9,Car,vehicle,45.1,>30m,36.8,0,0.0,39,25,0.641,12.94
kitti_mini,000032,yaw,2.0,deg,0,Car,vehicle,9.7,0-15m,257.4,0,0.0,1435,1420,0.9895,30.66
kitti_mini,000032,yaw,2.0,deg,1,Car,vehicle,9.1,0-15m,238.2,0,0.0,1352,1274,0.9423,29.82
kitti_mini,000032,yaw,2.0,deg,2,Van,vehicle,14.8,0-15m,148.5,1,0.0,803,788,0.9813,27.53
kitti_mini,000032,yaw,2.0,deg,3,Car,vehicle,13.8,0-15m,151.5,1,0.0,410,352,0.8585,26.77
kitti_mini,000032,yaw,2.0,deg,4,Car,vehicle,20.2,15-30m,68.3,2,0.0,71,18,0.2535,26.11
kitti_mini,000032,yaw,2.0,deg,5,Van,vehicle,25.4,15-30m,249.0,2,0.0,584,584,1.0,31.29
kitti_mini,000032,yaw,2.0,deg,6,Car,vehicle,25.8,15-30m,81.2,2,0.0,75,56,0.7467,26.46
kitti_mini,000032,yaw,2.0,deg,7,Van,vehicle,44.7,>30m,32.1,0,0.0,64,15,0.2344,25.35
kitti_mini,000032,yaw,2.0,deg,8,Van,vehicle,41.1,>30m,136.4,2,0.0,154,110,0.7143,27.32
kitti_mini,000032,yaw,2.0,deg,9,Car,vehicle,45.1,>30m,36.8,0,0.0,39,8,0.2051,25.96
kitti_mini,000032,yaw,3.0,deg,0,Car,vehicle,9.7,0-15m,257.4,0,0.0,1435,1362,0.9491,46.36
kitti_mini,000032,yaw,3.0,deg,1,Car,vehicle,9.1,0-15m,238.2,0,0.0,1352,1214,0.8979,44.44
kitti_mini,000032,yaw,3.0,deg,2,Van,vehicle,14.8,0-15m,148.5,1,0.0,803,754,0.939,41.5
kitti_mini,000032,yaw,3.0,deg,3,Car,vehicle,13.8,0-15m,151.5,1,0.0,410,298,0.7268,40.03
kitti_mini,000032,yaw,3.0,deg,4,Car,vehicle,20.2,15-30m,68.3,2,0.0,71,8,0.1127,39.08
kitti_mini,000032,yaw,3.0,deg,5,Van,vehicle,25.4,15-30m,249.0,2,0.0,584,584,1.0,47.35
kitti_mini,000032,yaw,3.0,deg,6,Car,vehicle,25.8,15-30m,81.2,2,0.0,75,42,0.56,39.56
kitti_mini,000032,yaw,3.0,deg,7,Van,vehicle,44.7,>30m,32.1,0,0.0,64,0,0.0,38.03
kitti_mini,000032,yaw,3.0,deg,8,Van,vehicle,41.1,>30m,136.4,2,0.0,154,81,0.526,40.8
kitti_mini,000032,yaw,3.0,deg,9,Car,vehicle,45.1,>30m,36.8,0,0.0,39,0,0.0,39.05
kitti_mini,000032,pitch,0.0,deg,0,Car,vehicle,9.7,0-15m,257.4,0,0.0,1435,1435,1.0,0.0
kitti_mini,000032,pitch,0.0,deg,1,Car,vehicle,9.1,0-15m,238.2,0,0.0,1352,1350,0.9985,0.0
kitti_mini,000032,pitch,0.0,deg,2,Van,vehicle,14.8,0-15m,148.5,1,0.0,803,803,1.0,0.0
kitti_mini,000032,pitch,0.0,deg,3,Car,vehicle,13.8,0-15m,151.5,1,0.0,410,410,1.0,0.0
kitti_mini,000032,pitch,0.0,deg,4,Car,vehicle,20.2,15-30m,68.3,2,0.0,71,71,1.0,0.0
kitti_mini,000032,pitch,0.0,deg,5,Van,vehicle,25.4,15-30m,249.0,2,0.0,584,584,1.0,0.0
kitti_mini,000032,pitch,0.0,deg,6,Car,vehicle,25.8,15-30m,81.2,2,0.0,75,75,1.0,0.0
kitti_mini,000032,pitch,0.0,deg,7,Van,vehicle,44.7,>30m,32.1,0,0.0,64,64,1.0,0.0
kitti_mini,000032,pitch,0.0,deg,8,Van,vehicle,41.1,>30m,136.4,2,0.0,154,154,1.0,0.0
kitti_mini,000032,pitch,0.0,deg,9,Car,vehicle,45.1,>30m,36.8,0,0.0,39,39,1.0,0.0
kitti_mini,000032,pitch,0.25,deg,0,Car,vehicle,9.7,0-15m,257.4,0,0.0,1435,1435,1.0,3.31
kitti_mini,000032,pitch,0.25,deg,1,Car,vehicle,9.1,0-15m,238.2,0,0.0,1352,1346,0.9956,3.33
kitti_mini,000032,pitch,0.25,deg,2,Van,vehicle,14.8,0-15m,148.5,1,0.0,803,803,1.0,3.22
kitti_mini,000032,pitch,0.25,deg,3,Car,vehicle,13.8,0-15m,151.5,1,0.0,410,410,1.0,3.24
kitti_mini,000032,pitch,0.25,deg,4,Car,vehicle,20.2,15-30m,68.3,2,0.0,71,68,0.9577,3.2
kitti_mini,000032,pitch,0.25,deg,5,Van,vehicle,25.4,15-30m,249.0,2,0.0,584,584,1.0,3.19
kitti_mini,000032,pitch,0.25,deg,6,Car,vehicle,25.8,15-30m,81.2,2,0.0,75,75,1.0,3.19
kitti_mini,000032,pitch,0.25,deg,7,Van,vehicle,44.7,>30m,32.1,0,0.0,64,56,0.875,3.17
kitti_mini,000032,pitch,0.25,deg,8,Van,vehicle,41.1,>30m,136.4,2,0.0,154,154,1.0,3.17
kitti_mini,000032,pitch,0.25,deg,9,Car,vehicle,45.1,>30m,36.8,0,0.0,39,39,1.0,3.17
kitti_mini,000032,pitch,0.5,deg,0,Car,vehicle,9.7,0-15m,257.4,0,0.0,1435,1435,1.0,6.62
kitti_mini,000032,pitch,0.5,deg,1,Car,vehicle,9.1,0-15m,238.2,0,0.0,1352,1340,0.9911,6.66
kitti_mini,000032,pitch,0.5,deg,2,Van,vehicle,14.8,0-15m,148.5,1,0.0,803,803,1.0,6.45
kitti_mini,000032,pitch,0.5,deg,3,Car,vehicle,13.8,0-15m,151.5,1,0.0,410,410,1.0,6.48
kitti_mini,000032,pitch,0.5,deg,4,Car,vehicle,20.2,15-30m,68.3,2,0.0,71,65,0.9155,6.4
kitti_mini,000032,pitch,0.5,deg,5,Van,vehicle,25.4,15-30m,249.0,2,0.0,584,584,1.0,6.38
kitti_mini,000032,pitch,0.5,deg,6,Car,vehicle,25.8,15-30m,81.2,2,0.0,75,75,1.0,6.37
kitti_mini,000032,pitch,0.5,deg,7,Van,vehicle,44.7,>30m,32.1,0,0.0,64,51,0.7969,6.34
kitti_mini,000032,pitch,0.5,deg,8,Van,vehicle,41.1,>30m,136.4,2,0.0,154,154,1.0,6.34
kitti_mini,000032,pitch,0.5,deg,9,Car,vehicle,45.1,>30m,36.8,0,0.0,39,26,0.6667,6.34
kitti_mini,000032,pitch,1.0,deg,0,Car,vehicle,9.7,0-15m,257.4,0,0.0,1435,1435,1.0,13.25
kitti_mini,000032,pitch,1.0,deg,1,Car,vehicle,9.1,0-15m,238.2,0,0.0,1352,1311,0.9697,13.33
kitti_mini,000032,pitch,1.0,deg,2,Van,vehicle,14.8,0-15m,148.5,1,0.0,803,798,0.9938,12.9
kitti_mini,000032,pitch,1.0,deg,3,Car,vehicle,13.8,0-15m,151.5,1,0.0,410,405,0.9878,12.97
kitti_mini,000032,pitch,1.0,deg,4,Car,vehicle,20.2,15-30m,68.3,2,0.0,71,65,0.9155,12.81
kitti_mini,000032,pitch,1.0,deg,5,Van,vehicle,25.4,15-30m,249.0,2,0.0,584,584,1.0,12.75
kitti_mini,000032,pitch,1.0,deg,6,Car,vehicle,25.8,15-30m,81.2,2,0.0,75,75,1.0,12.74
kitti_mini,000032,pitch,1.0,deg,7,Van,vehicle,44.7,>30m,32.1,0,0.0,64,33,0.5156,12.68
kitti_mini,000032,pitch,1.0,deg,8,Van,vehicle,41.1,>30m,136.4,2,0.0,154,154,1.0,12.68
kitti_mini,000032,pitch,1.0,deg,9,Car,vehicle,45.1,>30m,36.8,0,0.0,39,1,0.0256,12.69
kitti_mini,000032,pitch,2.0,deg,0,Car,vehicle,9.7,0-15m,257.4,0,0.0,1435,1390,0.9686,26.58
kitti_mini,000032,pitch,2.0,deg,1,Car,vehicle,9.1,0-15m,238.2,0,0.0,1352,1240,0.9172,26.74
kitti_mini,000032,pitch,2.0,deg,2,Van,vehicle,14.8,0-15m,148.5,1,0.0,803,758,0.944,25.82
kitti_mini,000032,pitch,2.0,deg,3,Car,vehicle,13.8,0-15m,151.5,1,0.0,410,347,0.8463,25.98
kitti_mini,000032,pitch,2.0,deg,4,Car,vehicle,20.2,15-30m,68.3,2,0.0,71,56,0.7887,25.65
kitti_mini,000032,pitch,2.0,deg,5,Van,vehicle,25.4,15-30m,249.0,2,0.0,584,581,0.9949,25.51
kitti_mini,000032,pitch,2.0,deg,6,Car,vehicle,25.8,15-30m,81.2,2,0.0,75,73,0.9733,25.5
kitti_mini,000032,pitch,2.0,deg,7,Van,vehicle,44.7,>30m,32.1,0,0.0,64,11,0.1719,25.38
kitti_mini,000032,pitch,2.0,deg,8,Van,vehicle,41.1,>30m,136.4,2,0.0,154,133,0.8636,25.37
kitti_mini,000032,pitch,2.0,deg,9,Car,vehicle,45.1,>30m,36.8,0,0.0,39,0,0.0,25.4
kitti_mini,000032,pitch,3.0,deg,0,Car,vehicle,9.7,0-15m,257.4,0,0.0,1435,1278,0.8906,39.98
kitti_mini,000032,pitch,3.0,deg,1,Car,vehicle,9.1,0-15m,238.2,0,0.0,1346,1115,0.8284,40.22
kitti_mini,000032,pitch,3.0,deg,2,Van,vehicle,14.8,0-15m,148.5,1,0.0,803,677,0.8431,38.78
kitti_mini,000032,pitch,3.0,deg,3,Car,vehicle,13.8,0-15m,151.5,1,0.0,410,278,0.678,39.04
kitti_mini,000032,pitch,3.0,deg,4,Car,vehicle,20.2,15-30m,68.3,2,0.0,71,30,0.4225,38.53
kitti_mini,000032,pitch,3.0,deg,5,Van,vehicle,25.4,15-30m,249.0,2,0.0,584,516,0.8836,38.29
kitti_mini,000032,pitch,3.0,deg,6,Car,vehicle,25.8,15-30m,81.2,2,0.0,75,39,0.52,38.28
kitti_mini,000032,pitch,3.0,deg,7,Van,vehicle,44.7,>30m,32.1,0,0.0,64,0,0.0,38.09
kitti_mini,000032,pitch,3.0,deg,8,Van,vehicle,41.1,>30m,136.4,2,0.0,154,52,0.3377,38.08
kitti_mini,000032,pitch,3.0,deg,9,Car,vehicle,45.1,>30m,36.8,0,0.0,39,0,0.0,38.13
kitti_mini,000032,roll,0.0,deg,0,Car,vehicle,9.7,0-15m,257.4,0,0.0,1435,1435,1.0,0.0
kitti_mini,000032,roll,0.0,deg,1,Car,vehicle,9.1,0-15m,238.2,0,0.0,1352,1350,0.9985,0.0
kitti_mini,000032,roll,0.0,deg,2,Van,vehicle,14.8,0-15m,148.5,1,0.0,803,803,1.0,0.0
kitti_mini,000032,roll,0.0,deg,3,Car,vehicle,13.8,0-15m,151.5,1,0.0,410,410,1.0,0.0
kitti_mini,000032,roll,0.0,deg,4,Car,vehicle,20.2,15-30m,68.3,2,0.0,71,71,1.0,0.0
kitti_mini,000032,roll,0.0,deg,5,Van,vehicle,25.4,15-30m,249.0,2,0.0,584,584,1.0,0.0
kitti_mini,000032,roll,0.0,deg,6,Car,vehicle,25.8,15-30m,81.2,2,0.0,75,75,1.0,0.0
kitti_mini,000032,roll,0.0,deg,7,Van,vehicle,44.7,>30m,32.1,0,0.0,64,64,1.0,0.0
kitti_mini,000032,roll,0.0,deg,8,Van,vehicle,41.1,>30m,136.4,2,0.0,154,154,1.0,0.0
kitti_mini,000032,roll,0.0,deg,9,Car,vehicle,45.1,>30m,36.8,0,0.0,39,39,1.0,0.0
kitti_mini,000032,roll,0.25,deg,0,Car,vehicle,9.7,0-15m,257.4,0,0.0,1435,1435,1.0,1.32
kitti_mini,000032,roll,0.25,deg,1,Car,vehicle,9.1,0-15m,238.2,0,0.0,1352,1346,0.9956,1.3
kitti_mini,000032,roll,0.25,deg,2,Van,vehicle,14.8,0-15m,148.5,1,0.0,803,803,1.0,0.8
kitti_mini,000032,roll,0.25,deg,3,Car,vehicle,13.8,0-15m,151.5,1,0.0,410,410,1.0,0.71
kitti_mini,000032,roll,0.25,deg,4,Car,vehicle,20.2,15-30m,68.3,2,0.0,71,71,1.0,0.53
kitti_mini,000032,roll,0.25,deg,5,Van,vehicle,25.4,15-30m,249.0,2,0.0,584,584,1.0,1.44
kitti_mini,000032,roll,0.25,deg,6,Car,vehicle,25.8,15-30m,81.2,2,0.0,75,75,1.0,0.67
kitti_mini,000032,roll,0.25,deg,7,Van,vehicle,44.7,>30m,32.1,0,0.0,64,64,1.0,0.09
kitti_mini,000032,roll,0.25,deg,8,Van,vehicle,41.1,>30m,136.4,2,0.0,154,154,1.0,0.93
kitti_mini,000032,roll,0.25,deg,9,Car,vehicle,45.1,>30m,36.8,0,0.0,39,39,1.0,0.44
kitti_mini,000032,roll,0.5,deg,0,Car,vehicle,9.7,0-15m,257.4,0,0.0,1435,1435,1.0,2.64
kitti_mini,000032,roll,0.5,deg,1,Car,vehicle,9.1,0-15m,238.2,0,0.0,1352,1346,0.9956,2.59
kitti_mini,000032,roll,0.5,deg,2,Van,vehicle,14.8,0-15m,148.5,1,0.0,803,803,1.0,1.6
kitti_mini,000032,roll,0.5,deg,3,Car,vehicle,13.8,0-15m,151.5,1,0.0,410,410,1.0,1.42
kitti_mini,000032,roll,0.5,deg,4,Car,vehicle,20.2,15-30m,68.3,2,0.0,71,71,1.0,1.05
kitti_mini,000032,roll,0.5,deg,5,Van,vehicle,25.4,15-30m,249.0,2,0.0,584,584,1.0,2.87
kitti_mini,000032,roll,0.5,deg,6,Car,vehicle,25.8,15-30m,81.2,2,0.0,75,75,1.0,1.34
kitti_mini,000032,roll,0.5,deg,7,Van,vehicle,44.7,>30m,32.1,0,0.0,64,64,1.0,0.19
kitti_mini,000032,roll,0.5,deg,8,Van,vehicle,41.1,>30m,136.4,2,0.0,154,154,1.0,1.86
kitti_mini,000032,roll,0.5,deg,9,Car,vehicle,45.1,>30m,36.8,0,0.0,39,39,1.0,0.87
kitti_mini,000032,roll,1.0,deg,0,Car,vehicle,9.7,0-15m,257.4,0,0.0,1435,1415,0.9861,5.29
kitti_mini,000032,roll,1.0,deg,1,Car,vehicle,9.1,0-15m,238.2,0,0.0,1352,1341,0.9919,5.18
kitti_mini,000032,roll,1.0,deg,2,Van,vehicle,14.8,0-15m,148.5,1,0.0,803,803,1.0,3.2
kitti_mini,000032,roll,1.0,deg,3,Car,vehicle,13.8,0-15m,151.5,1,0.0,410,410,1.0,2.83
kitti_mini,000032,roll,1.0,deg,4,Car,vehicle,20.2,15-30m,68.3,2,0.0,71,71,1.0,2.1
kitti_mini,000032,roll,1.0,deg,5,Van,vehicle,25.4,15-30m,249.0,2,0.0,584,561,0.9606,5.74
kitti_mini,000032,roll,1.0,deg,6,Car,vehicle,25.8,15-30m,81.2,2,0.0,75,75,1.0,2.69
kitti_mini,000032,roll,1.0,deg,7,Van,vehicle,44.7,>30m,32.1,0,0.0,64,64,1.0,0.37
kitti_mini,000032,roll,1.0,deg,8,Van,vehicle,41.1,>30m,136.4,2,0.0,154,154,1.0,3.73
kitti_mini,000032,roll,1.0,deg,9,Car,vehicle,45.1,>30m,36.8,0,0.0,39,39,1.0,1.74
kitti_mini,000032,roll,2.0,deg,0,Car,vehicle,9.7,0-15m,257.4,0,0.0,1435,1379,0.961,10.57
kitti_mini,000032,roll,2.0,deg,1,Car,vehicle,9.1,0-15m,238.2,0,0.0,1352,1311,0.9697,10.37
kitti_mini,000032,roll,2.0,deg,2,Van,vehicle,14.8,0-15m,148.5,1,0.0,803,784,0.9763,6.41
kitti_mini,000032,roll,2.0,deg,3,Car,vehicle,13.8,0-15m,151.5,1,0.0,410,410,1.0,5.66
kitti_mini,000032,roll,2.0,deg,4,Car,vehicle,20.2,15-30m,68.3,2,0.0,71,68,0.9577,4.21
kitti_mini,000032,roll,2.0,deg,5,Van,vehicle,25.4,15-30m,249.0,2,0.0,584,491,0.8408,11.48
kitti_mini,000032,roll,2.0,deg,6,Car,vehicle,25.8,15-30m,81.2,2,0.0,75,75,1.0,5.37
kitti_mini,000032,roll,2.0,deg,7,Van,vehicle,44.7,>30m,32.1,0,0.0,64,64,1.0,0.74
kitti_mini,000032,roll,2.0,deg,8,Van,vehicle,41.1,>30m,136.4,2,0.0,154,154,1.0,7.45
kitti_mini,000032,roll,2.0,deg,9,Car,vehicle,45.1,>30m,36.8,0,0.0,39,39,1.0,3.48
kitti_mini,000032,roll,3.0,deg,0,Car,vehicle,9.7,0-15m,257.4,0,0.0,1435,1338,0.9324,15.86
kitti_mini,000032,roll,3.0,deg,1,Car,vehicle,9.1,0-15m,238.2,0,0.0,1352,1298,0.9601,15.55
kitti_mini,000032,roll,3.0,deg,2,Van,vehicle,14.8,0-15m,148.5,1,0.0,803,753,0.9377,9.61
kitti_mini,000032,roll,3.0,deg,3,Car,vehicle,13.8,0-15m,151.5,1,0.0,410,410,1.0,8.49
kitti_mini,000032,roll,3.0,deg,4,Car,vehicle,20.2,15-30m,68.3,2,0.0,71,68,0.9577,6.31
kitti_mini,000032,roll,3.0,deg,5,Van,vehicle,25.4,15-30m,249.0,2,0.0,584,422,0.7226,17.22
kitti_mini,000032,roll,3.0,deg,6,Car,vehicle,25.8,15-30m,81.2,2,0.0,75,75,1.0,8.06
kitti_mini,000032,roll,3.0,deg,7,Van,vehicle,44.7,>30m,32.1,0,0.0,64,64,1.0,1.11
kitti_mini,000032,roll,3.0,deg,8,Van,vehicle,41.1,>30m,136.4,2,0.0,154,154,1.0,11.18
kitti_mini,000032,roll,3.0,deg,9,Car,vehicle,45.1,>30m,36.8,0,0.0,39,39,1.0,5.23
kitti_mini,000032,tx,0.0,m,0,Car,vehicle,9.7,0-15m,257.4,0,0.0,1435,1435,1.0,0.0
kitti_mini,000032,tx,0.0,m,1,Car,vehicle,9.1,0-15m,238.2,0,0.0,1352,1350,0.9985,0.0
kitti_mini,000032,tx,0.0,m,2,Van,vehicle,14.8,0-15m,148.5,1,0.0,803,803,1.0,0.0
kitti_mini,000032,tx,0.0,m,3,Car,vehicle,13.8,0-15m,151.5,1,0.0,410,410,1.0,0.0
kitti_mini,000032,tx,0.0,m,4,Car,vehicle,20.2,15-30m,68.3,2,0.0,71,71,1.0,0.0
kitti_mini,000032,tx,0.0,m,5,Van,vehicle,25.4,15-30m,249.0,2,0.0,584,584,1.0,0.0
kitti_mini,000032,tx,0.0,m,6,Car,vehicle,25.8,15-30m,81.2,2,0.0,75,75,1.0,0.0
kitti_mini,000032,tx,0.0,m,7,Van,vehicle,44.7,>30m,32.1,0,0.0,64,64,1.0,0.0
kitti_mini,000032,tx,0.0,m,8,Van,vehicle,41.1,>30m,136.4,2,0.0,154,154,1.0,0.0
kitti_mini,000032,tx,0.0,m,9,Car,vehicle,45.1,>30m,36.8,0,0.0,39,39,1.0,0.0
kitti_mini,000032,tx,0.02,m,0,Car,vehicle,9.7,0-15m,257.4,0,0.0,1435,1435,1.0,0.73
kitti_mini,000032,tx,0.02,m,1,Car,vehicle,9.1,0-15m,238.2,0,0.0,1352,1352,1.0,0.81
kitti_mini,000032,tx,0.02,m,2,Van,vehicle,14.8,0-15m,148.5,1,0.0,803,803,1.0,0.27
kitti_mini,000032,tx,0.02,m,3,Car,vehicle,13.8,0-15m,151.5,1,0.0,410,410,1.0,0.27
kitti_mini,000032,tx,0.02,m,4,Car,vehicle,20.2,15-30m,68.3,2,0.0,71,71,1.0,0.13
kitti_mini,000032,tx,0.02,m,5,Van,vehicle,25.4,15-30m,249.0,2,0.0,584,584,1.0,0.3
kitti_mini,000032,tx,0.02,m,6,Car,vehicle,25.8,15-30m,81.2,2,0.0,75,75,1.0,0.13
kitti_mini,000032,tx,0.02,m,7,Van,vehicle,44.7,>30m,32.1,0,0.0,64,64,1.0,0.01
kitti_mini,000032,tx,0.02,m,8,Van,vehicle,41.1,>30m,136.4,2,0.0,154,154,1.0,0.11
kitti_mini,000032,tx,0.02,m,9,Car,vehicle,45.1,>30m,36.8,0,0.0,39,39,1.0,0.05
kitti_mini,000032,tx,0.05,m,0,Car,vehicle,9.7,0-15m,257.4,0,0.0,1435,1435,1.0,1.82
kitti_mini,000032,tx,0.05,m,1,Car,vehicle,9.1,0-15m,238.2,0,0.0,1352,1352,1.0,2.01
kitti_mini,000032,tx,0.05,m,2,Van,vehicle,14.8,0-15m,148.5,1,0.0,803,803,1.0,0.68
kitti_mini,000032,tx,0.05,m,3,Car,vehicle,13.8,0-15m,151.5,1,0.0,410,410,1.0,0.68
kitti_mini,000032,tx,0.05,m,4,Car,vehicle,20.2,15-30m,68.3,2,0.0,71,71,1.0,0.33
kitti_mini,000032,tx,0.05,m,5,Van,vehicle,25.4,15-30m,249.0,2,0.0,584,584,1.0,0.74
kitti_mini,000032,tx,0.05,m,6,Car,vehicle,25.8,15-30m,81.2,2,0.0,75,75,1.0,0.33
kitti_mini,000032,tx,0.05,m,7,Van,vehicle,44.7,>30m,32.1,0,0.0,64,64,1.0,0.03
kitti_mini,000032,tx,0.05,m,8,Van,vehicle,41.1,>30m,136.4,2,0.0,154,154,1.0,0.28
kitti_mini,000032,tx,0.05,m,9,Car,vehicle,45.1,>30m,36.8,0,0.0,39,39,1.0,0.12
kitti_mini,000032,tx,0.1,m,0,Car,vehicle,9.7,0-15m,257.4,0,0.0,1435,1435,1.0,3.61
kitti_mini,000032,tx,0.1,m,1,Car,vehicle,9.1,0-15m,238.2,0,0.0,1352,1352,1.0,3.99
kitti_mini,000032,tx,0.1,m,2,Van,vehicle,14.8,0-15m,148.5,1,0.0,803,803,1.0,1.35
kitti_mini,000032,tx,0.1,m,3,Car,vehicle,13.8,0-15m,151.5,1,0.0,410,410,1.0,1.35
kitti_mini,000032,tx,0.1,m,4,Car,vehicle,20.2,15-30m,68.3,2,0.0,71,71,1.0,0.66
kitti_mini,000032,tx,0.1,m,5,Van,vehicle,25.4,15-30m,249.0,2,0.0,584,584,1.0,1.48
kitti_mini,000032,tx,0.1,m,6,Car,vehicle,25.8,15-30m,81.2,2,0.0,75,75,1.0,0.65
kitti_mini,000032,tx,0.1,m,7,Van,vehicle,44.7,>30m,32.1,0,0.0,64,64,1.0,0.05
kitti_mini,000032,tx,0.1,m,8,Van,vehicle,41.1,>30m,136.4,2,0.0,154,154,1.0,0.56
kitti_mini,000032,tx,0.1,m,9,Car,vehicle,45.1,>30m,36.8,0,0.0,39,39,1.0,0.23
kitti_mini,000032,tx,0.2,m,0,Car,vehicle,9.7,0-15m,257.4,0,0.0,1435,1435,1.0,7.13
kitti_mini,000032,tx,0.2,m,1,Car,vehicle,9.1,0-15m,238.2,0,0.0,1352,1352,1.0,7.87
kitti_mini,000032,tx,0.2,m,2,Van,vehicle,14.8,0-15m,148.5,1,0.0,803,803,1.0,2.67
kitti_mini,000032,tx,0.2,m,3,Car,vehicle,13.8,0-15m,151.5,1,0.0,410,410,1.0,2.69
kitti_mini,000032,tx,0.2,m,4,Car,vehicle,20.2,15-30m,68.3,2,0.0,71,71,1.0,1.31
kitti_mini,000032,tx,0.2,m,5,Van,vehicle,25.4,15-30m,249.0,2,0.0,584,584,1.0,2.95
kitti_mini,000032,tx,0.2,m,6,Car,vehicle,25.8,15-30m,81.2,2,0.0,75,75,1.0,1.3
kitti_mini,000032,tx,0.2,m,7,Van,vehicle,44.7,>30m,32.1,0,0.0,64,64,1.0,0.1
kitti_mini,000032,tx,0.2,m,8,Van,vehicle,41.1,>30m,136.4,2,0.0,154,154,1.0,1.12
kitti_mini,000032,tx,0.2,m,9,Car,vehicle,45.1,>30m,36.8,0,0.0,39,39,1.0,0.46
kitti_mini,000032,ty,0.0,m,0,Car,vehicle,9.7,0-15m,257.4,0,0.0,1435,1435,1.0,0.0
kitti_mini,000032,ty,0.0,m,1,Car,vehicle,9.1,0-15m,238.2,0,0.0,1352,1350,0.9985,0.0
kitti_mini,000032,ty,0.0,m,2,Van,vehicle,14.8,0-15m,148.5,1,0.0,803,803,1.0,0.0
kitti_mini,000032,ty,0.0,m,3,Car,vehicle,13.8,0-15m,151.5,1,0.0,410,410,1.0,0.0
kitti_mini,000032,ty,0.0,m,4,Car,vehicle,20.2,15-30m,68.3,2,0.0,71,71,1.0,0.0
kitti_mini,000032,ty,0.0,m,5,Van,vehicle,25.4,15-30m,249.0,2,0.0,584,584,1.0,0.0
kitti_mini,000032,ty,0.0,m,6,Car,vehicle,25.8,15-30m,81.2,2,0.0,75,75,1.0,0.0
kitti_mini,000032,ty,0.0,m,7,Van,vehicle,44.7,>30m,32.1,0,0.0,64,64,1.0,0.0
kitti_mini,000032,ty,0.0,m,8,Van,vehicle,41.1,>30m,136.4,2,0.0,154,154,1.0,0.0
kitti_mini,000032,ty,0.0,m,9,Car,vehicle,45.1,>30m,36.8,0,0.0,39,39,1.0,0.0
kitti_mini,000032,ty,0.02,m,0,Car,vehicle,9.7,0-15m,257.4,0,0.0,1435,1435,1.0,1.75
kitti_mini,000032,ty,0.02,m,1,Car,vehicle,9.1,0-15m,238.2,0,0.0,1352,1350,0.9985,1.92
kitti_mini,000032,ty,0.02,m,2,Van,vehicle,14.8,0-15m,148.5,1,0.0,803,803,1.0,1.08
kitti_mini,000032,ty,0.02,m,3,Car,vehicle,13.8,0-15m,151.5,1,0.0,410,410,1.0,1.19
kitti_mini,000032,ty,0.02,m,4,Car,vehicle,20.2,15-30m,68.3,2,0.0,71,71,1.0,0.78
kitti_mini,000032,ty,0.02,m,5,Van,vehicle,25.4,15-30m,249.0,2,0.0,584,584,1.0,0.66
kitti_mini,000032,ty,0.02,m,6,Car,vehicle,25.8,15-30m,81.2,2,0.0,75,75,1.0,0.61
kitti_mini,000032,ty,0.02,m,7,Van,vehicle,44.7,>30m,32.1,0,0.0,64,64,1.0,0.34
kitti_mini,000032,ty,0.02,m,8,Van,vehicle,41.1,>30m,136.4,2,0.0,154,154,1.0,0.38
kitti_mini,000032,ty,0.02,m,9,Car,vehicle,45.1,>30m,36.8,0,0.0,39,39,1.0,0.34
kitti_mini,000032,ty,0.05,m,0,Car,vehicle,9.7,0-15m,257.4,0,0.0,1435,1435,1.0,4.37
kitti_mini,000032,ty,0.05,m,1,Car,vehicle,9.1,0-15m,238.2,0,0.0,1352,1350,0.9985,4.8
kitti_mini,000032,ty,0.05,m,2,Van,vehicle,14.8,0-15m,148.5,1,0.0,803,803,1.0,2.7
kitti_mini,000032,ty,0.05,m,3,Car,vehicle,13.8,0-15m,151.5,1,0.0,410,410,1.0,2.98
kitti_mini,000032,ty,0.05,m,4,Car,vehicle,20.2,15-30m,68.3,2,0.0,71,71,1.0,1.95
kitti_mini,000032,ty,0.05,m,5,Van,vehicle,25.4,15-30m,249.0,2,0.0,584,584,1.0,1.64
kitti_mini,000032,ty,0.05,m,6,Car,vehicle,25.8,15-30m,81.2,2,0.0,75,75,1.0,1.52
kitti_mini,000032,ty,0.05,m,7,Van,vehicle,44.7,>30m,32.1,0,0.0,64,64,1.0,0.84
kitti_mini,000032,ty,0.05,m,8,Van,vehicle,41.1,>30m,136.4,2,0.0,154,154,1.0,0.94
kitti_mini,000032,ty,0.05,m,9,Car,vehicle,45.1,>30m,36.8,0,0.0,39,39,1.0,0.84
kitti_mini,000032,ty,0.1,m,0,Car,vehicle,9.7,0-15m,257.4,0,0.0,1435,1435,1.0,8.75
kitti_mini,000032,ty,0.1,m,1,Car,vehicle,9.1,0-15m,238.2,0,0.0,1352,1350,0.9985,9.61
kitti_mini,000032,ty,0.1,m,2,Van,vehicle,14.8,0-15m,148.5,1,0.0,803,803,1.0,5.4
kitti_mini,000032,ty,0.1,m,3,Car,vehicle,13.8,0-15m,151.5,1,0.0,410,410,1.0,5.96
kitti_mini,000032,ty,0.1,m,4,Car,vehicle,20.2,15-30m,68.3,2,0.0,71,68,0.9577,3.9
kitti_mini,000032,ty,0.1,m,5,Van,vehicle,25.4,15-30m,249.0,2,0.0,584,584,1.0,3.28
kitti_mini,000032,ty,0.1,m,6,Car,vehicle,25.8,15-30m,81.2,2,0.0,75,75,1.0,3.04
kitti_mini,000032,ty,0.1,m,7,Van,vehicle,44.7,>30m,32.1,0,0.0,64,64,1.0,1.68
kitti_mini,000032,ty,0.1,m,8,Van,vehicle,41.1,>30m,136.4,2,0.0,154,154,1.0,1.89
kitti_mini,000032,ty,0.1,m,9,Car,vehicle,45.1,>30m,36.8,0,0.0,39,39,1.0,1.69
kitti_mini,000032,ty,0.2,m,0,Car,vehicle,9.7,0-15m,257.4,0,0.0,1435,1435,1.0,17.49
kitti_mini,000032,ty,0.2,m,1,Car,vehicle,9.1,0-15m,238.2,0,0.0,1352,1329,0.983,19.21
kitti_mini,000032,ty,0.2,m,2,Van,vehicle,14.8,0-15m,148.5,1,0.0,803,803,1.0,10.8
kitti_mini,000032,ty,0.2,m,3,Car,vehicle,13.8,0-15m,151.5,1,0.0,410,406,0.9902,11.91
kitti_mini,000032,ty,0.2,m,4,Car,vehicle,20.2,15-30m,68.3,2,0.0,71,56,0.7887,7.79
kitti_mini,000032,ty,0.2,m,5,Van,vehicle,25.4,15-30m,249.0,2,0.0,584,584,1.0,6.56
kitti_mini,000032,ty,0.2,m,6,Car,vehicle,25.8,15-30m,81.2,2,0.0,75,75,1.0,6.08
kitti_mini,000032,ty,0.2,m,7,Van,vehicle,44.7,>30m,32.1,0,0.0,64,62,0.9688,3.36
kitti_mini,000032,ty,0.2,m,8,Van,vehicle,41.1,>30m,136.4,2,0.0,154,154,1.0,3.78
kitti_mini,000032,ty,0.2,m,9,Car,vehicle,45.1,>30m,36.8,0,0.0,39,38,0.9744,3.38
kitti_mini,000032,tz,0.0,m,0,Car,vehicle,9.7,0-15m,257.4,0,0.0,1435,1435,1.0,0.0
kitti_mini,000032,tz,0.0,m,1,Car,vehicle,9.1,0-15m,238.2,0,0.0,1352,1350,0.9985,0.0
kitti_mini,000032,tz,0.0,m,2,Van,vehicle,14.8,0-15m,148.5,1,0.0,803,803,1.0,0.0
kitti_mini,000032,tz,0.0,m,3,Car,vehicle,13.8,0-15m,151.5,1,0.0,410,410,1.0,0.0
kitti_mini,000032,tz,0.0,m,4,Car,vehicle,20.2,15-30m,68.3,2,0.0,71,71,1.0,0.0
kitti_mini,000032,tz,0.0,m,5,Van,vehicle,25.4,15-30m,249.0,2,0.0,584,584,1.0,0.0
kitti_mini,000032,tz,0.0,m,6,Car,vehicle,25.8,15-30m,81.2,2,0.0,75,75,1.0,0.0
kitti_mini,000032,tz,0.0,m,7,Van,vehicle,44.7,>30m,32.1,0,0.0,64,64,1.0,0.0
kitti_mini,000032,tz,0.0,m,8,Van,vehicle,41.1,>30m,136.4,2,0.0,154,154,1.0,0.0
kitti_mini,000032,tz,0.0,m,9,Car,vehicle,45.1,>30m,36.8,0,0.0,39,39,1.0,0.0
kitti_mini,000032,tz,0.02,m,0,Car,vehicle,9.7,0-15m,257.4,0,0.0,1435,1435,1.0,1.75
kitti_mini,000032,tz,0.02,m,1,Car,vehicle,9.1,0-15m,238.2,0,0.0,1352,1352,1.0,1.92
kitti_mini,000032,tz,0.02,m,2,Van,vehicle,14.8,0-15m,148.5,1,0.0,803,803,1.0,1.08
kitti_mini,000032,tz,0.02,m,3,Car,vehicle,13.8,0-15m,151.5,1,0.0,410,410,1.0,1.19
kitti_mini,000032,tz,0.02,m,4,Car,vehicle,20.2,15-30m,68.3,2,0.0,71,71,1.0,0.78
kitti_mini,000032,tz,0.02,m,5,Van,vehicle,25.4,15-30m,249.0,2,0.0,584,584,1.0,0.66
kitti_mini,000032,tz,0.02,m,6,Car,vehicle,25.8,15-30m,81.2,2,0.0,75,75,1.0,0.61
kitti_mini,000032,tz,0.02,m,7,Van,vehicle,44.7,>30m,32.1,0,0.0,64,64,1.0,0.34
kitti_mini,000032,tz,0.02,m,8,Van,vehicle,41.1,>30m,136.4,2,0.0,154,154,1.0,0.38
kitti_mini,000032,tz,0.02,m,9,Car,vehicle,45.1,>30m,36.8,0,0.0,39,39,1.0,0.34
kitti_mini,000032,tz,0.05,m,0,Car,vehicle,9.7,0-15m,257.4,0,0.0,1435,1415,0.9861,4.38
kitti_mini,000032,tz,0.05,m,1,Car,vehicle,9.1,0-15m,238.2,0,0.0,1352,1352,1.0,4.81
kitti_mini,000032,tz,0.05,m,2,Van,vehicle,14.8,0-15m,148.5,1,0.0,803,803,1.0,2.7
kitti_mini,000032,tz,0.05,m,3,Car,vehicle,13.8,0-15m,151.5,1,0.0,410,406,0.9902,2.98
kitti_mini,000032,tz,0.05,m,4,Car,vehicle,20.2,15-30m,68.3,2,0.0,71,71,1.0,1.95
kitti_mini,000032,tz,0.05,m,5,Van,vehicle,25.4,15-30m,249.0,2,0.0,584,584,1.0,1.64
kitti_mini,000032,tz,0.05,m,6,Car,vehicle,25.8,15-30m,81.2,2,0.0,75,75,1.0,1.52
kitti_mini,000032,tz,0.05,m,7,Van,vehicle,44.7,>30m,32.1,0,0.0,64,64,1.0,0.84
kitti_mini,000032,tz,0.05,m,8,Van,vehicle,41.1,>30m,136.4,2,0.0,154,154,1.0,0.94
kitti_mini,000032,tz,0.05,m,9,Car,vehicle,45.1,>30m,36.8,0,0.0,39,39,1.0,0.84
kitti_mini,000032,tz,0.1,m,0,Car,vehicle,9.7,0-15m,257.4,0,0.0,1435,1380,0.9617,8.76
kitti_mini,000032,tz,0.1,m,1,Car,vehicle,9.1,0-15m,238.2,0,0.0,1352,1301,0.9623,9.62
kitti_mini,000032,tz,0.1,m,2,Van,vehicle,14.8,0-15m,148.5,1,0.0,803,792,0.9863,5.4
kitti_mini,000032,tz,0.1,m,3,Car,vehicle,13.8,0-15m,151.5,1,0.0,410,380,0.9268,5.96
kitti_mini,000032,tz,0.1,m,4,Car,vehicle,20.2,15-30m,68.3,2,0.0,71,71,1.0,3.9
kitti_mini,000032,tz,0.1,m,5,Van,vehicle,25.4,15-30m,249.0,2,0.0,584,584,1.0,3.28
kitti_mini,000032,tz,0.1,m,6,Car,vehicle,25.8,15-30m,81.2,2,0.0,75,75,1.0,3.04
kitti_mini,000032,tz,0.1,m,7,Van,vehicle,44.7,>30m,32.1,0,0.0,64,64,1.0,1.68
kitti_mini,000032,tz,0.1,m,8,Van,vehicle,41.1,>30m,136.4,2,0.0,154,154,1.0,1.89
kitti_mini,000032,tz,0.1,m,9,Car,vehicle,45.1,>30m,36.8,0,0.0,39,39,1.0,1.69
kitti_mini,000032,tz,0.2,m,0,Car,vehicle,9.7,0-15m,257.4,0,0.0,1435,1305,0.9094,17.51
kitti_mini,000032,tz,0.2,m,1,Car,vehicle,9.1,0-15m,238.2,0,0.0,1352,1202,0.8891,19.23
kitti_mini,000032,tz,0.2,m,2,Van,vehicle,14.8,0-15m,148.5,1,0.0,803,747,0.9303,10.8
kitti_mini,000032,tz,0.2,m,3,Car,vehicle,13.8,0-15m,151.5,1,0.0,410,339,0.8268,11.92
kitti_mini,000032,tz,0.2,m,4,Car,vehicle,20.2,15-30m,68.3,2,0.0,71,60,0.8451,7.8
kitti_mini,000032,tz,0.2,m,5,Van,vehicle,25.4,15-30m,249.0,2,0.0,584,533,0.9127,6.56
kitti_mini,000032,tz,0.2,m,6,Car,vehicle,25.8,15-30m,81.2,2,0.0,75,60,0.8,6.08
kitti_mini,000032,tz,0.2,m,7,Van,vehicle,44.7,>30m,32.1,0,0.0,64,64,1.0,3.36
kitti_mini,000032,tz,0.2,m,8,Van,vehicle,41.1,>30m,136.4,2,0.0,154,154,1.0,3.78
kitti_mini,000032,tz,0.2,m,9,Car,vehicle,45.1,>30m,36.8,0,0.0,39,39,1.0,3.38
kitti_mini,000043,yaw,0.0,deg,0,Pedestrian,pedestrian,12.8,0-15m,30.9,0,0.0,158,150,0.9494,0.0
kitti_mini,000043,yaw,0.0,deg,1,Pedestrian,pedestrian,12.6,0-15m,32.1,0,0.0,183,182,0.9945,0.0
kitti_mini,000043,yaw,0.0,deg,2,Pedestrian,pedestrian,20.6,15-30m,26.4,0,0.0,85,85,1.0,0.0
kitti_mini,000043,yaw,0.0,deg,3,Pedestrian,pedestrian,20.6,15-30m,25.9,0,0.0,88,86,0.9773,0.0
kitti_mini,000043,yaw,0.25,deg,0,Pedestrian,pedestrian,12.8,0-15m,30.9,0,0.0,158,148,0.9367,3.32
kitti_mini,000043,yaw,0.25,deg,1,Pedestrian,pedestrian,12.6,0-15m,32.1,0,0.0,183,171,0.9344,3.37
kitti_mini,000043,yaw,0.25,deg,2,Pedestrian,pedestrian,20.6,15-30m,26.4,0,0.0,85,81,0.9529,3.23
kitti_mini,000043,yaw,0.25,deg,3,Pedestrian,pedestrian,20.6,15-30m,25.9,0,0.0,88,79,0.8977,3.27
kitti_mini,000043,yaw,0.5,deg,0,Pedestrian,pedestrian,12.8,0-15m,30.9,0,0.0,158,137,0.8671,6.64
kitti_mini,000043,yaw,0.5,deg,1,Pedestrian,pedestrian,12.6,0-15m,32.1,0,0.0,183,149,0.8142,6.75
kitti_mini,000043,yaw,0.5,deg,2,Pedestrian,pedestrian,20.6,15-30m,26.4,0,0.0,85,67,0.7882,6.46
kitti_mini,000043,yaw,0.5,deg,3,Pedestrian,pedestrian,20.6,15-30m,25.9,0,0.0,88,66,0.75,6.54
kitti_mini,000043,yaw,1.0,deg,0,Pedestrian,pedestrian,12.8,0-15m,30.9,0,0.0,158,88,0.557,13.29
kitti_mini,000043,yaw,1.0,deg,1,Pedestrian,pedestrian,12.6,0-15m,32.1,0,0.0,183,104,0.5683,13.52
kitti_mini,000043,yaw,1.0,deg,2,Pedestrian,pedestrian,20.6,15-30m,26.4,0,0.0,85,36,0.4235,12.92
kitti_mini,000043,yaw,1.0,deg,3,Pedestrian,pedestrian,20.6,15-30m,25.9,0,0.0,88,24,0.2727,13.07
kitti_mini,000043,yaw,2.0,deg,0,Pedestrian,pedestrian,12.8,0-15m,30.9,0,0.0,158,10,0.0633,26.68
kitti_mini,000043,yaw,2.0,deg,1,Pedestrian,pedestrian,12.6,0-15m,32.1,0,0.0,183,6,0.0328,27.16
kitti_mini,000043,yaw,2.0,deg,2,Pedestrian,pedestrian,20.6,15-30m,26.4,0,0.0,85,0,0.0,25.79
kitti_mini,000043,yaw,2.0,deg,3,Pedestrian,pedestrian,20.6,15-30m,25.9,0,0.0,88,1,0.0114,26.07
kitti_mini,000043,yaw,3.0,deg,0,Pedestrian,pedestrian,12.8,0-15m,30.9,0,0.0,158,0,0.0,40.16
kitti_mini,000043,yaw,3.0,deg,1,Pedestrian,pedestrian,12.6,0-15m,32.1,0,0.0,183,0,0.0,40.92
kitti_mini,000043,yaw,3.0,deg,2,Pedestrian,pedestrian,20.6,15-30m,26.4,0,0.0,85,0,0.0,38.62
kitti_mini,000043,yaw,3.0,deg,3,Pedestrian,pedestrian,20.6,15-30m,25.9,0,0.0,88,0,0.0,39.02
kitti_mini,000043,pitch,0.0,deg,0,Pedestrian,pedestrian,12.8,0-15m,30.9,0,0.0,158,150,0.9494,0.0
kitti_mini,000043,pitch,0.0,deg,1,Pedestrian,pedestrian,12.6,0-15m,32.1,0,0.0,183,182,0.9945,0.0
kitti_mini,000043,pitch,0.0,deg,2,Pedestrian,pedestrian,20.6,15-30m,26.4,0,0.0,85,85,1.0,0.0
kitti_mini,000043,pitch,0.0,deg,3,Pedestrian,pedestrian,20.6,15-30m,25.9,0,0.0,88,86,0.9773,0.0
kitti_mini,000043,pitch,0.25,deg,0,Pedestrian,pedestrian,12.8,0-15m,30.9,0,0.0,158,150,0.9494,3.23
kitti_mini,000043,pitch,0.25,deg,1,Pedestrian,pedestrian,12.6,0-15m,32.1,0,0.0,183,182,0.9945,3.23
kitti_mini,000043,pitch,0.25,deg,2,Pedestrian,pedestrian,20.6,15-30m,26.4,0,0.0,85,84,0.9882,3.2
kitti_mini,000043,pitch,0.25,deg,3,Pedestrian,pedestrian,20.6,15-30m,25.9,0,0.0,88,86,0.9773,3.2
kitti_mini,000043,pitch,0.5,deg,0,Pedestrian,pedestrian,12.8,0-15m,30.9,0,0.0,158,144,0.9114,6.47
kitti_mini,000043,pitch,0.5,deg,1,Pedestrian,pedestrian,12.6,0-15m,32.1,0,0.0,183,172,0.9399,6.47
kitti_mini,000043,pitch,0.5,deg,2,Pedestrian,pedestrian,20.6,15-30m,26.4,0,0.0,85,80,0.9412,6.39
kitti_mini,000043,pitch,0.5,deg,3,Pedestrian,pedestrian,20.6,15-30m,25.9,0,0.0,88,82,0.9318,6.39
kitti_mini,000043,pitch,1.0,deg,0,Pedestrian,pedestrian,12.8,0-15m,30.9,0,0.0,158,137,0.8671,12.94
kitti_mini,000043,pitch,1.0,deg,1,Pedestrian,pedestrian,12.6,0-15m,32.1,0,0.0,183,167,0.9126,12.95
kitti_mini,000043,pitch,1.0,deg,2,Pedestrian,pedestrian,20.6,15-30m,26.4,0,0.0,85,77,0.9059,12.79
kitti_mini,000043,pitch,1.0,deg,3,Pedestrian,pedestrian,20.6,15-30m,25.9,0,0.0,88,78,0.8864,12.79
kitti_mini,000043,pitch,2.0,deg,0,Pedestrian,pedestrian,12.8,0-15m,30.9,0,0.0,158,126,0.7975,25.91
kitti_mini,000043,pitch,2.0,deg,1,Pedestrian,pedestrian,12.6,0-15m,32.1,0,0.0,183,148,0.8087,25.93
kitti_mini,000043,pitch,2.0,deg,2,Pedestrian,pedestrian,20.6,15-30m,26.4,0,0.0,85,62,0.7294,25.6
kitti_mini,000043,pitch,2.0,deg,3,Pedestrian,pedestrian,20.6,15-30m,25.9,0,0.0,88,64,0.7273,25.6
kitti_mini,000043,pitch,3.0,deg,0,Pedestrian,pedestrian,12.8,0-15m,30.9,0,0.0,158,108,0.6835,38.93
kitti_mini,000043,pitch,3.0,deg,1,Pedestrian,pedestrian,12.6,0-15m,32.1,0,0.0,183,126,0.6885,38.96
kitti_mini,000043,pitch,3.0,deg,2,Pedestrian,pedestrian,20.6,15-30m,26.4,0,0.0,85,37,0.4353,38.44
kitti_mini,000043,pitch,3.0,deg,3,Pedestrian,pedestrian,20.6,15-30m,25.9,0,0.0,88,42,0.4773,38.44
kitti_mini,000043,roll,0.0,deg,0,Pedestrian,pedestrian,12.8,0-15m,30.9,0,0.0,158,150,0.9494,0.0
kitti_mini,000043,roll,0.0,deg,1,Pedestrian,pedestrian,12.6,0-15m,32.1,0,0.0,183,182,0.9945,0.0
kitti_mini,000043,roll,0.0,deg,2,Pedestrian,pedestrian,20.6,15-30m,26.4,0,0.0,85,85,1.0,0.0
kitti_mini,000043,roll,0.0,deg,3,Pedestrian,pedestrian,20.6,15-30m,25.9,0,0.0,88,86,0.9773,0.0
kitti_mini,000043,roll,0.25,deg,0,Pedestrian,pedestrian,12.8,0-15m,30.9,0,0.0,158,151,0.9557,0.59
kitti_mini,000043,roll,0.25,deg,1,Pedestrian,pedestrian,12.6,0-15m,32.1,0,0.0,183,182,0.9945,0.72
kitti_mini,000043,roll,0.25,deg,2,Pedestrian,pedestrian,20.6,15-30m,26.4,0,0.0,85,85,1.0,0.38
kitti_mini,000043,roll,0.25,deg,3,Pedestrian,pedestrian,20.6,15-30m,25.9,0,0.0,88,86,0.9773,0.52
kitti_mini,000043,roll,0.5,deg,0,Pedestrian,pedestrian,12.8,0-15m,30.9,0,0.0,158,150,0.9494,1.17
kitti_mini,000043,roll,0.5,deg,1,Pedestrian,pedestrian,12.6,0-15m,32.1,0,0.0,183,182,0.9945,1.43
kitti_mini,000043,roll,0.5,deg,2,Pedestrian,pedestrian,20.6,15-30m,26.4,0,0.0,85,85,1.0,0.77
kitti_mini,000043,roll,0.5,deg,3,Pedestrian,pedestrian,20.6,15-30m,25.9,0,0.0,88,86,0.9773,1.05
kitti_mini,000043,roll,1.0,deg,0,Pedestrian,pedestrian,12.8,0-15m,30.9,0,0.0,158,149,0.943,2.34
kitti_mini,000043,roll,1.0,deg,1,Pedestrian,pedestrian,12.6,0-15m,32.1,0,0.0,183,178,0.9727,2.87
kitti_mini,000043,roll,1.0,deg,2,Pedestrian,pedestrian,20.6,15-30m,26.4,0,0.0,85,84,0.9882,1.53
kitti_mini,000043,roll,1.0,deg,3,Pedestrian,pedestrian,20.6,15-30m,25.9,0,0.0,88,86,0.9773,2.1
kitti_mini,000043,roll,2.0,deg,0,Pedestrian,pedestrian,12.8,0-15m,30.9,0,0.0,158,149,0.943,4.68
kitti_mini,000043,roll,2.0,deg,1,Pedestrian,pedestrian,12.6,0-15m,32.1,0,0.0,183,176,0.9617,5.74
kitti_mini,000043,roll,2.0,deg,2,Pedestrian,pedestrian,20.6,15-30m,26.4,0,0.0,85,84,0.9882,3.06
kitti_mini,000043,roll,2.0,deg,3,Pedestrian,pedestrian,20.6,15-30m,25.9,0,0.0,88,87,0.9886,4.19
kitti_mini,000043,roll,3.0,deg,0,Pedestrian,pedestrian,12.8,0-15m,30.9,0,0.0,158,146,0.9241,7.02
kitti_mini,000043,roll,3.0,deg,1,Pedestrian,pedestrian,12.6,0-15m,32.1,0,0.0,183,169,0.9235,8.61
kitti_mini,000043,roll,3.0,deg,2,Pedestrian,pedestrian,20.6,15-30m,26.4,0,0.0,85,84,0.9882,4.6
kitti_mini,000043,roll,3.0,deg,3,Pedestrian,pedestrian,20.6,15-30m,25.9,0,0.0,88,83,0.9432,6.29
kitti_mini,000043,tx,0.0,m,0,Pedestrian,pedestrian,12.8,0-15m,30.9,0,0.0,158,150,0.9494,0.0
kitti_mini,000043,tx,0.0,m,1,Pedestrian,pedestrian,12.6,0-15m,32.1,0,0.0,183,182,0.9945,0.0
kitti_mini,000043,tx,0.0,m,2,Pedestrian,pedestrian,20.6,15-30m,26.4,0,0.0,85,85,1.0,0.0
kitti_mini,000043,tx,0.0,m,3,Pedestrian,pedestrian,20.6,15-30m,25.9,0,0.0,88,86,0.9773,0.0
kitti_mini,000043,tx,0.02,m,0,Pedestrian,pedestrian,12.8,0-15m,30.9,0,0.0,158,150,0.9494,0.21
kitti_mini,000043,tx,0.02,m,1,Pedestrian,pedestrian,12.6,0-15m,32.1,0,0.0,183,182,0.9945,0.26
kitti_mini,000043,tx,0.02,m,2,Pedestrian,pedestrian,20.6,15-30m,26.4,0,0.0,85,85,1.0,0.09
kitti_mini,000043,tx,0.02,m,3,Pedestrian,pedestrian,20.6,15-30m,25.9,0,0.0,88,86,0.9773,0.12
kitti_mini,000043,tx,0.05,m,0,Pedestrian,pedestrian,12.8,0-15m,30.9,0,0.0,158,151,0.9557,0.52
kitti_mini,000043,tx,0.05,m,1,Pedestrian,pedestrian,12.6,0-15m,32.1,0,0.0,183,183,1.0,0.65
kitti_mini,000043,tx,0.05,m,2,Pedestrian,pedestrian,20.6,15-30m,26.4,0,0.0,85,85,1.0,0.22
kitti_mini,000043,tx,0.05,m,3,Pedestrian,pedestrian,20.6,15-30m,25.9,0,0.0,88,86,0.9773,0.3
kitti_mini,000043,tx,0.1,m,0,Pedestrian,pedestrian,12.8,0-15m,30.9,0,0.0,158,150,0.9494,1.03
kitti_mini,000043,tx,0.1,m,1,Pedestrian,pedestrian,12.6,0-15m,32.1,0,0.0,183,183,1.0,1.29
kitti_mini,000043,tx,0.1,m,2,Pedestrian,pedestrian,20.6,15-30m,26.4,0,0.0,85,85,1.0,0.43
kitti_mini,000043,tx,0.1,m,3,Pedestrian,pedestrian,20.6,15-30m,25.9,0,0.0,88,87,0.9886,0.6
kitti_mini,000043,tx,0.2,m,0,Pedestrian,pedestrian,12.8,0-15m,30.9,0,0.0,158,151,0.9557,2.05
kitti_mini,000043,tx,0.2,m,1,Pedestrian,pedestrian,12.6,0-15m,32.1,0,0.0,183,183,1.0,2.56
kitti_mini,000043,tx,0.2,m,2,Pedestrian,pedestrian,20.6,15-30m,26.4,0,0.0,85,85,1.0,0.86
kitti_mini,000043,tx,0.2,m,3,Pedestrian,pedestrian,20.6,15-30m,25.9,0,0.0,88,86,0.9773,1.19
kitti_mini,000043,ty,0.0,m,0,Pedestrian,pedestrian,12.8,0-15m,30.9,0,0.0,158,150,0.9494,0.0
kitti_mini,000043,ty,0.0,m,1,Pedestrian,pedestrian,12.6,0-15m,32.1,0,0.0,183,182,0.9945,0.0
kitti_mini,000043,ty,0.0,m,2,Pedestrian,pedestrian,20.6,15-30m,26.4,0,0.0,85,85,1.0,0.0
kitti_mini,000043,ty,0.0,m,3,Pedestrian,pedestrian,20.6,15-30m,25.9,0,0.0,88,86,0.9773,0.0
kitti_mini,000043,ty,0.02,m,0,Pedestrian,pedestrian,12.8,0-15m,30.9,0,0.0,158,151,0.9557,1.16
kitti_mini,000043,ty,0.02,m,1,Pedestrian,pedestrian,12.6,0-15m,32.1,0,0.0,183,179,0.9781,1.17
kitti_mini,000043,ty,0.02,m,2,Pedestrian,pedestrian,20.6,15-30m,26.4,0,0.0,85,85,1.0,0.71
kitti_mini,000043,ty,0.02,m,3,Pedestrian,pedestrian,20.6,15-30m,25.9,0,0.0,88,87,0.9886,0.71
kitti_mini,000043,ty,0.05,m,0,Pedestrian,pedestrian,12.8,0-15m,30.9,0,0.0,158,149,0.943,2.89
kitti_mini,000043,ty,0.05,m,1,Pedestrian,pedestrian,12.6,0-15m,32.1,0,0.0,183,172,0.9399,2.93
kitti_mini,000043,ty,0.05,m,2,Pedestrian,pedestrian,20.6,15-30m,26.4,0,0.0,85,85,1.0,1.76
kitti_mini,000043,ty,0.05,m,3,Pedestrian,pedestrian,20.6,15-30m,25.9,0,0.0,88,84,0.9545,1.78
kitti_mini,000043,ty,0.1,m,0,Pedestrian,pedestrian,12.8,0-15m,30.9,0,0.0,158,143,0.9051,5.78
kitti_mini,000043,ty,0.1,m,1,Pedestrian,pedestrian,12.6,0-15m,32.1,0,0.0,183,157,0.8579,5.86
kitti_mini,000043,ty,0.1,m,2,Pedestrian,pedestrian,20.6,15-30m,26.4,0,0.0,85,81,0.9529,3.53
kitti_mini,000043,ty,0.1,m,3,Pedestrian,pedestrian,20.6,15-30m,25.9,0,0.0,88,79,0.8977,3.56
kitti_mini,000043,ty,0.2,m,0,Pedestrian,pedestrian,12.8,0-15m,30.9,0,0.0,158,105,0.6646,11.56
kitti_mini,000043,ty,0.2,m,1,Pedestrian,pedestrian,12.6,0-15m,32.1,0,0.0,183,115,0.6284,11.73
kitti_mini,000043,ty,0.2,m,2,Pedestrian,pedestrian,20.6,15-30m,26.4,0,0.0,85,63,0.7412,7.05
kitti_mini,000043,ty,0.2,m,3,Pedestrian,pedestrian,20.6,15-30m,25.9,0,0.0,88,61,0.6932,7.13
kitti_mini,000043,tz,0.0,m,0,Pedestrian,pedestrian,12.8,0-15m,30.9,0,0.0,158,150,0.9494,0.0
kitti_mini,000043,tz,0.0,m,1,Pedestrian,pedestrian,12.6,0-15m,32.1,0,0.0,183,182,0.9945,0.0
kitti_mini,000043,tz,0.0,m,2,Pedestrian,pedestrian,20.6,15-30m,26.4,0,0.0,85,85,1.0,0.0
kitti_mini,000043,tz,0.0,m,3,Pedestrian,pedestrian,20.6,15-30m,25.9,0,0.0,88,86,0.9773,0.0
kitti_mini,000043,tz,0.02,m,0,Pedestrian,pedestrian,12.8,0-15m,30.9,0,0.0,158,150,0.9494,1.16
kitti_mini,000043,tz,0.02,m,1,Pedestrian,pedestrian,12.6,0-15m,32.1,0,0.0,183,182,0.9945,1.17
kitti_mini,000043,tz,0.02,m,2,Pedestrian,pedestrian,20.6,15-30m,26.4,0,0.0,85,85,1.0,0.71
kitti_mini,000043,tz,0.02,m,3,Pedestrian,pedestrian,20.6,15-30m,25.9,0,0.0,88,86,0.9773,0.71
kitti_mini,000043,tz,0.05,m,0,Pedestrian,pedestrian,12.8,0-15m,30.9,0,0.0,158,148,0.9367,2.89
kitti_mini,000043,tz,0.05,m,1,Pedestrian,pedestrian,12.6,0-15m,32.1,0,0.0,183,180,0.9836,2.93
kitti_mini,000043,tz,0.05,m,2,Pedestrian,pedestrian,20.6,15-30m,26.4,0,0.0,85,85,1.0,1.76
kitti_mini,000043,tz,0.05,m,3,Pedestrian,pedestrian,20.6,15-30m,25.9,0,0.0,88,85,0.9659,1.78
kitti_mini,000043,tz,0.1,m,0,Pedestrian,pedestrian,12.8,0-15m,30.9,0,0.0,158,148,0.9367,5.78
kitti_mini,000043,tz,0.1,m,1,Pedestrian,pedestrian,12.6,0-15m,32.1,0,0.0,183,180,0.9836,5.87
kitti_mini,000043,tz,0.1,m,2,Pedestrian,pedestrian,20.6,15-30m,26.4,0,0.0,85,85,1.0,3.53
kitti_mini,000043,tz,0.1,m,3,Pedestrian,pedestrian,20.6,15-30m,25.9,0,0.0,88,85,0.9659,3.57
kitti_mini,000043,tz,0.2,m,0,Pedestrian,pedestrian,12.8,0-15m,30.9,0,0.0,158,131,0.8291,11.56
kitti_mini,000043,tz,0.2,m,1,Pedestrian,pedestrian,12.6,0-15m,32.1,0,0.0,183,170,0.929,11.73
kitti_mini,000043,tz,0.2,m,2,Pedestrian,pedestrian,20.6,15-30m,26.4,0,0.0,85,83,0.9765,7.05
kitti_mini,000043,tz,0.2,m,3,Pedestrian,pedestrian,20.6,15-30m,25.9,0,0.0,88,83,0.9432,7.13
kitti_mini,000048,yaw,0.0,deg,0,Pedestrian,pedestrian,16.9,15-30m,28.2,0,0.0,113,108,0.9558,0.0
kitti_mini,000048,yaw,0.0,deg,1,Pedestrian,pedestrian,17.2,15-30m,31.2,0,0.0,132,125,0.947,0.0
kitti_mini,000048,yaw,0.0,deg,2,Pedestrian,pedestrian,16.6,15-30m,29.3,0,0.0,116,96,0.8276,0.0
kitti_mini,000048,yaw,0.0,deg,3,Cyclist,cyclist,30.4,>30m,21.8,0,0.0,41,41,1.0,0.0
kitti_mini,000048,yaw,0.25,deg,0,Pedestrian,pedestrian,16.9,15-30m,28.2,0,0.0,113,98,0.8673,3.21
kitti_mini,000048,yaw,0.25,deg,1,Pedestrian,pedestrian,17.2,15-30m,31.2,0,0.0,132,117,0.8864,3.23
kitti_mini,000048,yaw,0.25,deg,2,Pedestrian,pedestrian,16.6,15-30m,29.3,0,0.0,116,87,0.75,3.31
kitti_mini,000048,yaw,0.25,deg,3,Cyclist,cyclist,30.4,>30m,21.8,0,0.0,41,41,1.0,3.16
kitti_mini,000048,yaw,0.5,deg,0,Pedestrian,pedestrian,16.9,15-30m,28.2,0,0.0,113,83,0.7345,6.42
kitti_mini,000048,yaw,0.5,deg,1,Pedestrian,pedestrian,17.2,15-30m,31.2,0,0.0,132,105,0.7955,6.46
kitti_mini,000048,yaw,0.5,deg,2,Pedestrian,pedestrian,16.6,15-30m,29.3,0,0.0,116,61,0.5259,6.63
kitti_mini,000048,yaw,0.5,deg,3,Cyclist,cyclist,30.4,>30m,21.8,0,0.0,41,37,0.9024,6.32
kitti_mini,000048,yaw,1.0,deg,0,Pedestrian,pedestrian,16.9,15-30m,28.2,0,0.0,113,36,0.3186,12.83
kitti_mini,000048,yaw,1.0,deg,1,Pedestrian,pedestrian,17.2,15-30m,31.2,0,0.0,132,69,0.5227,12.91
kitti_mini,000048,yaw,1.0,deg,2,Pedestrian,pedestrian,16.6,15-30m,29.3,0,0.0,116,19,0.1638,13.28
kitti_mini,000048,yaw,1.0,deg,3,Cyclist,cyclist,30.4,>30m,21.8,0,0.0,41,18,0.439,12.65
kitti_mini,000048,yaw,2.0,deg,0,Pedestrian,pedestrian,16.9,15-30m,28.2,0,0.0,113,2,0.0177,25.62
kitti_mini,000048,yaw,2.0,deg,1,Pedestrian,pedestrian,17.2,15-30m,31.2,0,0.0,132,0,0.0,25.77
kitti_mini,000048,yaw,2.0,deg,2,Pedestrian,pedestrian,16.6,15-30m,29.3,0,0.0,116,0,0.0,26.65
kitti_mini,000048,yaw,2.0,deg,3,Cyclist,cyclist,30.4,>30m,21.8,0,0.0,41,0,0.0,25.29
kitti_mini,000048,yaw,3.0,deg,0,Pedestrian,pedestrian,16.9,15-30m,28.2,0,0.0,113,0,0.0,38.39
kitti_mini,000048,yaw,3.0,deg,1,Pedestrian,pedestrian,17.2,15-30m,31.2,0,0.0,132,0,0.0,38.58
kitti_mini,000048,yaw,3.0,deg,2,Pedestrian,pedestrian,16.6,15-30m,29.3,0,0.0,116,0,0.0,40.14
kitti_mini,000048,yaw,3.0,deg,3,Cyclist,cyclist,30.4,>30m,21.8,0,0.0,41,0,0.0,37.95
kitti_mini,000048,pitch,0.0,deg,0,Pedestrian,pedestrian,16.9,15-30m,28.2,0,0.0,113,108,0.9558,0.0
kitti_mini,000048,pitch,0.0,deg,1,Pedestrian,pedestrian,17.2,15-30m,31.2,0,0.0,132,125,0.947,0.0
kitti_mini,000048,pitch,0.0,deg,2,Pedestrian,pedestrian,16.6,15-30m,29.3,0,0.0,116,96,0.8276,0.0
kitti_mini,000048,pitch,0.0,deg,3,Cyclist,cyclist,30.4,>30m,21.8,0,0.0,41,41,1.0,0.0
kitti_mini,000048,pitch,0.25,deg,0,Pedestrian,pedestrian,16.9,15-30m,28.2,0,0.0,113,106,0.9381,3.19
kitti_mini,000048,pitch,0.25,deg,1,Pedestrian,pedestrian,17.2,15-30m,31.2,0,0.0,132,122,0.9242,3.19
kitti_mini,000048,pitch,0.25,deg,2,Pedestrian,pedestrian,16.6,15-30m,29.3,0,0.0,116,96,0.8276,3.19
kitti_mini,000048,pitch,0.25,deg,3,Cyclist,cyclist,30.4,>30m,21.8,0,0.0,41,39,0.9512,3.16
kitti_mini,000048,pitch,0.5,deg,0,Pedestrian,pedestrian,16.9,15-30m,28.2,0,0.0,113,105,0.9292,6.38
kitti_mini,000048,pitch,0.5,deg,1,Pedestrian,pedestrian,17.2,15-30m,31.2,0,0.0,132,119,0.9015,6.38
kitti_mini,000048,pitch,0.5,deg,2,Pedestrian,pedestrian,16.6,15-30m,29.3,0,0.0,116,94,0.8103,6.37
kitti_mini,000048,pitch,0.5,deg,3,Cyclist,cyclist,30.4,>30m,21.8,0,0.0,41,34,0.8293,6.33
kitti_mini,000048,pitch,1.0,deg,0,Pedestrian,pedestrian,16.9,15-30m,28.2,0,0.0,113,97,0.8584,12.76
kitti_mini,000048,pitch,1.0,deg,1,Pedestrian,pedestrian,17.2,15-30m,31.2,0,0.0,132,115,0.8712,12.76
kitti_mini,000048,pitch,1.0,deg,2,Pedestrian,pedestrian,16.6,15-30m,29.3,0,0.0,116,88,0.7586,12.75
kitti_mini,000048,pitch,1.0,deg,3,Cyclist,cyclist,30.4,>30m,21.8,0,0.0,41,28,0.6829,12.65
kitti_mini,000048,pitch,2.0,deg,0,Pedestrian,pedestrian,16.9,15-30m,28.2,0,0.0,113,82,0.7257,25.55
kitti_mini,000048,pitch,2.0,deg,1,Pedestrian,pedestrian,17.2,15-30m,31.2,0,0.0,132,96,0.7273,25.55
kitti_mini,000048,pitch,2.0,deg,2,Pedestrian,pedestrian,16.6,15-30m,29.3,0,0.0,116,80,0.6897,25.52
kitti_mini,000048,pitch,2.0,deg,3,Cyclist,cyclist,30.4,>30m,21.8,0,0.0,41,14,0.3415,25.32
kitti_mini,000048,pitch,3.0,deg,0,Pedestrian,pedestrian,16.9,15-30m,28.2,0,0.0,113,56,0.4956,38.36
kitti_mini,000048,pitch,3.0,deg,1,Pedestrian,pedestrian,17.2,15-30m,31.2,0,0.0,132,66,0.5,38.36
kitti_mini,000048,pitch,3.0,deg,2,Pedestrian,pedestrian,16.6,15-30m,29.3,0,0.0,116,60,0.5172,38.32
kitti_mini,000048,pitch,3.0,deg,3,Cyclist,cyclist,30.4,>30m,21.8,0,0.0,41,0,0.0,38.0
kitti_mini,000048,roll,0.0,deg,0,Pedestrian,pedestrian,16.9,15-30m,28.2,0,0.0,113,108,0.9558,0.0
kitti_mini,000048,roll,0.0,deg,1,Pedestrian,pedestrian,17.2,15-30m,31.2,0,0.0,132,125,0.947,0.0
kitti_mini,000048,roll,0.0,deg,2,Pedestrian,pedestrian,16.6,15-30m,29.3,0,0.0,116,96,0.8276,0.0
kitti_mini,000048,roll,0.0,deg,3,Cyclist,cyclist,30.4,>30m,21.8,0,0.0,41,41,1.0,0.0
kitti_mini,000048,roll,0.25,deg,0,Pedestrian,pedestrian,16.9,15-30m,28.2,0,0.0,113,108,0.9558,0.3
kitti_mini,000048,roll,0.25,deg,1,Pedestrian,pedestrian,17.2,15-30m,31.2,0,0.0,132,125,0.947,0.4
kitti_mini,000048,roll,0.25,deg,2,Pedestrian,pedestrian,16.6,15-30m,29.3,0,0.0,116,96,0.8276,0.65
kitti_mini,000048,roll,0.25,deg,3,Cyclist,cyclist,30.4,>30m,21.8,0,0.0,41,41,1.0,0.06
kitti_mini,000048,roll,0.5,deg,0,Pedestrian,pedestrian,16.9,15-30m,28.2,0,0.0,113,107,0.9469,0.61
kitti_mini,000048,roll,0.5,deg,1,Pedestrian,pedestrian,17.2,15-30m,31.2,0,0.0,132,125,0.947,0.79
kitti_mini,000048,roll,0.5,deg,2,Pedestrian,pedestrian,16.6,15-30m,29.3,0,0.0,116,96,0.8276,1.3
kitti_mini,000048,roll,0.5,deg,3,Cyclist,cyclist,30.4,>30m,21.8,0,0.0,41,41,1.0,0.13
kitti_mini,000048,roll,1.0,deg,0,Pedestrian,pedestrian,16.9,15-30m,28.2,0,0.0,113,107,0.9469,1.21
kitti_mini,000048,roll,1.0,deg,1,Pedestrian,pedestrian,17.2,15-30m,31.2,0,0.0,132,124,0.9394,1.58
kitti_mini,000048,roll,1.0,deg,2,Pedestrian,pedestrian,16.6,15-30m,29.3,0,0.0,116,96,0.8276,2.6
kitti_mini,000048,roll,1.0,deg,3,Cyclist,cyclist,30.4,>30m,21.8,0,0.0,41,41,1.0,0.26
kitti_mini,000048,roll,2.0,deg,0,Pedestrian,pedestrian,16.9,15-30m,28.2,0,0.0,113,106,0.9381,2.42
kitti_mini,000048,roll,2.0,deg,1,Pedestrian,pedestrian,17.2,15-30m,31.2,0,0.0,132,122,0.9242,3.16
kitti_mini,000048,roll,2.0,deg,2,Pedestrian,pedestrian,16.6,15-30m,29.3,0,0.0,116,96,0.8276,5.19
kitti_mini,000048,roll,2.0,deg,3,Cyclist,cyclist,30.4,>30m,21.8,0,0.0,41,41,1.0,0.51
kitti_mini,000048,roll,3.0,deg,0,Pedestrian,pedestrian,16.9,15-30m,28.2,0,0.0,113,104,0.9204,3.63
kitti_mini,000048,roll,3.0,deg,1,Pedestrian,pedestrian,17.2,15-30m,31.2,0,0.0,132,119,0.9015,4.75
kitti_mini,000048,roll,3.0,deg,2,Pedestrian,pedestrian,16.6,15-30m,29.3,0,0.0,116,95,0.819,7.79
kitti_mini,000048,roll,3.0,deg,3,Cyclist,cyclist,30.4,>30m,21.8,0,0.0,41,41,1.0,0.77
kitti_mini,000048,tx,0.0,m,0,Pedestrian,pedestrian,16.9,15-30m,28.2,0,0.0,113,108,0.9558,0.0
kitti_mini,000048,tx,0.0,m,1,Pedestrian,pedestrian,17.2,15-30m,31.2,0,0.0,132,125,0.947,0.0
kitti_mini,000048,tx,0.0,m,2,Pedestrian,pedestrian,16.6,15-30m,29.3,0,0.0,116,96,0.8276,0.0
kitti_mini,000048,tx,0.0,m,3,Cyclist,cyclist,30.4,>30m,21.8,0,0.0,41,41,1.0,0.0
kitti_mini,000048,tx,0.02,m,0,Pedestrian,pedestrian,16.9,15-30m,28.2,0,0.0,113,108,0.9558,0.08
kitti_mini,000048,tx,0.02,m,1,Pedestrian,pedestrian,17.2,15-30m,31.2,0,0.0,132,125,0.947,0.11
kitti_mini,000048,tx,0.02,m,2,Pedestrian,pedestrian,16.6,15-30m,29.3,0,0.0,116,98,0.8448,0.18
kitti_mini,000048,tx,0.02,m,3,Cyclist,cyclist,30.4,>30m,21.8,0,0.0,41,41,1.0,0.01
kitti_mini,000048,tx,0.05,m,0,Pedestrian,pedestrian,16.9,15-30m,28.2,0,0.0,113,108,0.9558,0.21
kitti_mini,000048,tx,0.05,m,1,Pedestrian,pedestrian,17.2,15-30m,31.2,0,0.0,132,125,0.947,0.27
kitti_mini,000048,tx,0.05,m,2,Pedestrian,pedestrian,16.6,15-30m,29.3,0,0.0,116,99,0.8534,0.45
kitti_mini,000048,tx,0.05,m,3,Cyclist,cyclist,30.4,>30m,21.8,0,0.0,41,41,1.0,0.02
kitti_mini,000048,tx,0.1,m,0,Pedestrian,pedestrian,16.9,15-30m,28.2,0,0.0,113,107,0.9469,0.42
kitti_mini,000048,tx,0.1,m,1,Pedestrian,pedestrian,17.2,15-30m,31.2,0,0.0,132,125,0.947,0.54
kitti_mini,000048,tx,0.1,m,2,Pedestrian,pedestrian,16.6,15-30m,29.3,0,0.0,116,101,0.8707,0.9
kitti_mini,000048,tx,0.1,m,3,Cyclist,cyclist,30.4,>30m,21.8,0,0.0,41,41,1.0,0.05
kitti_mini,000048,tx,0.2,m,0,Pedestrian,pedestrian,16.9,15-30m,28.2,0,0.0,113,106,0.9381,0.83
kitti_mini,000048,tx,0.2,m,1,Pedestrian,pedestrian,17.2,15-30m,31.2,0,0.0,132,123,0.9318,1.08
kitti_mini,000048,tx,0.2,m,2,Pedestrian,pedestrian,16.6,15-30m,29.3,0,0.0,116,103,0.8879,1.78
kitti_mini,000048,tx,0.2,m,3,Cyclist,cyclist,30.4,>30m,21.8,0,0.0,41,41,1.0,0.1
kitti_mini,000048,ty,0.0,m,0,Pedestrian,pedestrian,16.9,15-30m,28.2,0,0.0,113,108,0.9558,0.0
kitti_mini,000048,ty,0.0,m,1,Pedestrian,pedestrian,17.2,15-30m,31.2,0,0.0,132,125,0.947,0.0
kitti_mini,000048,ty,0.0,m,2,Pedestrian,pedestrian,16.6,15-30m,29.3,0,0.0,116,96,0.8276,0.0
kitti_mini,000048,ty,0.0,m,3,Cyclist,cyclist,30.4,>30m,21.8,0,0.0,41,41,1.0,0.0
kitti_mini,000048,ty,0.02,m,0,Pedestrian,pedestrian,16.9,15-30m,28.2,0,0.0,113,103,0.9115,0.86
kitti_mini,000048,ty,0.02,m,1,Pedestrian,pedestrian,17.2,15-30m,31.2,0,0.0,132,123,0.9318,0.85
kitti_mini,000048,ty,0.02,m,2,Pedestrian,pedestrian,16.6,15-30m,29.3,0,0.0,116,96,0.8276,0.88
kitti_mini,000048,ty,0.02,m,3,Cyclist,cyclist,30.4,>30m,21.8,0,0.0,41,41,1.0,0.47
kitti_mini,000048,ty,0.05,m,0,Pedestrian,pedestrian,16.9,15-30m,28.2,0,0.0,113,102,0.9027,2.14
kitti_mini,000048,ty,0.05,m,1,Pedestrian,pedestrian,17.2,15-30m,31.2,0,0.0,132,119,0.9015,2.12
kitti_mini,000048,ty,0.05,m,2,Pedestrian,pedestrian,16.6,15-30m,29.3,0,0.0,116,91,0.7845,2.21
kitti_mini,000048,ty,0.05,m,3,Cyclist,cyclist,30.4,>30m,21.8,0,0.0,41,41,1.0,1.17
kitti_mini,000048,ty,0.1,m,0,Pedestrian,pedestrian,16.9,15-30m,28.2,0,0.0,113,93,0.823,4.28
kitti_mini,000048,ty,0.1,m,1,Pedestrian,pedestrian,17.2,15-30m,31.2,0,0.0,132,112,0.8485,4.24
kitti_mini,000048,ty,0.1,m,2,Pedestrian,pedestrian,16.6,15-30m,29.3,0,0.0,116,80,0.6897,4.42
kitti_mini,000048,ty,0.1,m,3,Cyclist,cyclist,30.4,>30m,21.8,0,0.0,41,41,1.0,2.35
kitti_mini,000048,ty,0.2,m,0,Pedestrian,pedestrian,16.9,15-30m,28.2,0,0.0,113,69,0.6106,8.55
kitti_mini,000048,ty,0.2,m,1,Pedestrian,pedestrian,17.2,15-30m,31.2,0,0.0,132,95,0.7197,8.47
kitti_mini,000048,ty,0.2,m,2,Pedestrian,pedestrian,16.6,15-30m,29.3,0,0.0,116,45,0.3879,8.85
kitti_mini,000048,ty,0.2,m,3,Cyclist,cyclist,30.4,>30m,21.8,0,0.0,41,40,0.9756,4.7
kitti_mini,000048,tz,0.0,m,0,Pedestrian,pedestrian,16.9,15-30m,28.2,0,0.0,113,108,0.9558,0.0
kitti_mini,000048,tz,0.0,m,1,Pedestrian,pedestrian,17.2,15-30m,31.2,0,0.0,132,125,0.947,0.0
kitti_mini,000048,tz,0.0,m,2,Pedestrian,pedestrian,16.6,15-30m,29.3,0,0.0,116,96,0.8276,0.0
kitti_mini,000048,tz,0.0,m,3,Cyclist,cyclist,30.4,>30m,21.8,0,0.0,41,41,1.0,0.0
kitti_mini,000048,tz,0.02,m,0,Pedestrian,pedestrian,16.9,15-30m,28.2,0,0.0,113,108,0.9558,0.85
kitti_mini,000048,tz,0.02,m,1,Pedestrian,pedestrian,17.2,15-30m,31.2,0,0.0,132,125,0.947,0.85
kitti_mini,000048,tz,0.02,m,2,Pedestrian,pedestrian,16.6,15-30m,29.3,0,0.0,116,96,0.8276,0.89
kitti_mini,000048,tz,0.02,m,3,Cyclist,cyclist,30.4,>30m,21.8,0,0.0,41,41,1.0,0.47
kitti_mini,000048,tz,0.05,m,0,Pedestrian,pedestrian,16.9,15-30m,28.2,0,0.0,113,108,0.9558,2.14
kitti_mini,000048,tz,0.05,m,1,Pedestrian,pedestrian,17.2,15-30m,31.2,0,0.0,132,125,0.947,2.12
kitti_mini,000048,tz,0.05,m,2,Pedestrian,pedestrian,16.6,15-30m,29.3,0,0.0,116,96,0.8276,2.21
kitti_mini,000048,tz,0.05,m,3,Cyclist,cyclist,30.4,>30m,21.8,0,0.0,41,41,1.0,1.17
kitti_mini,000048,tz,0.1,m,0,Pedestrian,pedestrian,16.9,15-30m,28.2,0,0.0,113,108,0.9558,4.27
kitti_mini,000048,tz,0.1,m,1,Pedestrian,pedestrian,17.2,15-30m,31.2,0,0.0,132,125,0.947,4.23
kitti_mini,000048,tz,0.1,m,2,Pedestrian,pedestrian,16.6,15-30m,29.3,0,0.0,116,96,0.8276,4.43
kitti_mini,000048,tz,0.1,m,3,Cyclist,cyclist,30.4,>30m,21.8,0,0.0,41,41,1.0,2.35
kitti_mini,000048,tz,0.2,m,0,Pedestrian,pedestrian,16.9,15-30m,28.2,0,0.0,113,106,0.9381,8.55
kitti_mini,000048,tz,0.2,m,1,Pedestrian,pedestrian,17.2,15-30m,31.2,0,0.0,132,123,0.9318,8.47
kitti_mini,000048,tz,0.2,m,2,Pedestrian,pedestrian,16.6,15-30m,29.3,0,0.0,116,95,0.819,8.86
kitti_mini,000048,tz,0.2,m,3,Cyclist,cyclist,30.4,>30m,21.8,0,0.0,41,41,1.0,4.7
kitti_mini,000049,yaw,0.0,deg,0,Car,vehicle,21.6,15-30m,61.8,0,0.0,206,206,1.0,0.0
kitti_mini,000049,yaw,0.0,deg,1,Car,vehicle,14.3,0-15m,189.7,0,0.0,930,930,1.0,0.0
kitti_mini,000049,yaw,0.0,deg,2,Car,vehicle,22.3,15-30m,104.7,2,0.0,140,140,1.0,0.0
kitti_mini,000049,yaw,0.0,deg,3,Car,vehicle,25.2,15-30m,101.9,2,0.0,79,79,1.0,0.0
kitti_mini,000049,yaw,0.0,deg,4,Car,vehicle,32.8,>30m,82.5,2,0.0,18,18,1.0,0.0
kitti_mini,000049,yaw,0.0,deg,5,Van,vehicle,45.9,>30m,70.5,3,0.0,79,79,1.0,0.0
kitti_mini,000049,yaw,0.0,deg,6,Pedestrian,pedestrian,5.5,0-15m,144.3,3,0.29,719,690,0.9597,0.0
kitti_mini,000049,yaw,0.0,deg,7,Car,vehicle,10.4,0-15m,259.2,1,0.0,571,571,1.0,0.0
kitti_mini,000049,yaw,0.0,deg,8,Car,vehicle,15.4,15-30m,132.1,1,0.0,432,432,1.0,0.0
kitti_mini,000049,yaw,0.0,deg,9,Car,vehicle,20.6,15-30m,96.6,2,0.0,198,198,1.0,0.0
kitti_mini,000049,yaw,0.0,deg,10,Pedestrian,pedestrian,32.8,>30m,16.3,0,0.0,42,37,0.881,0.0
kitti_mini,000049,yaw,0.0,deg,11,Car,vehicle,33.2,>30m,105.5,2,0.0,74,74,1.0,0.0
kitti_mini,000049,yaw,0.0,deg,12,Car,vehicle,14.4,0-15m,252.9,3,0.07,437,437,1.0,0.0
kitti_mini,000049,yaw,0.0,deg,13,Car,vehicle,19.0,15-30m,147.9,1,0.0,312,312,1.0,0.0
kitti_mini,000049,yaw,0.0,deg,14,Car,vehicle,35.7,>30m,35.8,2,0.0,2,2,1.0,0.0
kitti_mini,000049,yaw,0.0,deg,15,Car,vehicle,23.2,15-30m,91.6,2,0.0,8,8,1.0,0.0
kitti_mini,000049,yaw,0.0,deg,16,Van,vehicle,35.6,>30m,159.3,3,0.0,261,261,1.0,0.0
kitti_mini,000049,yaw,0.0,deg,17,Car,vehicle,22.4,15-30m,111.6,3,0.38,49,49,1.0,0.0
kitti_mini,000049,yaw,0.25,deg,0,Car,vehicle,21.6,15-30m,61.8,0,0.0,206,204,0.9903,3.19
kitti_mini,000049,yaw,0.25,deg,1,Car,vehicle,14.3,0-15m,189.7,0,0.0,930,929,0.9989,3.49
kitti_mini,000049,yaw,0.25,deg,2,Car,vehicle,22.3,15-30m,104.7,2,0.0,140,140,1.0,3.29
kitti_mini,000049,yaw,0.25,deg,3,Car,vehicle,25.2,15-30m,101.9,2,0.0,79,79,1.0,3.25
kitti_mini,000049,yaw,0.25,deg,4,Car,vehicle,32.8,>30m,82.5,2,0.0,18,18,1.0,3.21
kitti_mini,000049,yaw,0.25,deg,5,Van,vehicle,45.9,>30m,70.5,3,0.0,79,79,1.0,3.18
kitti_mini,000049,yaw,0.25,deg,6,Pedestrian,pedestrian,5.5,0-15m,144.3,3,0.29,720,682,0.9472,4.45
kitti_mini,000049,yaw,0.25,deg,7,Car,vehicle,10.4,0-15m,259.2,1,0.0,571,571,1.0,3.85
kitti_mini,000049,yaw,0.25,deg,8,Car,vehicle,15.4,15-30m,132.1,1,0.0,432,432,1.0,3.45
kitti_mini,000049,yaw,0.25,deg,9,Car,vehicle,20.6,15-30m,96.6,2,0.0,198,198,1.0,3.31
kitti_mini,000049,yaw,0.25,deg,10,Pedestrian,pedestrian,32.8,>30m,16.3,0,0.0,42,33,0.7857,3.22
kitti_mini,000049,yaw,0.25,deg,11,Car,vehicle,33.2,>30m,105.5,2,0.0,74,74,1.0,3.49
kitti_mini,000049,yaw,0.25,deg,12,Car,vehicle,14.4,0-15m,252.9,3,0.07,437,437,1.0,4.72
kitti_mini,000049,yaw,0.25,deg,13,Car,vehicle,19.0,15-30m,147.9,1,0.0,312,312,1.0,3.87
kitti_mini,000049,yaw,0.25,deg,14,Car,vehicle,35.7,>30m,35.8,2,0.0,2,2,1.0,3.18
kitti_mini,000049,yaw,0.25,deg,15,Car,vehicle,23.2,15-30m,91.6,2,0.0,8,8,1.0,3.6
kitti_mini,000049,yaw,0.25,deg,16,Van,vehicle,35.6,>30m,159.3,3,0.0,261,259,0.9923,3.9
kitti_mini,000049,yaw,0.25,deg,17,Car,vehicle,22.4,15-30m,111.6,3,0.38,49,49,1.0,5.17
kitti_mini,000049,yaw,0.5,deg,0,Car,vehicle,21.6,15-30m,61.8,0,0.0,206,190,0.9223,6.39
kitti_mini,000049,yaw,0.5,deg,1,Car,vehicle,14.3,0-15m,189.7,0,0.0,930,925,0.9946,6.99
kitti_mini,000049,yaw,0.5,deg,2,Car,vehicle,22.3,15-30m,104.7,2,0.0,140,140,1.0,6.58
kitti_mini,000049,yaw,0.5,deg,3,Car,vehicle,25.2,15-30m,101.9,2,0.0,79,79,1.0,6.5
kitti_mini,000049,yaw,0.5,deg,4,Car,vehicle,32.8,>30m,82.5,2,0.0,18,18,1.0,6.42
kitti_mini,000049,yaw,0.5,deg,5,Van,vehicle,45.9,>30m,70.5,3,0.0,79,79,1.0,6.37
kitti_mini,000049,yaw,0.5,deg,6,Pedestrian,pedestrian,5.5,0-15m,144.3,3,0.29,722,671,0.9294,8.88
kitti_mini,000049,yaw,0.5,deg,7,Car,vehicle,10.4,0-15m,259.2,1,0.0,571,565,0.9895,7.68
kitti_mini,000049,yaw,0.5,deg,8,Car,vehicle,15.4,15-30m,132.1,1,0.0,432,426,0.9861,6.88
kitti_mini,000049,yaw,0.5,deg,9,Car,vehicle,20.6,15-30m,96.6,2,0.0,198,195,0.9848,6.62
kitti_mini,000049,yaw,0.5,deg,10,Pedestrian,pedestrian,32.8,>30m,16.3,0,0.0,42,24,0.5714,6.44
kitti_mini,000049,yaw,0.5,deg,11,Car,vehicle,33.2,>30m,105.5,2,0.0,74,74,1.0,6.97
kitti_mini,000049,yaw,0.5,deg,12,Car,vehicle,14.4,0-15m,252.9,3,0.07,437,437,1.0,9.47
kitti_mini,000049,yaw,0.5,deg,13,Car,vehicle,19.0,15-30m,147.9,1,0.0,312,312,1.0,7.76
kitti_mini,000049,yaw,0.5,deg,14,Car,vehicle,35.7,>30m,35.8,2,0.0,2,2,1.0,6.35
kitti_mini,000049,yaw,0.5,deg,15,Car,vehicle,23.2,15-30m,91.6,2,0.0,8,8,1.0,7.22
kitti_mini,000049,yaw,0.5,deg,16,Van,vehicle,35.6,>30m,159.3,3,0.0,261,250,0.9579,7.79
kitti_mini,000049,yaw,0.5,deg,17,Car,vehicle,22.4,15-30m,111.6,3,0.38,48,48,1.0,10.37
kitti_mini,000049,yaw,1.0,deg,0,Car,vehicle,21.6,15-30m,61.8,0,0.0,206,165,0.801,12.78
kitti_mini,000049,yaw,1.0,deg,1,Car,vehicle,14.3,0-15m,189.7,0,0.0,930,903,0.971,14.02
kitti_mini,000049,yaw,1.0,deg,2,Car,vehicle,22.3,15-30m,104.7,2,0.0,140,140,1.0,13.19
kitti_mini,000049,yaw,1.0,deg,3,Car,vehicle,25.2,15-30m,101.9,2,0.0,79,79,1.0,13.01
kitti_mini,000049,yaw,1.0,deg,4,Car,vehicle,32.8,>30m,82.5,2,0.0,18,18,1.0,12.84
kitti_mini,000049,yaw,1.0,deg,5,Van,vehicle,45.9,>30m,70.5,3,0.0,79,76,0.962,12.75
kitti_mini,000049,yaw,1.0,deg,6,Pedestrian,pedestrian,5.5,0-15m,144.3,3,0.29,723,649,0.8976,17.67
kitti_mini,000049,yaw,1.0,deg,7,Car,vehicle,10.4,0-15m,259.2,1,0.0,571,543,0.951,15.31
kitti_mini,000049,yaw,1.0,deg,8,Car,vehicle,15.4,15-30m,132.1,1,0.0,432,406,0.9398,13.73
kitti_mini,000049,yaw,1.0,deg,9,Car,vehicle,20.6,15-30m,96.6,2,0.0,198,167,0.8434,13.21
kitti_mini,000049,yaw,1.0,deg,10,Pedestrian,pedestrian,32.8,>30m,16.3,0,0.0,42,2,0.0476,12.87
kitti_mini,000049,yaw,1.0,deg,11,Car,vehicle,33.2,>30m,105.5,2,0.0,74,74,1.0,13.91
kitti_mini,000049,yaw,1.0,deg,12,Car,vehicle,14.4,0-15m,252.9,3,0.07,437,437,1.0,19.05
kitti_mini,000049,yaw,1.0,deg,13,Car,vehicle,19.0,15-30m,147.9,1,0.0,312,312,1.0,15.59
kitti_mini,000049,yaw,1.0,deg,14,Car,vehicle,35.7,>30m,35.8,2,0.0,2,2,1.0,12.7
kitti_mini,000049,yaw,1.0,deg,15,Car,vehicle,23.2,15-30m,91.6,2,0.0,8,8,1.0,14.49
kitti_mini,000049,yaw,1.0,deg,16,Van,vehicle,35.6,>30m,159.3,3,0.0,261,235,0.9004,15.51
kitti_mini,000049,yaw,1.0,deg,17,Car,vehicle,22.4,15-30m,111.6,3,0.38,41,41,1.0,20.76
kitti_mini,000049,yaw,2.0,deg,0,Car,vehicle,21.6,15-30m,61.8,0,0.0,206,116,0.5631,25.55
kitti_mini,000049,yaw,2.0,deg,1,Car,vehicle,14.3,0-15m,189.7,0,0.0,930,854,0.9183,28.19
kitti_mini,000049,yaw,2.0,deg,2,Car,vehicle,22.3,15-30m,104.7,2,0.0,140,140,1.0,26.46
kitti_mini,000049,yaw,2.0,deg,3,Car,vehicle,25.2,15-30m,101.9,2,0.0,79,79,1.0,26.09
kitti_mini,000049,yaw,2.0,deg,4,Car,vehicle,32.8,>30m,82.5,2,0.0,18,18,1.0,25.74
kitti_mini,000049,yaw,2.0,deg,5,Van,vehicle,45.9,>30m,70.5,3,0.0,79,69,0.8734,25.53
kitti_mini,000049,yaw,2.0,deg,6,Pedestrian,pedestrian,5.5,0-15m,144.3,3,0.29,723,561,0.7759,34.98
kitti_mini,000049,yaw,2.0,deg,7,Car,vehicle,10.4,0-15m,259.2,1,0.0,571,495,0.8669,30.4
kitti_mini,000049,yaw,2.0,deg,8,Car,vehicle,15.4,15-30m,132.1,1,0.0,432,359,0.831,27.34
kitti_mini,000049,yaw,2.0,deg,9,Car,vehicle,20.6,15-30m,96.6,2,0.0,198,102,0.5152,26.34
kitti_mini,000049,yaw,2.0,deg,10,Pedestrian,pedestrian,32.8,>30m,16.3,0,0.0,42,0,0.0,25.69
kitti_mini,000049,yaw,2.0,deg,11,Car,vehicle,33.2,>30m,105.5,2,0.0,74,73,0.9865,27.67
kitti_mini,000049,yaw,2.0,deg,12,Car,vehicle,14.4,0-15m,252.9,3,0.07,421,421,1.0,38.41
kitti_mini,000049,yaw,2.0,deg,13,Car,vehicle,19.0,15-30m,147.9,1,0.0,312,311,0.9968,31.44
kitti_mini,000049,yaw,2.0,deg,14,Car,vehicle,35.7,>30m,35.8,2,0.0,2,2,1.0,25.4
kitti_mini,000049,yaw,2.0,deg,15,Car,vehicle,23.2,15-30m,91.6,2,0.0,8,8,1.0,29.17
kitti_mini,000049,yaw,2.0,deg,16,Van,vehicle,35.6,>30m,159.3,3,0.0,261,199,0.7625,30.77
kitti_mini,000049,yaw,2.0,deg,17,Car,vehicle,22.4,15-30m,111.6,3,0.38,20,20,1.0,41.17
kitti_mini,000049,yaw,3.0,deg,0,Car,vehicle,21.6,15-30m,61.8,0,0.0,206,74,0.3592,38.33
kitti_mini,000049,yaw,3.0,deg,1,Car,vehicle,14.3,0-15m,189.7,0,0.0,930,797,0.857,42.53
kitti_mini,000049,yaw,3.0,deg,2,Car,vehicle,22.3,15-30m,104.7,2,0.0,140,138,0.9857,39.84
kitti_mini,000049,yaw,3.0,deg,3,Car,vehicle,25.2,15-30m,101.9,2,0.0,79,76,0.962,39.24
kitti_mini,000049,yaw,3.0,deg,4,Car,vehicle,32.8,>30m,82.5,2,0.0,18,18,1.0,38.69
kitti_mini,000049,yaw,3.0,deg,5,Van,vehicle,45.9,>30m,70.5,3,0.0,79,59,0.7468,38.36
kitti_mini,000049,yaw,3.0,deg,6,Pedestrian,pedestrian,5.5,0-15m,144.3,3,0.29,723,436,0.603,51.95
kitti_mini,000049,yaw,3.0,deg,7,Car,vehicle,10.4,0-15m,259.2,1,0.0,571,464,0.8126,45.28
kitti_mini,000049,yaw,3.0,deg,8,Car,vehicle,15.4,15-30m,132.1,1,0.0,432,298,0.6898,40.84
kitti_mini,000049,yaw,3.0,deg,9,Car,vehicle,20.6,15-30m,96.6,2,0.0,198,38,0.1919,39.39
kitti_mini,000049,yaw,3.0,deg,10,Pedestrian,pedestrian,32.8,>30m,16.3,0,0.0,42,0,0.0,38.47
kitti_mini,000049,yaw,3.0,deg,11,Car,vehicle,33.2,>30m,105.5,2,0.0,74,62,0.8378,41.29
kitti_mini,000049,yaw,3.0,deg,12,Car,vehicle,14.4,0-15m,252.9,3,0.07,385,385,1.0,57.84
kitti_mini,000049,yaw,3.0,deg,13,Car,vehicle,19.0,15-30m,147.9,1,0.0,312,292,0.9359,47.58
kitti_mini,000049,yaw,3.0,deg,14,Car,vehicle,35.7,>30m,35.8,2,0.0,2,0,0.0,38.09
kitti_mini,000049,yaw,3.0,deg,15,Car,vehicle,23.2,15-30m,91.6,2,0.0,8,7,0.875,44.07
kitti_mini,000049,yaw,3.0,deg,16,Van,vehicle,35.6,>30m,159.3,3,0.0,261,168,0.6437,45.79
kitti_mini,000049,yaw,3.0,deg,17,Car,vehicle,22.4,15-30m,111.6,3,0.38,10,10,1.0,61.49
kitti_mini,000049,pitch,0.0,deg,0,Car,vehicle,21.6,15-30m,61.8,0,0.0,206,206,1.0,0.0
kitti_mini,000049,pitch,0.0,deg,1,Car,vehicle,14.3,0-15m,189.7,0,0.0,930,930,1.0,0.0
kitti_mini,000049,pitch,0.0,deg,2,Car,vehicle,22.3,15-30m,104.7,2,0.0,140,140,1.0,0.0
kitti_mini,000049,pitch,0.0,deg,3,Car,vehicle,25.2,15-30m,101.9,2,0.0,79,79,1.0,0.0
kitti_mini,000049,pitch,0.0,deg,4,Car,vehicle,32.8,>30m,82.5,2,0.0,18,18,1.0,0.0
kitti_mini,000049,pitch,0.0,deg,5,Van,vehicle,45.9,>30m,70.5,3,0.0,79,79,1.0,0.0
kitti_mini,000049,pitch,0.0,deg,6,Pedestrian,pedestrian,5.5,0-15m,144.3,3,0.29,719,690,0.9597,0.0
kitti_mini,000049,pitch,0.0,deg,7,Car,vehicle,10.4,0-15m,259.2,1,0.0,571,571,1.0,0.0
kitti_mini,000049,pitch,0.0,deg,8,Car,vehicle,15.4,15-30m,132.1,1,0.0,432,432,1.0,0.0
kitti_mini,000049,pitch,0.0,deg,9,Car,vehicle,20.6,15-30m,96.6,2,0.0,198,198,1.0,0.0
kitti_mini,000049,pitch,0.0,deg,10,Pedestrian,pedestrian,32.8,>30m,16.3,0,0.0,42,37,0.881,0.0
kitti_mini,000049,pitch,0.0,deg,11,Car,vehicle,33.2,>30m,105.5,2,0.0,74,74,1.0,0.0
kitti_mini,000049,pitch,0.0,deg,12,Car,vehicle,14.4,0-15m,252.9,3,0.07,437,437,1.0,0.0
kitti_mini,000049,pitch,0.0,deg,13,Car,vehicle,19.0,15-30m,147.9,1,0.0,312,312,1.0,0.0
kitti_mini,000049,pitch,0.0,deg,14,Car,vehicle,35.7,>30m,35.8,2,0.0,2,2,1.0,0.0
kitti_mini,000049,pitch,0.0,deg,15,Car,vehicle,23.2,15-30m,91.6,2,0.0,8,8,1.0,0.0
kitti_mini,000049,pitch,0.0,deg,16,Van,vehicle,35.6,>30m,159.3,3,0.0,261,261,1.0,0.0
kitti_mini,000049,pitch,0.0,deg,17,Car,vehicle,22.4,15-30m,111.6,3,0.38,49,49,1.0,0.0
kitti_mini,000049,pitch,0.25,deg,0,Car,vehicle,21.6,15-30m,61.8,0,0.0,206,200,0.9709,3.2
kitti_mini,000049,pitch,0.25,deg,1,Car,vehicle,14.3,0-15m,189.7,0,0.0,930,922,0.9914,3.23
kitti_mini,000049,pitch,0.25,deg,2,Car,vehicle,22.3,15-30m,104.7,2,0.0,140,140,1.0,3.19
kitti_mini,000049,pitch,0.25,deg,3,Car,vehicle,25.2,15-30m,101.9,2,0.0,79,76,0.962,3.19
kitti_mini,000049,pitch,0.25,deg,4,Car,vehicle,32.8,>30m,82.5,2,0.0,18,18,1.0,3.18
kitti_mini,000049,pitch,0.25,deg,5,Van,vehicle,45.9,>30m,70.5,3,0.0,79,75,0.9494,3.17
kitti_mini,000049,pitch,0.25,deg,6,Pedestrian,pedestrian,5.5,0-15m,144.3,3,0.29,707,678,0.959,3.44
kitti_mini,000049,pitch,0.25,deg,7,Car,vehicle,10.4,0-15m,259.2,1,0.0,571,571,1.0,3.3
kitti_mini,000049,pitch,0.25,deg,8,Car,vehicle,15.4,15-30m,132.1,1,0.0,432,432,1.0,3.23
kitti_mini,000049,pitch,0.25,deg,9,Car,vehicle,20.6,15-30m,96.6,2,0.0,198,192,0.9697,3.2
kitti_mini,000049,pitch,0.25,deg,10,Pedestrian,pedestrian,32.8,>30m,16.3,0,0.0,42,37,0.881,3.18
kitti_mini,000049,pitch,0.25,deg,11,Car,vehicle,33.2,>30m,105.5,2,0.0,74,74,1.0,3.18
kitti_mini,000049,pitch,0.25,deg,12,Car,vehicle,14.4,0-15m,252.9,3,0.07,437,437,1.0,3.24
kitti_mini,000049,pitch,0.25,deg,13,Car,vehicle,19.0,15-30m,147.9,1,0.0,312,312,1.0,3.21
kitti_mini,000049,pitch,0.25,deg,14,Car,vehicle,35.7,>30m,35.8,2,0.0,2,2,1.0,3.17
kitti_mini,000049,pitch,0.25,deg,15,Car,vehicle,23.2,15-30m,91.6,2,0.0,8,8,1.0,3.19
kitti_mini,000049,pitch,0.25,deg,16,Van,vehicle,35.6,>30m,159.3,3,0.0,261,261,1.0,3.18
kitti_mini,000049,pitch,0.25,deg,17,Car,vehicle,22.4,15-30m,111.6,3,0.38,49,49,1.0,3.2
kitti_mini,000049,pitch,0.5,deg,0,Car,vehicle,21.6,15-30m,61.8,0,0.0,206,186,0.9029,6.4
kitti_mini,000049,pitch,0.5,deg,1,Car,vehicle,14.3,0-15m,189.7,0,0.0,930,922,0.9914,6.47
kitti_mini,000049,pitch,0.5,deg,2,Car,vehicle,22.3,15-30m,104.7,2,0.0,140,139,0.9929,6.39
kitti_mini,000049,pitch,0.5,deg,3,Car,vehicle,25.2,15-30m,101.9,2,0.0,79,73,0.9241,6.38
kitti_mini,000049,pitch,0.5,deg,4,Car,vehicle,32.8,>30m,82.5,2,0.0,18,18,1.0,6.36
kitti_mini,000049,pitch,0.5,deg,5,Van,vehicle,45.9,>30m,70.5,3,0.0,79,75,0.9494,6.34
kitti_mini,000049,pitch,0.5,deg,6,Pedestrian,pedestrian,5.5,0-15m,144.3,3,0.29,702,677,0.9644,6.89
kitti_mini,000049,pitch,0.5,deg,7,Car,vehicle,10.4,0-15m,259.2,1,0.0,571,571,1.0,6.61
kitti_mini,000049,pitch,0.5,deg,8,Car,vehicle,15.4,15-30m,132.1,1,0.0,432,431,0.9977,6.46
kitti_mini,000049,pitch,0.5,deg,9,Car,vehicle,20.6,15-30m,96.6,2,0.0,198,183,0.9242,6.41
kitti_mini,000049,pitch,0.5,deg,10,Pedestrian,pedestrian,32.8,>30m,16.3,0,0.0,42,31,0.7381,6.36
kitti_mini,000049,pitch,0.5,deg,11,Car,vehicle,33.2,>30m,105.5,2,0.0,74,73,0.9865,6.36
kitti_mini,000049,pitch,0.5,deg,12,Car,vehicle,14.4,0-15m,252.9,3,0.07,437,437,1.0,6.49
kitti_mini,000049,pitch,0.5,deg,13,Car,vehicle,19.0,15-30m,147.9,1,0.0,312,308,0.9872,6.42
kitti_mini,000049,pitch,0.5,deg,14,Car,vehicle,35.7,>30m,35.8,2,0.0,2,2,1.0,6.35
kitti_mini,000049,pitch,0.5,deg,15,Car,vehicle,23.2,15-30m,91.6,2,0.0,8,8,1.0,6.38
kitti_mini,000049,pitch,0.5,deg,16,Van,vehicle,35.6,>30m,159.3,3,0.0,261,261,1.0,6.35
kitti_mini,000049,pitch,0.5,deg,17,Car,vehicle,22.4,15-30m,111.6,3,0.38,49,49,1.0,6.4
kitti_mini,000049,pitch,1.0,deg,0,Car,vehicle,21.6,15-30m,61.8,0,0.0,206,147,0.7136,12.8
kitti_mini,000049,pitch,1.0,deg,1,Car,vehicle,14.3,0-15m,189.7,0,0.0,930,852,0.9161,12.94
kitti_mini,000049,pitch,1.0,deg,2,Car,vehicle,22.3,15-30m,104.7,2,0.0,140,135,0.9643,12.78
kitti_mini,000049,pitch,1.0,deg,3,Car,vehicle,25.2,15-30m,101.9,2,0.0,79,57,0.7215,12.76
kitti_mini,000049,pitch,1.0,deg,4,Car,vehicle,32.8,>30m,82.5,2,0.0,18,12,0.6667,12.72
kitti_mini,000049,pitch,1.0,deg,5,Van,vehicle,45.9,>30m,70.5,3,0.0,79,59,0.7468,12.67
kitti_mini,000049,pitch,1.0,deg,6,Pedestrian,pedestrian,5.5,0-15m,144.3,3,0.29,683,662,0.9693,13.79
kitti_mini,000049,pitch,1.0,deg,7,Car,vehicle,10.4,0-15m,259.2,1,0.0,571,563,0.986,13.23
kitti_mini,000049,pitch,1.0,deg,8,Car,vehicle,15.4,15-30m,132.1,1,0.0,432,415,0.9606,12.93
kitti_mini,000049,pitch,1.0,deg,9,Car,vehicle,20.6,15-30m,96.6,2,0.0,198,170,0.8586,12.82
kitti_mini,000049,pitch,1.0,deg,10,Pedestrian,pedestrian,32.8,>30m,16.3,0,0.0,42,29,0.6905,12.72
kitti_mini,000049,pitch,1.0,deg,11,Car,vehicle,33.2,>30m,105.5,2,0.0,74,68,0.9189,12.72
kitti_mini,000049,pitch,1.0,deg,12,Car,vehicle,14.4,0-15m,252.9,3,0.07,437,434,0.9931,12.99
kitti_mini,000049,pitch,1.0,deg,13,Car,vehicle,19.0,15-30m,147.9,1,0.0,312,291,0.9327,12.84
kitti_mini,000049,pitch,1.0,deg,14,Car,vehicle,35.7,>30m,35.8,2,0.0,2,2,1.0,12.7
kitti_mini,000049,pitch,1.0,deg,15,Car,vehicle,23.2,15-30m,91.6,2,0.0,8,8,1.0,12.76
kitti_mini,000049,pitch,1.0,deg,16,Van,vehicle,35.6,>30m,159.3,3,0.0,261,261,1.0,12.71
kitti_mini,000049,pitch,1.0,deg,17,Car,vehicle,22.4,15-30m,111.6,3,0.38,49,49,1.0,12.8
kitti_mini,000049,pitch,2.0,deg,0,Car,vehicle,21.6,15-30m,61.8,0,0.0,206,66,0.3204,25.64
kitti_mini,000049,pitch,2.0,deg,1,Car,vehicle,14.3,0-15m,189.7,0,0.0,930,704,0.757,25.92
kitti_mini,000049,pitch,2.0,deg,2,Car,vehicle,22.3,15-30m,104.7,2,0.0,140,102,0.7286,25.58
kitti_mini,000049,pitch,2.0,deg,3,Car,vehicle,25.2,15-30m,101.9,2,0.0,79,39,0.4937,25.54
kitti_mini,000049,pitch,2.0,deg,4,Car,vehicle,32.8,>30m,82.5,2,0.0,18,0,0.0,25.45
kitti_mini,000049,pitch,2.0,deg,5,Van,vehicle,45.9,>30m,70.5,3,0.0,79,38,0.481,25.35
kitti_mini,000049,pitch,2.0,deg,6,Pedestrian,pedestrian,5.5,0-15m,144.3,3,0.29,650,629,0.9677,27.61
kitti_mini,000049,pitch,2.0,deg,7,Car,vehicle,10.4,0-15m,259.2,1,0.0,571,527,0.9229,26.53
kitti_mini,000049,pitch,2.0,deg,8,Car,vehicle,15.4,15-30m,132.1,1,0.0,432,356,0.8241,25.9
kitti_mini,000049,pitch,2.0,deg,9,Car,vehicle,20.6,15-30m,96.6,2,0.0,198,134,0.6768,25.66
kitti_mini,000049,pitch,2.0,deg,10,Pedestrian,pedestrian,32.8,>30m,16.3,0,0.0,42,13,0.3095,25.46
kitti_mini,000049,pitch,2.0,deg,11,Car,vehicle,33.2,>30m,105.5,2,0.0,74,18,0.2432,25.46
kitti_mini,000049,pitch,2.0,deg,12,Car,vehicle,14.4,0-15m,252.9,3,0.07,437,419,0.9588,26.03
kitti_mini,000049,pitch,2.0,deg,13,Car,vehicle,19.0,15-30m,147.9,1,0.0,312,213,0.6827,25.71
kitti_mini,000049,pitch,2.0,deg,14,Car,vehicle,35.7,>30m,35.8,2,0.0,2,1,0.5,25.41
kitti_mini,000049,pitch,2.0,deg,15,Car,vehicle,23.2,15-30m,91.6,2,0.0,8,8,1.0,25.53
kitti_mini,000049,pitch,2.0,deg,16,Van,vehicle,35.6,>30m,159.3,3,0.0,261,261,1.0,25.43
kitti_mini,000049,pitch,2.0,deg,17,Car,vehicle,22.4,15-30m,111.6,3,0.38,49,45,0.9184,25.63
kitti_mini,000049,pitch,3.0,deg,0,Car,vehicle,21.6,15-30m,61.8,0,0.0,206,24,0.1165,38.51
kitti_mini,000049,pitch,3.0,deg,1,Car,vehicle,14.3,0-15m,189.7,0,0.0,930,500,0.5376,38.95
kitti_mini,000049,pitch,3.0,deg,2,Car,vehicle,22.3,15-30m,104.7,2,0.0,140,49,0.35,38.41
kitti_mini,000049,pitch,3.0,deg,3,Car,vehicle,25.2,15-30m,101.9,2,0.0,79,19,0.2405,38.34
kitti_mini,000049,pitch,3.0,deg,4,Car,vehicle,32.8,>30m,82.5,2,0.0,18,0,0.0,38.22
kitti_mini,000049,pitch,3.0,deg,5,Van,vehicle,45.9,>30m,70.5,3,0.0,79,0,0.0,38.05
kitti_mini,000049,pitch,3.0,deg,6,Pedestrian,pedestrian,5.5,0-15m,144.3,3,0.29,608,589,0.9688,41.46
kitti_mini,000049,pitch,3.0,deg,7,Car,vehicle,10.4,0-15m,259.2,1,0.0,571,481,0.8424,39.91
kitti_mini,000049,pitch,3.0,deg,8,Car,vehicle,15.4,15-30m,132.1,1,0.0,432,280,0.6481,38.91
kitti_mini,000049,pitch,3.0,deg,9,Car,vehicle,20.6,15-30m,96.6,2,0.0,198,86,0.4343,38.55
kitti_mini,000049,pitch,3.0,deg,10,Pedestrian,pedestrian,32.8,>30m,16.3,0,0.0,42,0,0.0,38.23
kitti_mini,000049,pitch,3.0,deg,11,Car,vehicle,33.2,>30m,105.5,2,0.0,74,14,0.1892,38.23
kitti_mini,000049,pitch,3.0,deg,12,Car,vehicle,14.4,0-15m,252.9,3,0.07,437,361,0.8261,39.13
kitti_mini,000049,pitch,3.0,deg,13,Car,vehicle,19.0,15-30m,147.9,1,0.0,312,146,0.4679,38.62
kitti_mini,000049,pitch,3.0,deg,14,Car,vehicle,35.7,>30m,35.8,2,0.0,2,0,0.0,38.13
kitti_mini,000049,pitch,3.0,deg,15,Car,vehicle,23.2,15-30m,91.6,2,0.0,8,7,0.875,38.33
kitti_mini,000049,pitch,3.0,deg,16,Van,vehicle,35.6,>30m,159.3,3,0.0,261,192,0.7356,38.16
kitti_mini,000049,pitch,3.0,deg,17,Car,vehicle,22.4,15-30m,111.6,3,0.38,49,40,0.8163,38.48
kitti_mini,000049,roll,0.0,deg,0,Car,vehicle,21.6,15-30m,61.8,0,0.0,206,206,1.0,0.0
kitti_mini,000049,roll,0.0,deg,1,Car,vehicle,14.3,0-15m,189.7,0,0.0,930,930,1.0,0.0
kitti_mini,000049,roll,0.0,deg,2,Car,vehicle,22.3,15-30m,104.7,2,0.0,140,140,1.0,0.0
kitti_mini,000049,roll,0.0,deg,3,Car,vehicle,25.2,15-30m,101.9,2,0.0,79,79,1.0,0.0
kitti_mini,000049,roll,0.0,deg,4,Car,vehicle,32.8,>30m,82.5,2,0.0,18,18,1.0,0.0
kitti_mini,000049,roll,0.0,deg,5,Van,vehicle,45.9,>30m,70.5,3,0.0,79,79,1.0,0.0
kitti_mini,000049,roll,0.0,deg,6,Pedestrian,pedestrian,5.5,0-15m,144.3,3,0.29,719,690,0.9597,0.0
kitti_mini,000049,roll,0.0,deg,7,Car,vehicle,10.4,0-15m,259.2,1,0.0,571,571,1.0,0.0
kitti_mini,000049,roll,0.0,deg,8,Car,vehicle,15.4,15-30m,132.1,1,0.0,432,432,1.0,0.0
kitti_mini,000049,roll,0.0,deg,9,Car,vehicle,20.6,15-30m,96.6,2,0.0,198,198,1.0,0.0
kitti_mini,000049,roll,0.0,deg,10,Pedestrian,pedestrian,32.8,>30m,16.3,0,0.0,42,37,0.881,0.0
kitti_mini,000049,roll,0.0,deg,11,Car,vehicle,33.2,>30m,105.5,2,0.0,74,74,1.0,0.0
kitti_mini,000049,roll,0.0,deg,12,Car,vehicle,14.4,0-15m,252.9,3,0.07,437,437,1.0,0.0
kitti_mini,000049,roll,0.0,deg,13,Car,vehicle,19.0,15-30m,147.9,1,0.0,312,312,1.0,0.0
kitti_mini,000049,roll,0.0,deg,14,Car,vehicle,35.7,>30m,35.8,2,0.0,2,2,1.0,0.0
kitti_mini,000049,roll,0.0,deg,15,Car,vehicle,23.2,15-30m,91.6,2,0.0,8,8,1.0,0.0
kitti_mini,000049,roll,0.0,deg,16,Van,vehicle,35.6,>30m,159.3,3,0.0,261,261,1.0,0.0
kitti_mini,000049,roll,0.0,deg,17,Car,vehicle,22.4,15-30m,111.6,3,0.38,49,49,1.0,0.0
kitti_mini,000049,roll,0.25,deg,0,Car,vehicle,21.6,15-30m,61.8,0,0.0,206,206,1.0,0.15
kitti_mini,000049,roll,0.25,deg,1,Car,vehicle,14.3,0-15m,189.7,0,0.0,930,930,1.0,0.93
kitti_mini,000049,roll,0.25,deg,2,Car,vehicle,22.3,15-30m,104.7,2,0.0,140,140,1.0,0.56
kitti_mini,000049,roll,0.25,deg,3,Car,vehicle,25.2,15-30m,101.9,2,0.0,79,79,1.0,0.44
kitti_mini,000049,roll,0.25,deg,4,Car,vehicle,32.8,>30m,82.5,2,0.0,18,18,1.0,0.31
kitti_mini,000049,roll,0.25,deg,5,Van,vehicle,45.9,>30m,70.5,3,0.0,79,79,1.0,0.22
kitti_mini,000049,roll,0.25,deg,6,Pedestrian,pedestrian,5.5,0-15m,144.3,3,0.29,712,683,0.9593,1.93
kitti_mini,000049,roll,0.25,deg,7,Car,vehicle,10.4,0-15m,259.2,1,0.0,571,571,1.0,1.4
kitti_mini,000049,roll,0.25,deg,8,Car,vehicle,15.4,15-30m,132.1,1,0.0,432,432,1.0,0.87
kitti_mini,000049,roll,0.25,deg,9,Car,vehicle,20.6,15-30m,96.6,2,0.0,198,198,1.0,0.62
kitti_mini,000049,roll,0.25,deg,10,Pedestrian,pedestrian,32.8,>30m,16.3,0,0.0,42,37,0.881,0.4
kitti_mini,000049,roll,0.25,deg,11,Car,vehicle,33.2,>30m,105.5,2,0.0,74,74,1.0,1.0
kitti_mini,000049,roll,0.25,deg,12,Car,vehicle,14.4,0-15m,252.9,3,0.07,437,435,0.9954,2.16
kitti_mini,000049,roll,0.25,deg,13,Car,vehicle,19.0,15-30m,147.9,1,0.0,312,312,1.0,1.45
kitti_mini,000049,roll,0.25,deg,14,Car,vehicle,35.7,>30m,35.8,2,0.0,2,2,1.0,0.1
kitti_mini,000049,roll,0.25,deg,15,Car,vehicle,23.2,15-30m,91.6,2,0.0,8,8,1.0,1.14
kitti_mini,000049,roll,0.25,deg,16,Van,vehicle,35.6,>30m,159.3,3,0.0,261,261,1.0,1.51
kitti_mini,000049,roll,0.25,deg,17,Car,vehicle,22.4,15-30m,111.6,3,0.38,49,49,1.0,2.49
kitti_mini,000049,roll,0.5,deg,0,Car,vehicle,21.6,15-30m,61.8,0,0.0,206,206,1.0,0.31
kitti_mini,000049,roll,0.5,deg,1,Car,vehicle,14.3,0-15m,189.7,0,0.0,930,930,1.0,1.86
kitti_mini,000049,roll,0.5,deg,2,Car,vehicle,22.3,15-30m,104.7,2,0.0,140,140,1.0,1.12
kitti_mini,000049,roll,0.5,deg,3,Car,vehicle,25.2,15-30m,101.9,2,0.0,79,64,0.8101,0.88
kitti_mini,000049,roll,0.5,deg,4,Car,vehicle,32.8,>30m,82.5,2,0.0,18,18,1.0,0.61
kitti_mini,000049,roll,0.5,deg,5,Van,vehicle,45.9,>30m,70.5,3,0.0,79,79,1.0,0.44
kitti_mini,000049,roll,0.5,deg,6,Pedestrian,pedestrian,5.5,0-15m,144.3,3,0.29,707,676,0.9562,3.85
kitti_mini,000049,roll,0.5,deg,7,Car,vehicle,10.4,0-15m,259.2,1,0.0,571,571,1.0,2.8
kitti_mini,000049,roll,0.5,deg,8,Car,vehicle,15.4,15-30m,132.1,1,0.0,432,432,1.0,1.75
kitti_mini,000049,roll,0.5,deg,9,Car,vehicle,20.6,15-30m,96.6,2,0.0,198,196,0.9899,1.24
kitti_mini,000049,roll,0.5,deg,10,Pedestrian,pedestrian,32.8,>30m,16.3,0,0.0,42,37,0.881,0.79
kitti_mini,000049,roll,0.5,deg,11,Car,vehicle,33.2,>30m,105.5,2,0.0,74,74,1.0,1.99
kitti_mini,000049,roll,0.5,deg,12,Car,vehicle,14.4,0-15m,252.9,3,0.07,437,412,0.9428,4.33
kitti_mini,000049,roll,0.5,deg,13,Car,vehicle,19.0,15-30m,147.9,1,0.0,312,312,1.0,2.91
kitti_mini,000049,roll,0.5,deg,14,Car,vehicle,35.7,>30m,35.8,2,0.0,2,2,1.0,0.21
kitti_mini,000049,roll,0.5,deg,15,Car,vehicle,23.2,15-30m,91.6,2,0.0,8,8,1.0,2.28
kitti_mini,000049,roll,0.5,deg,16,Van,vehicle,35.6,>30m,159.3,3,0.0,261,261,1.0,3.01
kitti_mini,000049,roll,0.5,deg,17,Car,vehicle,22.4,15-30m,111.6,3,0.38,49,49,1.0,4.97
kitti_mini,000049,roll,1.0,deg,0,Car,vehicle,21.6,15-30m,61.8,0,0.0,206,206,1.0,0.61
kitti_mini,000049,roll,1.0,deg,1,Car,vehicle,14.3,0-15m,189.7,0,0.0,930,925,0.9946,3.73
kitti_mini,000049,roll,1.0,deg,2,Car,vehicle,22.3,15-30m,104.7,2,0.0,140,120,0.8571,2.23
kitti_mini,000049,roll,1.0,deg,3,Car,vehicle,25.2,15-30m,101.9,2,0.0,79,63,0.7975,1.77
kitti_mini,000049,roll,1.0,deg,4,Car,vehicle,32.8,>30m,82.5,2,0.0,18,18,1.0,1.23
kitti_mini,000049,roll,1.0,deg,5,Van,vehicle,45.9,>30m,70.5,3,0.0,79,79,1.0,0.88
kitti_mini,000049,roll,1.0,deg,6,Pedestrian,pedestrian,5.5,0-15m,144.3,3,0.29,702,668,0.9516,7.7
kitti_mini,000049,roll,1.0,deg,7,Car,vehicle,10.4,0-15m,259.2,1,0.0,571,571,1.0,5.61
kitti_mini,000049,roll,1.0,deg,8,Car,vehicle,15.4,15-30m,132.1,1,0.0,432,432,1.0,3.5
kitti_mini,000049,roll,1.0,deg,9,Car,vehicle,20.6,15-30m,96.6,2,0.0,198,192,0.9697,2.48
kitti_mini,000049,roll,1.0,deg,10,Pedestrian,pedestrian,32.8,>30m,16.3,0,0.0,42,36,0.8571,1.58
kitti_mini,000049,roll,1.0,deg,11,Car,vehicle,33.2,>30m,105.5,2,0.0,74,74,1.0,3.99
kitti_mini,000049,roll,1.0,deg,12,Car,vehicle,14.4,0-15m,252.9,3,0.07,437,398,0.9108,8.65
kitti_mini,000049,roll,1.0,deg,13,Car,vehicle,19.0,15-30m,147.9,1,0.0,312,282,0.9038,5.81
kitti_mini,000049,roll,1.0,deg,14,Car,vehicle,35.7,>30m,35.8,2,0.0,2,2,1.0,0.41
kitti_mini,000049,roll,1.0,deg,15,Car,vehicle,23.2,15-30m,91.6,2,0.0,8,7,0.875,4.57
kitti_mini,000049,roll,1.0,deg,16,Van,vehicle,35.6,>30m,159.3,3,0.0,261,261,1.0,6.02
kitti_mini,000049,roll,1.0,deg,17,Car,vehicle,22.4,15-30m,111.6,3,0.38,49,35,0.7143,9.95
kitti_mini,000049,roll,2.0,deg,0,Car,vehicle,21.6,15-30m,61.8,0,0.0,206,206,1.0,1.22
kitti_mini,000049,roll,2.0,deg,1,Car,vehicle,14.3,0-15m,189.7,0,0.0,930,891,0.9581,7.46
kitti_mini,000049,roll,2.0,deg,2,Car,vehicle,22.3,15-30m,104.7,2,0.0,140,120,0.8571,4.47
kitti_mini,000049,roll,2.0,deg,3,Car,vehicle,25.2,15-30m,101.9,2,0.0,79,63,0.7975,3.53
kitti_mini,000049,roll,2.0,deg,4,Car,vehicle,32.8,>30m,82.5,2,0.0,18,18,1.0,2.45
kitti_mini,000049,roll,2.0,deg,5,Van,vehicle,45.9,>30m,70.5,3,0.0,79,79,1.0,1.77
kitti_mini,000049,roll,2.0,deg,6,Pedestrian,pedestrian,5.5,0-15m,144.3,3,0.29,683,647,0.9473,15.37
kitti_mini,000049,roll,2.0,deg,7,Car,vehicle,10.4,0-15m,259.2,1,0.0,571,571,1.0,11.21
kitti_mini,000049,roll,2.0,deg,8,Car,vehicle,15.4,15-30m,132.1,1,0.0,432,432,1.0,6.99
kitti_mini,000049,roll,2.0,deg,9,Car,vehicle,20.6,15-30m,96.6,2,0.0,198,192,0.9697,4.95
kitti_mini,000049,roll,2.0,deg,10,Pedestrian,pedestrian,32.8,>30m,16.3,0,0.0,42,36,0.8571,3.16
kitti_mini,000049,roll,2.0,deg,11,Car,vehicle,33.2,>30m,105.5,2,0.0,74,73,0.9865,7.98
kitti_mini,000049,roll,2.0,deg,12,Car,vehicle,14.4,0-15m,252.9,3,0.07,437,383,0.8764,17.3
kitti_mini,000049,roll,2.0,deg,13,Car,vehicle,19.0,15-30m,147.9,1,0.0,312,266,0.8526,11.62
kitti_mini,000049,roll,2.0,deg,14,Car,vehicle,35.7,>30m,35.8,2,0.0,2,2,1.0,0.83
kitti_mini,000049,roll,2.0,deg,15,Car,vehicle,23.2,15-30m,91.6,2,0.0,8,5,0.625,9.14
kitti_mini,000049,roll,2.0,deg,16,Van,vehicle,35.6,>30m,159.3,3,0.0,261,261,1.0,12.04
kitti_mini,000049,roll,2.0,deg,17,Car,vehicle,22.4,15-30m,111.6,3,0.38,49,15,0.3061,19.89
kitti_mini,000049,roll,3.0,deg,0,Car,vehicle,21.6,15-30m,61.8,0,0.0,206,206,1.0,1.83
kitti_mini,000049,roll,3.0,deg,1,Car,vehicle,14.3,0-15m,189.7,0,0.0,930,854,0.9183,11.18
kitti_mini,000049,roll,3.0,deg,2,Car,vehicle,22.3,15-30m,104.7,2,0.0,140,109,0.7786,6.7
kitti_mini,000049,roll,3.0,deg,3,Car,vehicle,25.2,15-30m,101.9,2,0.0,79,61,0.7722,5.29
kitti_mini,000049,roll,3.0,deg,4,Car,vehicle,32.8,>30m,82.5,2,0.0,18,18,1.0,3.68
kitti_mini,000049,roll,3.0,deg,5,Van,vehicle,45.9,>30m,70.5,3,0.0,79,73,0.9241,2.65
kitti_mini,000049,roll,3.0,deg,6,Pedestrian,pedestrian,5.5,0-15m,144.3,3,0.29,670,626,0.9343,23.03
kitti_mini,000049,roll,3.0,deg,7,Car,vehicle,10.4,0-15m,259.2,1,0.0,571,562,0.9842,16.82
kitti_mini,000049,roll,3.0,deg,8,Car,vehicle,15.4,15-30m,132.1,1,0.0,432,425,0.9838,10.49
kitti_mini,000049,roll,3.0,deg,9,Car,vehicle,20.6,15-30m,96.6,2,0.0,198,183,0.9242,7.43
kitti_mini,000049,roll,3.0,deg,10,Pedestrian,pedestrian,32.8,>30m,16.3,0,0.0,42,31,0.7381,4.75
kitti_mini,000049,roll,3.0,deg,11,Car,vehicle,33.2,>30m,105.5,2,0.0,74,68,0.9189,11.97
kitti_mini,000049,roll,3.0,deg,12,Car,vehicle,14.4,0-15m,252.9,3,0.07,437,353,0.8078,25.94
kitti_mini,000049,roll,3.0,deg,13,Car,vehicle,19.0,15-30m,147.9,1,0.0,312,253,0.8109,17.44
kitti_mini,000049,roll,3.0,deg,14,Car,vehicle,35.7,>30m,35.8,2,0.0,2,2,1.0,1.24
kitti_mini,000049,roll,3.0,deg,15,Car,vehicle,23.2,15-30m,91.6,2,0.0,8,2,0.25,13.7
kitti_mini,000049,roll,3.0,deg,16,Van,vehicle,35.6,>30m,159.3,3,0.0,261,261,1.0,18.06
kitti_mini,000049,roll,3.0,deg,17,Car,vehicle,22.4,15-30m,111.6,3,0.38,49,9,0.1837,29.83
kitti_mini,000049,tx,0.0,m,0,Car,vehicle,21.6,15-30m,61.8,0,0.0,206,206,1.0,0.0
kitti_mini,000049,tx,0.0,m,1,Car,vehicle,14.3,0-15m,189.7,0,0.0,930,930,1.0,0.0
kitti_mini,000049,tx,0.0,m,2,Car,vehicle,22.3,15-30m,104.7,2,0.0,140,140,1.0,0.0
kitti_mini,000049,tx,0.0,m,3,Car,vehicle,25.2,15-30m,101.9,2,0.0,79,79,1.0,0.0
kitti_mini,000049,tx,0.0,m,4,Car,vehicle,32.8,>30m,82.5,2,0.0,18,18,1.0,0.0
kitti_mini,000049,tx,0.0,m,5,Van,vehicle,45.9,>30m,70.5,3,0.0,79,79,1.0,0.0
kitti_mini,000049,tx,0.0,m,6,Pedestrian,pedestrian,5.5,0-15m,144.3,3,0.29,719,690,0.9597,0.0
kitti_mini,000049,tx,0.0,m,7,Car,vehicle,10.4,0-15m,259.2,1,0.0,571,571,1.0,0.0
kitti_mini,000049,tx,0.0,m,8,Car,vehicle,15.4,15-30m,132.1,1,0.0,432,432,1.0,0.0
kitti_mini,000049,tx,0.0,m,9,Car,vehicle,20.6,15-30m,96.6,2,0.0,198,198,1.0,0.0
kitti_mini,000049,tx,0.0,m,10,Pedestrian,pedestrian,32.8,>30m,16.3,0,0.0,42,37,0.881,0.0
kitti_mini,000049,tx,0.0,m,11,Car,vehicle,33.2,>30m,105.5,2,0.0,74,74,1.0,0.0
kitti_mini,000049,tx,0.0,m,12,Car,vehicle,14.4,0-15m,252.9,3,0.07,437,437,1.0,0.0
kitti_mini,000049,tx,0.0,m,13,Car,vehicle,19.0,15-30m,147.9,1,0.0,312,312,1.0,0.0
kitti_mini,000049,tx,0.0,m,14,Car,vehicle,35.7,>30m,35.8,2,0.0,2,2,1.0,0.0
kitti_mini,000049,tx,0.0,m,15,Car,vehicle,23.2,15-30m,91.6,2,0.0,8,8,1.0,0.0
kitti_mini,000049,tx,0.0,m,16,Van,vehicle,35.6,>30m,159.3,3,0.0,261,261,1.0,0.0
kitti_mini,000049,tx,0.0,m,17,Car,vehicle,22.4,15-30m,111.6,3,0.38,49,49,1.0,0.0
kitti_mini,000049,tx,0.02,m,0,Car,vehicle,21.6,15-30m,61.8,0,0.0,206,206,1.0,0.03
kitti_mini,000049,tx,0.02,m,1,Car,vehicle,14.3,0-15m,189.7,0,0.0,930,930,1.0,0.32
kitti_mini,000049,tx,0.02,m,2,Car,vehicle,22.3,15-30m,104.7,2,0.0,140,140,1.0,0.12
kitti_mini,000049,tx,0.02,m,3,Car,vehicle,25.2,15-30m,101.9,2,0.0,79,79,1.0,0.08
kitti_mini,000049,tx,0.02,m,4,Car,vehicle,32.8,>30m,82.5,2,0.0,18,18,1.0,0.04
kitti_mini,000049,tx,0.02,m,5,Van,vehicle,45.9,>30m,70.5,3,0.0,79,79,1.0,0.02
kitti_mini,000049,tx,0.02,m,6,Pedestrian,pedestrian,5.5,0-15m,144.3,3,0.29,721,690,0.957,1.93
kitti_mini,000049,tx,0.02,m,7,Car,vehicle,10.4,0-15m,259.2,1,0.0,571,571,1.0,0.76
kitti_mini,000049,tx,0.02,m,8,Car,vehicle,15.4,15-30m,132.1,1,0.0,432,432,1.0,0.3
kitti_mini,000049,tx,0.02,m,9,Car,vehicle,20.6,15-30m,96.6,2,0.0,198,198,1.0,0.15
kitti_mini,000049,tx,0.02,m,10,Pedestrian,pedestrian,32.8,>30m,16.3,0,0.0,42,37,0.881,0.06
kitti_mini,000049,tx,0.02,m,11,Car,vehicle,33.2,>30m,105.5,2,0.0,74,74,1.0,0.15
kitti_mini,000049,tx,0.02,m,12,Car,vehicle,14.4,0-15m,252.9,3,0.07,437,437,1.0,0.89
kitti_mini,000049,tx,0.02,m,13,Car,vehicle,19.0,15-30m,147.9,1,0.0,312,312,1.0,0.4
kitti_mini,000049,tx,0.02,m,14,Car,vehicle,35.7,>30m,35.8,2,0.0,2,2,1.0,0.01
kitti_mini,000049,tx,0.02,m,15,Car,vehicle,23.2,15-30m,91.6,2,0.0,8,8,1.0,0.24
kitti_mini,000049,tx,0.02,m,16,Van,vehicle,35.6,>30m,159.3,3,0.0,261,261,1.0,0.22
kitti_mini,000049,tx,0.02,m,17,Car,vehicle,22.4,15-30m,111.6,3,0.38,49,49,1.0,0.65
kitti_mini,000049,tx,0.05,m,0,Car,vehicle,21.6,15-30m,61.8,0,0.0,206,206,1.0,0.08
kitti_mini,000049,tx,0.05,m,1,Car,vehicle,14.3,0-15m,189.7,0,0.0,930,930,1.0,0.8
kitti_mini,000049,tx,0.05,m,2,Car,vehicle,22.3,15-30m,104.7,2,0.0,140,140,1.0,0.3
kitti_mini,000049,tx,0.05,m,3,Car,vehicle,25.2,15-30m,101.9,2,0.0,79,79,1.0,0.21
kitti_mini,000049,tx,0.05,m,4,Car,vehicle,32.8,>30m,82.5,2,0.0,18,18,1.0,0.11
kitti_mini,000049,tx,0.05,m,5,Van,vehicle,45.9,>30m,70.5,3,0.0,79,79,1.0,0.06
kitti_mini,000049,tx,0.05,m,6,Pedestrian,pedestrian,5.5,0-15m,144.3,3,0.29,723,687,0.9502,4.79
kitti_mini,000049,tx,0.05,m,7,Car,vehicle,10.4,0-15m,259.2,1,0.0,571,571,1.0,1.9
kitti_mini,000049,tx,0.05,m,8,Car,vehicle,15.4,15-30m,132.1,1,0.0,432,432,1.0,0.74
kitti_mini,000049,tx,0.05,m,9,Car,vehicle,20.6,15-30m,96.6,2,0.0,198,198,1.0,0.37
kitti_mini,000049,tx,0.05,m,10,Pedestrian,pedestrian,32.8,>30m,16.3,0,0.0,42,37,0.881,0.14
kitti_mini,000049,tx,0.05,m,11,Car,vehicle,33.2,>30m,105.5,2,0.0,74,74,1.0,0.37
kitti_mini,000049,tx,0.05,m,12,Car,vehicle,14.4,0-15m,252.9,3,0.07,437,437,1.0,2.21
kitti_mini,000049,tx,0.05,m,13,Car,vehicle,19.0,15-30m,147.9,1,0.0,312,312,1.0,0.99
kitti_mini,000049,tx,0.05,m,14,Car,vehicle,35.7,>30m,35.8,2,0.0,2,2,1.0,0.04
kitti_mini,000049,tx,0.05,m,15,Car,vehicle,23.2,15-30m,91.6,2,0.0,8,8,1.0,0.59
kitti_mini,000049,tx,0.05,m,16,Van,vehicle,35.6,>30m,159.3,3,0.0,261,261,1.0,0.56
kitti_mini,000049,tx,0.05,m,17,Car,vehicle,22.4,15-30m,111.6,3,0.38,49,49,1.0,1.62
kitti_mini,000049,tx,0.1,m,0,Car,vehicle,21.6,15-30m,61.8,0,0.0,206,206,1.0,0.17
kitti_mini,000049,tx,0.1,m,1,Car,vehicle,14.3,0-15m,189.7,0,0.0,930,930,1.0,1.6
kitti_mini,000049,tx,0.1,m,2,Car,vehicle,22.3,15-30m,104.7,2,0.0,140,140,1.0,0.6
kitti_mini,000049,tx,0.1,m,3,Car,vehicle,25.2,15-30m,101.9,2,0.0,79,79,1.0,0.41
kitti_mini,000049,tx,0.1,m,4,Car,vehicle,32.8,>30m,82.5,2,0.0,18,18,1.0,0.22
kitti_mini,000049,tx,0.1,m,5,Van,vehicle,45.9,>30m,70.5,3,0.0,79,79,1.0,0.11
kitti_mini,000049,tx,0.1,m,6,Pedestrian,pedestrian,5.5,0-15m,144.3,3,0.29,723,679,0.9391,9.47
kitti_mini,000049,tx,0.1,m,7,Car,vehicle,10.4,0-15m,259.2,1,0.0,571,571,1.0,3.78
kitti_mini,000049,tx,0.1,m,8,Car,vehicle,15.4,15-30m,132.1,1,0.0,432,432,1.0,1.47
kitti_mini,000049,tx,0.1,m,9,Car,vehicle,20.6,15-30m,96.6,2,0.0,198,198,1.0,0.75
kitti_mini,000049,tx,0.1,m,10,Pedestrian,pedestrian,32.8,>30m,16.3,0,0.0,42,37,0.881,0.28
kitti_mini,000049,tx,0.1,m,11,Car,vehicle,33.2,>30m,105.5,2,0.0,74,74,1.0,0.74
kitti_mini,000049,tx,0.1,m,12,Car,vehicle,14.4,0-15m,252.9,3,0.07,437,437,1.0,4.4
kitti_mini,000049,tx,0.1,m,13,Car,vehicle,19.0,15-30m,147.9,1,0.0,312,312,1.0,1.98
kitti_mini,000049,tx,0.1,m,14,Car,vehicle,35.7,>30m,35.8,2,0.0,2,2,1.0,0.07
kitti_mini,000049,tx,0.1,m,15,Car,vehicle,23.2,15-30m,91.6,2,0.0,8,8,1.0,1.18
kitti_mini,000049,tx,0.1,m,16,Van,vehicle,35.6,>30m,159.3,3,0.0,261,261,1.0,1.11
kitti_mini,000049,tx,0.1,m,17,Car,vehicle,22.4,15-30m,111.6,3,0.38,49,49,1.0,3.24
kitti_mini,000049,tx,0.2,m,0,Car,vehicle,21.6,15-30m,61.8,0,0.0,206,206,1.0,0.33
kitti_mini,000049,tx,0.2,m,1,Car,vehicle,14.3,0-15m,189.7,0,0.0,930,930,1.0,3.18
kitti_mini,000049,tx,0.2,m,2,Car,vehicle,22.3,15-30m,104.7,2,0.0,140,140,1.0,1.19
kitti_mini,000049,tx,0.2,m,3,Car,vehicle,25.2,15-30m,101.9,2,0.0,79,79,1.0,0.82
kitti_mini,000049,tx,0.2,m,4,Car,vehicle,32.8,>30m,82.5,2,0.0,18,18,1.0,0.44
kitti_mini,000049,tx,0.2,m,5,Van,vehicle,45.9,>30m,70.5,3,0.0,79,79,1.0,0.22
kitti_mini,000049,tx,0.2,m,6,Pedestrian,pedestrian,5.5,0-15m,144.3,3,0.29,734,665,0.906,18.55
kitti_mini,000049,tx,0.2,m,7,Car,vehicle,10.4,0-15m,259.2,1,0.0,571,571,1.0,7.47
kitti_mini,000049,tx,0.2,m,8,Car,vehicle,15.4,15-30m,132.1,1,0.0,432,432,1.0,2.92
kitti_mini,000049,tx,0.2,m,9,Car,vehicle,20.6,15-30m,96.6,2,0.0,198,198,1.0,1.48
kitti_mini,000049,tx,0.2,m,10,Pedestrian,pedestrian,32.8,>30m,16.3,0,0.0,42,36,0.8571,0.56
kitti_mini,000049,tx,0.2,m,11,Car,vehicle,33.2,>30m,105.5,2,0.0,74,74,1.0,1.47
kitti_mini,000049,tx,0.2,m,12,Car,vehicle,14.4,0-15m,252.9,3,0.07,437,437,1.0,8.72
kitti_mini,000049,tx,0.2,m,13,Car,vehicle,19.0,15-30m,147.9,1,0.0,312,312,1.0,3.93
kitti_mini,000049,tx,0.2,m,14,Car,vehicle,35.7,>30m,35.8,2,0.0,2,2,1.0,0.15
kitti_mini,000049,tx,0.2,m,15,Car,vehicle,23.2,15-30m,91.6,2,0.0,8,8,1.0,2.35
kitti_mini,000049,tx,0.2,m,16,Van,vehicle,35.6,>30m,159.3,3,0.0,261,261,1.0,2.22
kitti_mini,000049,tx,0.2,m,17,Car,vehicle,22.4,15-30m,111.6,3,0.38,50,50,1.0,6.44
kitti_mini,000049,ty,0.0,m,0,Car,vehicle,21.6,15-30m,61.8,0,0.0,206,206,1.0,0.0
kitti_mini,000049,ty,0.0,m,1,Car,vehicle,14.3,0-15m,189.7,0,0.0,930,930,1.0,0.0
kitti_mini,000049,ty,0.0,m,2,Car,vehicle,22.3,15-30m,104.7,2,0.0,140,140,1.0,0.0
kitti_mini,000049,ty,0.0,m,3,Car,vehicle,25.2,15-30m,101.9,2,0.0,79,79,1.0,0.0
kitti_mini,000049,ty,0.0,m,4,Car,vehicle,32.8,>30m,82.5,2,0.0,18,18,1.0,0.0
kitti_mini,000049,ty,0.0,m,5,Van,vehicle,45.9,>30m,70.5,3,0.0,79,79,1.0,0.0
kitti_mini,000049,ty,0.0,m,6,Pedestrian,pedestrian,5.5,0-15m,144.3,3,0.29,719,690,0.9597,0.0
kitti_mini,000049,ty,0.0,m,7,Car,vehicle,10.4,0-15m,259.2,1,0.0,571,571,1.0,0.0
kitti_mini,000049,ty,0.0,m,8,Car,vehicle,15.4,15-30m,132.1,1,0.0,432,432,1.0,0.0
kitti_mini,000049,ty,0.0,m,9,Car,vehicle,20.6,15-30m,96.6,2,0.0,198,198,1.0,0.0
kitti_mini,000049,ty,0.0,m,10,Pedestrian,pedestrian,32.8,>30m,16.3,0,0.0,42,37,0.881,0.0
kitti_mini,000049,ty,0.0,m,11,Car,vehicle,33.2,>30m,105.5,2,0.0,74,74,1.0,0.0
kitti_mini,000049,ty,0.0,m,12,Car,vehicle,14.4,0-15m,252.9,3,0.07,437,437,1.0,0.0
kitti_mini,000049,ty,0.0,m,13,Car,vehicle,19.0,15-30m,147.9,1,0.0,312,312,1.0,0.0
kitti_mini,000049,ty,0.0,m,14,Car,vehicle,35.7,>30m,35.8,2,0.0,2,2,1.0,0.0
kitti_mini,000049,ty,0.0,m,15,Car,vehicle,23.2,15-30m,91.6,2,0.0,8,8,1.0,0.0
kitti_mini,000049,ty,0.0,m,16,Van,vehicle,35.6,>30m,159.3,3,0.0,261,261,1.0,0.0
kitti_mini,000049,ty,0.0,m,17,Car,vehicle,22.4,15-30m,111.6,3,0.38,49,49,1.0,0.0
kitti_mini,000049,ty,0.02,m,0,Car,vehicle,21.6,15-30m,61.8,0,0.0,206,206,1.0,0.72
kitti_mini,000049,ty,0.02,m,1,Car,vehicle,14.3,0-15m,189.7,0,0.0,930,930,1.0,1.11
kitti_mini,000049,ty,0.02,m,2,Car,vehicle,22.3,15-30m,104.7,2,0.0,140,140,1.0,0.69
kitti_mini,000049,ty,0.02,m,3,Car,vehicle,25.2,15-30m,101.9,2,0.0,79,79,1.0,0.6
kitti_mini,000049,ty,0.02,m,4,Car,vehicle,32.8,>30m,82.5,2,0.0,18,18,1.0,0.46
kitti_mini,000049,ty,0.02,m,5,Van,vehicle,45.9,>30m,70.5,3,0.0,79,79,1.0,0.32
kitti_mini,000049,ty,0.02,m,6,Pedestrian,pedestrian,5.5,0-15m,144.3,3,0.29,719,680,0.9458,3.12
kitti_mini,000049,ty,0.02,m,7,Car,vehicle,10.4,0-15m,259.2,1,0.0,571,571,1.0,1.68
kitti_mini,000049,ty,0.02,m,8,Car,vehicle,15.4,15-30m,132.1,1,0.0,432,432,1.0,1.05
kitti_mini,000049,ty,0.02,m,9,Car,vehicle,20.6,15-30m,96.6,2,0.0,198,198,1.0,0.75
kitti_mini,000049,ty,0.02,m,10,Pedestrian,pedestrian,32.8,>30m,16.3,0,0.0,42,36,0.8571,0.45
kitti_mini,000049,ty,0.02,m,11,Car,vehicle,33.2,>30m,105.5,2,0.0,74,74,1.0,0.46
kitti_mini,000049,ty,0.02,m,12,Car,vehicle,14.4,0-15m,252.9,3,0.07,437,437,1.0,1.29
kitti_mini,000049,ty,0.02,m,13,Car,vehicle,19.0,15-30m,147.9,1,0.0,312,312,1.0,0.87
kitti_mini,000049,ty,0.02,m,14,Car,vehicle,35.7,>30m,35.8,2,0.0,2,2,1.0,0.42
kitti_mini,000049,ty,0.02,m,15,Car,vehicle,23.2,15-30m,91.6,2,0.0,8,8,1.0,0.66
kitti_mini,000049,ty,0.02,m,16,Van,vehicle,35.6,>30m,159.3,3,0.0,261,261,1.0,0.46
kitti_mini,000049,ty,0.02,m,17,Car,vehicle,22.4,15-30m,111.6,3,0.38,49,49,1.0,0.83
kitti_mini,000049,ty,0.05,m,0,Car,vehicle,21.6,15-30m,61.8,0,0.0,206,206,1.0,1.79
kitti_mini,000049,ty,0.05,m,1,Car,vehicle,14.3,0-15m,189.7,0,0.0,930,930,1.0,2.79
kitti_mini,000049,ty,0.05,m,2,Car,vehicle,22.3,15-30m,104.7,2,0.0,140,140,1.0,1.73
kitti_mini,000049,ty,0.05,m,3,Car,vehicle,25.2,15-30m,101.9,2,0.0,79,79,1.0,1.5
kitti_mini,000049,ty,0.05,m,4,Car,vehicle,32.8,>30m,82.5,2,0.0,18,18,1.0,1.16
kitti_mini,000049,ty,0.05,m,5,Van,vehicle,45.9,>30m,70.5,3,0.0,79,79,1.0,0.81
kitti_mini,000049,ty,0.05,m,6,Pedestrian,pedestrian,5.5,0-15m,144.3,3,0.29,719,671,0.9332,7.79
kitti_mini,000049,ty,0.05,m,7,Car,vehicle,10.4,0-15m,259.2,1,0.0,571,571,1.0,4.19
kitti_mini,000049,ty,0.05,m,8,Car,vehicle,15.4,15-30m,132.1,1,0.0,432,432,1.0,2.63
kitti_mini,000049,ty,0.05,m,9,Car,vehicle,20.6,15-30m,96.6,2,0.0,198,198,1.0,1.88
kitti_mini,000049,ty,0.05,m,10,Pedestrian,pedestrian,32.8,>30m,16.3,0,0.0,42,36,0.8571,1.12
kitti_mini,000049,ty,0.05,m,11,Car,vehicle,33.2,>30m,105.5,2,0.0,74,74,1.0,1.16
kitti_mini,000049,ty,0.05,m,12,Car,vehicle,14.4,0-15m,252.9,3,0.07,437,437,1.0,3.24
kitti_mini,000049,ty,0.05,m,13,Car,vehicle,19.0,15-30m,147.9,1,0.0,312,312,1.0,2.17
kitti_mini,000049,ty,0.05,m,14,Car,vehicle,35.7,>30m,35.8,2,0.0,2,2,1.0,1.06
kitti_mini,000049,ty,0.05,m,15,Car,vehicle,23.2,15-30m,91.6,2,0.0,8,8,1.0,1.65
kitti_mini,000049,ty,0.05,m,16,Van,vehicle,35.6,>30m,159.3,3,0.0,261,261,1.0,1.16
kitti_mini,000049,ty,0.05,m,17,Car,vehicle,22.4,15-30m,111.6,3,0.38,49,49,1.0,2.07
kitti_mini,000049,ty,0.1,m,0,Car,vehicle,21.6,15-30m,61.8,0,0.0,206,200,0.9709,3.58
kitti_mini,000049,ty,0.1,m,1,Car,vehicle,14.3,0-15m,189.7,0,0.0,930,927,0.9968,5.57
kitti_mini,000049,ty,0.1,m,2,Car,vehicle,22.3,15-30m,104.7,2,0.0,140,140,1.0,3.46
kitti_mini,000049,ty,0.1,m,3,Car,vehicle,25.2,15-30m,101.9,2,0.0,79,79,1.0,3.0
kitti_mini,000049,ty,0.1,m,4,Car,vehicle,32.8,>30m,82.5,2,0.0,18,18,1.0,2.31
kitti_mini,000049,ty,0.1,m,5,Van,vehicle,45.9,>30m,70.5,3,0.0,79,79,1.0,1.62
kitti_mini,000049,ty,0.1,m,6,Pedestrian,pedestrian,5.5,0-15m,144.3,3,0.29,719,650,0.904,15.58
kitti_mini,000049,ty,0.1,m,7,Car,vehicle,10.4,0-15m,259.2,1,0.0,571,568,0.9947,8.38
kitti_mini,000049,ty,0.1,m,8,Car,vehicle,15.4,15-30m,132.1,1,0.0,432,432,1.0,5.26
kitti_mini,000049,ty,0.1,m,9,Car,vehicle,20.6,15-30m,96.6,2,0.0,198,198,1.0,3.76
kitti_mini,000049,ty,0.1,m,10,Pedestrian,pedestrian,32.8,>30m,16.3,0,0.0,42,35,0.8333,2.23
kitti_mini,000049,ty,0.1,m,11,Car,vehicle,33.2,>30m,105.5,2,0.0,74,74,1.0,2.32
kitti_mini,000049,ty,0.1,m,12,Car,vehicle,14.4,0-15m,252.9,3,0.07,437,437,1.0,6.47
kitti_mini,000049,ty,0.1,m,13,Car,vehicle,19.0,15-30m,147.9,1,0.0,312,312,1.0,4.33
kitti_mini,000049,ty,0.1,m,14,Car,vehicle,35.7,>30m,35.8,2,0.0,2,2,1.0,2.12
kitti_mini,000049,ty,0.1,m,15,Car,vehicle,23.2,15-30m,91.6,2,0.0,8,8,1.0,3.3
kitti_mini,000049,ty,0.1,m,16,Van,vehicle,35.6,>30m,159.3,3,0.0,261,261,1.0,2.32
kitti_mini,000049,ty,0.1,m,17,Car,vehicle,22.4,15-30m,111.6,3,0.38,49,49,1.0,4.14
kitti_mini,000049,ty,0.2,m,0,Car,vehicle,21.6,15-30m,61.8,0,0.0,206,187,0.9078,7.15
kitti_mini,000049,ty,0.2,m,1,Car,vehicle,14.3,0-15m,189.7,0,0.0,930,919,0.9882,11.14
kitti_mini,000049,ty,0.2,m,2,Car,vehicle,22.3,15-30m,104.7,2,0.0,140,140,1.0,6.91
kitti_mini,000049,ty,0.2,m,3,Car,vehicle,25.2,15-30m,101.9,2,0.0,79,79,1.0,6.01
kitti_mini,000049,ty,0.2,m,4,Car,vehicle,32.8,>30m,82.5,2,0.0,18,18,1.0,4.63
kitti_mini,000049,ty,0.2,m,5,Van,vehicle,45.9,>30m,70.5,3,0.0,79,79,1.0,3.24
kitti_mini,000049,ty,0.2,m,6,Pedestrian,pedestrian,5.5,0-15m,144.3,3,0.29,718,574,0.7994,31.16
kitti_mini,000049,ty,0.2,m,7,Car,vehicle,10.4,0-15m,259.2,1,0.0,571,543,0.951,16.77
kitti_mini,000049,ty,0.2,m,8,Car,vehicle,15.4,15-30m,132.1,1,0.0,432,418,0.9676,10.52
kitti_mini,000049,ty,0.2,m,9,Car,vehicle,20.6,15-30m,96.6,2,0.0,198,195,0.9848,7.51
kitti_mini,000049,ty,0.2,m,10,Pedestrian,pedestrian,32.8,>30m,16.3,0,0.0,42,28,0.6667,4.46
kitti_mini,000049,ty,0.2,m,11,Car,vehicle,33.2,>30m,105.5,2,0.0,74,74,1.0,4.64
kitti_mini,000049,ty,0.2,m,12,Car,vehicle,14.4,0-15m,252.9,3,0.07,437,437,1.0,12.94
kitti_mini,000049,ty,0.2,m,13,Car,vehicle,19.0,15-30m,147.9,1,0.0,312,312,1.0,8.67
kitti_mini,000049,ty,0.2,m,14,Car,vehicle,35.7,>30m,35.8,2,0.0,2,2,1.0,4.24
kitti_mini,000049,ty,0.2,m,15,Car,vehicle,23.2,15-30m,91.6,2,0.0,8,8,1.0,6.6
kitti_mini,000049,ty,0.2,m,16,Van,vehicle,35.6,>30m,159.3,3,0.0,261,257,0.9847,4.64
kitti_mini,000049,ty,0.2,m,17,Car,vehicle,22.4,15-30m,111.6,3,0.38,48,48,1.0,8.28
kitti_mini,000049,tz,0.0,m,0,Car,vehicle,21.6,15-30m,61.8,0,0.0,206,206,1.0,0.0
kitti_mini,000049,tz,0.0,m,1,Car,vehicle,14.3,0-15m,189.7,0,0.0,930,930,1.0,0.0
kitti_mini,000049,tz,0.0,m,2,Car,vehicle,22.3,15-30m,104.7,2,0.0,140,140,1.0,0.0
kitti_mini,000049,tz,0.0,m,3,Car,vehicle,25.2,15-30m,101.9,2,0.0,79,79,1.0,0.0
kitti_mini,000049,tz,0.0,m,4,Car,vehicle,32.8,>30m,82.5,2,0.0,18,18,1.0,0.0
kitti_mini,000049,tz,0.0,m,5,Van,vehicle,45.9,>30m,70.5,3,0.0,79,79,1.0,0.0
kitti_mini,000049,tz,0.0,m,6,Pedestrian,pedestrian,5.5,0-15m,144.3,3,0.29,719,690,0.9597,0.0
kitti_mini,000049,tz,0.0,m,7,Car,vehicle,10.4,0-15m,259.2,1,0.0,571,571,1.0,0.0
kitti_mini,000049,tz,0.0,m,8,Car,vehicle,15.4,15-30m,132.1,1,0.0,432,432,1.0,0.0
kitti_mini,000049,tz,0.0,m,9,Car,vehicle,20.6,15-30m,96.6,2,0.0,198,198,1.0,0.0
kitti_mini,000049,tz,0.0,m,10,Pedestrian,pedestrian,32.8,>30m,16.3,0,0.0,42,37,0.881,0.0
kitti_mini,000049,tz,0.0,m,11,Car,vehicle,33.2,>30m,105.5,2,0.0,74,74,1.0,0.0
kitti_mini,000049,tz,0.0,m,12,Car,vehicle,14.4,0-15m,252.9,3,0.07,437,437,1.0,0.0
kitti_mini,000049,tz,0.0,m,13,Car,vehicle,19.0,15-30m,147.9,1,0.0,312,312,1.0,0.0
kitti_mini,000049,tz,0.0,m,14,Car,vehicle,35.7,>30m,35.8,2,0.0,2,2,1.0,0.0
kitti_mini,000049,tz,0.0,m,15,Car,vehicle,23.2,15-30m,91.6,2,0.0,8,8,1.0,0.0
kitti_mini,000049,tz,0.0,m,16,Van,vehicle,35.6,>30m,159.3,3,0.0,261,261,1.0,0.0
kitti_mini,000049,tz,0.0,m,17,Car,vehicle,22.4,15-30m,111.6,3,0.38,49,49,1.0,0.0
kitti_mini,000049,tz,0.02,m,0,Car,vehicle,21.6,15-30m,61.8,0,0.0,206,206,1.0,0.72
kitti_mini,000049,tz,0.02,m,1,Car,vehicle,14.3,0-15m,189.7,0,0.0,930,930,1.0,1.12
kitti_mini,000049,tz,0.02,m,2,Car,vehicle,22.3,15-30m,104.7,2,0.0,140,140,1.0,0.69
kitti_mini,000049,tz,0.02,m,3,Car,vehicle,25.2,15-30m,101.9,2,0.0,79,79,1.0,0.6
kitti_mini,000049,tz,0.02,m,4,Car,vehicle,32.8,>30m,82.5,2,0.0,18,18,1.0,0.46
kitti_mini,000049,tz,0.02,m,5,Van,vehicle,45.9,>30m,70.5,3,0.0,79,79,1.0,0.32
kitti_mini,000049,tz,0.02,m,6,Pedestrian,pedestrian,5.5,0-15m,144.3,3,0.29,723,697,0.964,3.12
kitti_mini,000049,tz,0.02,m,7,Car,vehicle,10.4,0-15m,259.2,1,0.0,571,571,1.0,1.68
kitti_mini,000049,tz,0.02,m,8,Car,vehicle,15.4,15-30m,132.1,1,0.0,432,432,1.0,1.05
kitti_mini,000049,tz,0.02,m,9,Car,vehicle,20.6,15-30m,96.6,2,0.0,198,198,1.0,0.75
kitti_mini,000049,tz,0.02,m,10,Pedestrian,pedestrian,32.8,>30m,16.3,0,0.0,42,37,0.881,0.45
kitti_mini,000049,tz,0.02,m,11,Car,vehicle,33.2,>30m,105.5,2,0.0,74,74,1.0,0.46
kitti_mini,000049,tz,0.02,m,12,Car,vehicle,14.4,0-15m,252.9,3,0.07,437,437,1.0,1.3
kitti_mini,000049,tz,0.02,m,13,Car,vehicle,19.0,15-30m,147.9,1,0.0,312,312,1.0,0.87
kitti_mini,000049,tz,0.02,m,14,Car,vehicle,35.7,>30m,35.8,2,0.0,2,2,1.0,0.42
kitti_mini,000049,tz,0.02,m,15,Car,vehicle,23.2,15-30m,91.6,2,0.0,8,8,1.0,0.66
kitti_mini,000049,tz,0.02,m,16,Van,vehicle,35.6,>30m,159.3,3,0.0,261,261,1.0,0.46
kitti_mini,000049,tz,0.02,m,17,Car,vehicle,22.4,15-30m,111.6,3,0.38,49,49,1.0,0.83
kitti_mini,000049,tz,0.05,m,0,Car,vehicle,21.6,15-30m,61.8,0,0.0,206,206,1.0,1.79
kitti_mini,000049,tz,0.05,m,1,Car,vehicle,14.3,0-15m,189.7,0,0.0,930,930,1.0,2.79
kitti_mini,000049,tz,0.05,m,2,Car,vehicle,22.3,15-30m,104.7,2,0.0,140,140,1.0,1.73
kitti_mini,000049,tz,0.05,m,3,Car,vehicle,25.2,15-30m,101.9,2,0.0,79,63,0.7975,1.5
kitti_mini,000049,tz,0.05,m,4,Car,vehicle,32.8,>30m,82.5,2,0.0,18,18,1.0,1.16
kitti_mini,000049,tz,0.05,m,5,Van,vehicle,45.9,>30m,70.5,3,0.0,79,79,1.0,0.81
kitti_mini,000049,tz,0.05,m,6,Pedestrian,pedestrian,5.5,0-15m,144.3,3,0.29,732,704,0.9617,7.8
kitti_mini,000049,tz,0.05,m,7,Car,vehicle,10.4,0-15m,259.2,1,0.0,571,571,1.0,4.2
kitti_mini,000049,tz,0.05,m,8,Car,vehicle,15.4,15-30m,132.1,1,0.0,432,432,1.0,2.63
kitti_mini,000049,tz,0.05,m,9,Car,vehicle,20.6,15-30m,96.6,2,0.0,198,198,1.0,1.88
kitti_mini,000049,tz,0.05,m,10,Pedestrian,pedestrian,32.8,>30m,16.3,0,0.0,42,35,0.8333,1.12
kitti_mini,000049,tz,0.05,m,11,Car,vehicle,33.2,>30m,105.5,2,0.0,74,74,1.0,1.16
kitti_mini,000049,tz,0.05,m,12,Car,vehicle,14.4,0-15m,252.9,3,0.07,437,414,0.9474,3.24
kitti_mini,000049,tz,0.05,m,13,Car,vehicle,19.0,15-30m,147.9,1,0.0,312,312,1.0,2.17
kitti_mini,000049,tz,0.05,m,14,Car,vehicle,35.7,>30m,35.8,2,0.0,2,2,1.0,1.06
kitti_mini,000049,tz,0.05,m,15,Car,vehicle,23.2,15-30m,91.6,2,0.0,8,8,1.0,1.65
kitti_mini,000049,tz,0.05,m,16,Van,vehicle,35.6,>30m,159.3,3,0.0,261,261,1.0,1.16
kitti_mini,000049,tz,0.05,m,17,Car,vehicle,22.4,15-30m,111.6,3,0.38,49,49,1.0,2.07
kitti_mini,000049,tz,0.1,m,0,Car,vehicle,21.6,15-30m,61.8,0,0.0,206,198,0.9612,3.58
kitti_mini,000049,tz,0.1,m,1,Car,vehicle,14.3,0-15m,189.7,0,0.0,930,891,0.9581,5.57
kitti_mini,000049,tz,0.1,m,2,Car,vehicle,22.3,15-30m,104.7,2,0.0,140,120,0.8571,3.46
kitti_mini,000049,tz,0.1,m,3,Car,vehicle,25.2,15-30m,101.9,2,0.0,79,63,0.7975,3.0
kitti_mini,000049,tz,0.1,m,4,Car,vehicle,32.8,>30m,82.5,2,0.0,18,18,1.0,2.32
kitti_mini,000049,tz,0.1,m,5,Van,vehicle,45.9,>30m,70.5,3,0.0,79,79,1.0,1.62
kitti_mini,000049,tz,0.1,m,6,Pedestrian,pedestrian,5.5,0-15m,144.3,3,0.29,751,718,0.9561,15.6
kitti_mini,000049,tz,0.1,m,7,Car,vehicle,10.4,0-15m,259.2,1,0.0,571,544,0.9527,8.39
kitti_mini,000049,tz,0.1,m,8,Car,vehicle,15.4,15-30m,132.1,1,0.0,432,405,0.9375,5.26
kitti_mini,000049,tz,0.1,m,9,Car,vehicle,20.6,15-30m,96.6,2,0.0,198,198,1.0,3.76
kitti_mini,000049,tz,0.1,m,10,Pedestrian,pedestrian,32.8,>30m,16.3,0,0.0,42,35,0.8333,2.23
kitti_mini,000049,tz,0.1,m,11,Car,vehicle,33.2,>30m,105.5,2,0.0,74,60,0.8108,2.32
kitti_mini,000049,tz,0.1,m,12,Car,vehicle,14.4,0-15m,252.9,3,0.07,437,412,0.9428,6.48
kitti_mini,000049,tz,0.1,m,13,Car,vehicle,19.0,15-30m,147.9,1,0.0,312,282,0.9038,4.33
kitti_mini,000049,tz,0.1,m,14,Car,vehicle,35.7,>30m,35.8,2,0.0,2,2,1.0,2.12
kitti_mini,000049,tz,0.1,m,15,Car,vehicle,23.2,15-30m,91.6,2,0.0,8,8,1.0,3.3
kitti_mini,000049,tz,0.1,m,16,Van,vehicle,35.6,>30m,159.3,3,0.0,261,254,0.9732,2.32
kitti_mini,000049,tz,0.1,m,17,Car,vehicle,22.4,15-30m,111.6,3,0.38,49,49,1.0,4.14
kitti_mini,000049,tz,0.2,m,0,Car,vehicle,21.6,15-30m,61.8,0,0.0,206,187,0.9078,7.15
kitti_mini,000049,tz,0.2,m,1,Car,vehicle,14.3,0-15m,189.7,0,0.0,930,842,0.9054,11.15
kitti_mini,000049,tz,0.2,m,2,Car,vehicle,22.3,15-30m,104.7,2,0.0,140,113,0.8071,6.91
kitti_mini,000049,tz,0.2,m,3,Car,vehicle,25.2,15-30m,101.9,2,0.0,79,60,0.7595,6.01
kitti_mini,000049,tz,0.2,m,4,Car,vehicle,32.8,>30m,82.5,2,0.0,18,18,1.0,4.63
kitti_mini,000049,tz,0.2,m,5,Van,vehicle,45.9,>30m,70.5,3,0.0,79,67,0.8481,3.24
kitti_mini,000049,tz,0.2,m,6,Pedestrian,pedestrian,5.5,0-15m,144.3,3,0.29,789,722,0.9151,31.19
kitti_mini,000049,tz,0.2,m,7,Car,vehicle,10.4,0-15m,259.2,1,0.0,571,492,0.8616,16.78
kitti_mini,000049,tz,0.2,m,8,Car,vehicle,15.4,15-30m,132.1,1,0.0,432,374,0.8657,10.52
kitti_mini,000049,tz,0.2,m,9,Car,vehicle,20.6,15-30m,96.6,2,0.0,198,182,0.9192,7.51
kitti_mini,000049,tz,0.2,m,10,Pedestrian,pedestrian,32.8,>30m,16.3,0,0.0,42,35,0.8333,4.46
kitti_mini,000049,tz,0.2,m,11,Car,vehicle,33.2,>30m,105.5,2,0.0,74,60,0.8108,4.64
kitti_mini,000049,tz,0.2,m,12,Car,vehicle,14.4,0-15m,252.9,3,0.07,437,394,0.9016,12.95
kitti_mini,000049,tz,0.2,m,13,Car,vehicle,19.0,15-30m,147.9,1,0.0,312,278,0.891,8.67
kitti_mini,000049,tz,0.2,m,14,Car,vehicle,35.7,>30m,35.8,2,0.0,2,1,0.5,4.24
kitti_mini,000049,tz,0.2,m,15,Car,vehicle,23.2,15-30m,91.6,2,0.0,8,7,0.875,6.6
kitti_mini,000049,tz,0.2,m,16,Van,vehicle,35.6,>30m,159.3,3,0.0,261,218,0.8352,4.64
kitti_mini,000049,tz,0.2,m,17,Car,vehicle,22.4,15-30m,111.6,3,0.38,49,35,0.7143,8.28
kitti_mini,000061,yaw,0.0,deg,0,Van,vehicle,18.8,15-30m,186.7,3,0.05,989,989,1.0,0.0
kitti_mini,000061,yaw,0.0,deg,1,Car,vehicle,14.7,0-15m,41.3,3,0.79,108,108,1.0,0.0
kitti_mini,000061,yaw,0.0,deg,2,Car,vehicle,40.9,>30m,42.5,2,0.0,6,6,1.0,0.0
kitti_mini,000061,yaw,0.0,deg,3,Car,vehicle,21.1,15-30m,93.9,1,0.14,145,145,1.0,0.0
kitti_mini,000061,yaw,0.0,deg,5,Van,vehicle,43.7,>30m,39.6,3,0.0,14,14,1.0,0.0
kitti_mini,000061,yaw,0.25,deg,0,Van,vehicle,18.8,15-30m,186.7,3,0.05,989,989,1.0,4.97
kitti_mini,000061,yaw,0.25,deg,1,Car,vehicle,14.7,0-15m,41.3,3,0.79,88,88,1.0,5.39
kitti_mini,000061,yaw,0.25,deg,2,Car,vehicle,40.9,>30m,42.5,2,0.0,6,6,1.0,4.82
kitti_mini,000061,yaw,0.25,deg,3,Car,vehicle,21.1,15-30m,93.9,1,0.14,145,145,1.0,5.08
kitti_mini,000061,yaw,0.25,deg,5,Van,vehicle,43.7,>30m,39.6,3,0.0,14,13,0.9286,3.69
kitti_mini,000061,yaw,0.5,deg,0,Van,vehicle,18.8,15-30m,186.7,3,0.05,989,987,0.998,9.91
kitti_mini,000061,yaw,0.5,deg,1,Car,vehicle,14.7,0-15m,41.3,3,0.79,73,73,1.0,10.79
kitti_mini,000061,yaw,0.5,deg,2,Car,vehicle,40.9,>30m,42.5,2,0.0,6,6,1.0,9.66
kitti_mini,000061,yaw,0.5,deg,3,Car,vehicle,21.1,15-30m,93.9,1,0.14,145,145,1.0,10.19
kitti_mini,000061,yaw,0.5,deg,5,Van,vehicle,43.7,>30m,39.6,3,0.0,14,11,0.7857,7.37
kitti_mini,000061,yaw,1.0,deg,0,Van,vehicle,18.8,15-30m,186.7,3,0.05,989,959,0.9697,19.7
kitti_mini,000061,yaw,1.0,deg,1,Car,vehicle,14.7,0-15m,41.3,3,0.79,34,34,1.0,21.56
kitti_mini,000061,yaw,1.0,deg,2,Car,vehicle,40.9,>30m,42.5,2,0.0,6,4,0.6667,19.45
kitti_mini,000061,yaw,1.0,deg,3,Car,vehicle,21.1,15-30m,93.9,1,0.14,144,144,1.0,20.51
kitti_mini,000061,yaw,1.0,deg,5,Van,vehicle,43.7,>30m,39.6,3,0.0,14,9,0.6429,14.68
kitti_mini,000061,yaw,2.0,deg,0,Van,vehicle,18.8,15-30m,186.7,3,0.05,989,855,0.8645,38.9
kitti_mini,000061,yaw,2.0,deg,1,Car,vehicle,14.7,0-15m,41.3,3,0.79,0,0,,
kitti_mini,000061,yaw,2.0,deg,2,Car,vehicle,40.9,>30m,42.5,2,0.0,6,0,0.0,39.41
kitti_mini,000061,yaw,2.0,deg,3,Car,vehicle,21.1,15-30m,93.9,1,0.14,121,121,1.0,41.35
kitti_mini,000061,yaw,2.0,deg,5,Van,vehicle,43.7,>30m,39.6,3,0.0,14,5,0.3571,29.17
kitti_mini,000061,yaw,3.0,deg,0,Van,vehicle,18.8,15-30m,186.7,3,0.05,989,739,0.7472,57.64
kitti_mini,000061,yaw,3.0,deg,1,Car,vehicle,14.7,0-15m,41.3,3,0.79,0,0,,
kitti_mini,000061,yaw,3.0,deg,2,Car,vehicle,40.9,>30m,42.5,2,0.0,6,0,0.0,59.92
kitti_mini,000061,yaw,3.0,deg,3,Car,vehicle,21.1,15-30m,93.9,1,0.14,65,65,1.0,62.1
kitti_mini,000061,yaw,3.0,deg,5,Van,vehicle,43.7,>30m,39.6,3,0.0,14,0,0.0,43.46
kitti_mini,000061,pitch,0.0,deg,0,Van,vehicle,18.8,15-30m,186.7,3,0.05,989,989,1.0,0.0
kitti_mini,000061,pitch,0.0,deg,1,Car,vehicle,14.7,0-15m,41.3,3,0.79,108,108,1.0,0.0
kitti_mini,000061,pitch,0.0,deg,2,Car,vehicle,40.9,>30m,42.5,2,0.0,6,6,1.0,0.0
kitti_mini,000061,pitch,0.0,deg,3,Car,vehicle,21.1,15-30m,93.9,1,0.14,145,145,1.0,0.0
kitti_mini,000061,pitch,0.0,deg,5,Van,vehicle,43.7,>30m,39.6,3,0.0,14,14,1.0,0.0
kitti_mini,000061,pitch,0.25,deg,0,Van,vehicle,18.8,15-30m,186.7,3,0.05,989,988,0.999,3.22
kitti_mini,000061,pitch,0.25,deg,1,Car,vehicle,14.7,0-15m,41.3,3,0.79,108,108,1.0,3.31
kitti_mini,000061,pitch,0.25,deg,2,Car,vehicle,40.9,>30m,42.5,2,0.0,6,3,0.5,3.21
kitti_mini,000061,pitch,0.25,deg,3,Car,vehicle,21.1,15-30m,93.9,1,0.14,145,145,1.0,3.26
kitti_mini,000061,pitch,0.25,deg,5,Van,vehicle,43.7,>30m,39.6,3,0.0,14,14,1.0,3.17
kitti_mini,000061,pitch,0.5,deg,0,Van,vehicle,18.8,15-30m,186.7,3,0.05,989,985,0.996,6.45
kitti_mini,000061,pitch,0.5,deg,1,Car,vehicle,14.7,0-15m,41.3,3,0.79,107,107,1.0,6.63
kitti_mini,000061,pitch,0.5,deg,2,Car,vehicle,40.9,>30m,42.5,2,0.0,6,3,0.5,6.43
kitti_mini,000061,pitch,0.5,deg,3,Car,vehicle,21.1,15-30m,93.9,1,0.14,145,145,1.0,6.52
kitti_mini,000061,pitch,0.5,deg,5,Van,vehicle,43.7,>30m,39.6,3,0.0,14,14,1.0,6.35
kitti_mini,000061,pitch,1.0,deg,0,Van,vehicle,18.8,15-30m,186.7,3,0.05,989,949,0.9596,12.9
kitti_mini,000061,pitch,1.0,deg,1,Car,vehicle,14.7,0-15m,41.3,3,0.79,102,102,1.0,13.28
kitti_mini,000061,pitch,1.0,deg,2,Car,vehicle,40.9,>30m,42.5,2,0.0,6,1,0.1667,12.87
kitti_mini,000061,pitch,1.0,deg,3,Car,vehicle,21.1,15-30m,93.9,1,0.14,145,131,0.9034,13.05
kitti_mini,000061,pitch,1.0,deg,5,Van,vehicle,43.7,>30m,39.6,3,0.0,14,14,1.0,12.69
kitti_mini,000061,pitch,2.0,deg,0,Van,vehicle,18.8,15-30m,186.7,3,0.05,987,849,0.8602,25.83
kitti_mini,000061,pitch,2.0,deg,1,Car,vehicle,14.7,0-15m,41.3,3,0.79,97,75,0.7732,26.67
kitti_mini,000061,pitch,2.0,deg,2,Car,vehicle,40.9,>30m,42.5,2,0.0,6,0,0.0,25.81
kitti_mini,000061,pitch,2.0,deg,3,Car,vehicle,21.1,15-30m,93.9,1,0.14,145,106,0.731,26.17
kitti_mini,000061,pitch,2.0,deg,5,Van,vehicle,43.7,>30m,39.6,3,0.0,14,0,0.0,25.37
kitti_mini,000061,pitch,3.0,deg,0,Van,vehicle,18.8,15-30m,186.7,3,0.05,985,726,0.7371,38.79
kitti_mini,000061,pitch,3.0,deg,1,Car,vehicle,14.7,0-15m,41.3,3,0.79,91,57,0.6264,40.13
kitti_mini,000061,pitch,3.0,deg,2,Car,vehicle,40.9,>30m,42.5,2,0.0,6,0,0.0,38.81
kitti_mini,000061,pitch,3.0,deg,3,Car,vehicle,21.1,15-30m,93.9,1,0.14,145,80,0.5517,39.38
kitti_mini,000061,pitch,3.0,deg,5,Van,vehicle,43.7,>30m,39.6,3,0.0,14,0,0.0,38.06
kitti_mini,000061,roll,0.0,deg,0,Van,vehicle,18.8,15-30m,186.7,3,0.05,989,989,1.0,0.0
kitti_mini,000061,roll,0.0,deg,1,Car,vehicle,14.7,0-15m,41.3,3,0.79,108,108,1.0,0.0
kitti_mini,000061,roll,0.0,deg,2,Car,vehicle,40.9,>30m,42.5,2,0.0,6,6,1.0,0.0
kitti_mini,000061,roll,0.0,deg,3,Car,vehicle,21.1,15-30m,93.9,1,0.14,145,145,1.0,0.0
kitti_mini,000061,roll,0.0,deg,5,Van,vehicle,43.7,>30m,39.6,3,0.0,14,14,1.0,0.0
kitti_mini,000061,roll,0.25,deg,0,Van,vehicle,18.8,15-30m,186.7,3,0.05,989,989,1.0,2.35
kitti_mini,000061,roll,0.25,deg,1,Car,vehicle,14.7,0-15m,41.3,3,0.79,107,107,1.0,2.64
kitti_mini,000061,roll,0.25,deg,2,Car,vehicle,40.9,>30m,42.5,2,0.0,6,6,1.0,2.28
kitti_mini,000061,roll,0.25,deg,3,Car,vehicle,21.1,15-30m,93.9,1,0.14,145,145,1.0,2.44
kitti_mini,000061,roll,0.25,deg,5,Van,vehicle,43.7,>30m,39.6,3,0.0,14,14,1.0,1.29
kitti_mini,000061,roll,0.5,deg,0,Van,vehicle,18.8,15-30m,186.7,3,0.05,989,986,0.997,4.7
kitti_mini,000061,roll,0.5,deg,1,Car,vehicle,14.7,0-15m,41.3,3,0.79,107,107,1.0,5.29
kitti_mini,000061,roll,0.5,deg,2,Car,vehicle,40.9,>30m,42.5,2,0.0,6,6,1.0,4.55
kitti_mini,000061,roll,0.5,deg,3,Car,vehicle,21.1,15-30m,93.9,1,0.14,145,145,1.0,4.88
kitti_mini,000061,roll,0.5,deg,5,Van,vehicle,43.7,>30m,39.6,3,0.0,14,14,1.0,2.58
kitti_mini,000061,roll,1.0,deg,0,Van,vehicle,18.8,15-30m,186.7,3,0.05,989,977,0.9879,9.41
kitti_mini,000061,roll,1.0,deg,1,Car,vehicle,14.7,0-15m,41.3,3,0.79,102,102,1.0,10.56
kitti_mini,000061,roll,1.0,deg,2,Car,vehicle,40.9,>30m,42.5,2,0.0,6,6,1.0,9.11
kitti_mini,000061,roll,1.0,deg,3,Car,vehicle,21.1,15-30m,93.9,1,0.14,145,132,0.9103,9.77
kitti_mini,000061,roll,1.0,deg,5,Van,vehicle,43.7,>30m,39.6,3,0.0,14,13,0.9286,5.16
kitti_mini,000061,roll,2.0,deg,0,Van,vehicle,18.8,15-30m,186.7,3,0.05,989,914,0.9242,18.82
kitti_mini,000061,roll,2.0,deg,1,Car,vehicle,14.7,0-15m,41.3,3,0.79,98,89,0.9082,21.1
kitti_mini,000061,roll,2.0,deg,2,Car,vehicle,40.9,>30m,42.5,2,0.0,6,6,1.0,18.21
kitti_mini,000061,roll,2.0,deg,3,Car,vehicle,21.1,15-30m,93.9,1,0.14,145,122,0.8414,19.53
kitti_mini,000061,roll,2.0,deg,5,Van,vehicle,43.7,>30m,39.6,3,0.0,14,13,0.9286,10.33
kitti_mini,000061,roll,3.0,deg,0,Van,vehicle,18.8,15-30m,186.7,3,0.05,989,829,0.8382,28.23
kitti_mini,000061,roll,3.0,deg,1,Car,vehicle,14.7,0-15m,41.3,3,0.79,95,77,0.8105,31.61
kitti_mini,000061,roll,3.0,deg,2,Car,vehicle,40.9,>30m,42.5,2,0.0,6,3,0.5,27.31
kitti_mini,000061,roll,3.0,deg,3,Car,vehicle,21.1,15-30m,93.9,1,0.14,145,100,0.6897,29.29
kitti_mini,000061,roll,3.0,deg,5,Van,vehicle,43.7,>30m,39.6,3,0.0,14,13,0.9286,15.49
kitti_mini,000061,tx,0.0,m,0,Van,vehicle,18.8,15-30m,186.7,3,0.05,989,989,1.0,0.0
kitti_mini,000061,tx,0.0,m,1,Car,vehicle,14.7,0-15m,41.3,3,0.79,108,108,1.0,0.0
kitti_mini,000061,tx,0.0,m,2,Car,vehicle,40.9,>30m,42.5,2,0.0,6,6,1.0,0.0
kitti_mini,000061,tx,0.0,m,3,Car,vehicle,21.1,15-30m,93.9,1,0.14,145,145,1.0,0.0
kitti_mini,000061,tx,0.0,m,5,Van,vehicle,43.7,>30m,39.6,3,0.0,14,14,1.0,0.0
kitti_mini,000061,tx,0.02,m,0,Van,vehicle,18.8,15-30m,186.7,3,0.05,989,989,1.0,0.81
kitti_mini,000061,tx,0.02,m,1,Car,vehicle,14.7,0-15m,41.3,3,0.79,113,113,1.0,1.15
kitti_mini,000061,tx,0.02,m,2,Car,vehicle,40.9,>30m,42.5,2,0.0,6,6,1.0,0.32
kitti_mini,000061,tx,0.02,m,3,Car,vehicle,21.1,15-30m,93.9,1,0.14,145,145,1.0,0.69
kitti_mini,000061,tx,0.02,m,5,Van,vehicle,43.7,>30m,39.6,3,0.0,14,14,1.0,0.15
kitti_mini,000061,tx,0.05,m,0,Van,vehicle,18.8,15-30m,186.7,3,0.05,989,989,1.0,2.03
kitti_mini,000061,tx,0.05,m,1,Car,vehicle,14.7,0-15m,41.3,3,0.79,120,120,1.0,2.85
kitti_mini,000061,tx,0.05,m,2,Car,vehicle,40.9,>30m,42.5,2,0.0,6,6,1.0,0.81
kitti_mini,000061,tx,0.05,m,3,Car,vehicle,21.1,15-30m,93.9,1,0.14,145,145,1.0,1.71
kitti_mini,000061,tx,0.05,m,5,Van,vehicle,43.7,>30m,39.6,3,0.0,14,14,1.0,0.39
kitti_mini,000061,tx,0.1,m,0,Van,vehicle,18.8,15-30m,186.7,3,0.05,989,989,1.0,4.05
kitti_mini,000061,tx,0.1,m,1,Car,vehicle,14.7,0-15m,41.3,3,0.79,128,127,0.9922,5.68
kitti_mini,000061,tx,0.1,m,2,Car,vehicle,40.9,>30m,42.5,2,0.0,6,6,1.0,1.61
kitti_mini,000061,tx,0.1,m,3,Car,vehicle,21.1,15-30m,93.9,1,0.14,145,145,1.0,3.41
kitti_mini,000061,tx,0.1,m,5,Van,vehicle,43.7,>30m,39.6,3,0.0,14,14,1.0,0.77
kitti_mini,000061,tx,0.2,m,0,Van,vehicle,18.8,15-30m,186.7,3,0.05,989,989,1.0,8.03
kitti_mini,000061,tx,0.2,m,1,Car,vehicle,14.7,0-15m,41.3,3,0.79,150,143,0.9533,11.26
kitti_mini,000061,tx,0.2,m,2,Car,vehicle,40.9,>30m,42.5,2,0.0,6,6,1.0,3.22
kitti_mini,000061,tx,0.2,m,3,Car,vehicle,21.1,15-30m,93.9,1,0.14,145,145,1.0,6.79
kitti_mini,000061,tx,0.2,m,5,Van,vehicle,43.7,>30m,39.6,3,0.0,14,14,1.0,1.54
kitti_mini,000061,ty,0.0,m,0,Van,vehicle,18.8,15-30m,186.7,3,0.05,989,989,1.0,0.0
kitti_mini,000061,ty,0.0,m,1,Car,vehicle,14.7,0-15m,41.3,3,0.79,108,108,1.0,0.0
kitti_mini,000061,ty,0.0,m,2,Car,vehicle,40.9,>30m,42.5,2,0.0,6,6,1.0,0.0
kitti_mini,000061,ty,0.0,m,3,Car,vehicle,21.1,15-30m,93.9,1,0.14,145,145,1.0,0.0
kitti_mini,000061,ty,0.0,m,5,Van,vehicle,43.7,>30m,39.6,3,0.0,14,14,1.0,0.0
kitti_mini,000061,ty,0.02,m,0,Van,vehicle,18.8,15-30m,186.7,3,0.05,989,989,1.0,1.08
kitti_mini,000061,ty,0.02,m,1,Car,vehicle,14.7,0-15m,41.3,3,0.79,103,103,1.0,1.37
kitti_mini,000061,ty,0.02,m,2,Car,vehicle,40.9,>30m,42.5,2,0.0,6,6,1.0,0.45
kitti_mini,000061,ty,0.02,m,3,Car,vehicle,21.1,15-30m,93.9,1,0.14,145,145,1.0,0.89
kitti_mini,000061,ty,0.02,m,5,Van,vehicle,43.7,>30m,39.6,3,0.0,14,14,1.0,0.38
kitti_mini,000061,ty,0.05,m,0,Van,vehicle,18.8,15-30m,186.7,3,0.05,989,989,1.0,2.7
kitti_mini,000061,ty,0.05,m,1,Car,vehicle,14.7,0-15m,41.3,3,0.79,96,96,1.0,3.43
kitti_mini,000061,ty,0.05,m,2,Car,vehicle,40.9,>30m,42.5,2,0.0,6,6,1.0,1.12
kitti_mini,000061,ty,0.05,m,3,Car,vehicle,21.1,15-30m,93.9,1,0.14,145,145,1.0,2.23
kitti_mini,000061,ty,0.05,m,5,Van,vehicle,43.7,>30m,39.6,3,0.0,14,14,1.0,0.94
kitti_mini,000061,ty,0.1,m,0,Van,vehicle,18.8,15-30m,186.7,3,0.05,989,989,1.0,5.4
kitti_mini,000061,ty,0.1,m,1,Car,vehicle,14.7,0-15m,41.3,3,0.79,85,85,1.0,6.83
kitti_mini,000061,ty,0.1,m,2,Car,vehicle,40.9,>30m,42.5,2,0.0,6,6,1.0,2.24
kitti_mini,000061,ty,0.1,m,3,Car,vehicle,21.1,15-30m,93.9,1,0.14,145,145,1.0,4.45
kitti_mini,000061,ty,0.1,m,5,Van,vehicle,43.7,>30m,39.6,3,0.0,14,14,1.0,1.88
kitti_mini,000061,ty,0.2,m,0,Van,vehicle,18.8,15-30m,186.7,3,0.05,989,987,0.998,10.8
kitti_mini,000061,ty,0.2,m,1,Car,vehicle,14.7,0-15m,41.3,3,0.79,62,62,1.0,13.6
kitti_mini,000061,ty,0.2,m,2,Car,vehicle,40.9,>30m,42.5,2,0.0,6,6,1.0,4.49
kitti_mini,000061,ty,0.2,m,3,Car,vehicle,21.1,15-30m,93.9,1,0.14,145,145,1.0,8.9
kitti_mini,000061,ty,0.2,m,5,Van,vehicle,43.7,>30m,39.6,3,0.0,14,13,0.9286,3.75
kitti_mini,000061,tz,0.0,m,0,Van,vehicle,18.8,15-30m,186.7,3,0.05,989,989,1.0,0.0
kitti_mini,000061,tz,0.0,m,1,Car,vehicle,14.7,0-15m,41.3,3,0.79,108,108,1.0,0.0
kitti_mini,000061,tz,0.0,m,2,Car,vehicle,40.9,>30m,42.5,2,0.0,6,6,1.0,0.0
kitti_mini,000061,tz,0.0,m,3,Car,vehicle,21.1,15-30m,93.9,1,0.14,145,145,1.0,0.0
kitti_mini,000061,tz,0.0,m,5,Van,vehicle,43.7,>30m,39.6,3,0.0,14,14,1.0,0.0
kitti_mini,000061,tz,0.02,m,0,Van,vehicle,18.8,15-30m,186.7,3,0.05,989,989,1.0,1.08
kitti_mini,000061,tz,0.02,m,1,Car,vehicle,14.7,0-15m,41.3,3,0.79,108,108,1.0,1.38
kitti_mini,000061,tz,0.02,m,2,Car,vehicle,40.9,>30m,42.5,2,0.0,6,6,1.0,0.45
kitti_mini,000061,tz,0.02,m,3,Car,vehicle,21.1,15-30m,93.9,1,0.14,145,145,1.0,0.89
kitti_mini,000061,tz,0.02,m,5,Van,vehicle,43.7,>30m,39.6,3,0.0,14,14,1.0,0.38
kitti_mini,000061,tz,0.05,m,0,Van,vehicle,18.8,15-30m,186.7,3,0.05,989,989,1.0,2.7
kitti_mini,000061,tz,0.05,m,1,Car,vehicle,14.7,0-15m,41.3,3,0.79,108,108,1.0,3.44
kitti_mini,000061,tz,0.05,m,2,Car,vehicle,40.9,>30m,42.5,2,0.0,6,6,1.0,1.12
kitti_mini,000061,tz,0.05,m,3,Car,vehicle,21.1,15-30m,93.9,1,0.14,145,145,1.0,2.23
kitti_mini,000061,tz,0.05,m,5,Van,vehicle,43.7,>30m,39.6,3,0.0,14,14,1.0,0.94
kitti_mini,000061,tz,0.1,m,0,Van,vehicle,18.8,15-30m,186.7,3,0.05,989,989,1.0,5.4
kitti_mini,000061,tz,0.1,m,1,Car,vehicle,14.7,0-15m,41.3,3,0.79,108,108,1.0,6.89
kitti_mini,000061,tz,0.1,m,2,Car,vehicle,40.9,>30m,42.5,2,0.0,6,6,1.0,2.25
kitti_mini,000061,tz,0.1,m,3,Car,vehicle,21.1,15-30m,93.9,1,0.14,145,145,1.0,4.46
kitti_mini,000061,tz,0.1,m,5,Van,vehicle,43.7,>30m,39.6,3,0.0,14,14,1.0,1.88
kitti_mini,000061,tz,0.2,m,0,Van,vehicle,18.8,15-30m,186.7,3,0.05,989,989,1.0,10.8
kitti_mini,000061,tz,0.2,m,1,Car,vehicle,14.7,0-15m,41.3,3,0.79,108,105,0.9722,13.77
kitti_mini,000061,tz,0.2,m,2,Car,vehicle,40.9,>30m,42.5,2,0.0,6,6,1.0,4.49
kitti_mini,000061,tz,0.2,m,3,Car,vehicle,21.1,15-30m,93.9,1,0.14,145,137,0.9448,8.91
kitti_mini,000061,tz,0.2,m,5,Van,vehicle,43.7,>30m,39.6,3,0.0,14,14,1.0,3.75
